{
    "epoch1": 98.15785569411058,
    "epoch2": 56.2739023061899,
    "epoch3": 46.65028733473558,
    "epoch4": 46.39404766376202,
    "epoch5": 46.46835092397836,
    "epoch6": 45.56752366286058,
    "epoch7": 44.54130671574519,
    "epoch8": 44.38100961538461,
    "epoch9": 43.94560828575721,
    "epoch10": 42.90055025540865,
    "epoch11": 42.37007493239183,
    "epoch12": 41.41261174128606,
    "epoch13": 40.99772761418269,
    "epoch14": 40.59507868840144,
    "epoch15": 40.17972506009615,
    "epoch16": 38.25688758263221,
    "epoch17": 38.79430917593149,
    "epoch18": 37.14059917743389,
    "epoch19": 36.49314762995793,
    "epoch20": 35.410055307241585,
    "epoch21": 34.82719304011418,
    "epoch22": 33.81803072415865,
    "epoch23": 33.26912747896635,
    "epoch24": 32.657665546123795,
    "epoch25": 32.44282649113582,
    "epoch26": 31.578207162710335,
    "epoch27": 31.466933030348557,
    "epoch28": 31.232097919170673,
    "epoch29": 30.4857670710637,
    "epoch30": 30.691065861628605,
    "epoch31": 30.05810312124399,
    "epoch32": 30.332378680889423,
    "epoch33": 30.69090153620793,
    "epoch34": 29.44354717548077,
    "epoch35": 30.039698674128605,
    "epoch36": 29.511390099158653,
    "epoch37": 29.72535118689904,
    "epoch38": 29.37385676457332,
    "epoch39": 29.87286376953125,
    "epoch40": 28.96563485952524,
    "epoch41": 29.423612154447117,
    "epoch42": 29.148949256310097,
    "epoch43": 28.681682880108173,
    "epoch44": 29.318634033203125,
    "epoch45": 29.28485811673678,
    "epoch46": 28.7983891413762,
    "epoch47": 29.60381845327524,
    "epoch48": 28.50970458984375,
    "epoch49": 28.4749028132512,
    "epoch50": 28.396827110877403,
    "epoch51": 29.0361821101262,
    "epoch52": 28.707172100360577,
    "epoch53": 28.698209322415867,
    "epoch54": 28.449481670673077,
    "epoch55": 28.532611553485577,
    "epoch56": 28.15337195763221,
    "epoch57": 28.591214693509617,
    "epoch58": 28.255464993990383,
    "epoch59": 28.34881826547476,
    "epoch60": 28.44469041090745,
    "epoch61": 28.51222346379207,
    "epoch62": 28.018165001502403,
    "epoch63": 28.13415762094351,
    "epoch64": 28.505760779747597,
    "epoch65": 27.8458979679988,
    "epoch66": 27.903846153846153,
    "epoch67": 28.378314678485577,
    "epoch68": 27.670569786658653,
    "epoch69": 28.225130521334133,
    "epoch70": 27.7244873046875,
    "epoch71": 28.22661884014423,
    "epoch72": 27.67523428109976,
    "epoch73": 27.630594106820915,
    "epoch74": 27.31659874549279,
    "epoch75": 27.996182955228367,
    "epoch76": 27.31605177659255,
    "epoch77": 28.12286846454327,
    "epoch78": 27.85613544170673,
    "epoch79": 27.51464139498197,
    "epoch80": 27.698256272536057,
    "epoch81": 27.5760991023137,
    "epoch82": 27.545811579777645,
    "epoch83": 27.745042067307693,
    "epoch84": 27.587500939002403,
    "epoch85": 28.25934307391827,
    "epoch86": 27.62352811373197,
    "epoch87": 27.42205810546875,
    "epoch88": 27.106226994441105,
    "epoch89": 27.524935208834133,
    "epoch90": 27.287761981670673,
    "epoch91": 27.334120530348557,
    "epoch92": 27.324563833383415,
    "epoch93": 27.185683030348557,
    "epoch94": 27.256983830378605,
    "epoch95": 27.285189115084133,
    "epoch96": 27.11058396559495,
    "epoch97": 27.2156982421875,
    "epoch98": 27.28423368013822,
    "epoch99": 27.04822012094351,
    "epoch100": 26.80854914738582
}