{
    "epoch1": 74.88713073730469,
    "epoch2": 52.97444152832031,
    "epoch3": 47.43011474609375,
    "epoch4": 46.73249053955078,
    "epoch5": 46.46841049194336,
    "epoch6": 46.32966995239258,
    "epoch7": 45.92094802856445,
    "epoch8": 45.39775085449219,
    "epoch9": 44.9011344909668,
    "epoch10": 44.3363037109375,
    "epoch11": 43.585350036621094,
    "epoch12": 42.96745300292969,
    "epoch13": 42.126399993896484,
    "epoch14": 41.241859436035156,
    "epoch15": 40.390541076660156,
    "epoch16": 39.37919616699219,
    "epoch17": 38.63273239135742,
    "epoch18": 37.335540771484375,
    "epoch19": 36.43306350708008,
    "epoch20": 35.040809631347656,
    "epoch21": 34.12535858154297,
    "epoch22": 32.947792053222656,
    "epoch23": 31.9396915435791,
    "epoch24": 31.25094223022461,
    "epoch25": 30.278736114501953,
    "epoch26": 29.431049346923828,
    "epoch27": 29.098960876464844,
    "epoch28": 28.74681854248047,
    "epoch29": 28.443986892700195,
    "epoch30": 28.085142135620117,
    "epoch31": 28.081920623779297,
    "epoch32": 27.613506317138672,
    "epoch33": 27.470361709594727,
    "epoch34": 27.469263076782227,
    "epoch35": 27.159893035888672,
    "epoch36": 27.103729248046875,
    "epoch37": 26.989166259765625,
    "epoch38": 26.863576889038086,
    "epoch39": 26.74949073791504,
    "epoch40": 26.68630027770996,
    "epoch41": 26.602489471435547,
    "epoch42": 26.663209915161133,
    "epoch43": 26.359119415283203,
    "epoch44": 26.214122772216797,
    "epoch45": 26.10956573486328,
    "epoch46": 26.589738845825195,
    "epoch47": 26.10487937927246,
    "epoch48": 25.74335479736328,
    "epoch49": 25.55870819091797,
    "epoch50": 25.75634002685547,
    "epoch51": 25.79309844970703,
    "epoch52": 25.94024085998535,
    "epoch53": 25.659053802490234,
    "epoch54": 25.426321029663086,
    "epoch55": 25.449642181396484,
    "epoch56": 25.606918334960938,
    "epoch57": 25.310386657714844,
    "epoch58": 25.32892608642578,
    "epoch59": 25.284645080566406,
    "epoch60": 25.107975006103516,
    "epoch61": 25.217632293701172,
    "epoch62": 25.00983428955078,
    "epoch63": 25.152219772338867,
    "epoch64": 24.92081642150879,
    "epoch65": 24.866287231445312,
    "epoch66": 24.722362518310547,
    "epoch67": 24.773242950439453,
    "epoch68": 25.07590103149414,
    "epoch69": 24.814008712768555,
    "epoch70": 24.741674423217773,
    "epoch71": 24.638710021972656,
    "epoch72": 24.655302047729492,
    "epoch73": 24.44981575012207,
    "epoch74": 24.46701431274414,
    "epoch75": 24.516361236572266,
    "epoch76": 25.102571487426758,
    "epoch77": 24.602426528930664,
    "epoch78": 24.57170295715332,
    "epoch79": 24.594343185424805,
    "epoch80": 24.318675994873047,
    "epoch81": 24.401439666748047,
    "epoch82": 24.481685638427734,
    "epoch83": 24.429475784301758,
    "epoch84": 24.6693115234375,
    "epoch85": 24.446901321411133,
    "epoch86": 24.103666305541992,
    "epoch87": 24.488327026367188,
    "epoch88": 24.07231330871582,
    "epoch89": 24.437349319458008,
    "epoch90": 24.67424964904785,
    "epoch91": 24.132463455200195,
    "epoch92": 24.2354679107666,
    "epoch93": 23.9772891998291,
    "epoch94": 23.900657653808594,
    "epoch95": 23.779996871948242,
    "epoch96": 24.340805053710938,
    "epoch97": 23.789657592773438,
    "epoch98": 23.758543014526367,
    "epoch99": 24.23993492126465,
    "epoch100": 23.803089141845703
}