{
    "epoch1": 0.5208885773181915,
    "epoch2": 0.8052609587192535,
    "epoch3": 0.8586904813349246,
    "epoch4": 0.8808661951899529,
    "epoch5": 0.8969766709923744,
    "epoch6": 0.906956194460392,
    "epoch7": 0.913682860571146,
    "epoch8": 0.9198133365988731,
    "epoch9": 0.9282400033950806,
    "epoch10": 0.9297623839855194,
    "epoch11": 0.9367971455574036,
    "epoch12": 0.9427938122093678,
    "epoch13": 0.9430395264744759,
    "epoch14": 0.948206192624569,
    "epoch15": 0.9551833356738091,
    "epoch16": 0.958000001847744,
    "epoch17": 0.9600400018393993,
    "epoch18": 0.9618700018167495,
    "epoch19": 0.9649866681694984,
    "epoch20": 0.9683666683554649,
    "epoch21": 0.9681033346891403,
    "epoch22": 0.9718066678643227,
    "epoch23": 0.9746266679048539,
    "epoch24": 0.977040001153946,
    "epoch25": 0.9775200011014938,
    "epoch26": 0.9807400010824203,
    "epoch27": 0.9793033344745636,
    "epoch28": 0.9829666674852371,
    "epoch29": 0.9799733341693878,
    "epoch30": 0.9853866674661637,
    "epoch31": 0.9846266674518586,
    "epoch32": 0.9857866672992707,
    "epoch33": 0.9874533339977264,
    "epoch34": 0.9883366672039032,
    "epoch35": 0.9894200004577637,
    "epoch36": 0.9899800005674362,
    "epoch37": 0.990830476808548,
    "epoch38": 0.9923400004386902,
    "epoch39": 0.9930533336877823,
    "epoch40": 0.9923238099098206,
    "epoch41": 0.9931000003099442,
    "epoch42": 0.9943971430778503,
    "epoch43": 0.9945200002670288,
    "epoch44": 0.9955333335876465,
    "epoch45": 0.9945600002765655,
    "epoch46": 0.9951933336019516,
    "epoch47": 0.9946333335638047,
    "epoch48": 0.9958933335542679,
    "epoch49": 0.9968133334875107,
    "epoch50": 0.9969295239686966
}