{
    "epoch1": 0.7354649687342221,
    "epoch2": 0.8229587820651149,
    "epoch3": 0.8541738093614006,
    "epoch4": 0.8676230494352839,
    "epoch5": 0.8825111383442684,
    "epoch6": 0.8890059430250447,
    "epoch7": 0.8928457276998378,
    "epoch8": 0.8993176926525949,
    "epoch9": 0.9002797803718695,
    "epoch10": 0.9061550794602584,
    "epoch11": 0.9111310986877917,
    "epoch12": 0.9153277412307063,
    "epoch13": 0.918285375447582,
    "epoch14": 0.9196842558664098,
    "epoch15": 0.9203637125823709,
    "epoch16": 0.9243605149020966,
    "epoch17": 0.9217625934300091,
    "epoch18": 0.9232414100381682,
    "epoch19": 0.9242406109397074,
    "epoch20": 0.9327338163515361,
    "epoch21": 0.9306354952230156,
    "epoch22": 0.9290967260619147,
    "epoch23": 0.93375300110387,
    "epoch24": 0.9363309383678208,
    "epoch25": 0.9322941679176953,
    "epoch26": 0.9308952870700571,
    "epoch27": 0.9344924092292786,
    "epoch28": 0.9350919298988452,
    "epoch29": 0.9394884118073278,
    "epoch30": 0.9406874525747139,
    "epoch31": 0.9406474845872509,
    "epoch32": 0.9354916100593493,
    "epoch33": 0.942006397447426,
    "epoch34": 0.9368105542173775,
    "epoch35": 0.9410471651765654,
    "epoch36": 0.9374500425885336,
    "epoch37": 0.9398481242662425,
    "epoch38": 0.9388888915665716,
    "epoch39": 0.9390087959577711,
    "epoch40": 0.9398880925395792,
    "epoch41": 0.9418465257834473,
    "epoch42": 0.9436051186611898,
    "epoch43": 0.9450839356266909,
    "epoch44": 0.9429256625884442,
    "epoch45": 0.9442046389019461,
    "epoch46": 0.9419264614724998,
    "epoch47": 0.9444044792680717,
    "epoch48": 0.9424860140116667,
    "epoch49": 0.9456434878799841,
    "epoch50": 0.9456035200354579
}