{
    "epoch1": 73.35050964355469,
    "epoch2": 57.34503173828125,
    "epoch3": 55.38778305053711,
    "epoch4": 55.15135192871094,
    "epoch5": 54.05046081542969,
    "epoch6": 52.922813415527344,
    "epoch7": 52.182151794433594,
    "epoch8": 51.312660217285156,
    "epoch9": 50.41149139404297,
    "epoch10": 49.60944366455078,
    "epoch11": 48.811851501464844,
    "epoch12": 48.072696685791016,
    "epoch13": 47.3036003112793,
    "epoch14": 46.5789680480957,
    "epoch15": 45.811737060546875,
    "epoch16": 44.992584228515625,
    "epoch17": 44.351478576660156,
    "epoch18": 43.46127700805664,
    "epoch19": 42.88273620605469,
    "epoch20": 42.459625244140625,
    "epoch21": 41.60651779174805,
    "epoch22": 41.376731872558594,
    "epoch23": 40.83920669555664,
    "epoch24": 40.373348236083984,
    "epoch25": 40.111602783203125,
    "epoch26": 40.007118225097656,
    "epoch27": 39.73822021484375,
    "epoch28": 39.532432556152344,
    "epoch29": 39.424530029296875,
    "epoch30": 39.371498107910156,
    "epoch31": 39.388607025146484,
    "epoch32": 39.209320068359375,
    "epoch33": 39.18213653564453,
    "epoch34": 38.847633361816406,
    "epoch35": 38.888362884521484,
    "epoch36": 38.83156204223633,
    "epoch37": 38.67734146118164,
    "epoch38": 38.56569290161133,
    "epoch39": 38.698585510253906,
    "epoch40": 38.4179573059082,
    "epoch41": 38.35076904296875,
    "epoch42": 38.31170654296875,
    "epoch43": 38.1018180847168,
    "epoch44": 38.29914474487305,
    "epoch45": 37.97480773925781,
    "epoch46": 37.92052459716797,
    "epoch47": 37.86043930053711,
    "epoch48": 37.937950134277344,
    "epoch49": 37.6535758972168,
    "epoch50": 37.673423767089844,
    "epoch51": 37.60923385620117,
    "epoch52": 37.49560546875,
    "epoch53": 37.479881286621094,
    "epoch54": 37.408363342285156,
    "epoch55": 37.219383239746094,
    "epoch56": 37.15010452270508,
    "epoch57": 37.08480453491211,
    "epoch58": 36.977989196777344,
    "epoch59": 37.041465759277344,
    "epoch60": 37.02413558959961,
    "epoch61": 37.005950927734375,
    "epoch62": 36.772743225097656,
    "epoch63": 36.8035774230957,
    "epoch64": 36.70730209350586,
    "epoch65": 36.813026428222656,
    "epoch66": 36.570770263671875,
    "epoch67": 36.454891204833984,
    "epoch68": 36.664634704589844,
    "epoch69": 36.33992004394531,
    "epoch70": 36.1910285949707,
    "epoch71": 36.40484619140625,
    "epoch72": 36.390480041503906,
    "epoch73": 36.257225036621094,
    "epoch74": 36.37382888793945,
    "epoch75": 36.352596282958984,
    "epoch76": 36.15717315673828,
    "epoch77": 36.4116325378418,
    "epoch78": 35.95625305175781,
    "epoch79": 35.8677864074707,
    "epoch80": 35.70846176147461,
    "epoch81": 36.26982879638672,
    "epoch82": 35.572059631347656,
    "epoch83": 36.1220817565918,
    "epoch84": 35.79187774658203,
    "epoch85": 35.7694091796875,
    "epoch86": 35.60674285888672,
    "epoch87": 35.55567169189453,
    "epoch88": 35.53995132446289,
    "epoch89": 35.437381744384766,
    "epoch90": 35.72900390625,
    "epoch91": 35.4007568359375,
    "epoch92": 35.474822998046875,
    "epoch93": 34.98996353149414,
    "epoch94": 35.05816650390625,
    "epoch95": 34.95732116699219,
    "epoch96": 35.32538604736328,
    "epoch97": 35.060089111328125,
    "epoch98": 35.08106994628906,
    "epoch99": 35.064231872558594,
    "epoch100": 35.199302673339844
}