{
    "epoch1": 53.06211853027344,
    "epoch2": 33.40705871582031,
    "epoch3": 30.83488655090332,
    "epoch4": 29.97486686706543,
    "epoch5": 29.44000244140625,
    "epoch6": 28.880970001220703,
    "epoch7": 28.173017501831055,
    "epoch8": 27.633941650390625,
    "epoch9": 27.11662483215332,
    "epoch10": 26.886924743652344,
    "epoch11": 26.642963409423828,
    "epoch12": 26.358062744140625,
    "epoch13": 26.085124969482422,
    "epoch14": 25.97734260559082,
    "epoch15": 25.519317626953125,
    "epoch16": 25.425687789916992,
    "epoch17": 25.232891082763672,
    "epoch18": 25.13609504699707,
    "epoch19": 24.893068313598633,
    "epoch20": 24.824520111083984,
    "epoch21": 24.690290451049805,
    "epoch22": 24.716543197631836,
    "epoch23": 24.39776039123535,
    "epoch24": 24.446077346801758,
    "epoch25": 24.17339324951172,
    "epoch26": 24.156644821166992,
    "epoch27": 24.076995849609375,
    "epoch28": 24.15414810180664,
    "epoch29": 23.97391128540039,
    "epoch30": 24.11915397644043,
    "epoch31": 23.75641632080078,
    "epoch32": 23.694040298461914,
    "epoch33": 23.774946212768555,
    "epoch34": 23.676355361938477,
    "epoch35": 23.55792236328125,
    "epoch36": 23.628286361694336,
    "epoch37": 23.58773422241211,
    "epoch38": 23.45050048828125,
    "epoch39": 23.388425827026367,
    "epoch40": 23.2477970123291,
    "epoch41": 23.336017608642578,
    "epoch42": 23.124610900878906,
    "epoch43": 23.184432983398438,
    "epoch44": 23.150558471679688,
    "epoch45": 23.04593849182129,
    "epoch46": 23.1900691986084,
    "epoch47": 23.005592346191406,
    "epoch48": 23.03209686279297,
    "epoch49": 22.928878784179688,
    "epoch50": 23.15213394165039,
    "epoch51": 22.711605072021484,
    "epoch52": 22.827953338623047,
    "epoch53": 22.717546463012695,
    "epoch54": 22.646928787231445,
    "epoch55": 22.496496200561523,
    "epoch56": 22.763124465942383,
    "epoch57": 22.673913955688477,
    "epoch58": 22.569318771362305,
    "epoch59": 22.654401779174805,
    "epoch60": 22.479984283447266,
    "epoch61": 22.40965461730957,
    "epoch62": 22.340560913085938,
    "epoch63": 22.44932746887207,
    "epoch64": 22.43054962158203,
    "epoch65": 22.474750518798828,
    "epoch66": 22.266828536987305,
    "epoch67": 22.224637985229492,
    "epoch68": 22.268997192382812,
    "epoch69": 22.15338897705078,
    "epoch70": 22.238048553466797,
    "epoch71": 22.098522186279297,
    "epoch72": 22.0699405670166,
    "epoch73": 22.087024688720703,
    "epoch74": 22.18150520324707,
    "epoch75": 22.04604721069336,
    "epoch76": 22.06613540649414,
    "epoch77": 22.000856399536133,
    "epoch78": 21.923057556152344,
    "epoch79": 22.05550765991211,
    "epoch80": 21.980859756469727,
    "epoch81": 21.935279846191406,
    "epoch82": 21.906118392944336,
    "epoch83": 21.849964141845703,
    "epoch84": 21.911251068115234,
    "epoch85": 21.7139835357666,
    "epoch86": 21.754167556762695,
    "epoch87": 21.939355850219727,
    "epoch88": 21.696285247802734,
    "epoch89": 21.711528778076172,
    "epoch90": 21.854183197021484,
    "epoch91": 21.642932891845703,
    "epoch92": 21.7458553314209,
    "epoch93": 21.663721084594727,
    "epoch94": 21.60580825805664,
    "epoch95": 21.696632385253906,
    "epoch96": 21.51492691040039,
    "epoch97": 21.736358642578125,
    "epoch98": 21.581790924072266,
    "epoch99": 21.58219337463379,
    "epoch100": 21.575504302978516
}