{
    "epoch1": 138.478583984375,
    "epoch2": 54.450576171875,
    "epoch3": 48.29126953125,
    "epoch4": 47.4523876953125,
    "epoch5": 46.4187158203125,
    "epoch6": 45.701201171875,
    "epoch7": 44.5638525390625,
    "epoch8": 43.992138671875,
    "epoch9": 42.429365234375,
    "epoch10": 41.6403955078125,
    "epoch11": 40.151962890625,
    "epoch12": 38.51536376953125,
    "epoch13": 37.76090576171875,
    "epoch14": 35.96306884765625,
    "epoch15": 35.0971630859375,
    "epoch16": 34.45676025390625,
    "epoch17": 33.29599609375,
    "epoch18": 32.9668994140625,
    "epoch19": 32.51296875,
    "epoch20": 32.38601806640625,
    "epoch21": 32.1741650390625,
    "epoch22": 31.564365234375,
    "epoch23": 31.413974609375,
    "epoch24": 31.15200439453125,
    "epoch25": 31.1201171875,
    "epoch26": 30.87917236328125,
    "epoch27": 31.02650146484375,
    "epoch28": 30.46412353515625,
    "epoch29": 30.5547265625,
    "epoch30": 30.30016845703125,
    "epoch31": 30.46708740234375,
    "epoch32": 30.035234375,
    "epoch33": 30.06650634765625,
    "epoch34": 29.930205078125,
    "epoch35": 29.82197265625,
    "epoch36": 29.60385498046875,
    "epoch37": 29.70014404296875,
    "epoch38": 29.22659423828125,
    "epoch39": 29.246005859375,
    "epoch40": 29.18099365234375,
    "epoch41": 29.04552734375,
    "epoch42": 28.87553955078125,
    "epoch43": 28.93077880859375,
    "epoch44": 28.9006103515625,
    "epoch45": 28.90186767578125,
    "epoch46": 28.66373291015625,
    "epoch47": 28.6900439453125,
    "epoch48": 28.5668359375,
    "epoch49": 28.574482421875,
    "epoch50": 28.31816650390625,
    "epoch51": 28.203359375,
    "epoch52": 28.2977587890625,
    "epoch53": 28.2233056640625,
    "epoch54": 28.408701171875,
    "epoch55": 28.27499755859375,
    "epoch56": 28.30101806640625,
    "epoch57": 28.41938720703125,
    "epoch58": 28.0729052734375,
    "epoch59": 28.2960498046875,
    "epoch60": 27.792021484375,
    "epoch61": 27.7496142578125,
    "epoch62": 27.8925244140625,
    "epoch63": 27.8833544921875,
    "epoch64": 27.88518310546875,
    "epoch65": 27.86033447265625,
    "epoch66": 27.54120361328125,
    "epoch67": 27.80363037109375,
    "epoch68": 27.7712841796875,
    "epoch69": 27.6308349609375,
    "epoch70": 27.5095263671875,
    "epoch71": 27.694267578125,
    "epoch72": 27.54415283203125,
    "epoch73": 27.44595458984375,
    "epoch74": 27.30058837890625,
    "epoch75": 27.53946533203125,
    "epoch76": 27.4059130859375,
    "epoch77": 27.1771142578125,
    "epoch78": 27.23453857421875,
    "epoch79": 27.2812939453125,
    "epoch80": 27.7408203125,
    "epoch81": 27.33064697265625,
    "epoch82": 27.2884033203125,
    "epoch83": 27.13845703125,
    "epoch84": 27.0374365234375,
    "epoch85": 27.27072021484375,
    "epoch86": 27.08824951171875,
    "epoch87": 27.0531396484375,
    "epoch88": 26.93768310546875,
    "epoch89": 26.85680419921875,
    "epoch90": 26.93815673828125,
    "epoch91": 26.84855224609375,
    "epoch92": 26.64375,
    "epoch93": 27.2138818359375,
    "epoch94": 26.8109716796875,
    "epoch95": 27.069111328125,
    "epoch96": 27.12640869140625,
    "epoch97": 26.8310693359375,
    "epoch98": 26.8552685546875,
    "epoch99": 27.20846435546875,
    "epoch100": 26.89277099609375
}