{
    "epoch1": 68.29573713030133,
    "epoch2": 50.687892368861604,
    "epoch3": 52.515245710100444,
    "epoch4": 50.67674037388393,
    "epoch5": 49.625928606305806,
    "epoch6": 48.635245186941965,
    "epoch7": 47.905896868024556,
    "epoch8": 46.189967564174104,
    "epoch9": 46.232474190848215,
    "epoch10": 43.47239031110491,
    "epoch11": 42.34582083565848,
    "epoch12": 40.16902378627232,
    "epoch13": 38.685206821986604,
    "epoch14": 38.20442417689732,
    "epoch15": 36.346915108816965,
    "epoch16": 34.29131644112723,
    "epoch17": 35.24265834263393,
    "epoch18": 34.134630475725444,
    "epoch19": 32.70868355887277,
    "epoch20": 31.267024448939733,
    "epoch21": 32.076551164899556,
    "epoch22": 32.93739972795759,
    "epoch23": 31.715336390904017,
    "epoch24": 31.136016845703125,
    "epoch25": 30.93581281389509,
    "epoch26": 31.19767107282366,
    "epoch27": 30.454485212053573,
    "epoch28": 31.893099103655135,
    "epoch29": 30.486637660435267,
    "epoch30": 31.444891793387278,
    "epoch31": 30.582303728376115,
    "epoch32": 31.063450404575892,
    "epoch33": 31.478487287248885,
    "epoch34": 32.15412030901228,
    "epoch35": 30.598802839006698,
    "epoch36": 32.057181222098215,
    "epoch37": 30.6728515625,
    "epoch38": 31.21820286342076,
    "epoch39": 30.319774082728795,
    "epoch40": 29.614580426897323,
    "epoch41": 30.534325735909597,
    "epoch42": 30.12567356654576,
    "epoch43": 30.289666312081472,
    "epoch44": 30.732818603515625,
    "epoch45": 30.091210501534597,
    "epoch46": 31.041325160435267,
    "epoch47": 30.059827532087052,
    "epoch48": 29.7418212890625,
    "epoch49": 29.376233782087052,
    "epoch50": 29.484157017299108,
    "epoch51": 29.545039585658483,
    "epoch52": 29.725267682756698,
    "epoch53": 30.660132271902903,
    "epoch54": 30.550615583147323,
    "epoch55": 30.857201712472097,
    "epoch56": 30.142663138253347,
    "epoch57": 29.711412702287948,
    "epoch58": 30.169564383370535,
    "epoch59": 29.83504377092634,
    "epoch60": 29.509473528180802,
    "epoch61": 30.362193516322545,
    "epoch62": 29.522382463727677,
    "epoch63": 30.373319353376115,
    "epoch64": 29.806573050362722,
    "epoch65": 30.384493146623885,
    "epoch66": 29.835680280412948,
    "epoch67": 28.920231410435267,
    "epoch68": 28.690209524972097,
    "epoch69": 28.908538818359375,
    "epoch70": 29.180627005440847,
    "epoch71": 29.896650041852677,
    "epoch72": 28.708969116210938,
    "epoch73": 29.242645263671875,
    "epoch74": 29.086826869419642,
    "epoch75": 28.708051409040177,
    "epoch76": 28.564348493303573,
    "epoch77": 29.178209577287948,
    "epoch78": 28.903917585100448,
    "epoch79": 29.445513044084823,
    "epoch80": 30.079441615513392,
    "epoch81": 29.195181710379465,
    "epoch82": 29.006798880440847,
    "epoch83": 28.525924682617188,
    "epoch84": 29.243702479771205,
    "epoch85": 28.362659999302455,
    "epoch86": 28.384593418666295,
    "epoch87": 29.347909109933035,
    "epoch88": 28.668969290597097,
    "epoch89": 28.644193376813615,
    "epoch90": 29.143218994140625,
    "epoch91": 28.492691040039062,
    "epoch92": 28.69616917201451,
    "epoch93": 29.475568498883927,
    "epoch94": 28.433868408203125,
    "epoch95": 28.59436253138951,
    "epoch96": 29.112686157226562,
    "epoch97": 28.387244088309153,
    "epoch98": 28.12210954938616,
    "epoch99": 27.949262346540177,
    "epoch100": 28.46488298688616
}