{
    "epoch1": 0.042353815282694995,
    "epoch2": 0.03487263759598136,
    "epoch3": 0.02716045326087624,
    "epoch4": 0.021562438807450235,
    "epoch5": 0.019195828237570822,
    "epoch6": 0.018196909339167178,
    "epoch7": 0.01748856290942058,
    "epoch8": 0.017071488895453513,
    "epoch9": 0.016681840643286705,
    "epoch10": 0.016356461856048554,
    "epoch11": 0.0159520385786891,
    "epoch12": 0.015723310934845358,
    "epoch13": 0.015822852088604122,
    "epoch14": 0.015192882157862186,
    "epoch15": 0.01507804257562384,
    "epoch16": 0.014903375646099448,
    "epoch17": 0.014652890618890524,
    "epoch18": 0.014581597410142422,
    "epoch19": 0.01450420229230076,
    "epoch20": 0.014256132184527814,
    "epoch21": 0.014325968397315592,
    "epoch22": 0.014069790398934856,
    "epoch23": 0.013739707763306797,
    "epoch24": 0.013630351837491617,
    "epoch25": 0.013570682902354747,
    "epoch26": 0.013503195601515472,
    "epoch27": 0.013330851710634306,
    "epoch28": 0.013257057638838887,
    "epoch29": 0.013360233628191054,
    "epoch30": 0.013030583155341446,
    "epoch31": 0.013111034611938521,
    "epoch32": 0.01302091806428507,
    "epoch33": 0.012942996341735125,
    "epoch34": 0.012715271615888923,
    "epoch35": 0.012714431126369163,
    "epoch36": 0.012793528963811696,
    "epoch37": 0.01248563703848049,
    "epoch38": 0.012486622639698908,
    "epoch39": 0.012430343747837469,
    "epoch40": 0.012262948992429301,
    "epoch41": 0.01219204007065855,
    "epoch42": 0.012132914416724816,
    "epoch43": 0.012184564780909568,
    "epoch44": 0.012043486640322953,
    "epoch45": 0.01199048970011063,
    "epoch46": 0.011942769633606076,
    "epoch47": 0.012138854857767,
    "epoch48": 0.012400591018376872,
    "epoch49": 0.011950090934988111,
    "epoch50": 0.011965481971856207,
    "epoch51": 0.01179022531141527,
    "epoch52": 0.011822814849438146,
    "epoch53": 0.01178174527012743,
    "epoch54": 0.01174732914660126,
    "epoch55": 0.011659921467071399,
    "epoch56": 0.011631790461251512,
    "epoch57": 0.011748868360882625,
    "epoch58": 0.011573514813790098,
    "epoch59": 0.011788178118877113,
    "epoch60": 0.011731889127986506,
    "epoch61": 0.01161569994292222,
    "epoch62": 0.011675916844978929,
    "epoch63": 0.011613016860792413,
    "epoch64": 0.011460982641438022,
    "epoch65": 0.011459043365903199,
    "epoch66": 0.011488143034512177,
    "epoch67": 0.011548992013558745,
    "epoch68": 0.011554080818314105,
    "epoch69": 0.011485121794976294,
    "epoch70": 0.011390859726816416,
    "epoch71": 0.01134227481088601,
    "epoch72": 0.011353799956850708,
    "epoch73": 0.011393004329875112,
    "epoch74": 0.011413593631004915,
    "epoch75": 0.01142979395808652,
    "epoch76": 0.011208775831619278,
    "epoch77": 0.011247085290960968,
    "epoch78": 0.011327146319672465,
    "epoch79": 0.011338208511006087,
    "epoch80": 0.011167486140038818,
    "epoch81": 0.011296257114736363,
    "epoch82": 0.011380683397874236,
    "epoch83": 0.01130448523326777,
    "epoch84": 0.01120250517851673,
    "epoch85": 0.01113610080210492,
    "epoch86": 0.011124564480269328,
    "epoch87": 0.01113921293290332,
    "epoch88": 0.011144787509692833,
    "epoch89": 0.011148184508783743,
    "epoch90": 0.011111382686067373,
    "epoch91": 0.011146006407216191,
    "epoch92": 0.011091258696978912,
    "epoch93": 0.011089489940786734,
    "epoch94": 0.011032090056687593,
    "epoch95": 0.011079137068009004,
    "epoch96": 0.011062122241128236,
    "epoch97": 0.01105005174758844,
    "epoch98": 0.011094555287854746,
    "epoch99": 0.011028919194359332,
    "epoch100": 0.011156635417137295
}