{
    "epoch1": 49.819374084472656,
    "epoch2": 45.029380798339844,
    "epoch3": 39.71070861816406,
    "epoch4": 36.17973709106445,
    "epoch5": 32.30824661254883,
    "epoch6": 32.36229705810547,
    "epoch7": 31.303539276123047,
    "epoch8": 31.338003158569336,
    "epoch9": 30.880680084228516,
    "epoch10": 30.426713943481445,
    "epoch11": 30.37079620361328,
    "epoch12": 29.90705680847168,
    "epoch13": 30.64586067199707,
    "epoch14": 29.962209701538086,
    "epoch15": 29.633241653442383,
    "epoch16": 29.57540512084961,
    "epoch17": 29.144927978515625,
    "epoch18": 29.298410415649414,
    "epoch19": 29.261905670166016,
    "epoch20": 28.124969482421875,
    "epoch21": 29.10309600830078,
    "epoch22": 28.496448516845703,
    "epoch23": 27.97555160522461,
    "epoch24": 27.291677474975586,
    "epoch25": 26.867895126342773,
    "epoch26": 26.751523971557617,
    "epoch27": 27.269256591796875,
    "epoch28": 26.784120559692383,
    "epoch29": 27.248319625854492,
    "epoch30": 26.08028221130371,
    "epoch31": 26.755569458007812,
    "epoch32": 26.6325740814209,
    "epoch33": 25.9892520904541,
    "epoch34": 25.817415237426758,
    "epoch35": 26.062604904174805,
    "epoch36": 26.337005615234375,
    "epoch37": 25.33365249633789,
    "epoch38": 25.318340301513672,
    "epoch39": 25.443653106689453,
    "epoch40": 25.04842185974121,
    "epoch41": 24.858963012695312,
    "epoch42": 24.88175392150879,
    "epoch43": 24.583024978637695,
    "epoch44": 24.681833267211914,
    "epoch45": 24.851423263549805,
    "epoch46": 24.707469940185547,
    "epoch47": 24.96417999267578,
    "epoch48": 25.804452896118164,
    "epoch49": 24.2568302154541,
    "epoch50": 24.70607566833496,
    "epoch51": 24.147716522216797,
    "epoch52": 24.669300079345703,
    "epoch53": 24.449214935302734,
    "epoch54": 23.9872989654541,
    "epoch55": 24.001684188842773,
    "epoch56": 23.90114402770996,
    "epoch57": 24.5866641998291,
    "epoch58": 23.780513763427734,
    "epoch59": 24.94559669494629,
    "epoch60": 24.331663131713867,
    "epoch61": 23.79954719543457,
    "epoch62": 23.575956344604492,
    "epoch63": 24.074430465698242,
    "epoch64": 23.709379196166992,
    "epoch65": 23.363937377929688,
    "epoch66": 23.91912269592285,
    "epoch67": 23.21923828125,
    "epoch68": 23.294626235961914,
    "epoch69": 24.061115264892578,
    "epoch70": 23.684011459350586,
    "epoch71": 23.537776947021484,
    "epoch72": 23.691761016845703,
    "epoch73": 23.66655158996582,
    "epoch74": 23.298980712890625,
    "epoch75": 23.52687644958496,
    "epoch76": 23.240129470825195,
    "epoch77": 23.23064422607422,
    "epoch78": 23.845762252807617,
    "epoch79": 23.35654067993164,
    "epoch80": 23.221315383911133,
    "epoch81": 23.246097564697266,
    "epoch82": 22.957796096801758,
    "epoch83": 23.558650970458984,
    "epoch84": 23.505355834960938,
    "epoch85": 23.10063362121582,
    "epoch86": 23.06682777404785,
    "epoch87": 23.062055587768555,
    "epoch88": 23.342147827148438,
    "epoch89": 22.74306869506836,
    "epoch90": 23.033348083496094,
    "epoch91": 23.537734985351562,
    "epoch92": 23.15230941772461,
    "epoch93": 23.032400131225586,
    "epoch94": 22.746536254882812,
    "epoch95": 23.394210815429688,
    "epoch96": 23.294925689697266,
    "epoch97": 22.661651611328125,
    "epoch98": 22.929832458496094,
    "epoch99": 22.563980102539062,
    "epoch100": 23.613191604614258
}