{
    "epoch1": 58.19395616319444,
    "epoch2": 48.906327504960316,
    "epoch3": 44.364385695684526,
    "epoch4": 39.083224826388886,
    "epoch5": 35.45526801215278,
    "epoch6": 33.45786442832341,
    "epoch7": 32.69971865699405,
    "epoch8": 31.772708953373016,
    "epoch9": 31.758653428819443,
    "epoch10": 31.086952814980158,
    "epoch11": 30.65623062375992,
    "epoch12": 30.50613257998512,
    "epoch13": 30.16639152405754,
    "epoch14": 29.910020616319443,
    "epoch15": 29.914318266369047,
    "epoch16": 29.39084782676091,
    "epoch17": 29.209203326512895,
    "epoch18": 28.812430245535715,
    "epoch19": 28.579024057539684,
    "epoch20": 28.575381324404763,
    "epoch21": 28.059388175843253,
    "epoch22": 28.36207023499504,
    "epoch23": 27.740317692832342,
    "epoch24": 27.594275096106152,
    "epoch25": 27.200602213541668,
    "epoch26": 27.150836278521826,
    "epoch27": 26.771133665054563,
    "epoch28": 26.881188771081348,
    "epoch29": 26.65627712673611,
    "epoch30": 26.340762183779763,
    "epoch31": 26.07859196738591,
    "epoch32": 26.09216114831349,
    "epoch33": 25.97505115327381,
    "epoch34": 25.87888687375992,
    "epoch35": 25.948180183531747,
    "epoch36": 25.590054951016864,
    "epoch37": 25.674715556795636,
    "epoch38": 25.299159458705358,
    "epoch39": 25.464684864831348,
    "epoch40": 25.440857902405753,
    "epoch41": 25.07713874937996,
    "epoch42": 24.836729988219247,
    "epoch43": 25.102345300099206,
    "epoch44": 25.03469509548611,
    "epoch45": 24.619690910218253,
    "epoch46": 24.52169945126488,
    "epoch47": 24.529986669146826,
    "epoch48": 24.25474136594742,
    "epoch49": 24.417805989583332,
    "epoch50": 24.095371791294642,
    "epoch51": 24.322813972594247,
    "epoch52": 24.23933337983631,
    "epoch53": 24.196143740699405,
    "epoch54": 23.968744187127974,
    "epoch55": 23.860903785342263,
    "epoch56": 23.812007843501984,
    "epoch57": 23.909970238095237,
    "epoch58": 24.169363839285715,
    "epoch59": 23.875691731770832,
    "epoch60": 23.968441917782737,
    "epoch61": 23.57520306299603,
    "epoch62": 24.0118408203125,
    "epoch63": 23.669003441220237,
    "epoch64": 23.386827256944443,
    "epoch65": 23.33806888640873,
    "epoch66": 23.281218998015873,
    "epoch67": 23.327010866195437,
    "epoch68": 23.483460441468253,
    "epoch69": 23.79517570374504,
    "epoch70": 23.31743706597222,
    "epoch71": 23.161942739335316,
    "epoch72": 23.2316410125248,
    "epoch73": 22.936511811755953,
    "epoch74": 23.316167922247026,
    "epoch75": 22.97922092013889,
    "epoch76": 23.10449412512401,
    "epoch77": 22.982274615575395,
    "epoch78": 22.830035497271826,
    "epoch79": 22.954551091269842,
    "epoch80": 23.036318824404763,
    "epoch81": 22.958044627356152,
    "epoch82": 23.045848059275794,
    "epoch83": 22.86538357204861,
    "epoch84": 22.612593393477184,
    "epoch85": 22.825352260044642,
    "epoch86": 22.579113188244047,
    "epoch87": 22.49382091703869,
    "epoch88": 22.46117970300099,
    "epoch89": 22.575234064980158,
    "epoch90": 22.38838123139881,
    "epoch91": 22.473638625372026,
    "epoch92": 22.328553214905753,
    "epoch93": 22.75347415984623,
    "epoch94": 22.466822064112105,
    "epoch95": 22.339894128224206,
    "epoch96": 22.26562306237599,
    "epoch97": 22.291465153769842,
    "epoch98": 22.172473725818453,
    "epoch99": 22.186723012772816,
    "epoch100": 22.263883076016864
}