{
    "epoch1": 0.4249698315946439,
    "epoch2": 0.465452260388353,
    "epoch3": 0.49214526572928263,
    "epoch4": 0.515797578583891,
    "epoch5": 0.5219406079941283,
    "epoch6": 0.5267833337997095,
    "epoch7": 0.5355077658217555,
    "epoch8": 0.5401592728333732,
    "epoch9": 0.5431790055748754,
    "epoch10": 0.5497528208901707,
    "epoch11": 0.5529583657321077,
    "epoch12": 0.5540248808769372,
    "epoch13": 0.5535203234646648,
    "epoch14": 0.5591744470139282,
    "epoch15": 0.5632210872805538,
    "epoch16": 0.5611887940773949,
    "epoch17": 0.5654702903554082,
    "epoch18": 0.5658547261271614,
    "epoch19": 0.5671469551115371,
    "epoch20": 0.5723261460899925
}