{
    "epoch1": 0.00036408158543054013,
    "epoch2": 0.00034438749600667506,
    "epoch3": 0.00032617456454318015,
    "epoch4": 0.0003092683345312253,
    "epoch5": 0.0002934795059263706,
    "epoch6": 0.00027907080890145154,
    "epoch7": 0.00026564349886029956,
    "epoch8": 0.0002535226650070399,
    "epoch9": 0.0002422303456114605,
    "epoch10": 0.0002318071317858994,
    "epoch11": 0.00022207403380889446,
    "epoch12": 0.00021329281851649286,
    "epoch13": 0.00020521106023807078,
    "epoch14": 0.00019777883862843738,
    "epoch15": 0.0001910303410841152,
    "epoch16": 0.0001846405566902831,
    "epoch17": 0.0001791447086725384,
    "epoch18": 0.00017374372167978437,
    "epoch19": 0.00016910510123125278,
    "epoch20": 0.00016481511847814544,
    "epoch21": 0.00016089686789200642,
    "epoch22": 0.00015746894147014245,
    "epoch23": 0.00015427109334268608,
    "epoch24": 0.0001514336181571707,
    "epoch25": 0.00014892840903485194,
    "epoch26": 0.00014660739310784265,
    "epoch27": 0.00014471739865257405,
    "epoch28": 0.00014288072241470218,
    "epoch29": 0.0001412731211166829,
    "epoch30": 0.00013984185105073266
}