{
    "epoch1": 123.23033203125,
    "epoch2": 121.93591796875,
    "epoch3": 120.6875,
    "epoch4": 119.405390625,
    "epoch5": 118.157978515625,
    "epoch6": 116.859775390625,
    "epoch7": 115.604833984375,
    "epoch8": 114.320087890625,
    "epoch9": 113.0726171875,
    "epoch10": 111.758544921875,
    "epoch11": 110.51474609375,
    "epoch12": 109.211708984375,
    "epoch13": 107.95259765625,
    "epoch14": 106.6843359375,
    "epoch15": 105.4178515625,
    "epoch16": 104.154892578125,
    "epoch17": 102.9560546875,
    "epoch18": 101.710498046875,
    "epoch19": 100.63640625,
    "epoch20": 99.476962890625,
    "epoch21": 98.40650390625,
    "epoch22": 97.348935546875,
    "epoch23": 96.325341796875,
    "epoch24": 95.2880859375,
    "epoch25": 94.35591796875,
    "epoch26": 93.38650390625,
    "epoch27": 92.52716796875,
    "epoch28": 91.654140625,
    "epoch29": 90.7431640625,
    "epoch30": 89.947607421875
}