{
    "epoch1": 121.801513671875,
    "epoch2": 120.465419921875,
    "epoch3": 119.124541015625,
    "epoch4": 117.7941015625,
    "epoch5": 116.436171875,
    "epoch6": 115.090576171875,
    "epoch7": 113.740703125,
    "epoch8": 112.423818359375,
    "epoch9": 111.075751953125,
    "epoch10": 109.7209765625,
    "epoch11": 108.3683984375,
    "epoch12": 107.034296875,
    "epoch13": 105.70033203125,
    "epoch14": 104.37240234375,
    "epoch15": 103.07556640625,
    "epoch16": 101.739453125,
    "epoch17": 100.47396484375,
    "epoch18": 99.125654296875,
    "epoch19": 97.883994140625,
    "epoch20": 96.664541015625,
    "epoch21": 95.464091796875,
    "epoch22": 94.307490234375,
    "epoch23": 93.1274609375,
    "epoch24": 92.00453125,
    "epoch25": 90.92240234375,
    "epoch26": 89.840546875,
    "epoch27": 88.914267578125,
    "epoch28": 87.93330078125,
    "epoch29": 87.014052734375,
    "epoch30": 86.120966796875
}