{
    "epoch1": 1794.3987379807693,
    "epoch2": 1778.494891826923,
    "epoch3": 1762.6888521634614,
    "epoch4": 1746.9332932692307,
    "epoch5": 1731.2369290865386,
    "epoch6": 1716.5419170673076,
    "epoch7": 1701.0274939903845,
    "epoch8": 1685.3628305288462,
    "epoch9": 1670.5704627403845,
    "epoch10": 1655.1056189903845,
    "epoch11": 1639.8819110576924,
    "epoch12": 1624.6684194711538,
    "epoch13": 1609.8025841346155,
    "epoch14": 1594.9559795673076,
    "epoch15": 1580.4420072115386,
    "epoch16": 1565.6688701923076,
    "epoch17": 1550.8628305288462,
    "epoch18": 1536.321514423077,
    "epoch19": 1521.46875,
    "epoch20": 1507.0347055288462,
    "epoch21": 1492.3716947115386,
    "epoch22": 1477.8993389423076,
    "epoch23": 1464.189453125,
    "epoch24": 1449.7740384615386,
    "epoch25": 1436.6747295673076,
    "epoch26": 1422.799579326923,
    "epoch27": 1409.3934795673076,
    "epoch28": 1396.5706129807693,
    "epoch29": 1384.2534555288462,
    "epoch30": 1372.2157451923076
}