{
    "epoch1": 1940.19859375,
    "epoch2": 1925.0559375,
    "epoch3": 1909.25671875,
    "epoch4": 1894.001875,
    "epoch5": 1878.18265625,
    "epoch6": 1863.29828125,
    "epoch7": 1847.85734375,
    "epoch8": 1832.23234375,
    "epoch9": 1816.67,
    "epoch10": 1800.6028125,
    "epoch11": 1784.468125,
    "epoch12": 1769.10796875,
    "epoch13": 1753.30671875,
    "epoch14": 1737.97078125,
    "epoch15": 1723.22390625,
    "epoch16": 1708.0125,
    "epoch17": 1692.4365625,
    "epoch18": 1677.164375,
    "epoch19": 1662.9996875,
    "epoch20": 1648.208125,
    "epoch21": 1634.394375,
    "epoch22": 1620.3034375,
    "epoch23": 1606.8115625,
    "epoch24": 1592.69921875,
    "epoch25": 1579.49265625,
    "epoch26": 1567.30828125,
    "epoch27": 1553.17171875,
    "epoch28": 1541.13921875,
    "epoch29": 1528.8721875,
    "epoch30": 1517.1253125
}