{
    "epoch1": 6.145920742710587e-05,
    "epoch2": 4.1012914989551065e-05,
    "epoch3": 2.714503472816432e-05,
    "epoch4": 1.8060422626149375e-05,
    "epoch5": 1.2535342293631401e-05,
    "epoch6": 9.50154868860409e-06,
    "epoch7": 7.956161855418031e-06,
    "epoch8": 7.2098789632946135e-06,
    "epoch9": 6.873199974961608e-06,
    "epoch10": 6.6976640255234084e-06,
    "epoch11": 6.588781861864845e-06,
    "epoch12": 6.4904159626166805e-06,
    "epoch13": 6.39980394680606e-06,
    "epoch14": 6.30896112852497e-06,
    "epoch15": 6.221929725143127e-06,
    "epoch16": 6.137748523542541e-06,
    "epoch17": 6.0570312029994964e-06,
    "epoch18": 5.980074754461384e-06,
    "epoch19": 5.906582468924171e-06,
    "epoch20": 5.838264130488824e-06,
    "epoch21": 5.7724114799384556e-06,
    "epoch22": 5.708390436893751e-06,
    "epoch23": 5.651298417888029e-06,
    "epoch24": 5.596994825509683e-06,
    "epoch25": 5.5463155399593236e-06,
    "epoch26": 5.49822195807792e-06,
    "epoch27": 5.453776564081636e-06,
    "epoch28": 5.4120810227686885e-06,
    "epoch29": 5.372045199010245e-06,
    "epoch30": 5.33627055119723e-06
}