{
    "epoch1": 7554.175625,
    "epoch2": 6073.3875,
    "epoch3": 5400.6875,
    "epoch4": 5077.68125,
    "epoch5": 4955.3084375,
    "epoch6": 4904.5959375,
    "epoch7": 4842.7828125,
    "epoch8": 4783.634375,
    "epoch9": 4715.5125,
    "epoch10": 4624.0753125,
    "epoch11": 4530.721875,
    "epoch12": 4451.933125,
    "epoch13": 4314.481875,
    "epoch14": 4237.1828125,
    "epoch15": 4055.05375,
    "epoch16": 4024.574375,
    "epoch17": 3960.6634375,
    "epoch18": 3878.1609375,
    "epoch19": 3838.6640625,
    "epoch20": 3767.296875,
    "epoch21": 3774.69,
    "epoch22": 3770.9315625,
    "epoch23": 3760.36625,
    "epoch24": 3778.0834375,
    "epoch25": 3711.0553125,
    "epoch26": 3707.1840625,
    "epoch27": 3678.4253125,
    "epoch28": 3637.4521875,
    "epoch29": 3655.0309375,
    "epoch30": 3628.815625
}