{
    "epoch1": 0.0009347379952669144,
    "epoch2": 0.0009070921549573541,
    "epoch3": 0.0008800392597913742,
    "epoch4": 0.0008540082164108753,
    "epoch5": 0.0008281173417344689,
    "epoch6": 0.0008031307207420469,
    "epoch7": 0.0007786188740283251,
    "epoch8": 0.0007549817557446659,
    "epoch9": 0.0007317844545468688,
    "epoch10": 0.0007094704522751272,
    "epoch11": 0.0006870197784155607,
    "epoch12": 0.0006654777633957565,
    "epoch13": 0.0006445880723185837,
    "epoch14": 0.0006238046637736261,
    "epoch15": 0.0006036428641527891,
    "epoch16": 0.0005841978057287634,
    "epoch17": 0.0005653193709440529,
    "epoch18": 0.0005470219650305808,
    "epoch19": 0.0005286897858604788,
    "epoch20": 0.0005110282707028091,
    "epoch21": 0.0004939472815021872,
    "epoch22": 0.0004773599188774824,
    "epoch23": 0.0004608586896210909,
    "epoch24": 0.00044517773436382414,
    "epoch25": 0.0004297711269464344,
    "epoch26": 0.0004146490979474038,
    "epoch27": 0.0003998537152074277,
    "epoch28": 0.0003857456846162677,
    "epoch29": 0.00037212412455119194,
    "epoch30": 0.00035863590659573674
}