{
    "epoch1": 3076.923076923077,
    "epoch2": 3076.923076923077,
    "epoch3": 3076.923076923077,
    "epoch4": 3076.923076923077,
    "epoch5": 3076.923076923077,
    "epoch6": 3076.923076923077,
    "epoch7": 3076.923076923077,
    "epoch8": 3076.923076923077,
    "epoch9": 3076.923076923077,
    "epoch10": 3076.923076923077,
    "epoch11": 3076.923076923077,
    "epoch12": 3076.923076923077,
    "epoch13": 3076.923076923077,
    "epoch14": 3076.923076923077,
    "epoch15": 3076.923076923077,
    "epoch16": 3076.923076923077,
    "epoch17": 3076.923076923077,
    "epoch18": 3076.923076923077,
    "epoch19": 3076.923076923077,
    "epoch20": 3076.923076923077,
    "epoch21": 3076.923076923077,
    "epoch22": 3076.923076923077,
    "epoch23": 3076.923076923077,
    "epoch24": 3076.923076923077,
    "epoch25": 3076.923076923077,
    "epoch26": 3076.923076923077,
    "epoch27": 3076.923076923077,
    "epoch28": 3076.923076923077,
    "epoch29": 3076.923076923077,
    "epoch30": 3076.923076923077
}