{
    "epoch1": 0.06376566489537557,
    "epoch2": 0.05161870809064971,
    "epoch3": 0.04150524073176914,
    "epoch4": 0.03385710757639673,
    "epoch5": 0.02824696981244617,
    "epoch6": 0.024551284395986132,
    "epoch7": 0.02237526099714968,
    "epoch8": 0.02113954174435801,
    "epoch9": 0.02030363358143303,
    "epoch10": 0.019639614555570815,
    "epoch11": 0.019001226561764877,
    "epoch12": 0.01833921329428752,
    "epoch13": 0.017681241552862857,
    "epoch14": 0.017055083790587053,
    "epoch15": 0.01639633025560114,
    "epoch16": 0.015741576854553487,
    "epoch17": 0.015064904983672831,
    "epoch18": 0.014388044675191244,
    "epoch19": 0.013699852551023165,
    "epoch20": 0.01301517803221941,
    "epoch21": 0.012297285927666558,
    "epoch22": 0.011628897550205389,
    "epoch23": 0.01095887589164906,
    "epoch24": 0.01035586159883274,
    "epoch25": 0.009768100972804759,
    "epoch26": 0.009250829927623272,
    "epoch27": 0.008785211118972965,
    "epoch28": 0.008396633797221713,
    "epoch29": 0.00799625004745192,
    "epoch30": 0.007666061580595043
}