{
    "epoch1": 200.0,
    "epoch2": 197.8743137668919,
    "epoch3": 170.9938766891892,
    "epoch4": 119.35128536739865,
    "epoch5": 97.5235694679054,
    "epoch6": 87.18185177364865,
    "epoch7": 82.31948770059121,
    "epoch8": 80.37776472761824,
    "epoch9": 79.9747215477196,
    "epoch10": 79.076171875,
    "epoch11": 78.59516205658784,
    "epoch12": 77.777099609375,
    "epoch13": 77.03216717694256,
    "epoch14": 76.04674963048987,
    "epoch15": 75.11166464315879,
    "epoch16": 74.14839131123311,
    "epoch17": 73.18363993876689,
    "epoch18": 72.02382020692568,
    "epoch19": 71.1379592483108,
    "epoch20": 69.55331503378379,
    "epoch21": 68.66439241976352,
    "epoch22": 66.99576383023648,
    "epoch23": 65.77658493454392,
    "epoch24": 64.39302681587837,
    "epoch25": 62.1822608741554,
    "epoch26": 61.10703916807432,
    "epoch27": 61.023048194679056,
    "epoch28": 59.98913244298986,
    "epoch29": 60.3289695945946,
    "epoch30": 59.460429423564186
}