{
    "epoch1": 0.10715108756567278,
    "epoch2": 0.16822799159184335,
    "epoch3": 0.23763574364166412,
    "epoch4": 0.28137705392307705,
    "epoch5": 0.307067425241546,
    "epoch6": 0.35449581321269746,
    "epoch7": 0.3774209963896918,
    "epoch8": 0.4063470261910605,
    "epoch9": 0.4118531424374807,
    "epoch10": 0.43834877605476075,
    "epoch11": 0.4727970584044381,
    "epoch12": 0.4989167508624849,
    "epoch13": 0.5250028310314058,
    "epoch14": 0.5450399068612901,
    "epoch15": 0.5542928174374595,
    "epoch16": 0.5849437794042012,
    "epoch17": 0.6141085974753849,
    "epoch18": 0.6323587482883817,
    "epoch19": 0.6317101338553051,
    "epoch20": 0.6736496649091206
}