{
    "epoch1": 0.13645046920730516,
    "epoch2": 0.22318682533044082,
    "epoch3": 0.2380053257712951,
    "epoch4": 0.270921242924837,
    "epoch5": 0.3018340468406677,
    "epoch6": 0.2914782647903149,
    "epoch7": 0.3110512907688434,
    "epoch8": 0.31394658552912563,
    "epoch9": 0.3517928312604244,
    "epoch10": 0.3441879336650555,
    "epoch11": 0.35406660116635835,
    "epoch12": 0.34177546203136444,
    "epoch13": 0.33966851922181934,
    "epoch14": 0.34428951144218445,
    "epoch15": 0.35196301341056824,
    "epoch16": 0.3593146594671103,
    "epoch17": 0.35631194366858554,
    "epoch18": 0.32489346311642575,
    "epoch19": 0.36008907052186817,
    "epoch20": 0.30607468348283035
}