{
    "epoch1": 44.380306243896484,
    "epoch2": 36.560691833496094,
    "epoch3": 32.39842224121094,
    "epoch4": 30.517786026000977,
    "epoch5": 30.492969512939453,
    "epoch6": 30.18555450439453,
    "epoch7": 28.85847282409668,
    "epoch8": 28.141342163085938,
    "epoch9": 29.095731735229492,
    "epoch10": 27.641571044921875,
    "epoch11": 26.790252685546875,
    "epoch12": 26.3658504486084,
    "epoch13": 28.361997604370117,
    "epoch14": 26.402326583862305,
    "epoch15": 26.011505126953125,
    "epoch16": 26.549081802368164,
    "epoch17": 25.70191764831543,
    "epoch18": 25.789657592773438,
    "epoch19": 25.797727584838867,
    "epoch20": 25.6758975982666,
    "epoch21": 26.087337493896484,
    "epoch22": 25.51535987854004,
    "epoch23": 25.114578247070312,
    "epoch24": 25.26852798461914,
    "epoch25": 24.842777252197266,
    "epoch26": 24.776540756225586,
    "epoch27": 25.183034896850586,
    "epoch28": 25.061275482177734,
    "epoch29": 24.448244094848633,
    "epoch30": 24.91500473022461,
    "epoch31": 24.707487106323242,
    "epoch32": 25.391239166259766,
    "epoch33": 24.699779510498047,
    "epoch34": 24.095874786376953,
    "epoch35": 25.370607376098633,
    "epoch36": 24.133970260620117,
    "epoch37": 23.97626304626465,
    "epoch38": 24.012245178222656,
    "epoch39": 24.276342391967773,
    "epoch40": 24.757652282714844,
    "epoch41": 23.8682804107666,
    "epoch42": 25.47043228149414,
    "epoch43": 23.72525405883789,
    "epoch44": 24.437232971191406,
    "epoch45": 25.107892990112305,
    "epoch46": 23.732681274414062,
    "epoch47": 23.99811553955078,
    "epoch48": 23.40978240966797,
    "epoch49": 23.435548782348633,
    "epoch50": 23.726301193237305,
    "epoch51": 23.64264488220215,
    "epoch52": 23.22589111328125,
    "epoch53": 23.29602813720703,
    "epoch54": 24.170576095581055,
    "epoch55": 23.040271759033203,
    "epoch56": 24.15946388244629,
    "epoch57": 23.073909759521484,
    "epoch58": 23.26508903503418,
    "epoch59": 22.9823055267334,
    "epoch60": 23.19512939453125,
    "epoch61": 22.99959945678711,
    "epoch62": 23.160015106201172,
    "epoch63": 23.35264778137207,
    "epoch64": 22.6733455657959,
    "epoch65": 22.702716827392578,
    "epoch66": 23.152063369750977,
    "epoch67": 22.64836883544922,
    "epoch68": 23.227426528930664,
    "epoch69": 23.05384063720703,
    "epoch70": 24.003244400024414,
    "epoch71": 23.161062240600586,
    "epoch72": 22.947227478027344,
    "epoch73": 22.748903274536133,
    "epoch74": 22.712242126464844,
    "epoch75": 22.307966232299805,
    "epoch76": 23.28469467163086,
    "epoch77": 23.387123107910156,
    "epoch78": 23.0498104095459,
    "epoch79": 22.60362434387207,
    "epoch80": 22.406265258789062,
    "epoch81": 22.38884162902832,
    "epoch82": 23.02766990661621,
    "epoch83": 22.02768325805664,
    "epoch84": 22.592432022094727,
    "epoch85": 23.284706115722656,
    "epoch86": 21.989652633666992,
    "epoch87": 21.764801025390625,
    "epoch88": 22.190793991088867,
    "epoch89": 22.482013702392578,
    "epoch90": 21.975149154663086,
    "epoch91": 21.939285278320312,
    "epoch92": 22.87563133239746,
    "epoch93": 22.24101448059082,
    "epoch94": 21.775543212890625,
    "epoch95": 21.615280151367188,
    "epoch96": 21.624326705932617,
    "epoch97": 22.292713165283203,
    "epoch98": 22.05527114868164,
    "epoch99": 21.592309951782227,
    "epoch100": 21.692142486572266
}