{
    "epoch0": {
        "layer1": {
            "max_length": 2.3225462436676025,
            "mean_length": 1.0135765153952319,
            "median_length": 0.9448699355125427,
            "stdev_length": 0.46013857486821563,
            "sum_length": 100.34407502412796,
            "ratio_2_1": 16.26083241412525,
            "ratio_3_1": 16.079773451889597,
            "h": 4.497342792098532,
            "normh": 0.9758577188630525,
            "snr": Infinity,
            "mean_birth": 0.0,
            "stdev_birth": 0.0,
            "mean_death": 1.0135765153952319,
            "stdev_death": 0.46013857486821563
        },
        "layer2": {
            "max_length": 0.8867870569229126,
            "mean_length": 0.40260536050555684,
            "median_length": 0.3728795349597931,
            "stdev_length": 0.1759407572555712,
            "sum_length": 39.857930690050125,
            "ratio_2_1": 15.581857991733152,
            "ratio_3_1": 15.570004838240768,
            "h": 4.503756832561715,
            "normh": 1.2220797984671818,
            "snr": Infinity,
            "mean_birth": 0.0,
            "stdev_birth": 0.0,
            "mean_death": 0.40260536050555684,
            "stdev_death": 0.1759407572555712
        },
        "layer3": {
            "max_length": 0.3428538739681244,
            "mean_length": 0.16225560286054105,
            "median_length": 0.15182876586914062,
            "stdev_length": 0.06920463183870122,
            "sum_length": 16.063304683193564,
            "ratio_2_1": 14.23374311582518,
            "ratio_3_1": 14.017454859649478,
            "h": 4.507363910048893,
            "normh": 1.6233758692497644,
            "snr": Infinity,
            "mean_birth": 0.0,
            "stdev_birth": 0.0,
            "mean_death": 0.16225560286054105,
            "stdev_death": 0.06920463183870122
        },
        "layer4": {
            "max_length": 0.002453980967402458,
            "mean_length": 0.0003380397842688994,
            "median_length": 0.00018423795700073242,
            "stdev_length": 0.0004278173395285588,
            "sum_length": 0.03346593864262104,
            "ratio_2_1": 465.81554845580405,
            "ratio_3_1": 382.3471778487753,
            "h": 4.03711048981485,
            "normh": -1.1883546062548673,
            "snr": Infinity,
            "mean_birth": 0.0,
            "stdev_birth": 0.0,
            "mean_death": 0.0003380397842688994,
            "stdev_death": 0.0004278173395285588
        }
    }
}