{
    "epoch1": 0.00033737762656528504,
    "epoch2": 0.0002687886217609048,
    "epoch3": 0.00021087814850034192,
    "epoch4": 0.00016251154578640127,
    "epoch5": 0.00012305198848480358,
    "epoch6": 9.127880191954318e-05,
    "epoch7": 6.699077173834667e-05,
    "epoch8": 4.895777015917702e-05,
    "epoch9": 3.631362440501107e-05,
    "epoch10": 2.78685794910416e-05,
    "epoch11": 2.2604728769692883e-05,
    "epoch12": 1.9620743742052583e-05,
    "epoch13": 1.8051654287774e-05,
    "epoch14": 1.7319027970188473e-05,
    "epoch15": 1.6993830301998967e-05,
    "epoch16": 1.685456513087047e-05,
    "epoch17": 1.678789289371707e-05,
    "epoch18": 1.6738951144361637e-05,
    "epoch19": 1.6685409868841815e-05,
    "epoch20": 1.6623833460016613e-05,
    "epoch21": 1.6565450468988274e-05,
    "epoch22": 1.6509987251538405e-05,
    "epoch23": 1.6438774832749913e-05,
    "epoch24": 1.6348960755294684e-05,
    "epoch25": 1.6281096561669985e-05,
    "epoch26": 1.6202059355237e-05,
    "epoch27": 1.615663205484452e-05,
    "epoch28": 1.6083727148270553e-05,
    "epoch29": 1.601036584816029e-05,
    "epoch30": 1.592542240587136e-05
}