{
    "epoch1": 200.0,
    "epoch2": 200.0,
    "epoch3": 200.0,
    "epoch4": 200.0,
    "epoch5": 200.0,
    "epoch6": 200.0,
    "epoch7": 200.0,
    "epoch8": 198.913515625,
    "epoch9": 193.70697265625,
    "epoch10": 179.1351953125,
    "epoch11": 159.8566015625,
    "epoch12": 141.02474609375,
    "epoch13": 126.4187890625,
    "epoch14": 119.032734375,
    "epoch15": 115.25978515625,
    "epoch16": 112.77357421875,
    "epoch17": 111.4842578125,
    "epoch18": 110.895693359375,
    "epoch19": 110.498837890625,
    "epoch20": 110.0302734375,
    "epoch21": 109.5306640625,
    "epoch22": 109.0090625,
    "epoch23": 108.65111328125,
    "epoch24": 108.3757421875,
    "epoch25": 107.9658203125,
    "epoch26": 107.57142578125,
    "epoch27": 106.60197265625,
    "epoch28": 106.074765625,
    "epoch29": 105.61138671875,
    "epoch30": 105.252548828125
}