{
    "epoch1": 200.0,
    "epoch2": 200.0,
    "epoch3": 200.0,
    "epoch4": 200.0,
    "epoch5": 200.0,
    "epoch6": 200.0,
    "epoch7": 199.992421875,
    "epoch8": 199.79537109375,
    "epoch9": 197.53501953125,
    "epoch10": 188.18046875,
    "epoch11": 171.1759765625,
    "epoch12": 149.561767578125,
    "epoch13": 132.89271484375,
    "epoch14": 122.622333984375,
    "epoch15": 117.346875,
    "epoch16": 114.2628515625,
    "epoch17": 112.532001953125,
    "epoch18": 111.2543359375,
    "epoch19": 110.450986328125,
    "epoch20": 109.897314453125,
    "epoch21": 109.624140625,
    "epoch22": 108.983955078125,
    "epoch23": 108.325517578125,
    "epoch24": 107.82244140625,
    "epoch25": 107.4745703125,
    "epoch26": 107.070380859375,
    "epoch27": 106.4055078125,
    "epoch28": 105.884384765625,
    "epoch29": 105.423740234375,
    "epoch30": 104.870927734375
}