{
    "epoch1": 0.10659921701465334,
    "epoch2": 0.05541370649422918,
    "epoch3": 0.05103067681193352,
    "epoch4": 0.04854541378361838,
    "epoch5": 0.045741028019360135,
    "epoch6": 0.0426020191184112,
    "epoch7": 0.03929180332592556,
    "epoch8": 0.03584041127136776,
    "epoch9": 0.03281088785401413,
    "epoch10": 0.02954511663743428,
    "epoch11": 0.02729587416563715,
    "epoch12": 0.02555883995124272,
    "epoch13": 0.024214725409235274,
    "epoch14": 0.023435261100530624,
    "epoch15": 0.022942077102405683,
    "epoch16": 0.022510021924972534,
    "epoch17": 0.022302558379513875,
    "epoch18": 0.022018530539103916,
    "epoch19": 0.021710777123059546,
    "epoch20": 0.021423972078732083,
    "epoch21": 0.021200105813997134,
    "epoch22": 0.020960062609187195,
    "epoch23": 0.02083556181085961,
    "epoch24": 0.020585789744343077,
    "epoch25": 0.020445277116128376,
    "epoch26": 0.020343250861125334,
    "epoch27": 0.02011420897075108,
    "epoch28": 0.01988930907100439,
    "epoch29": 0.019792431965470314,
    "epoch30": 0.019667932896741798,
    "epoch31": 0.01970182212867907,
    "epoch32": 0.019504949716585025,
    "epoch33": 0.019265558437577317,
    "epoch34": 0.01938710202063833,
    "epoch35": 0.01908316755933421,
    "epoch36": 0.018906636562730585,
    "epoch37": 0.01884881646505424,
    "epoch38": 0.01953509822487831,
    "epoch39": 0.018782566168478558,
    "epoch40": 0.018834074160882404,
    "epoch41": 0.018513335713318417,
    "epoch42": 0.018542232257979258,
    "epoch43": 0.018265498669019768,
    "epoch44": 0.01839497805173908,
    "epoch45": 0.018122799960630282,
    "epoch46": 0.018085916260523454,
    "epoch47": 0.01806278247386217,
    "epoch48": 0.01791708530592067,
    "epoch49": 0.017958007087664946,
    "epoch50": 0.017848895995744636,
    "epoch51": 0.017719213584704057,
    "epoch52": 0.017689506257218972,
    "epoch53": 0.017596338476453508,
    "epoch54": 0.01776248655681099,
    "epoch55": 0.017451787500509193,
    "epoch56": 0.017526556870767047,
    "epoch57": 0.01732252604727234,
    "epoch58": 0.017351625354162285,
    "epoch59": 0.017318045986550196,
    "epoch60": 0.017673597005861148,
    "epoch61": 0.017761461968932832,
    "epoch62": 0.017245726393801824,
    "epoch63": 0.017136494629085064,
    "epoch64": 0.01702013092913798,
    "epoch65": 0.017012886436922208,
    "epoch66": 0.016981467471591065,
    "epoch67": 0.01691451309514897,
    "epoch68": 0.01702976758990969,
    "epoch69": 0.01719841467482703,
    "epoch70": 0.01698581049484866,
    "epoch71": 0.016800391088638986,
    "epoch72": 0.016862555406987667,
    "epoch73": 0.01673147827386856,
    "epoch74": 0.016672912186809948,
    "epoch75": 0.01682142766990832,
    "epoch76": 0.016791762251939093,
    "epoch77": 0.016665990464389324,
    "epoch78": 0.016681980607765063,
    "epoch79": 0.016649933797972544,
    "epoch80": 0.016552414745092392,
    "epoch81": 0.016533150603728636,
    "epoch82": 0.016875151810901507,
    "epoch83": 0.0165765503687518,
    "epoch84": 0.016446780546435287,
    "epoch85": 0.01648406870663166,
    "epoch86": 0.016381512928221906,
    "epoch87": 0.016365176332848414,
    "epoch88": 0.016382858689342226,
    "epoch89": 0.016304624000830308,
    "epoch90": 0.016361810666109835,
    "epoch91": 0.016432928054460456,
    "epoch92": 0.01658476223903043,
    "epoch93": 0.016306525894573758,
    "epoch94": 0.016546471576605524,
    "epoch95": 0.016205098746078356,
    "epoch96": 0.016268282729600157,
    "epoch97": 0.016196839245302335,
    "epoch98": 0.01629884115287236,
    "epoch99": 0.016152099972324713,
    "epoch100": 0.01630849750446422
}