{
    "epoch1": 5213.260080645161,
    "epoch2": 4683.208669354839,
    "epoch3": 3949.3550907258063,
    "epoch4": 3656.9163306451615,
    "epoch5": 3533.6565020161293,
    "epoch6": 3340.4725302419356,
    "epoch7": 3060.3049395161293,
    "epoch8": 2951.3099798387098,
    "epoch9": 2751.7525201612902,
    "epoch10": 2647.3644153225805,
    "epoch11": 2505.396925403226,
    "epoch12": 2362.6043346774195,
    "epoch13": 2257.6993447580644,
    "epoch14": 2154.5871975806454,
    "epoch15": 2093.966859879032,
    "epoch16": 2009.800025201613,
    "epoch17": 1956.2750756048388,
    "epoch18": 1921.5210433467741,
    "epoch19": 1930.042464717742,
    "epoch20": 1843.073210685484,
    "epoch21": 1791.4506048387098,
    "epoch22": 1756.304435483871,
    "epoch23": 1701.48046875,
    "epoch24": 1694.1544858870968,
    "epoch25": 1615.4688760080646,
    "epoch26": 1625.3651713709678,
    "epoch27": 1565.355216733871,
    "epoch28": 1517.167212701613,
    "epoch29": 1484.0196572580646,
    "epoch30": 1450.5569556451612
}