{
    "epoch1": 0.23478333778679372,
    "epoch2": 0.4125714347809553,
    "epoch3": 0.581016674771905,
    "epoch4": 0.6832809600532055,
    "epoch5": 0.7484642936885357,
    "epoch6": 0.7791833410263062,
    "epoch7": 0.7981500070989132,
    "epoch8": 0.8313333390951156,
    "epoch9": 0.844383338958025,
    "epoch10": 0.857600005865097,
    "epoch11": 0.857033339291811,
    "epoch12": 0.8692000053226948,
    "epoch13": 0.8894857186675071,
    "epoch14": 0.8831333379745483,
    "epoch15": 0.8930333378314972,
    "epoch16": 0.898400004863739,
    "epoch17": 0.8965285758674145,
    "epoch18": 0.9121666707396507,
    "epoch19": 0.9139833368659019,
    "epoch20": 0.9050666710734367,
    "epoch21": 0.9251666704416275,
    "epoch22": 0.9166833360791207,
    "epoch23": 0.9221166705191135,
    "epoch24": 0.9247833368778229,
    "epoch25": 0.9192023843228817,
    "epoch26": 0.9307666699886322,
    "epoch27": 0.933433336019516,
    "epoch28": 0.9346000028848648,
    "epoch29": 0.9381000030934811,
    "epoch30": 0.9349523836970329,
    "epoch31": 0.9427500030994416,
    "epoch32": 0.9448476219177246,
    "epoch33": 0.9439309546351433,
    "epoch34": 0.9491500024795532,
    "epoch35": 0.9480666686892509,
    "epoch36": 0.9486523829698562,
    "epoch37": 0.9562000019550323,
    "epoch38": 0.948852383852005,
    "epoch39": 0.9542166692614555,
    "epoch40": 0.9595333355665207,
    "epoch41": 0.9573000017404556,
    "epoch42": 0.9632000012397766,
    "epoch43": 0.9640523827075959,
    "epoch44": 0.9688666681051255,
    "epoch45": 0.9626333348751068,
    "epoch46": 0.968033334851265,
    "epoch47": 0.9696000015735626,
    "epoch48": 0.973666668176651,
    "epoch49": 0.9757666679620742,
    "epoch50": 0.9690000014305115
}