{
    "epoch1": 5171.872983870968,
    "epoch2": 4576.799395161291,
    "epoch3": 3880.201108870968,
    "epoch4": 3732.9765625,
    "epoch5": 3535.4715221774195,
    "epoch6": 3326.1297883064517,
    "epoch7": 3191.9506048387098,
    "epoch8": 3008.935483870968,
    "epoch9": 2891.8180443548385,
    "epoch10": 2755.4337197580644,
    "epoch11": 2582.279737903226,
    "epoch12": 2452.521421370968,
    "epoch13": 2351.2535282258063,
    "epoch14": 2315.5902217741937,
    "epoch15": 2180.0655241935483,
    "epoch16": 2113.2745715725805,
    "epoch17": 2057.8888608870966,
    "epoch18": 1961.9897933467741,
    "epoch19": 1942.4488407258063,
    "epoch20": 1877.7276965725807,
    "epoch21": 1815.4037298387098,
    "epoch22": 1810.0689264112902,
    "epoch23": 1796.1798135080646,
    "epoch24": 1688.594002016129,
    "epoch25": 1643.038054435484,
    "epoch26": 1610.022933467742,
    "epoch27": 1584.5677923387098,
    "epoch28": 1572.399445564516,
    "epoch29": 1517.090347782258,
    "epoch30": 1460.4725302419354
}