{
    "epoch1": 144.83940972222223,
    "epoch2": 133.65279327876985,
    "epoch3": 129.94649832589286,
    "epoch4": 126.43514384920636,
    "epoch5": 121.8229476686508,
    "epoch6": 115.61874534970238,
    "epoch7": 111.37954179067461,
    "epoch8": 105.02797929067461,
    "epoch9": 105.4759037078373,
    "epoch10": 100.63352554563492,
    "epoch11": 97.74090091765873,
    "epoch12": 95.96600632440476,
    "epoch13": 95.9266338045635,
    "epoch14": 93.94529699900794,
    "epoch15": 94.2141617063492,
    "epoch16": 95.73877728174604,
    "epoch17": 91.93490358382937,
    "epoch18": 90.10132223462301,
    "epoch19": 91.43487258184524,
    "epoch20": 93.97095114087301,
    "epoch21": 92.94767640128968,
    "epoch22": 90.79928540426587,
    "epoch23": 92.2619125124008,
    "epoch24": 87.28094773065476,
    "epoch25": 90.16607762896825,
    "epoch26": 88.34927610367063,
    "epoch27": 88.3647228422619,
    "epoch28": 87.14195033482143,
    "epoch29": 86.82380022321429,
    "epoch30": 88.80392795138889
}