{
    "epoch1": 0.08373817482164927,
    "epoch2": 0.05128553403275354,
    "epoch3": 0.04116188708160605,
    "epoch4": 0.03902704854096685,
    "epoch5": 0.03757026365825108,
    "epoch6": 0.03609755049858775,
    "epoch7": 0.034610649570822716,
    "epoch8": 0.03267722683293479,
    "epoch9": 0.030948279425501823,
    "epoch10": 0.02921349315771035,
    "epoch11": 0.027500506756561145,
    "epoch12": 0.02563619054853916,
    "epoch13": 0.023993436247110367,
    "epoch14": 0.022334341225879534,
    "epoch15": 0.02085751068911382,
    "epoch16": 0.019572083971330097,
    "epoch17": 0.01854078458356006,
    "epoch18": 0.01771092215286834,
    "epoch19": 0.01709165996206658,
    "epoch20": 0.016456458185400282,
    "epoch21": 0.01597905145691974,
    "epoch22": 0.01568863367927926,
    "epoch23": 0.015344223539744104,
    "epoch24": 0.015060714579054288,
    "epoch25": 0.014752749154078109,
    "epoch26": 0.014544770121574402,
    "epoch27": 0.014349079424781459,
    "epoch28": 0.014172842193927084,
    "epoch29": 0.014035964251628943,
    "epoch30": 0.013962675418172563,
    "epoch31": 0.01378450230030077,
    "epoch32": 0.013677512162498065,
    "epoch33": 0.013614002083029066,
    "epoch34": 0.013734627115939344,
    "epoch35": 0.013477388037634748,
    "epoch36": 0.01336542343986886,
    "epoch37": 0.013593992018806083,
    "epoch38": 0.013391154086483377,
    "epoch39": 0.013170217496476002,
    "epoch40": 0.013160659998123134,
    "epoch41": 0.013232877611049585,
    "epoch42": 0.013070586270519666,
    "epoch43": 0.013016414163368089,
    "epoch44": 0.012975631880440883,
    "epoch45": 0.013187229500285216,
    "epoch46": 0.013061987768326486,
    "epoch47": 0.012892931899321931,
    "epoch48": 0.012937213626823254,
    "epoch49": 0.013141401976879154,
    "epoch50": 0.012913288881203957,
    "epoch51": 0.013188160290675504,
    "epoch52": 0.01290057712633695,
    "epoch53": 0.012987834068813495,
    "epoch54": 0.012814669470701898,
    "epoch55": 0.012746292831642287,
    "epoch56": 0.0127667750764106,
    "epoch57": 0.012724806953753744,
    "epoch58": 0.012940919625439815,
    "epoch59": 0.012813850372497524,
    "epoch60": 0.013004345819354057,
    "epoch61": 0.012883724378687995,
    "epoch62": 0.012949158304503985,
    "epoch63": 0.012651956041476555,
    "epoch64": 0.01269679396812405,
    "epoch65": 0.012550145520695619,
    "epoch66": 0.01254723986078586,
    "epoch67": 0.012703751014279467,
    "epoch68": 0.012685985703553473,
    "epoch69": 0.012519441678055696,
    "epoch70": 0.012513079813548498,
    "epoch71": 0.012612212582358293,
    "epoch72": 0.012800877248602254,
    "epoch73": 0.01250807921003018,
    "epoch74": 0.01245115524423974,
    "epoch75": 0.012677620963326522,
    "epoch76": 0.012598506174981594,
    "epoch77": 0.012544152859066213,
    "epoch78": 0.012416200180138861,
    "epoch79": 0.012404366862028837,
    "epoch80": 0.012585892275507961,
    "epoch81": 0.01244920671784452,
    "epoch82": 0.012521638401917048,
    "epoch83": 0.012430226230727775,
    "epoch84": 0.01244777993166021,
    "epoch85": 0.012352093122899532,
    "epoch86": 0.012356861427958523,
    "epoch87": 0.012339502439967223,
    "epoch88": 0.012442182416894607,
    "epoch89": 0.012385512768690075,
    "epoch90": 0.012503564557326692,
    "epoch91": 0.012309688409524304,
    "epoch92": 0.012446295603045396,
    "epoch93": 0.012307116695280586,
    "epoch94": 0.012475115579685994,
    "epoch95": 0.012303194629826717,
    "epoch96": 0.012313964577125651,
    "epoch97": 0.012265322064714772,
    "epoch98": 0.01233076024800539,
    "epoch99": 0.012269656040838786,
    "epoch100": 0.012498415873519011
}