{
    "epoch1": 0.10062170401215553,
    "epoch2": 0.19548065960407257,
    "epoch3": 0.18535087151186808,
    "epoch4": 0.1975376946585519,
    "epoch5": 0.2271679107631956,
    "epoch6": 0.25298687177045004,
    "epoch7": 0.2420569040945598,
    "epoch8": 0.25996232671397074,
    "epoch9": 0.33733574407441275,
    "epoch10": 0.3026553839445114,
    "epoch11": 0.27692688575812746,
    "epoch12": 0.3091611372573035,
    "epoch13": 0.3349174814564841,
    "epoch14": 0.28670873599393026,
    "epoch15": 0.31070495929036823,
    "epoch16": 0.39698065178734915,
    "epoch17": 0.2985616624355316,
    "epoch18": 0.3161110601254872,
    "epoch19": 0.3023522070475987,
    "epoch20": 0.32586597970553804
}