{
    "epoch1": 0.04539039812516421,
    "epoch2": 0.02922946645412594,
    "epoch3": 0.02227647288236767,
    "epoch4": 0.02067864389391616,
    "epoch5": 0.019825461553409696,
    "epoch6": 0.019151105283526704,
    "epoch7": 0.018682816589716822,
    "epoch8": 0.01816774223698303,
    "epoch9": 0.017874466138891876,
    "epoch10": 0.0175489806861151,
    "epoch11": 0.017454751243349165,
    "epoch12": 0.017209428508067504,
    "epoch13": 0.017195698979776353,
    "epoch14": 0.01680568978190422,
    "epoch15": 0.016815970360767096,
    "epoch16": 0.01656659453874454,
    "epoch17": 0.01658265889273025,
    "epoch18": 0.016556410409975797,
    "epoch19": 0.016483180574141443,
    "epoch20": 0.01611398599925451,
    "epoch21": 0.016184329870156944,
    "epoch22": 0.015989341598469764,
    "epoch23": 0.015846443973714486,
    "epoch24": 0.01610202036681585,
    "epoch25": 0.015936715877614915,
    "epoch26": 0.015520622720941901,
    "epoch27": 0.015699099894845858,
    "epoch28": 0.015977494476828724,
    "epoch29": 0.015446779638295993,
    "epoch30": 0.01537291260319762,
    "epoch31": 0.015208582975901663,
    "epoch32": 0.015254664933308959,
    "epoch33": 0.015106780483620241,
    "epoch34": 0.015307489229599014,
    "epoch35": 0.015288917609723285,
    "epoch36": 0.01495590148260817,
    "epoch37": 0.014932520396541804,
    "epoch38": 0.014977652026573196,
    "epoch39": 0.014863759861327708,
    "epoch40": 0.015098052535904571,
    "epoch41": 0.014939466811483726,
    "epoch42": 0.014786317449761555,
    "epoch43": 0.014665982307633385,
    "epoch44": 0.015097964351298288,
    "epoch45": 0.014589409984182566,
    "epoch46": 0.014628013683250174,
    "epoch47": 0.015242001827573404,
    "epoch48": 0.014499952754704282,
    "epoch49": 0.014474156050710008,
    "epoch50": 0.014494877454126254,
    "epoch51": 0.014494612638372928,
    "epoch52": 0.014396827929886058,
    "epoch53": 0.01491837047797162,
    "epoch54": 0.014552205306245014,
    "epoch55": 0.014479720703093335,
    "epoch56": 0.014354425569763407,
    "epoch57": 0.014480789395747706,
    "epoch58": 0.01433679775800556,
    "epoch59": 0.014428329857764766,
    "epoch60": 0.014228180458303541,
    "epoch61": 0.014246963983168826,
    "epoch62": 0.014240233431337401,
    "epoch63": 0.014521943812724203,
    "epoch64": 0.014763283834327012,
    "epoch65": 0.014202314079739153,
    "epoch66": 0.014337770524434745,
    "epoch67": 0.014511818764731288,
    "epoch68": 0.014080610300879925,
    "epoch69": 0.014143631386104971,
    "epoch70": 0.014246510720113292,
    "epoch71": 0.014373281854204834,
    "epoch72": 0.014039338362636045,
    "epoch73": 0.014533486624713987,
    "epoch74": 0.014264578989241272,
    "epoch75": 0.014084475726122037,
    "epoch76": 0.014343407558044419,
    "epoch77": 0.013963001576485112,
    "epoch78": 0.014353906153701246,
    "epoch79": 0.013955510454252362,
    "epoch80": 0.014373209909535944,
    "epoch81": 0.014099604188231751,
    "epoch82": 0.014538781222654507,
    "epoch83": 0.014010434242663905,
    "epoch84": 0.014073171216296032,
    "epoch85": 0.014181074278894812,
    "epoch86": 0.01390114426612854,
    "epoch87": 0.013911703310441226,
    "epoch88": 0.014001333765918389,
    "epoch89": 0.01471617238712497,
    "epoch90": 0.01388464545016177,
    "epoch91": 0.013857172249117866,
    "epoch92": 0.013799123815260828,
    "epoch93": 0.01394751772750169,
    "epoch94": 0.013903135171858594,
    "epoch95": 0.014763333107111976,
    "epoch96": 0.013863851228961721,
    "epoch97": 0.0139920552901458,
    "epoch98": 0.014381866611074656,
    "epoch99": 0.013892130285967141,
    "epoch100": 0.013753848965279758
}