{
    "epoch1": 60.5864921875,
    "epoch2": 41.43409765625,
    "epoch3": 34.21767578125,
    "epoch4": 31.48975,
    "epoch5": 30.449974609375,
    "epoch6": 29.723525390625,
    "epoch7": 29.07,
    "epoch8": 28.597525390625,
    "epoch9": 28.197931640625,
    "epoch10": 27.6945546875,
    "epoch11": 27.48465234375,
    "epoch12": 27.245474609375,
    "epoch13": 27.0347890625,
    "epoch14": 26.890658203125,
    "epoch15": 26.741310546875,
    "epoch16": 26.565697265625,
    "epoch17": 26.655251953125,
    "epoch18": 26.311916015625,
    "epoch19": 26.090236328125,
    "epoch20": 25.928806640625,
    "epoch21": 25.9832109375,
    "epoch22": 25.7486328125,
    "epoch23": 25.769115234375,
    "epoch24": 25.42048828125,
    "epoch25": 25.390548828125,
    "epoch26": 25.380490234375,
    "epoch27": 25.267111328125,
    "epoch28": 25.164408203125,
    "epoch29": 25.076787109375,
    "epoch30": 24.959259765625,
    "epoch31": 24.938546875,
    "epoch32": 24.7827734375,
    "epoch33": 24.8178515625,
    "epoch34": 24.72287890625,
    "epoch35": 24.554099609375,
    "epoch36": 24.542609375,
    "epoch37": 24.29996875,
    "epoch38": 24.275322265625,
    "epoch39": 24.29558203125,
    "epoch40": 24.233974609375,
    "epoch41": 24.338513671875,
    "epoch42": 24.156162109375,
    "epoch43": 24.041525390625,
    "epoch44": 23.989720703125,
    "epoch45": 24.029572265625,
    "epoch46": 23.88093359375,
    "epoch47": 24.15859375,
    "epoch48": 23.819107421875,
    "epoch49": 23.88155078125,
    "epoch50": 23.630716796875,
    "epoch51": 23.7296796875,
    "epoch52": 23.525310546875,
    "epoch53": 23.6352421875,
    "epoch54": 23.5310625,
    "epoch55": 23.5713515625,
    "epoch56": 23.596556640625,
    "epoch57": 23.693509765625,
    "epoch58": 23.438826171875,
    "epoch59": 23.342634765625,
    "epoch60": 23.382404296875,
    "epoch61": 23.33912890625,
    "epoch62": 23.24708984375,
    "epoch63": 23.50446484375,
    "epoch64": 23.468384765625,
    "epoch65": 23.24971484375,
    "epoch66": 23.33528515625,
    "epoch67": 23.401693359375,
    "epoch68": 23.19798046875,
    "epoch69": 23.091580078125,
    "epoch70": 23.138216796875,
    "epoch71": 23.18746484375,
    "epoch72": 23.107701171875,
    "epoch73": 23.267431640625,
    "epoch74": 23.099150390625,
    "epoch75": 23.06988671875,
    "epoch76": 23.071490234375,
    "epoch77": 23.0486484375,
    "epoch78": 23.175638671875,
    "epoch79": 22.94382421875,
    "epoch80": 23.013330078125,
    "epoch81": 23.0743828125,
    "epoch82": 22.872189453125,
    "epoch83": 23.197294921875,
    "epoch84": 22.881984375,
    "epoch85": 22.8138203125,
    "epoch86": 22.8430234375,
    "epoch87": 22.79718359375,
    "epoch88": 22.818587890625,
    "epoch89": 22.878107421875,
    "epoch90": 22.836810546875,
    "epoch91": 22.782646484375,
    "epoch92": 22.906189453125,
    "epoch93": 22.693048828125,
    "epoch94": 22.604552734375,
    "epoch95": 22.702791015625,
    "epoch96": 22.96760546875,
    "epoch97": 22.697275390625,
    "epoch98": 22.73472265625,
    "epoch99": 22.663583984375,
    "epoch100": 22.658046875
}