{
    "epoch1": 45.40451431274414,
    "epoch2": 36.46927261352539,
    "epoch3": 32.6187858581543,
    "epoch4": 31.09478187561035,
    "epoch5": 30.187400817871094,
    "epoch6": 29.161235809326172,
    "epoch7": 28.947481155395508,
    "epoch8": 27.944068908691406,
    "epoch9": 27.40372085571289,
    "epoch10": 27.333940505981445,
    "epoch11": 26.856170654296875,
    "epoch12": 26.791719436645508,
    "epoch13": 26.492935180664062,
    "epoch14": 27.11710548400879,
    "epoch15": 27.492568969726562,
    "epoch16": 26.91898536682129,
    "epoch17": 27.166675567626953,
    "epoch18": 26.162824630737305,
    "epoch19": 27.228862762451172,
    "epoch20": 26.196910858154297,
    "epoch21": 26.756887435913086,
    "epoch22": 26.291946411132812,
    "epoch23": 25.671710968017578,
    "epoch24": 26.7990779876709,
    "epoch25": 26.621946334838867,
    "epoch26": 25.467891693115234,
    "epoch27": 26.202556610107422,
    "epoch28": 24.990062713623047,
    "epoch29": 25.77882957458496,
    "epoch30": 24.909996032714844,
    "epoch31": 25.092031478881836,
    "epoch32": 25.045547485351562,
    "epoch33": 24.849895477294922,
    "epoch34": 24.467859268188477,
    "epoch35": 24.8480167388916,
    "epoch36": 24.903478622436523,
    "epoch37": 24.545000076293945,
    "epoch38": 25.145557403564453,
    "epoch39": 24.487211227416992,
    "epoch40": 25.682138442993164,
    "epoch41": 24.025562286376953,
    "epoch42": 24.13007926940918,
    "epoch43": 24.291431427001953,
    "epoch44": 25.52544403076172,
    "epoch45": 24.124738693237305,
    "epoch46": 24.681682586669922,
    "epoch47": 26.52809715270996,
    "epoch48": 23.976102828979492,
    "epoch49": 24.30487823486328,
    "epoch50": 23.938175201416016,
    "epoch51": 23.81594467163086,
    "epoch52": 23.937532424926758,
    "epoch53": 24.157806396484375,
    "epoch54": 24.981342315673828,
    "epoch55": 24.10227394104004,
    "epoch56": 23.714277267456055,
    "epoch57": 24.103757858276367,
    "epoch58": 23.774396896362305,
    "epoch59": 24.581918716430664,
    "epoch60": 24.100738525390625,
    "epoch61": 23.76082992553711,
    "epoch62": 23.694793701171875,
    "epoch63": 23.823368072509766,
    "epoch64": 25.17115592956543,
    "epoch65": 24.10368537902832,
    "epoch66": 24.281692504882812,
    "epoch67": 24.062070846557617,
    "epoch68": 23.73219108581543,
    "epoch69": 23.63384437561035,
    "epoch70": 24.31432342529297,
    "epoch71": 23.583526611328125,
    "epoch72": 23.573699951171875,
    "epoch73": 24.185163497924805,
    "epoch74": 23.870725631713867,
    "epoch75": 23.31909942626953,
    "epoch76": 24.792268753051758,
    "epoch77": 23.46453857421875,
    "epoch78": 23.495624542236328,
    "epoch79": 23.56657600402832,
    "epoch80": 23.615238189697266,
    "epoch81": 23.52372169494629,
    "epoch82": 25.021800994873047,
    "epoch83": 23.69394302368164,
    "epoch84": 24.024574279785156,
    "epoch85": 23.90509033203125,
    "epoch86": 23.575424194335938,
    "epoch87": 23.417648315429688,
    "epoch88": 24.13475799560547,
    "epoch89": 24.43437385559082,
    "epoch90": 23.459287643432617,
    "epoch91": 23.243154525756836,
    "epoch92": 23.43194007873535,
    "epoch93": 23.118236541748047,
    "epoch94": 23.572101593017578,
    "epoch95": 24.79591941833496,
    "epoch96": 23.76131820678711,
    "epoch97": 24.048696517944336,
    "epoch98": 24.451677322387695,
    "epoch99": 23.217945098876953,
    "epoch100": 23.26634407043457
}