{
    "epoch1": 45.27523422241211,
    "epoch2": 37.03034210205078,
    "epoch3": 31.357425689697266,
    "epoch4": 29.45478630065918,
    "epoch5": 29.15793228149414,
    "epoch6": 28.731056213378906,
    "epoch7": 28.089210510253906,
    "epoch8": 28.238117218017578,
    "epoch9": 27.911943435668945,
    "epoch10": 27.753150939941406,
    "epoch11": 27.985029220581055,
    "epoch12": 28.1303768157959,
    "epoch13": 27.90792465209961,
    "epoch14": 27.673349380493164,
    "epoch15": 27.556507110595703,
    "epoch16": 26.931596755981445,
    "epoch17": 27.80167007446289,
    "epoch18": 26.9013671875,
    "epoch19": 26.465957641601562,
    "epoch20": 26.59867286682129,
    "epoch21": 26.417394638061523,
    "epoch22": 26.142993927001953,
    "epoch23": 26.36083221435547,
    "epoch24": 26.09018325805664,
    "epoch25": 26.475309371948242,
    "epoch26": 25.70368003845215,
    "epoch27": 26.18351936340332,
    "epoch28": 25.645275115966797,
    "epoch29": 25.50347137451172,
    "epoch30": 25.64714241027832,
    "epoch31": 25.697946548461914,
    "epoch32": 25.466814041137695,
    "epoch33": 26.046512603759766,
    "epoch34": 25.582582473754883,
    "epoch35": 25.381977081298828,
    "epoch36": 25.036771774291992,
    "epoch37": 26.863754272460938,
    "epoch38": 25.80316925048828,
    "epoch39": 26.241371154785156,
    "epoch40": 25.073423385620117,
    "epoch41": 25.56103515625,
    "epoch42": 24.900379180908203,
    "epoch43": 25.33769416809082,
    "epoch44": 24.842973709106445,
    "epoch45": 24.533878326416016,
    "epoch46": 25.678821563720703,
    "epoch47": 25.206954956054688,
    "epoch48": 25.63750648498535,
    "epoch49": 24.756271362304688,
    "epoch50": 24.7652587890625,
    "epoch51": 24.913551330566406,
    "epoch52": 25.50086212158203,
    "epoch53": 24.782100677490234,
    "epoch54": 24.39063835144043,
    "epoch55": 25.197187423706055,
    "epoch56": 24.324079513549805,
    "epoch57": 24.99449348449707,
    "epoch58": 24.374284744262695,
    "epoch59": 25.11013412475586,
    "epoch60": 24.775724411010742,
    "epoch61": 24.378477096557617,
    "epoch62": 25.046772003173828,
    "epoch63": 24.196250915527344,
    "epoch64": 24.255979537963867,
    "epoch65": 24.09323501586914,
    "epoch66": 24.519433975219727,
    "epoch67": 24.129798889160156,
    "epoch68": 24.077133178710938,
    "epoch69": 25.539695739746094,
    "epoch70": 24.082014083862305,
    "epoch71": 24.02511215209961,
    "epoch72": 23.990346908569336,
    "epoch73": 24.22482681274414,
    "epoch74": 24.01865577697754,
    "epoch75": 24.126150131225586,
    "epoch76": 24.468690872192383,
    "epoch77": 24.014320373535156,
    "epoch78": 23.96446418762207,
    "epoch79": 23.73381805419922,
    "epoch80": 23.76084327697754,
    "epoch81": 25.386394500732422,
    "epoch82": 24.927297592163086,
    "epoch83": 23.667882919311523,
    "epoch84": 24.930620193481445,
    "epoch85": 23.830602645874023,
    "epoch86": 23.6486873626709,
    "epoch87": 23.771926879882812,
    "epoch88": 23.886749267578125,
    "epoch89": 23.78325080871582,
    "epoch90": 23.89101219177246,
    "epoch91": 24.120325088500977,
    "epoch92": 23.676950454711914,
    "epoch93": 23.71936798095703,
    "epoch94": 23.71369743347168,
    "epoch95": 23.4755916595459,
    "epoch96": 23.422060012817383,
    "epoch97": 23.40447425842285,
    "epoch98": 23.487754821777344,
    "epoch99": 23.542407989501953,
    "epoch100": 24.830034255981445
}