{
    "epoch1": 194.368421875,
    "epoch2": 156.69203125,
    "epoch3": 139.081953125,
    "epoch4": 135.853546875,
    "epoch5": 132.858,
    "epoch6": 130.89653125,
    "epoch7": 128.5248203125,
    "epoch8": 126.1569453125,
    "epoch9": 124.6708046875,
    "epoch10": 122.259671875,
    "epoch11": 120.811875,
    "epoch12": 119.8146640625,
    "epoch13": 118.2015390625,
    "epoch14": 116.84371875,
    "epoch15": 115.7136875,
    "epoch16": 114.4275234375,
    "epoch17": 113.4505078125,
    "epoch18": 112.349625,
    "epoch19": 111.2931171875,
    "epoch20": 111.21196875,
    "epoch21": 108.9835546875,
    "epoch22": 108.96003125,
    "epoch23": 108.719078125,
    "epoch24": 107.7767265625,
    "epoch25": 106.9665078125,
    "epoch26": 106.7998984375,
    "epoch27": 106.0885390625,
    "epoch28": 105.7867890625,
    "epoch29": 105.8556796875,
    "epoch30": 105.01009375
}