{
    "epoch1": 177.93315625,
    "epoch2": 143.409015625,
    "epoch3": 136.9445625,
    "epoch4": 133.056875,
    "epoch5": 130.1652421875,
    "epoch6": 127.47853125,
    "epoch7": 126.4039921875,
    "epoch8": 124.89125,
    "epoch9": 122.938390625,
    "epoch10": 123.315828125,
    "epoch11": 121.71440625,
    "epoch12": 119.8821796875,
    "epoch13": 118.194328125,
    "epoch14": 116.9719921875,
    "epoch15": 115.6303125,
    "epoch16": 114.595640625,
    "epoch17": 113.3566171875,
    "epoch18": 113.1753984375,
    "epoch19": 112.376921875,
    "epoch20": 109.6174609375,
    "epoch21": 110.9575078125,
    "epoch22": 109.3580546875,
    "epoch23": 108.05353125,
    "epoch24": 107.60928125,
    "epoch25": 108.6576953125,
    "epoch26": 107.4071484375,
    "epoch27": 107.3812734375,
    "epoch28": 107.713203125,
    "epoch29": 105.6228671875,
    "epoch30": 105.7630078125
}