{
    "epoch1": 0.04865600890479982,
    "epoch2": 0.04064274928532541,
    "epoch3": 0.03224291233345866,
    "epoch4": 0.025423614715691656,
    "epoch5": 0.022033066139556468,
    "epoch6": 0.020876640337519348,
    "epoch7": 0.02040691557340324,
    "epoch8": 0.01991511438973248,
    "epoch9": 0.01946036022854969,
    "epoch10": 0.01928411645349115,
    "epoch11": 0.01880939194234088,
    "epoch12": 0.018597956106532365,
    "epoch13": 0.018406001618131995,
    "epoch14": 0.01800517935771495,
    "epoch15": 0.017664927698206156,
    "epoch16": 0.017495554115157574,
    "epoch17": 0.017519888351671398,
    "epoch18": 0.017084379505831748,
    "epoch19": 0.01708452624734491,
    "epoch20": 0.01671985210850835,
    "epoch21": 0.016590881801676005,
    "epoch22": 0.016360463690944016,
    "epoch23": 0.016949419339653105,
    "epoch24": 0.016166244458872825,
    "epoch25": 0.016003931988961995,
    "epoch26": 0.015817335864994675,
    "epoch27": 0.01595904224086553,
    "epoch28": 0.015876284101977944,
    "epoch29": 0.015717565489467233,
    "epoch30": 0.016116817598231137,
    "epoch31": 0.015526916598901153,
    "epoch32": 0.015278443112038076,
    "epoch33": 0.015177636872977018,
    "epoch34": 0.015296486322768033,
    "epoch35": 0.015107546816579998,
    "epoch36": 0.014973327401094139,
    "epoch37": 0.015133903827518225,
    "epoch38": 0.014790046087000519,
    "epoch39": 0.014767110755201429,
    "epoch40": 0.014718838792759925,
    "epoch41": 0.014838103961665183,
    "epoch42": 0.0148042828659527,
    "epoch43": 0.014564860612154007,
    "epoch44": 0.015639677469152957,
    "epoch45": 0.014586360775865614,
    "epoch46": 0.014409373805392534,
    "epoch47": 0.014541341515723616,
    "epoch48": 0.014337261556647718,
    "epoch49": 0.014522086305078119,
    "epoch50": 0.014502229227218777,
    "epoch51": 0.014305380347650498,
    "epoch52": 0.014226480678189546,
    "epoch53": 0.014094847429078072,
    "epoch54": 0.014253034663852304,
    "epoch55": 0.014305627904832363,
    "epoch56": 0.01425474081770517,
    "epoch57": 0.014084840135183185,
    "epoch58": 0.013944262464065105,
    "epoch59": 0.013847491500200704,
    "epoch60": 0.013892046787077561,
    "epoch61": 0.013956807262729853,
    "epoch62": 0.01376352141960524,
    "epoch63": 0.0141203876119107,
    "epoch64": 0.01392895117169246,
    "epoch65": 0.01405068748863414,
    "epoch66": 0.013739566435106099,
    "epoch67": 0.01365002227248624,
    "epoch68": 0.013616001117043197,
    "epoch69": 0.013599336729384959,
    "epoch70": 0.013599214842543006,
    "epoch71": 0.014903237286489457,
    "epoch72": 0.014037347224075347,
    "epoch73": 0.013784666691208258,
    "epoch74": 0.013515788072254509,
    "epoch75": 0.01354944269405678,
    "epoch76": 0.013409740349743515,
    "epoch77": 0.01376448036171496,
    "epoch78": 0.013764749426627532,
    "epoch79": 0.013363290810957551,
    "epoch80": 0.013347650645300746,
    "epoch81": 0.013559643528424203,
    "epoch82": 0.013403283344814554,
    "epoch83": 0.013390163803705946,
    "epoch84": 0.013281140680192038,
    "epoch85": 0.013388514111284167,
    "epoch86": 0.013240492902696133,
    "epoch87": 0.01360157469753176,
    "epoch88": 0.013335748488316312,
    "epoch89": 0.013262583495816216,
    "epoch90": 0.013162352988729253,
    "epoch91": 0.013612780225230381,
    "epoch92": 0.013185131450882182,
    "epoch93": 0.013316981581738219,
    "epoch94": 0.013179062836570665,
    "epoch95": 0.013396174472291023,
    "epoch96": 0.013342668331461027,
    "epoch97": 0.013396331603871658,
    "epoch98": 0.013084077188977972,
    "epoch99": 0.013120821968186647,
    "epoch100": 0.013287409412441775
}