{
    "epoch1": 1.3525343365392216e-05,
    "epoch2": 1.2492919996690007e-05,
    "epoch3": 1.1853987683805817e-05,
    "epoch4": 1.1501267893791088e-05,
    "epoch5": 1.1273788657946809e-05,
    "epoch6": 1.114378779285007e-05,
    "epoch7": 1.1040628980811995e-05,
    "epoch8": 1.0967282833867916e-05,
    "epoch9": 1.0911103021926164e-05,
    "epoch10": 1.087476564098136e-05,
    "epoch11": 1.083057300648805e-05,
    "epoch12": 1.0810110775097245e-05,
    "epoch13": 1.0769730184412056e-05,
    "epoch14": 1.0742802510668763e-05,
    "epoch15": 1.0721533360299861e-05,
    "epoch16": 1.0701964775129406e-05,
    "epoch17": 1.0689854105643836e-05,
    "epoch18": 1.0675114873735961e-05,
    "epoch19": 1.0653444366016319e-05,
    "epoch20": 1.0640352021282883e-05,
    "epoch21": 1.0634818639286561e-05,
    "epoch22": 1.0620792005539207e-05,
    "epoch23": 1.0609752710058748e-05,
    "epoch24": 1.0600294226228532e-05,
    "epoch25": 1.0591012332827204e-05,
    "epoch26": 1.0583020758279112e-05,
    "epoch27": 1.0575099452319433e-05,
    "epoch28": 1.0572200311954262e-05,
    "epoch29": 1.0559239888199975e-05,
    "epoch30": 1.057406149312558e-05
}