{
    "epoch1": 179.46104387291982,
    "epoch2": 128.17880893847706,
    "epoch3": 120.45608768280383,
    "epoch4": 114.49231751134644,
    "epoch5": 110.15714038073625,
    "epoch6": 106.82897598335855,
    "epoch7": 104.27602590771558,
    "epoch8": 102.29629979828543,
    "epoch9": 100.60910709783157,
    "epoch10": 99.40373644730207,
    "epoch11": 97.9821845057993,
    "epoch12": 96.88294251134644,
    "epoch13": 96.19281076651538,
    "epoch14": 95.27739693645991,
    "epoch15": 94.6254491301059,
    "epoch16": 93.71596854513363,
    "epoch17": 92.94092757186081,
    "epoch18": 92.50071703227434,
    "epoch19": 91.84021211548159,
    "epoch20": 91.2402688477055,
    "epoch21": 90.88635432425617,
    "epoch22": 90.59880862329803,
    "epoch23": 90.08687121785174,
    "epoch24": 89.69719175491679,
    "epoch25": 89.35543526222895,
    "epoch26": 88.97155509329299,
    "epoch27": 88.75150497982854,
    "epoch28": 88.37522062531518,
    "epoch29": 88.16223052193646,
    "epoch30": 87.85355206757438
}