{
    "epoch1": 97.44949776785714,
    "epoch2": 69.22745355702764,
    "epoch3": 61.15061563940092,
    "epoch4": 55.71107700892857,
    "epoch5": 50.813697076612904,
    "epoch6": 47.564268613191246,
    "epoch7": 44.87162028369816,
    "epoch8": 42.49266453052996,
    "epoch9": 40.31207247263825,
    "epoch10": 38.0223394297235,
    "epoch11": 35.795653171802996,
    "epoch12": 34.02932837701613,
    "epoch13": 32.52481683827765,
    "epoch14": 31.54488812283986,
    "epoch15": 30.382859753024192,
    "epoch16": 29.366978236607142,
    "epoch17": 28.376509846630185,
    "epoch18": 27.517845892137096,
    "epoch19": 26.415133568548388,
    "epoch20": 25.66077953989055,
    "epoch21": 24.790300079205068,
    "epoch22": 24.050601238479263,
    "epoch23": 23.185992403513826,
    "epoch24": 22.87149427563364,
    "epoch25": 22.307059151785715,
    "epoch26": 21.513023833525345,
    "epoch27": 21.279335127448157,
    "epoch28": 20.510127898185484,
    "epoch29": 20.134200838853687,
    "epoch30": 19.58053715437788
}