{
    "epoch1": 133.89847237723214,
    "epoch2": 58.639552525111604,
    "epoch3": 56.278956821986604,
    "epoch4": 54.59596906389509,
    "epoch5": 53.279405866350444,
    "epoch6": 51.712288992745535,
    "epoch7": 49.90598406110491,
    "epoch8": 48.286891392299104,
    "epoch9": 45.841134207589285,
    "epoch10": 43.73380388532366,
    "epoch11": 41.829502650669646,
    "epoch12": 40.584132603236604,
    "epoch13": 39.27545166015625,
    "epoch14": 38.040453229631694,
    "epoch15": 37.74951171875,
    "epoch16": 37.37878853934152,
    "epoch17": 36.990260532924104,
    "epoch18": 36.210152762276785,
    "epoch19": 35.959603445870535,
    "epoch20": 36.11950247628348,
    "epoch21": 36.05989946637835,
    "epoch22": 35.553192138671875,
    "epoch23": 35.119371686662944,
    "epoch24": 35.175816127232146,
    "epoch25": 34.79457092285156,
    "epoch26": 34.642748151506694,
    "epoch27": 34.413417271205354,
    "epoch28": 34.65763854980469,
    "epoch29": 34.77534484863281,
    "epoch30": 33.85961478097098,
    "epoch31": 33.98360988071987,
    "epoch32": 33.732652936662944,
    "epoch33": 33.45350211007254,
    "epoch34": 33.701974051339285,
    "epoch35": 33.55557468959263,
    "epoch36": 33.57954842703683,
    "epoch37": 33.28822762625558,
    "epoch38": 33.895311628069194,
    "epoch39": 33.358877999441965,
    "epoch40": 33.248522077287944,
    "epoch41": 32.816558837890625,
    "epoch42": 33.215868268694194,
    "epoch43": 32.94934735979353,
    "epoch44": 33.39775085449219,
    "epoch45": 32.90149579729353,
    "epoch46": 33.03517804827009,
    "epoch47": 32.500379289899556,
    "epoch48": 32.91771806989397,
    "epoch49": 32.75048392159598,
    "epoch50": 32.61641802106585,
    "epoch51": 32.37079511369978,
    "epoch52": 33.06756155831473,
    "epoch53": 32.345249720982146,
    "epoch54": 32.661978585379465,
    "epoch55": 32.372950962611604,
    "epoch56": 32.497767857142854,
    "epoch57": 32.34627205984933,
    "epoch58": 32.65123857770647,
    "epoch59": 32.533804757254465,
    "epoch60": 32.19214085170201,
    "epoch61": 32.42254420689174,
    "epoch62": 32.352342878069194,
    "epoch63": 32.310355050223215,
    "epoch64": 32.09357343401228,
    "epoch65": 32.234505789620535,
    "epoch66": 32.08198111397879,
    "epoch67": 31.82698495047433,
    "epoch68": 31.834627423967635,
    "epoch69": 31.895492553710938,
    "epoch70": 31.522757393973215,
    "epoch71": 31.602532523018972,
    "epoch72": 31.524867466517858,
    "epoch73": 31.709221976143972,
    "epoch74": 31.497063773018972,
    "epoch75": 31.307244437081472,
    "epoch76": 31.186080932617188,
    "epoch77": 31.61350577218192,
    "epoch78": 31.491359165736608,
    "epoch79": 31.758837018694198,
    "epoch80": 31.934208461216517,
    "epoch81": 30.937369210379465,
    "epoch82": 31.350699288504465,
    "epoch83": 31.475943429129465,
    "epoch84": 31.309749058314733,
    "epoch85": 30.972510201590403,
    "epoch86": 31.031117030552455,
    "epoch87": 31.39841570172991,
    "epoch88": 31.128086635044642,
    "epoch89": 30.495753696986608,
    "epoch90": 30.76074000767299,
    "epoch91": 30.687127249581472,
    "epoch92": 30.665736607142858,
    "epoch93": 30.600860595703125,
    "epoch94": 30.717435564313615,
    "epoch95": 30.585460117885045,
    "epoch96": 30.2125244140625,
    "epoch97": 30.449652535574778,
    "epoch98": 30.40272957938058,
    "epoch99": 31.306326729910715,
    "epoch100": 31.07690211704799
}