{
    "epoch1": 52.71043904622396,
    "epoch2": 48.74156019422743,
    "epoch3": 44.387725830078125,
    "epoch4": 38.93910386827257,
    "epoch5": 34.71459621853299,
    "epoch6": 32.85005357530382,
    "epoch7": 32.89415147569444,
    "epoch8": 32.59850735134549,
    "epoch9": 32.287129720052086,
    "epoch10": 32.77449205186632,
    "epoch11": 32.105733235677086,
    "epoch12": 31.830763075086807,
    "epoch13": 31.724917941623264,
    "epoch14": 32.90814548068576,
    "epoch15": 31.00796169704861,
    "epoch16": 32.227566189236114,
    "epoch17": 30.7467041015625,
    "epoch18": 31.561303032769096,
    "epoch19": 30.328067355685764,
    "epoch20": 31.5867919921875,
    "epoch21": 30.160888671875,
    "epoch22": 31.498609754774307,
    "epoch23": 30.07760281032986,
    "epoch24": 30.786692301432293,
    "epoch25": 30.57109917534722,
    "epoch26": 30.00497775607639,
    "epoch27": 29.373959011501736,
    "epoch28": 29.483812120225693,
    "epoch29": 29.51333957248264,
    "epoch30": 29.32739935980903,
    "epoch31": 28.77911376953125,
    "epoch32": 29.07113308376736,
    "epoch33": 28.659400092230904,
    "epoch34": 28.49493408203125,
    "epoch35": 28.809773763020832,
    "epoch36": 29.695142957899307,
    "epoch37": 28.34746636284722,
    "epoch38": 29.093102349175346,
    "epoch39": 28.6634521484375,
    "epoch40": 28.305550469292534,
    "epoch41": 29.347761366102432,
    "epoch42": 28.962361653645832,
    "epoch43": 27.48019578721788,
    "epoch44": 27.575917561848957,
    "epoch45": 27.90570068359375,
    "epoch46": 27.876993815104168,
    "epoch47": 27.434494018554688,
    "epoch48": 27.469790988498264,
    "epoch49": 27.387227376302082,
    "epoch50": 27.569441053602432,
    "epoch51": 29.738210042317707,
    "epoch52": 28.119584825303818,
    "epoch53": 28.531962076822918,
    "epoch54": 27.716901991102432,
    "epoch55": 26.71433342827691,
    "epoch56": 26.52426486545139,
    "epoch57": 27.384775797526043,
    "epoch58": 27.38027615017361,
    "epoch59": 26.795745849609375,
    "epoch60": 26.964396158854168,
    "epoch61": 26.526870727539062,
    "epoch62": 27.042805989583332,
    "epoch63": 26.26630147298177,
    "epoch64": 27.135060628255207,
    "epoch65": 26.482160780164932,
    "epoch66": 26.642703586154514,
    "epoch67": 26.015877617730034,
    "epoch68": 26.629621717664932,
    "epoch69": 27.95608690049913,
    "epoch70": 25.716722276475693,
    "epoch71": 25.93227979871962,
    "epoch72": 25.884762234157986,
    "epoch73": 28.33251953125,
    "epoch74": 28.774478488498264,
    "epoch75": 25.850882636176216,
    "epoch76": 26.85153028700087,
    "epoch77": 26.057328965928818,
    "epoch78": 25.730100843641495,
    "epoch79": 26.001556396484375,
    "epoch80": 28.8929443359375,
    "epoch81": 27.065526326497395,
    "epoch82": 25.44085693359375,
    "epoch83": 25.44126213921441,
    "epoch84": 26.145028008355034,
    "epoch85": 26.125935872395832,
    "epoch86": 25.416576809353298,
    "epoch87": 25.332290649414062,
    "epoch88": 26.17639668782552,
    "epoch89": 25.30965338812934,
    "epoch90": 27.611950344509548,
    "epoch91": 28.407063802083332,
    "epoch92": 26.78960673014323,
    "epoch93": 26.333226521809895,
    "epoch94": 25.72918701171875,
    "epoch95": 25.588299221462673,
    "epoch96": 26.24435255262587,
    "epoch97": 25.199825710720486,
    "epoch98": 25.54007127549913,
    "epoch99": 25.91840108235677,
    "epoch100": 26.154001871744793
}