{
    "epoch1": 0.06957068108022213,
    "epoch2": 0.06178090659280618,
    "epoch3": 0.05509050749242306,
    "epoch4": 0.049441500256458916,
    "epoch5": 0.044782482708493866,
    "epoch6": 0.041035617080827556,
    "epoch7": 0.03830691613256931,
    "epoch8": 0.03616020083427429,
    "epoch9": 0.03452690628667673,
    "epoch10": 0.03336691918472449,
    "epoch11": 0.03240715495000283,
    "epoch12": 0.031601824797689915,
    "epoch13": 0.030839678831398487,
    "epoch14": 0.030076138985653717,
    "epoch15": 0.02933009434491396,
    "epoch16": 0.028561270485321682,
    "epoch17": 0.027736711005369823,
    "epoch18": 0.026923065694669884,
    "epoch19": 0.026105810577670734,
    "epoch20": 0.025283824031551678,
    "epoch21": 0.024467740828792255,
    "epoch22": 0.02366831215719382,
    "epoch23": 0.022866307757794857,
    "epoch24": 0.02206019250055154,
    "epoch25": 0.021278222401936848,
    "epoch26": 0.020487545213351648,
    "epoch27": 0.019700409689297278,
    "epoch28": 0.018925859903295834,
    "epoch29": 0.018155382790913183,
    "epoch30": 0.017466734784344833
}