{
    "epoch1": 122.75753784179688,
    "epoch2": 108.03050740559895,
    "epoch3": 98.49680582682292,
    "epoch4": 92.15749104817708,
    "epoch5": 87.98122151692708,
    "epoch6": 85.01697285970052,
    "epoch7": 83.22917175292969,
    "epoch8": 82.19139607747395,
    "epoch9": 81.54251607259114,
    "epoch10": 81.22805786132812,
    "epoch11": 80.95421346028645,
    "epoch12": 80.67421468098958,
    "epoch13": 80.38272094726562,
    "epoch14": 80.05951436360677,
    "epoch15": 79.6361083984375,
    "epoch16": 79.15184529622395,
    "epoch17": 78.47543334960938,
    "epoch18": 77.91973876953125,
    "epoch19": 77.1930440266927,
    "epoch20": 76.6697998046875,
    "epoch21": 75.80751546223958,
    "epoch22": 75.0135498046875,
    "epoch23": 74.41300455729167,
    "epoch24": 73.43475341796875,
    "epoch25": 72.71120707194011,
    "epoch26": 71.50609334309895,
    "epoch27": 70.47025553385417,
    "epoch28": 68.73329671223958,
    "epoch29": 68.06441243489583,
    "epoch30": 66.31714884440105
}