{
    "epoch1": 0.00044079353101551534,
    "epoch2": 0.00040541873197071256,
    "epoch3": 0.0003757329770208647,
    "epoch4": 0.00035129053848019493,
    "epoch5": 0.00033122018716918924,
    "epoch6": 0.0003154630008308838,
    "epoch7": 0.0003029469090203444,
    "epoch8": 0.0002932987681318385,
    "epoch9": 0.00028609768089760715,
    "epoch10": 0.000280732928076759,
    "epoch11": 0.00027687561290804294,
    "epoch12": 0.00027406587760197,
    "epoch13": 0.00027212681636835137,
    "epoch14": 0.0002707408670297203,
    "epoch15": 0.00026980740648771946,
    "epoch16": 0.00026915439501559984,
    "epoch17": 0.0002687493842677213,
    "epoch18": 0.0002683954043216848,
    "epoch19": 0.00026808888622326777,
    "epoch20": 0.00026786312203815516,
    "epoch21": 0.0002676488708433074,
    "epoch22": 0.00026744673610664907,
    "epoch23": 0.000267285464797169,
    "epoch24": 0.00026712269585307997,
    "epoch25": 0.000266957920199881,
    "epoch26": 0.00026680854314084474,
    "epoch27": 0.00026664556591034244,
    "epoch28": 0.00026649642105136686,
    "epoch29": 0.0002663444522962285,
    "epoch30": 0.00026619455068915463
}