{
    "epoch1": 2005.8697916666667,
    "epoch2": 1955.104375,
    "epoch3": 1904.539375,
    "epoch4": 1852.5120833333333,
    "epoch5": 1798.2727083333334,
    "epoch6": 1747.4435416666668,
    "epoch7": 1695.7663541666666,
    "epoch8": 1647.1094791666667,
    "epoch9": 1599.4886458333333,
    "epoch10": 1556.0951041666667,
    "epoch11": 1513.1057291666666,
    "epoch12": 1477.2715625,
    "epoch13": 1446.28375,
    "epoch14": 1418.74375,
    "epoch15": 1394.2057291666667,
    "epoch16": 1374.0872916666667,
    "epoch17": 1361.9252083333333,
    "epoch18": 1351.3367708333333,
    "epoch19": 1340.5383333333334,
    "epoch20": 1335.3333333333333,
    "epoch21": 1331.7566666666667,
    "epoch22": 1322.308125,
    "epoch23": 1317.5534375,
    "epoch24": 1315.6732291666667,
    "epoch25": 1315.7920833333333,
    "epoch26": 1313.2416666666666,
    "epoch27": 1313.1210416666668,
    "epoch28": 1309.9092708333333,
    "epoch29": 1310.6733333333334,
    "epoch30": 1306.03
}