{
    "epoch1": 0.046305224485695365,
    "epoch2": 0.034324773214757444,
    "epoch3": 0.0315671406686306,
    "epoch4": 0.028793589025735856,
    "epoch5": 0.025780108571052552,
    "epoch6": 0.02301910240203142,
    "epoch7": 0.020347905345261097,
    "epoch8": 0.018163534440100194,
    "epoch9": 0.016349497623741625,
    "epoch10": 0.014965384174138308,
    "epoch11": 0.013783452659845352,
    "epoch12": 0.012848143000155687,
    "epoch13": 0.012139112316071987,
    "epoch14": 0.01164614548906684,
    "epoch15": 0.011298430804163217,
    "epoch16": 0.011018789000809192,
    "epoch17": 0.010575135890394449,
    "epoch18": 0.010368648730218411,
    "epoch19": 0.01028149714693427,
    "epoch20": 0.010060785710811615,
    "epoch21": 0.009846244007349014,
    "epoch22": 0.009860129142180086,
    "epoch23": 0.009621133329346776,
    "epoch24": 0.009414354478940368,
    "epoch25": 0.009315029345452785,
    "epoch26": 0.009226586250588299,
    "epoch27": 0.009158149687573313,
    "epoch28": 0.009039402799680829,
    "epoch29": 0.008933442505076527,
    "epoch30": 0.009066902473568917,
    "epoch31": 0.008810436585918069,
    "epoch32": 0.008717678720131516,
    "epoch33": 0.008760119043290614,
    "epoch34": 0.008595528872683644,
    "epoch35": 0.008568254439160228,
    "epoch36": 0.008513112273067235,
    "epoch37": 0.008426396828144788,
    "epoch38": 0.008417274337261915,
    "epoch39": 0.008347355108708144,
    "epoch40": 0.00825882120989263,
    "epoch41": 0.008228999469429255,
    "epoch42": 0.008195140957832336,
    "epoch43": 0.008146161027252675,
    "epoch44": 0.008122775796800851,
    "epoch45": 0.008037662412971259,
    "epoch46": 0.008080274239182473,
    "epoch47": 0.008026876673102378,
    "epoch48": 0.00798960537649691,
    "epoch49": 0.008022818993777037,
    "epoch50": 0.007908928487449885,
    "epoch51": 0.007878944324329496,
    "epoch52": 0.007883388036862015,
    "epoch53": 0.007860978180542589,
    "epoch54": 0.007808586535975337,
    "epoch55": 0.007879823446273804,
    "epoch56": 0.007758791279047728,
    "epoch57": 0.00782452877610922,
    "epoch58": 0.0077174835372716185,
    "epoch59": 0.007718357862904668,
    "epoch60": 0.007721214229241014,
    "epoch61": 0.007654598262161016,
    "epoch62": 0.0076633333694189785,
    "epoch63": 0.00765009056776762,
    "epoch64": 0.007628136128187179,
    "epoch65": 0.00761974104680121,
    "epoch66": 0.007626954792067408,
    "epoch67": 0.007621950330212712,
    "epoch68": 0.007549193315207958,
    "epoch69": 0.007630298193544149,
    "epoch70": 0.007539470633491874,
    "epoch71": 0.007524415850639343,
    "epoch72": 0.007563715660944581,
    "epoch73": 0.007576495781540871,
    "epoch74": 0.00748603786341846,
    "epoch75": 0.0075247431173920635,
    "epoch76": 0.007502003852277994,
    "epoch77": 0.007525542750954628,
    "epoch78": 0.007440719148144126,
    "epoch79": 0.00742450375109911,
    "epoch80": 0.007424220675602555,
    "epoch81": 0.007461564289405942,
    "epoch82": 0.007537051662802696,
    "epoch83": 0.0074075504671782255,
    "epoch84": 0.007456300593912601,
    "epoch85": 0.00741625614464283,
    "epoch86": 0.007379767391830683,
    "epoch87": 0.007382631069049239,
    "epoch88": 0.007430098997429013,
    "epoch89": 0.00738841975107789,
    "epoch90": 0.007450703158974647,
    "epoch91": 0.007386319572106004,
    "epoch92": 0.0074308508541435,
    "epoch93": 0.007398723065853119,
    "epoch94": 0.007319738157093525,
    "epoch95": 0.007443958101794124,
    "epoch96": 0.007330445060506463,
    "epoch97": 0.0073356410022825,
    "epoch98": 0.007311507966369391,
    "epoch99": 0.007334051374346018,
    "epoch100": 0.00738008450716734
}