{
    "epoch1": 69.91293630292338,
    "epoch2": 57.50431183845766,
    "epoch3": 53.685286983366936,
    "epoch4": 47.84704196068548,
    "epoch5": 43.5860595703125,
    "epoch6": 39.073502079133064,
    "epoch7": 36.058455928679436,
    "epoch8": 32.60166685042843,
    "epoch9": 30.681370888986894,
    "epoch10": 28.975784793976814,
    "epoch11": 28.28631394909274,
    "epoch12": 26.751551474294356,
    "epoch13": 25.998009466355846,
    "epoch14": 24.0440673828125,
    "epoch15": 23.786528556577622,
    "epoch16": 23.878707393523186,
    "epoch17": 23.493229035408266,
    "epoch18": 21.558597687752016,
    "epoch19": 20.676810972152218,
    "epoch20": 20.40325730846774,
    "epoch21": 21.185131442162298,
    "epoch22": 19.81601838142641,
    "epoch23": 21.905466387348792,
    "epoch24": 19.096665905367942,
    "epoch25": 18.48681640625,
    "epoch26": 17.830712103074596,
    "epoch27": 16.348311885710686,
    "epoch28": 16.615346600932458,
    "epoch29": 16.442488147366433,
    "epoch30": 15.751439248361896
}