{
    "epoch1": 43.434390625,
    "epoch2": 32.2603203125,
    "epoch3": 30.37118359375,
    "epoch4": 29.262212890625,
    "epoch5": 28.175556640625,
    "epoch6": 27.429712890625,
    "epoch7": 26.890666015625,
    "epoch8": 26.233228515625,
    "epoch9": 25.6279921875,
    "epoch10": 25.227484375,
    "epoch11": 25.077576171875,
    "epoch12": 24.9735,
    "epoch13": 25.61837890625,
    "epoch14": 24.901568359375,
    "epoch15": 24.67128125,
    "epoch16": 24.892638671875,
    "epoch17": 24.588134765625,
    "epoch18": 24.266654296875,
    "epoch19": 24.074287109375,
    "epoch20": 24.282908203125,
    "epoch21": 23.96676171875,
    "epoch22": 24.2018203125,
    "epoch23": 24.033455078125,
    "epoch24": 23.8374765625,
    "epoch25": 23.626830078125,
    "epoch26": 23.929673828125,
    "epoch27": 23.50722265625,
    "epoch28": 23.482119140625,
    "epoch29": 23.4344765625,
    "epoch30": 23.505169921875,
    "epoch31": 23.5805546875,
    "epoch32": 23.2231953125,
    "epoch33": 23.196703125,
    "epoch34": 23.282677734375,
    "epoch35": 22.822638671875,
    "epoch36": 22.856921875,
    "epoch37": 23.229671875,
    "epoch38": 22.88616015625,
    "epoch39": 23.017474609375,
    "epoch40": 22.753703125,
    "epoch41": 22.68894140625,
    "epoch42": 22.622142578125,
    "epoch43": 22.6958984375,
    "epoch44": 22.571818359375,
    "epoch45": 22.538740234375,
    "epoch46": 22.338078125,
    "epoch47": 22.337263671875,
    "epoch48": 22.286890625,
    "epoch49": 22.115427734375,
    "epoch50": 22.11833203125,
    "epoch51": 21.997294921875,
    "epoch52": 21.916833984375,
    "epoch53": 21.796490234375,
    "epoch54": 21.842203125,
    "epoch55": 22.09712109375,
    "epoch56": 22.078732421875,
    "epoch57": 21.639302734375,
    "epoch58": 21.464265625,
    "epoch59": 21.471310546875,
    "epoch60": 21.486427734375,
    "epoch61": 21.66495703125,
    "epoch62": 21.161328125,
    "epoch63": 21.64209375,
    "epoch64": 21.457279296875,
    "epoch65": 21.096,
    "epoch66": 20.838333984375,
    "epoch67": 21.0001640625,
    "epoch68": 21.08167578125,
    "epoch69": 20.95778515625,
    "epoch70": 20.629669921875,
    "epoch71": 21.002033203125,
    "epoch72": 21.5018828125,
    "epoch73": 20.617748046875,
    "epoch74": 20.681763671875,
    "epoch75": 21.01596484375,
    "epoch76": 20.6372578125,
    "epoch77": 20.44931640625,
    "epoch78": 20.379509765625,
    "epoch79": 20.24713671875,
    "epoch80": 20.3561640625,
    "epoch81": 20.55912890625,
    "epoch82": 20.209505859375,
    "epoch83": 20.890681640625,
    "epoch84": 20.64173046875,
    "epoch85": 20.071822265625,
    "epoch86": 20.000841796875,
    "epoch87": 20.35332421875,
    "epoch88": 19.9131171875,
    "epoch89": 19.964240234375,
    "epoch90": 20.211287109375,
    "epoch91": 20.02740234375,
    "epoch92": 19.828322265625,
    "epoch93": 20.18965625,
    "epoch94": 19.979828125,
    "epoch95": 20.22386328125,
    "epoch96": 20.435826171875,
    "epoch97": 19.79171875,
    "epoch98": 19.905693359375,
    "epoch99": 20.201328125,
    "epoch100": 19.47723046875
}