{
    "epoch1": 7.18921001146858e-05,
    "epoch2": 1.7461126313719434e-05,
    "epoch3": 6.794695879458838e-06,
    "epoch4": 6.135852048222053e-06,
    "epoch5": 5.9394709051048265e-06,
    "epoch6": 5.750828157943033e-06,
    "epoch7": 5.555808563864654e-06,
    "epoch8": 5.399012002271774e-06,
    "epoch9": 5.263996138182847e-06,
    "epoch10": 5.150567890268576e-06,
    "epoch11": 5.064022856307323e-06,
    "epoch12": 4.9847289440852664e-06,
    "epoch13": 4.931856109730386e-06,
    "epoch14": 4.886412139664268e-06,
    "epoch15": 4.858608875110803e-06,
    "epoch16": 4.817841049771232e-06,
    "epoch17": 4.790122302741414e-06,
    "epoch18": 4.767330093424486e-06,
    "epoch19": 4.762645554061843e-06,
    "epoch20": 4.709808250784893e-06,
    "epoch21": 4.703570938090707e-06,
    "epoch22": 4.692422599418933e-06,
    "epoch23": 4.687275980662283e-06,
    "epoch24": 4.682019096435397e-06,
    "epoch25": 4.6386551208949335e-06,
    "epoch26": 4.634832258943789e-06,
    "epoch27": 4.640910783867488e-06,
    "epoch28": 4.605477674734478e-06,
    "epoch29": 4.613105087476773e-06,
    "epoch30": 4.588734640947223e-06
}