{
    "epoch1": 200.0,
    "epoch2": 199.30222916666668,
    "epoch3": 171.87107291666666,
    "epoch4": 135.38252083333333,
    "epoch5": 125.10009375,
    "epoch6": 122.67236458333333,
    "epoch7": 119.82492708333334,
    "epoch8": 117.19533333333334,
    "epoch9": 114.55072916666667,
    "epoch10": 112.21498958333333,
    "epoch11": 110.28932291666666,
    "epoch12": 108.60442708333333,
    "epoch13": 107.41346875,
    "epoch14": 106.38539583333333,
    "epoch15": 105.46105208333333,
    "epoch16": 104.49897916666667,
    "epoch17": 104.15975,
    "epoch18": 103.03679166666667,
    "epoch19": 102.64645833333333,
    "epoch20": 101.69911458333333,
    "epoch21": 101.7435625,
    "epoch22": 101.19298958333333,
    "epoch23": 100.55727083333333,
    "epoch24": 100.24335416666666,
    "epoch25": 99.75294791666667,
    "epoch26": 99.6671875,
    "epoch27": 99.40895833333333,
    "epoch28": 98.84080208333333,
    "epoch29": 98.81898958333333,
    "epoch30": 98.28363541666667
}