{
    "epoch1": 0.019862427059164706,
    "epoch2": 0.017960522343662192,
    "epoch3": 0.016279223097607175,
    "epoch4": 0.015490317241625582,
    "epoch5": 0.01524491457546011,
    "epoch6": 0.01547060200468974,
    "epoch7": 0.014744157575942735,
    "epoch8": 0.013647496789456048,
    "epoch9": 0.013959304964605799,
    "epoch10": 0.013347881360653234,
    "epoch11": 0.013117459315331058,
    "epoch12": 0.013060765489539567,
    "epoch13": 0.013012921606051796,
    "epoch14": 0.012903392622049184,
    "epoch15": 0.012740934010040252,
    "epoch16": 0.012713981891407612,
    "epoch17": 0.013270890895039477,
    "epoch18": 0.012703210402755662,
    "epoch19": 0.013427867227174501,
    "epoch20": 0.012534434421661687,
    "epoch21": 0.0124920762560152,
    "epoch22": 0.012341484774221131,
    "epoch23": 0.01244810855689835,
    "epoch24": 0.01263254800652887,
    "epoch25": 0.012144041366558125,
    "epoch26": 0.012257041330350207,
    "epoch27": 0.01446892956192506,
    "epoch28": 0.01213861080481017,
    "epoch29": 0.013014353524417953,
    "epoch30": 0.012288749455771547,
    "epoch31": 0.012065744116664567,
    "epoch32": 0.011995378297139356,
    "epoch33": 0.01204915766782583,
    "epoch34": 0.012064812041105741,
    "epoch35": 0.012734849531044985,
    "epoch36": 0.011957126402078157,
    "epoch37": 0.012024245096093162,
    "epoch38": 0.012635904136411052,
    "epoch39": 0.012116771003112514,
    "epoch40": 0.011767361640058299,
    "epoch41": 0.011822509093883824,
    "epoch42": 0.011646758111074884,
    "epoch43": 0.012158205098611242,
    "epoch44": 0.012278489956751149,
    "epoch45": 0.011669790441606273,
    "epoch46": 0.01170966539413054,
    "epoch47": 0.012214040839450156,
    "epoch48": 0.01172010959225132,
    "epoch49": 0.011598666614674508,
    "epoch50": 0.011396678352847378,
    "epoch51": 0.011575012091309466,
    "epoch52": 0.011315053150533362,
    "epoch53": 0.013351999896954982,
    "epoch54": 0.011456592870440254,
    "epoch55": 0.011923771163329799,
    "epoch56": 0.011401707871242407,
    "epoch57": 0.011424332371655297,
    "epoch58": 0.011241890787285692,
    "epoch59": 0.011225725752004284,
    "epoch60": 0.0116405417805815,
    "epoch61": 0.011681087879820707,
    "epoch62": 0.011361029266597742,
    "epoch63": 0.011987949860222797,
    "epoch64": 0.012020605953132852,
    "epoch65": 0.011816655473902505,
    "epoch66": 0.011299604391481014,
    "epoch67": 0.011522333712336864,
    "epoch68": 0.011187428341029173,
    "epoch69": 0.01176634763783597,
    "epoch70": 0.011790841134225434,
    "epoch71": 0.011791994388988043,
    "epoch72": 0.011204882059246302,
    "epoch73": 0.01124757585769638,
    "epoch74": 0.011195517333343308,
    "epoch75": 0.01112943235784769,
    "epoch76": 0.011026961253361499,
    "epoch77": 0.01169844150067644,
    "epoch78": 0.010930632389685575,
    "epoch79": 0.011020952211494775,
    "epoch80": 0.010939225465297065,
    "epoch81": 0.011848777106546976,
    "epoch82": 0.011018657591193914,
    "epoch83": 0.011325737649693768,
    "epoch84": 0.01104893522495602,
    "epoch85": 0.011068596940566885,
    "epoch86": 0.01116814478201435,
    "epoch87": 0.011393678017911758,
    "epoch88": 0.010885323992276446,
    "epoch89": 0.011164607737768204,
    "epoch90": 0.010824739001691341,
    "epoch91": 0.011174150950651853,
    "epoch92": 0.011082140431600683,
    "epoch93": 0.012759857880387535,
    "epoch94": 0.011023534828440306,
    "epoch95": 0.011056468108708554,
    "epoch96": 0.010808987889755914,
    "epoch97": 0.011532683123616463,
    "epoch98": 0.01084321504458785,
    "epoch99": 0.01086926428561515,
    "epoch100": 0.011267267375629633
}