{
    "epoch1": 30.53222915974069,
    "epoch2": 29.927921376329788,
    "epoch3": 27.31253376412899,
    "epoch4": 26.712223134142288,
    "epoch5": 25.379667241522608,
    "epoch6": 27.949852476728722,
    "epoch7": 24.560466360538562,
    "epoch8": 24.49455878075133,
    "epoch9": 25.764393907912233,
    "epoch10": 24.198288937832448,
    "epoch11": 23.63182035405585,
    "epoch12": 24.437159761469413,
    "epoch13": 23.855125914228722,
    "epoch14": 23.56719061668883,
    "epoch15": 23.30677568151596,
    "epoch16": 23.040498774102392,
    "epoch17": 24.81628158244681,
    "epoch18": 24.03778725482048,
    "epoch19": 25.02026107463431,
    "epoch20": 22.61467337101064,
    "epoch21": 23.4261786278258,
    "epoch22": 22.9104315575133,
    "epoch23": 22.915116979720743,
    "epoch24": 24.40169963430851,
    "epoch25": 22.55423298287899,
    "epoch26": 22.371784616023938,
    "epoch27": 27.278564453125,
    "epoch28": 22.246366460272608,
    "epoch29": 23.909922498337767,
    "epoch30": 22.352811772772608,
    "epoch31": 22.25604897357048,
    "epoch32": 22.55453166555851,
    "epoch33": 22.615120096409573,
    "epoch34": 22.62993735455452,
    "epoch35": 23.93953623670213,
    "epoch36": 22.23875394780585,
    "epoch37": 22.275715280086438,
    "epoch38": 23.577815928357712,
    "epoch39": 23.058339220412233,
    "epoch40": 22.07652250249335,
    "epoch41": 21.95949343417553,
    "epoch42": 21.502573865525267,
    "epoch43": 22.249381856715427,
    "epoch44": 22.672635991522608,
    "epoch45": 21.786775629571142,
    "epoch46": 21.424702096492688,
    "epoch47": 21.943104845412233,
    "epoch48": 21.883326753656913,
    "epoch49": 21.663498898769948,
    "epoch50": 20.90638765375665,
    "epoch51": 22.078758726728722,
    "epoch52": 21.24849879488032,
    "epoch53": 22.88883030668218,
    "epoch54": 21.15093344830452,
    "epoch55": 21.75611650182846,
    "epoch56": 21.131681401678858,
    "epoch57": 20.82247340425532,
    "epoch58": 20.957951971825132,
    "epoch59": 20.97078883394282,
    "epoch60": 21.75476983252992,
    "epoch61": 20.62849199010971,
    "epoch62": 20.64418581698803,
    "epoch63": 22.098575673204788,
    "epoch64": 22.971879675033243,
    "epoch65": 21.53792750581782,
    "epoch66": 20.77696585147939,
    "epoch67": 21.53616657662899,
    "epoch68": 20.341983876329788,
    "epoch69": 20.589106133643618,
    "epoch70": 22.35944772273936,
    "epoch71": 22.253163439162233,
    "epoch72": 21.466999459773938,
    "epoch73": 20.24815595910904,
    "epoch74": 20.66059518367686,
    "epoch75": 21.20345095370678,
    "epoch76": 20.53713145154588,
    "epoch77": 20.67423329454787,
    "epoch78": 20.42646432430186,
    "epoch79": 20.34673812541556,
    "epoch80": 20.58107546542553,
    "epoch81": 22.14418581698803,
    "epoch82": 20.130751589511302,
    "epoch83": 20.89014840633311,
    "epoch84": 20.31060791015625,
    "epoch85": 20.509269552027927,
    "epoch86": 20.76239273395944,
    "epoch87": 21.315181651013962,
    "epoch88": 20.13051394198803,
    "epoch89": 20.13031655169548,
    "epoch90": 20.284395258477392,
    "epoch91": 20.44105821974734,
    "epoch92": 20.61977565034907,
    "epoch93": 24.056178316156913,
    "epoch94": 20.03717690325798,
    "epoch95": 20.482295908826462,
    "epoch96": 20.17396577875665,
    "epoch97": 21.37408187541556,
    "epoch98": 19.916568837267288,
    "epoch99": 20.203474328873007,
    "epoch100": 21.241404431931517
}