{
    "epoch1": 80.87175175467914,
    "epoch2": 55.493148395721924,
    "epoch3": 49.0902563084893,
    "epoch4": 44.56797815006684,
    "epoch5": 39.703341723763366,
    "epoch6": 35.58839979528744,
    "epoch7": 32.138737153241976,
    "epoch8": 29.843034550467916,
    "epoch9": 28.038916276737968,
    "epoch10": 26.518061183990643,
    "epoch11": 25.476792279411764,
    "epoch12": 24.464311079545453,
    "epoch13": 23.71838966410428,
    "epoch14": 23.056648458389038,
    "epoch15": 22.0416919075869,
    "epoch16": 21.320898698612968,
    "epoch17": 20.721880744485293,
    "epoch18": 20.408089540858956,
    "epoch19": 19.461630754929814,
    "epoch20": 19.14382624498663,
    "epoch21": 18.444727606951872,
    "epoch22": 18.099591097092247,
    "epoch23": 18.1953125,
    "epoch24": 17.195638891209892,
    "epoch25": 16.714428580381018,
    "epoch26": 16.506559157754012,
    "epoch27": 15.930221476019385,
    "epoch28": 16.514883439171122,
    "epoch29": 15.586306974849599,
    "epoch30": 15.580112069685828
}