{
    "epoch1": 199.94335416666667,
    "epoch2": 190.55108333333334,
    "epoch3": 154.21069791666667,
    "epoch4": 139.04541666666665,
    "epoch5": 135.67340625,
    "epoch6": 132.03651041666666,
    "epoch7": 129.20271875,
    "epoch8": 127.01536458333334,
    "epoch9": 124.25489583333334,
    "epoch10": 121.95875,
    "epoch11": 120.31504166666667,
    "epoch12": 118.90276041666667,
    "epoch13": 117.04079166666666,
    "epoch14": 115.55229166666666,
    "epoch15": 114.39998958333334,
    "epoch16": 113.55246875,
    "epoch17": 112.57723958333334,
    "epoch18": 111.925875,
    "epoch19": 110.99246875,
    "epoch20": 110.8076875,
    "epoch21": 109.30469791666667,
    "epoch22": 109.08557291666666,
    "epoch23": 108.29255208333333,
    "epoch24": 107.6435625,
    "epoch25": 107.10908333333333,
    "epoch26": 107.17005208333333,
    "epoch27": 106.70338541666666,
    "epoch28": 105.91709375,
    "epoch29": 105.64242708333333,
    "epoch30": 105.59330208333333
}