{
    "epoch1": 199.6695270944149,
    "epoch2": 170.62787774268617,
    "epoch3": 141.68678316156914,
    "epoch4": 134.91450922539894,
    "epoch5": 130.34958859707447,
    "epoch6": 127.98081158577128,
    "epoch7": 126.76719373337765,
    "epoch8": 123.4461643949468,
    "epoch9": 120.75419714095744,
    "epoch10": 119.4446995511968,
    "epoch11": 118.17402551529256,
    "epoch12": 114.96555019946808,
    "epoch13": 113.85537524933511,
    "epoch14": 114.65328914561171,
    "epoch15": 113.18075756316489,
    "epoch16": 111.93537026263297,
    "epoch17": 112.34038397606383,
    "epoch18": 110.94451254986703,
    "epoch19": 110.17893949468085,
    "epoch20": 107.94789935172872,
    "epoch21": 108.82119556183511,
    "epoch22": 107.7098986037234,
    "epoch23": 107.08280003324468,
    "epoch24": 107.23735663231383,
    "epoch25": 108.30964303523936,
    "epoch26": 106.16118475731383,
    "epoch27": 105.11418508976064,
    "epoch28": 105.48926820146276,
    "epoch29": 106.60213389295212,
    "epoch30": 104.77055975731383
}