{
    "epoch1": 0.7568922680094838,
    "epoch2": 0.8950111948058009,
    "epoch3": 0.9217205986008048,
    "epoch4": 0.9376434549808502,
    "epoch5": 0.9492802404984831,
    "epoch6": 0.9558052400618792,
    "epoch7": 0.9617338112965226,
    "epoch8": 0.966270834928751,
    "epoch9": 0.970690239584446,
    "epoch10": 0.9740165488988161,
    "epoch11": 0.9756101202636958,
    "epoch12": 0.9798076200425625,
    "epoch13": 0.9808582152366638,
    "epoch14": 0.9827492865741253,
    "epoch15": 0.985047619843483,
    "epoch16": 0.9863400005936622,
    "epoch17": 0.9877069054305554,
    "epoch18": 0.9882823815703392,
    "epoch19": 0.9893376195341349,
    "epoch20": 0.9904700005114079,
    "epoch21": 0.9907275004267693,
    "epoch22": 0.9924457146823407,
    "epoch23": 0.9928033336520194,
    "epoch24": 0.9935009527087212,
    "epoch25": 0.9936176193416119,
    "epoch26": 0.9938726194143296,
    "epoch27": 0.9941976193249226,
    "epoch28": 0.9949800002932548,
    "epoch29": 0.9944000002562999,
    "epoch30": 0.9949883336007596,
    "epoch31": 0.995680000257492,
    "epoch32": 0.9962573811173439,
    "epoch33": 0.9966733334839344,
    "epoch34": 0.9965409525454044,
    "epoch35": 0.9966333335280418,
    "epoch36": 0.9967033334851265,
    "epoch37": 0.9970859525263309,
    "epoch38": 0.9966833334803581,
    "epoch39": 0.9975957144320011,
    "epoch40": 0.9972016667962075,
    "epoch41": 0.9976516667604446,
    "epoch42": 0.997513333427906,
    "epoch43": 0.997290000128746,
    "epoch44": 0.9981533334493637,
    "epoch45": 0.9978933334767819,
    "epoch46": 0.9979750001132488,
    "epoch47": 0.9980500000834465,
    "epoch48": 0.9978714286744594,
    "epoch49": 0.9981783334076405,
    "epoch50": 0.9982016667306424
}