{
    "epoch1": 0.05565105300200613,
    "epoch2": 0.046656477608178794,
    "epoch3": 0.03765627094789555,
    "epoch4": 0.029322938748488302,
    "epoch5": 0.02527592777225532,
    "epoch6": 0.024256959312448378,
    "epoch7": 0.0229610321357062,
    "epoch8": 0.022307788021862507,
    "epoch9": 0.021834303330826133,
    "epoch10": 0.02147447067852083,
    "epoch11": 0.021364811856887843,
    "epoch12": 0.02080009632596844,
    "epoch13": 0.020519017021318798,
    "epoch14": 0.020209880692786293,
    "epoch15": 0.02015425549133828,
    "epoch16": 0.01975795663403053,
    "epoch17": 0.019722999465700827,
    "epoch18": 0.0194025993298151,
    "epoch19": 0.019255068275685374,
    "epoch20": 0.019156277694396283,
    "epoch21": 0.018999209210864808,
    "epoch22": 0.019122453136859757,
    "epoch23": 0.01874639544832079,
    "epoch24": 0.018804946914315224,
    "epoch25": 0.018544098950530354,
    "epoch26": 0.018478719885215947,
    "epoch27": 0.018835938511122214,
    "epoch28": 0.018267229983681126,
    "epoch29": 0.018521976191550493,
    "epoch30": 0.018371699721013244,
    "epoch31": 0.01809174589518654,
    "epoch32": 0.018408820792836577,
    "epoch33": 0.018091033703010333,
    "epoch34": 0.017894853813279616,
    "epoch35": 0.017779183990665172,
    "epoch36": 0.017868526574028164,
    "epoch37": 0.017791082592386948,
    "epoch38": 0.017962914474896695,
    "epoch39": 0.017580773240249408,
    "epoch40": 0.0177671962760781,
    "epoch41": 0.01747568299699771,
    "epoch42": 0.017528186895345386,
    "epoch43": 0.01731120559730028,
    "epoch44": 0.017321630871217502,
    "epoch45": 0.017404046130219574,
    "epoch46": 0.01729444590838332,
    "epoch47": 0.017256651637389472,
    "epoch48": 0.017163704860171203,
    "epoch49": 0.017085154736904723,
    "epoch50": 0.01700278611755685,
    "epoch51": 0.017048829112594064,
    "epoch52": 0.016953819039228716,
    "epoch53": 0.016892767854427036,
    "epoch54": 0.0168229836333347,
    "epoch55": 0.016777483844443372,
    "epoch56": 0.016778192164278345,
    "epoch57": 0.016801326118997838,
    "epoch58": 0.017011347864019245,
    "epoch59": 0.016736467564968688,
    "epoch60": 0.016778262797743082,
    "epoch61": 0.016540366984707743,
    "epoch62": 0.016756720497812096,
    "epoch63": 0.016454347850460755,
    "epoch64": 0.01646061763657551,
    "epoch65": 0.0167882121168077,
    "epoch66": 0.01659297438240365,
    "epoch67": 0.01634436086016266,
    "epoch68": 0.016354833092344433,
    "epoch69": 0.016616130198695157,
    "epoch70": 0.01628400250583103,
    "epoch71": 0.016436056380993443,
    "epoch72": 0.01640781002903455,
    "epoch73": 0.016158946226105877,
    "epoch74": 0.016272040721225112,
    "epoch75": 0.01618677779640022,
    "epoch76": 0.016130660317446057,
    "epoch77": 0.01607583485249626,
    "epoch78": 0.01602110286292277,
    "epoch79": 0.01600882016416443,
    "epoch80": 0.015990970680784238,
    "epoch81": 0.015944117827242928,
    "epoch82": 0.015970225372400722,
    "epoch83": 0.0159777745751566,
    "epoch84": 0.015944035135601695,
    "epoch85": 0.015882769967184254,
    "epoch86": 0.015904935812087434,
    "epoch87": 0.0158319614680582,
    "epoch88": 0.015983718888540017,
    "epoch89": 0.015954868402332067,
    "epoch90": 0.01593478864647056,
    "epoch91": 0.016790083658538367,
    "epoch92": 0.01590113280537097,
    "epoch93": 0.01585456047599253,
    "epoch94": 0.01575819829380826,
    "epoch95": 0.015778310817519303,
    "epoch96": 0.015794684424212103,
    "epoch97": 0.01566296046305644,
    "epoch98": 0.0157462455773432,
    "epoch99": 0.0155776330563975,
    "epoch100": 0.015700901981051032
}