{
    "epoch1": 82.298046875,
    "epoch2": 47.0461328125,
    "epoch3": 43.35350911458333,
    "epoch4": 38.70629231770833,
    "epoch5": 34.77770833333334,
    "epoch6": 32.466009114583336,
    "epoch7": 31.563284505208333,
    "epoch8": 30.876591796875,
    "epoch9": 30.325582682291667,
    "epoch10": 29.92548828125,
    "epoch11": 29.834000651041666,
    "epoch12": 29.319876302083333,
    "epoch13": 29.350055338541665,
    "epoch14": 28.910335286458334,
    "epoch15": 28.913743489583332,
    "epoch16": 28.75748046875,
    "epoch17": 28.498170572916667,
    "epoch18": 28.373147786458333,
    "epoch19": 27.979993489583332,
    "epoch20": 27.91560546875,
    "epoch21": 27.77028971354167,
    "epoch22": 27.840983072916668,
    "epoch23": 27.453248697916667,
    "epoch24": 27.198805338541668,
    "epoch25": 27.135670572916666,
    "epoch26": 26.957628580729168,
    "epoch27": 26.971944986979167,
    "epoch28": 26.808108723958334,
    "epoch29": 26.65103515625,
    "epoch30": 26.70033203125,
    "epoch31": 26.483683268229168,
    "epoch32": 26.409666341145833,
    "epoch33": 26.3876611328125,
    "epoch34": 26.216103515625,
    "epoch35": 26.18569498697917,
    "epoch36": 25.9476806640625,
    "epoch37": 25.911007486979166,
    "epoch38": 26.044588216145833,
    "epoch39": 25.7443994140625,
    "epoch40": 25.549894205729167,
    "epoch41": 25.529519856770833,
    "epoch42": 25.645050455729166,
    "epoch43": 25.422171223958333,
    "epoch44": 25.38365234375,
    "epoch45": 25.205738932291666,
    "epoch46": 25.270789388020834,
    "epoch47": 25.234615885416666,
    "epoch48": 24.9302001953125,
    "epoch49": 24.9002099609375,
    "epoch50": 24.926100260416668,
    "epoch51": 24.843912760416668,
    "epoch52": 24.773111979166668,
    "epoch53": 24.827151692708334,
    "epoch54": 24.6540283203125,
    "epoch55": 24.6454736328125,
    "epoch56": 24.69267578125,
    "epoch57": 24.494036458333333,
    "epoch58": 24.575089518229166,
    "epoch59": 24.609881184895833,
    "epoch60": 24.659371744791667,
    "epoch61": 24.302347005208333,
    "epoch62": 24.244471028645833,
    "epoch63": 24.310035807291666,
    "epoch64": 24.148704427083334,
    "epoch65": 24.197019856770833,
    "epoch66": 24.045779622395834,
    "epoch67": 24.100174153645835,
    "epoch68": 23.931228841145835,
    "epoch69": 24.257916666666667,
    "epoch70": 23.908108723958332,
    "epoch71": 23.886575520833333,
    "epoch72": 23.943180338541666,
    "epoch73": 23.878346354166666,
    "epoch74": 23.970265299479166,
    "epoch75": 23.804423828125,
    "epoch76": 23.860642903645832,
    "epoch77": 23.6239404296875,
    "epoch78": 23.620716145833335,
    "epoch79": 23.585743815104166,
    "epoch80": 23.783829752604166,
    "epoch81": 23.448453776041667,
    "epoch82": 23.6753271484375,
    "epoch83": 23.5395751953125,
    "epoch84": 23.777374674479166,
    "epoch85": 23.602537434895833,
    "epoch86": 23.488279622395833,
    "epoch87": 23.29132161458333,
    "epoch88": 23.659638671875,
    "epoch89": 23.717000325520832,
    "epoch90": 23.407345377604166,
    "epoch91": 23.36673828125,
    "epoch92": 23.4819384765625,
    "epoch93": 23.199845377604166,
    "epoch94": 23.373810221354166,
    "epoch95": 23.339225260416665,
    "epoch96": 23.411808268229166,
    "epoch97": 23.305830078125,
    "epoch98": 23.1726416015625,
    "epoch99": 23.491087239583333,
    "epoch100": 23.19236328125
}