{
    "epoch1": 199.98317307692307,
    "epoch2": 199.27253605769232,
    "epoch3": 174.41329251802884,
    "epoch4": 116.93153733473558,
    "epoch5": 85.75203763521634,
    "epoch6": 67.15252216045673,
    "epoch7": 55.50434758112981,
    "epoch8": 48.84679706280048,
    "epoch9": 46.0237802358774,
    "epoch10": 44.74982158954327,
    "epoch11": 44.69076303335336,
    "epoch12": 44.61001821664664,
    "epoch13": 43.73414494441106,
    "epoch14": 43.84114426832933,
    "epoch15": 43.17238206129808,
    "epoch16": 42.78110914963942,
    "epoch17": 42.88798640324519,
    "epoch18": 42.59447303185096,
    "epoch19": 41.50285926231971,
    "epoch20": 41.89372840294471,
    "epoch21": 40.99081186147836,
    "epoch22": 40.50071364182692,
    "epoch23": 39.90539081280048,
    "epoch24": 40.05306302584135,
    "epoch25": 39.67012845552885,
    "epoch26": 39.39468618539664,
    "epoch27": 38.43676288311298,
    "epoch28": 37.98034902719351,
    "epoch29": 37.940845196063705,
    "epoch30": 37.53592388446514,
    "epoch31": 37.199371337890625,
    "epoch32": 36.92441030649039,
    "epoch33": 36.24827458308293,
    "epoch34": 36.7172616811899,
    "epoch35": 36.71443528395433,
    "epoch36": 35.327441875751205,
    "epoch37": 35.28650841346154,
    "epoch38": 35.25031456580529,
    "epoch39": 34.66302020733173,
    "epoch40": 34.52422391451322,
    "epoch41": 33.9849853515625,
    "epoch42": 33.34932767427885,
    "epoch43": 33.085296630859375,
    "epoch44": 33.28704364483173,
    "epoch45": 33.03854135366586,
    "epoch46": 32.33195612980769,
    "epoch47": 32.02152663010817,
    "epoch48": 31.74346454326923,
    "epoch49": 31.50867168719952,
    "epoch50": 30.712432861328125,
    "epoch51": 31.188612717848557,
    "epoch52": 30.633338341346153,
    "epoch53": 30.520176814152645,
    "epoch54": 30.13390878530649,
    "epoch55": 30.21711144080529,
    "epoch56": 30.259134145883415,
    "epoch57": 30.12852360652043,
    "epoch58": 30.050626314603367,
    "epoch59": 29.69801447941707,
    "epoch60": 29.61976036658654,
    "epoch61": 29.67024348332332,
    "epoch62": 29.46318875826322,
    "epoch63": 29.081862229567307,
    "epoch64": 29.431659405048077,
    "epoch65": 29.255042442908653,
    "epoch66": 29.187464787409855,
    "epoch67": 28.8655278132512,
    "epoch68": 28.80464289738582,
    "epoch69": 29.190143291766827,
    "epoch70": 29.034341665414665,
    "epoch71": 28.726219764122597,
    "epoch72": 28.75121366060697,
    "epoch73": 28.586216853215145,
    "epoch74": 28.70825899564303,
    "epoch75": 29.207993727463943,
    "epoch76": 28.233062744140625,
    "epoch77": 28.19676560621995,
    "epoch78": 28.52753624549279,
    "epoch79": 28.31035437950721,
    "epoch80": 28.504112830528847,
    "epoch81": 28.208054762620193,
    "epoch82": 28.07099327674279,
    "epoch83": 28.07325157752404,
    "epoch84": 28.38959209735577,
    "epoch85": 28.401231032151443,
    "epoch86": 28.451951246995193,
    "epoch87": 28.191263052133415,
    "epoch88": 28.568272517277645,
    "epoch89": 28.162747896634617,
    "epoch90": 28.24645057091346,
    "epoch91": 28.52002657376803,
    "epoch92": 28.17443143404447,
    "epoch93": 28.229111891526443,
    "epoch94": 28.201441838191105,
    "epoch95": 27.95770028921274,
    "epoch96": 28.23230215219351,
    "epoch97": 28.205836369441105,
    "epoch98": 28.15297053410457,
    "epoch99": 28.289902907151443,
    "epoch100": 27.75207989032452
}