{
    "epoch1": 0.8835625773151621,
    "epoch2": 0.913601568736355,
    "epoch3": 0.9303639299975374,
    "epoch4": 0.9393671290847307,
    "epoch5": 0.9473205381478101,
    "epoch6": 0.9539042209248809,
    "epoch7": 0.9554146331945579,
    "epoch8": 0.9597580501542666,
    "epoch9": 0.963957210036188,
    "epoch10": 0.9644221169689707,
    "epoch11": 0.9659718070190397,
    "epoch12": 0.9678064401305644,
    "epoch13": 0.9692961421639317,
    "epoch14": 0.9699660081954937,
    "epoch15": 0.9711557702526191,
    "epoch16": 0.9697860440023659,
    "epoch17": 0.9747350540930594,
    "epoch18": 0.971495702228077,
    "epoch19": 0.9730853842058508,
    "epoch20": 0.9735452922862236,
    "epoch21": 0.9730753862507413,
    "epoch22": 0.9727454523019041,
    "epoch23": 0.9744151181350873,
    "epoch24": 0.9743051401640601,
    "epoch25": 0.9726854641779354,
    "epoch26": 0.9753049401087037,
    "epoch27": 0.9744351141525731,
    "epoch28": 0.9731353741601763,
    "epoch29": 0.9717756462225888,
    "epoch30": 0.9756048801207013,
    "epoch31": 0.9750949821217588,
    "epoch32": 0.976344732088319,
    "epoch33": 0.976384724087535,
    "epoch34": 0.9752949422251056,
    "epoch35": 0.9752249561460274,
    "epoch36": 0.9763247361065888,
    "epoch37": 0.9765246961384243,
    "epoch38": 0.9757748461084302,
    "epoch39": 0.978074386116982,
    "epoch40": 0.9758648280619717,
    "epoch41": 0.9744051201799778,
    "epoch42": 0.9765146981475592,
    "epoch43": 0.9762747460807522,
    "epoch44": 0.9761647680739692,
    "epoch45": 0.9768846240956124,
    "epoch46": 0.9746150780596559,
    "epoch47": 0.9780843841436028,
    "epoch48": 0.9769246160590728,
    "epoch49": 0.9770245960034792,
    "epoch50": 0.9778444320767957
}