{
    "epoch1": 46.68578162560096,
    "epoch2": 42.87085899939904,
    "epoch3": 39.366710956280045,
    "epoch4": 35.999866192157455,
    "epoch5": 32.93026968149039,
    "epoch6": 30.204005314753605,
    "epoch7": 30.577596811147835,
    "epoch8": 29.30518282376803,
    "epoch9": 29.403468205378605,
    "epoch10": 30.54461669921875,
    "epoch11": 28.410611666165867,
    "epoch12": 28.28131338266226,
    "epoch13": 27.973853478064903,
    "epoch14": 27.75329120342548,
    "epoch15": 28.09979013296274,
    "epoch16": 27.2205317570613,
    "epoch17": 27.128173828125,
    "epoch18": 26.982802170973557,
    "epoch19": 27.759746844951923,
    "epoch20": 28.76476346529447,
    "epoch21": 27.725665752704327,
    "epoch22": 26.53357168344351,
    "epoch23": 26.483067439152645,
    "epoch24": 27.097935603215145,
    "epoch25": 26.604879525991585,
    "epoch26": 27.72669630784255,
    "epoch27": 27.58129178560697,
    "epoch28": 26.15040001502404,
    "epoch29": 27.2862055851863,
    "epoch30": 27.286463810847355,
    "epoch31": 26.27491877629207,
    "epoch32": 26.664710411658653,
    "epoch33": 25.9170414851262,
    "epoch34": 26.021634615384617,
    "epoch35": 26.1920893742488,
    "epoch36": 25.933812068058895,
    "epoch37": 25.601358266977165,
    "epoch38": 27.1940424992488,
    "epoch39": 25.790452223557693,
    "epoch40": 25.882291353665867,
    "epoch41": 25.590468186598557,
    "epoch42": 26.004310021033653,
    "epoch43": 26.97913067157452,
    "epoch44": 25.524510310246395,
    "epoch45": 26.079986572265625,
    "epoch46": 25.17064255934495,
    "epoch47": 25.49876990685096,
    "epoch48": 25.072279710036057,
    "epoch49": 24.86840585561899,
    "epoch50": 25.70176579402043,
    "epoch51": 24.630946232722355,
    "epoch52": 25.294090857872597,
    "epoch53": 24.9847412109375,
    "epoch54": 24.865203857421875,
    "epoch55": 24.53648259089543,
    "epoch56": 24.9495121882512,
    "epoch57": 24.309591440054085,
    "epoch58": 24.745342548076923,
    "epoch59": 24.676785982572117,
    "epoch60": 24.466219388521633,
    "epoch61": 24.60156015249399,
    "epoch62": 24.520284799429085,
    "epoch63": 25.05047137920673,
    "epoch64": 24.11384699894832,
    "epoch65": 23.970987173227165,
    "epoch66": 24.257220928485577,
    "epoch67": 24.33202655498798,
    "epoch68": 24.07628220778245,
    "epoch69": 23.58696570763221,
    "epoch70": 23.593052790715145,
    "epoch71": 23.85240760216346,
    "epoch72": 24.67370840219351,
    "epoch73": 24.78925264798678,
    "epoch74": 24.17255342923678,
    "epoch75": 24.311199481670673,
    "epoch76": 24.001016470102165,
    "epoch77": 23.32793485201322,
    "epoch78": 23.49199735201322,
    "epoch79": 23.469381479116585,
    "epoch80": 23.45152165339543,
    "epoch81": 23.02538358248197,
    "epoch82": 23.51001915564904,
    "epoch83": 23.2798344538762,
    "epoch84": 23.461580716646633,
    "epoch85": 24.550433819110577,
    "epoch86": 23.004737267127403,
    "epoch87": 22.75939237154447,
    "epoch88": 22.953329233022835,
    "epoch89": 23.513146033653847,
    "epoch90": 24.04566603440505,
    "epoch91": 23.1073491023137,
    "epoch92": 23.931671142578125,
    "epoch93": 22.82238300030048,
    "epoch94": 23.076641376201923,
    "epoch95": 23.181553767277645,
    "epoch96": 23.232637845552883,
    "epoch97": 22.609475942758415,
    "epoch98": 23.717383751502403,
    "epoch99": 22.4740717961238,
    "epoch100": 22.618060772235577
}