{
    "epoch1": 0.0520111620426178,
    "epoch2": 0.04343714245728084,
    "epoch3": 0.034927837550640106,
    "epoch4": 0.028548458724149635,
    "epoch5": 0.02480829054755824,
    "epoch6": 0.022727387491613626,
    "epoch7": 0.02203962253406644,
    "epoch8": 0.021077651463981186,
    "epoch9": 0.020365061637546335,
    "epoch10": 0.019851256694112505,
    "epoch11": 0.019395205857498304,
    "epoch12": 0.01910794905519911,
    "epoch13": 0.018671043749366487,
    "epoch14": 0.018514523947877542,
    "epoch15": 0.01824913247089301,
    "epoch16": 0.017816878456090177,
    "epoch17": 0.017624004411378076,
    "epoch18": 0.01738904815699373,
    "epoch19": 0.016996052315724746,
    "epoch20": 0.01698180421122483,
    "epoch21": 0.016972136816808155,
    "epoch22": 0.016609934424715384,
    "epoch23": 0.016491949824350222,
    "epoch24": 0.016608731288995062,
    "epoch25": 0.016380422482533113,
    "epoch26": 0.016289382640804564,
    "epoch27": 0.016201130181018795,
    "epoch28": 0.016299309940742596,
    "epoch29": 0.016211007123014758,
    "epoch30": 0.015856372990778515,
    "epoch31": 0.01579753715278847,
    "epoch32": 0.01579646686358111,
    "epoch33": 0.01575043232047132,
    "epoch34": 0.015734437786574875,
    "epoch35": 0.01565007266721555,
    "epoch36": 0.016215679169233357,
    "epoch37": 0.015412930199610335,
    "epoch38": 0.015534508973360062,
    "epoch39": 0.015475248252706868,
    "epoch40": 0.015335943017687117,
    "epoch41": 0.015512511799378055,
    "epoch42": 0.015310145648462432,
    "epoch43": 0.016032422626657144,
    "epoch44": 0.015386309674275773,
    "epoch45": 0.015173573379537888,
    "epoch46": 0.015334470796265773,
    "epoch47": 0.015379260227616345,
    "epoch48": 0.015145162985260998,
    "epoch49": 0.015069525888455766,
    "epoch50": 0.015267839123095785,
    "epoch51": 0.015398779351796423,
    "epoch52": 0.015342444514057465,
    "epoch53": 0.015191937597202403,
    "epoch54": 0.015035894034164292,
    "epoch55": 0.015525233266609055,
    "epoch56": 0.015108313943658556,
    "epoch57": 0.015007942116686277,
    "epoch58": 0.015338114063654627,
    "epoch59": 0.015089842490851879,
    "epoch60": 0.014817787533892053,
    "epoch61": 0.015395603874432189,
    "epoch62": 0.014927879108914308,
    "epoch63": 0.01512071636638471,
    "epoch64": 0.014754585123487882,
    "epoch65": 0.014905592825795923,
    "epoch66": 0.014675709951136793,
    "epoch67": 0.014884198616657938,
    "epoch68": 0.015246437596423286,
    "epoch69": 0.014690164410110031,
    "epoch70": 0.014728115006749119,
    "epoch71": 0.014809985379023212,
    "epoch72": 0.014858147927692958,
    "epoch73": 0.014807778344090496,
    "epoch74": 0.014618146033691508,
    "epoch75": 0.014818335484181131,
    "epoch76": 0.014914392493665218,
    "epoch77": 0.01467644376680255,
    "epoch78": 0.014911943381386144,
    "epoch79": 0.01496538839169911,
    "epoch80": 0.014700669329613447,
    "epoch81": 0.014519610841359411,
    "epoch82": 0.015039775720132249,
    "epoch83": 0.015112206073743957,
    "epoch84": 0.01487858034670353,
    "epoch85": 0.014536469110420771,
    "epoch86": 0.0145745471652065,
    "epoch87": 0.014943462596940143,
    "epoch88": 0.014501680819583791,
    "epoch89": 0.014354172362280744,
    "epoch90": 0.014918770707611526,
    "epoch91": 0.014350955308015858,
    "epoch92": 0.014419764612934418,
    "epoch93": 0.014446972337152277,
    "epoch94": 0.014389311894774437,
    "epoch95": 0.014346924943051167,
    "epoch96": 0.01434545318729111,
    "epoch97": 0.014295057992317848,
    "epoch98": 0.014284475506948573,
    "epoch99": 0.014356283737080438,
    "epoch100": 0.014334706855671746
}