{
    "epoch1": 55.216059846698116,
    "epoch2": 45.954880048643865,
    "epoch3": 42.11551997346698,
    "epoch4": 38.344800265330186,
    "epoch5": 35.022670529923346,
    "epoch6": 32.80790508918042,
    "epoch7": 31.76748369324882,
    "epoch8": 31.275957215507077,
    "epoch9": 30.62893849498821,
    "epoch10": 30.10536740860849,
    "epoch11": 30.141380454009433,
    "epoch12": 29.338408848024763,
    "epoch13": 29.27557488207547,
    "epoch14": 29.066387824292452,
    "epoch15": 28.71365068543632,
    "epoch16": 28.70877938900354,
    "epoch17": 28.314280383991747,
    "epoch18": 28.227313347582548,
    "epoch19": 28.008434367629718,
    "epoch20": 27.728064195165093,
    "epoch21": 27.60999226120283,
    "epoch22": 27.72331266583137,
    "epoch23": 27.52273732311321,
    "epoch24": 27.24416826356132,
    "epoch25": 27.42391795032429,
    "epoch26": 27.21488981426887,
    "epoch27": 27.03122466465212,
    "epoch28": 27.06333376326651,
    "epoch29": 26.93673533313679,
    "epoch30": 26.753176131338442,
    "epoch31": 26.80771852889151,
    "epoch32": 26.509017080630898,
    "epoch33": 26.71365068543632,
    "epoch34": 26.430111291273583,
    "epoch35": 26.380976838885612,
    "epoch36": 26.620234651385612,
    "epoch37": 26.271855192364388,
    "epoch38": 26.027937979068398,
    "epoch39": 26.2014689895342,
    "epoch40": 25.808232145489388,
    "epoch41": 25.954212116745282,
    "epoch42": 25.7943806198408,
    "epoch43": 25.706289615271228,
    "epoch44": 25.727916789504718,
    "epoch45": 25.6925739792158,
    "epoch46": 25.748742445459907,
    "epoch47": 25.657988926149763,
    "epoch48": 25.376365805571933,
    "epoch49": 25.23560952240566,
    "epoch50": 25.4364543410967,
    "epoch51": 25.22770259065448,
    "epoch52": 25.237477428508253,
    "epoch53": 25.31290075913915,
    "epoch54": 25.11590691332547,
    "epoch55": 25.30089641067217,
    "epoch56": 25.08750368514151,
    "epoch57": 25.07932497420401,
    "epoch58": 24.99540278596698,
    "epoch59": 24.78598310362618,
    "epoch60": 24.84423137160967,
    "epoch61": 24.796667710790093,
    "epoch62": 24.86930415315448,
    "epoch63": 24.87856537441038,
    "epoch64": 24.562115363354952,
    "epoch65": 24.51291411777712,
    "epoch66": 24.53750322449882,
    "epoch67": 24.72451264003538,
    "epoch68": 24.534617298054247,
    "epoch69": 24.44466069059552,
    "epoch70": 24.4170612839033,
    "epoch71": 24.47924113723467,
    "epoch72": 24.47841889003538,
    "epoch73": 24.455888856132077,
    "epoch74": 24.487334629274763,
    "epoch75": 24.15744536777712,
    "epoch76": 24.485835237323112,
    "epoch77": 24.20732375810731,
    "epoch78": 24.200130822523583,
    "epoch79": 24.12082427402712,
    "epoch80": 24.27327397184552,
    "epoch81": 24.20537754274764,
    "epoch82": 24.008648566479952,
    "epoch83": 23.989322302476417,
    "epoch84": 24.0498576614092,
    "epoch85": 23.77775141877948,
    "epoch86": 23.975860019899763,
    "epoch87": 23.78188799012382,
    "epoch88": 23.935754164209907,
    "epoch89": 23.81901579083137,
    "epoch90": 23.72332878832547,
    "epoch91": 23.60202544590212,
    "epoch92": 23.76227382443986,
    "epoch93": 23.62403725678066,
    "epoch94": 23.654117224351417,
    "epoch95": 23.686521134286558,
    "epoch96": 23.68890265698703,
    "epoch97": 23.682402988649763,
    "epoch98": 23.83059404481132,
    "epoch99": 23.49699430645637,
    "epoch100": 23.697221863944577
}