{
    "epoch1": 0.040984334579358496,
    "epoch2": 0.028415335807949305,
    "epoch3": 0.024536037351936102,
    "epoch4": 0.021474583229670923,
    "epoch5": 0.018292138042549293,
    "epoch6": 0.015552431344985962,
    "epoch7": 0.013120602389487127,
    "epoch8": 0.011088367939616242,
    "epoch9": 0.009603329352103174,
    "epoch10": 0.00856388391306003,
    "epoch11": 0.007700142411825557,
    "epoch12": 0.006985100684687495,
    "epoch13": 0.006442545796744525,
    "epoch14": 0.005899332192105551,
    "epoch15": 0.005396685369002323,
    "epoch16": 0.004938776003352056,
    "epoch17": 0.004547522073456396,
    "epoch18": 0.004200341529212892,
    "epoch19": 0.003920756474447747,
    "epoch20": 0.0035905968009804687,
    "epoch21": 0.003277330727238829,
    "epoch22": 0.0029904962284490466,
    "epoch23": 0.002724692632909864,
    "epoch24": 0.002487403563767051,
    "epoch25": 0.0022683315813386193,
    "epoch26": 0.0020595022360794246,
    "epoch27": 0.0018612967687658966,
    "epoch28": 0.0017048902906632672,
    "epoch29": 0.0015599913846623774,
    "epoch30": 0.0014227180314871173
}