{
    "epoch1": 8780.86125,
    "epoch2": 5334.17375,
    "epoch3": 5001.6759375,
    "epoch4": 4875.0275,
    "epoch5": 4668.94125,
    "epoch6": 4439.8278125,
    "epoch7": 4202.9540625,
    "epoch8": 4000.7165625,
    "epoch9": 3836.829375,
    "epoch10": 3808.8109375,
    "epoch11": 3759.6196875,
    "epoch12": 3720.2053125,
    "epoch13": 3685.9065625,
    "epoch14": 3617.4796875,
    "epoch15": 3585.06375,
    "epoch16": 3538.5584375,
    "epoch17": 3466.156875,
    "epoch18": 3435.93875,
    "epoch19": 3381.2028125,
    "epoch20": 3298.605,
    "epoch21": 3247.6590625,
    "epoch22": 3167.3840625,
    "epoch23": 3088.494375,
    "epoch24": 3014.1990625,
    "epoch25": 2909.761875,
    "epoch26": 2852.34625,
    "epoch27": 2805.5734375,
    "epoch28": 2748.88,
    "epoch29": 2658.8578125,
    "epoch30": 2612.63890625
}