{
    "epoch1": 106.71516047297297,
    "epoch2": 78.79484929265203,
    "epoch3": 73.5168259079392,
    "epoch4": 66.11139410895271,
    "epoch5": 61.20011613175676,
    "epoch6": 58.44372888513514,
    "epoch7": 57.791213576858105,
    "epoch8": 56.49332902238176,
    "epoch9": 54.785499366554056,
    "epoch10": 54.1453197582348,
    "epoch11": 53.225496859163854,
    "epoch12": 52.3455249683277,
    "epoch13": 50.7843677417652,
    "epoch14": 49.033955342060814,
    "epoch15": 47.782599371832774,
    "epoch16": 46.354310731630065,
    "epoch17": 45.2343848975929,
    "epoch18": 44.4780372413429,
    "epoch19": 42.453633076435814,
    "epoch20": 41.049052470439186,
    "epoch21": 39.94935401710304,
    "epoch22": 38.81964936127534,
    "epoch23": 37.52046822212838,
    "epoch24": 36.842872413429056,
    "epoch25": 35.958083694045605,
    "epoch26": 35.00612990920608,
    "epoch27": 33.886632970861484,
    "epoch28": 33.554707295185814,
    "epoch29": 32.822341506545605,
    "epoch30": 31.839807458826012
}