{
    "epoch1": 0.08321673547228177,
    "epoch2": 0.0666058212518692,
    "epoch3": 0.05534411408007145,
    "epoch4": 0.048495481411616005,
    "epoch5": 0.04430714560051759,
    "epoch6": 0.04147837093720833,
    "epoch7": 0.038917958115537964,
    "epoch8": 0.03628717456012964,
    "epoch9": 0.03354151577999195,
    "epoch10": 0.030793373472988605,
    "epoch11": 0.028161990456283092,
    "epoch12": 0.025583939005931217,
    "epoch13": 0.023180462419986725,
    "epoch14": 0.021040475461632013,
    "epoch15": 0.019164807939281065,
    "epoch16": 0.017423925300439198,
    "epoch17": 0.016081486828625202,
    "epoch18": 0.014974470715969801,
    "epoch19": 0.014007652954508861,
    "epoch20": 0.013101960377146801,
    "epoch21": 0.01239246657739083,
    "epoch22": 0.011697678361088037,
    "epoch23": 0.011099062239130339,
    "epoch24": 0.010520376109828552,
    "epoch25": 0.010139607824385166,
    "epoch26": 0.009505537416165074,
    "epoch27": 0.009042220267777642,
    "epoch28": 0.008595758583396673,
    "epoch29": 0.008216591163848838,
    "epoch30": 0.007837339149167141
}