{
    "epoch1": 99.99995442708334,
    "epoch2": 99.48722005208333,
    "epoch3": 98.96594401041666,
    "epoch4": 98.38537760416666,
    "epoch5": 97.98721354166666,
    "epoch6": 97.26427083333333,
    "epoch7": 97.60712239583333,
    "epoch8": 97.17357421875,
    "epoch9": 97.05864583333333,
    "epoch10": 96.45579427083334,
    "epoch11": 96.7662109375,
    "epoch12": 96.36912109375,
    "epoch13": 96.06482421875,
    "epoch14": 96.23477213541666,
    "epoch15": 96.43930338541666,
    "epoch16": 95.81751953125,
    "epoch17": 95.76004557291667,
    "epoch18": 95.20007161458334,
    "epoch19": 95.643046875,
    "epoch20": 95.47251302083333,
    "epoch21": 94.92972005208334,
    "epoch22": 94.70705729166667,
    "epoch23": 95.29327473958334,
    "epoch24": 94.83528645833333,
    "epoch25": 94.98700520833333,
    "epoch26": 95.0591015625,
    "epoch27": 94.49819661458334,
    "epoch28": 94.43235026041667,
    "epoch29": 94.56014322916667,
    "epoch30": 93.83837239583333
}