{
    "epoch1": 0.361834529183805,
    "epoch2": 0.6503500080779194,
    "epoch3": 0.7840250073820353,
    "epoch4": 0.8265988161563873,
    "epoch5": 0.8506595291495324,
    "epoch6": 0.8666345291286707,
    "epoch7": 0.880383338406682,
    "epoch8": 0.8921166714429856,
    "epoch9": 0.8914833379089833,
    "epoch10": 0.9051166708767414,
    "epoch11": 0.9061083368808031,
    "epoch12": 0.9155833367109298,
    "epoch13": 0.913923812776804,
    "epoch14": 0.9180166703015565,
    "epoch15": 0.9250904794633389,
    "epoch16": 0.9233666698187589,
    "epoch17": 0.9359750025570392,
    "epoch18": 0.9369095266312361,
    "epoch19": 0.9386500026732684,
    "epoch20": 0.9382000027745963,
    "epoch21": 0.9412583358287812,
    "epoch22": 0.9463333361744881,
    "epoch23": 0.9509416691660881,
    "epoch24": 0.9529071450829506,
    "epoch25": 0.9505738119333983,
    "epoch26": 0.959316668599844,
    "epoch27": 0.9554095254540443,
    "epoch28": 0.9552583351135254,
    "epoch29": 0.9623428587913513,
    "epoch30": 0.967283334672451,
    "epoch31": 0.9669333350360394,
    "epoch32": 0.9682333347201347,
    "epoch33": 0.9731333349347114,
    "epoch34": 0.9723500015437603,
    "epoch35": 0.9709500012397766,
    "epoch36": 0.9731333348155021,
    "epoch37": 0.9779666680693626,
    "epoch38": 0.9768000010848046,
    "epoch39": 0.9804000012129546,
    "epoch40": 0.9811666676998139,
    "epoch41": 0.9804000010490418,
    "epoch42": 0.9849238101840019,
    "epoch43": 0.9830833342075348,
    "epoch44": 0.9851666673272849,
    "epoch45": 0.9842916675806046,
    "epoch46": 0.9862500005960464,
    "epoch47": 0.9888833340406418,
    "epoch48": 0.9911000003218651,
    "epoch49": 0.9870833339095115,
    "epoch50": 0.9920000004470348
}