{
    "epoch1": 199.10212890625,
    "epoch2": 188.5507421875,
    "epoch3": 150.857548828125,
    "epoch4": 104.171748046875,
    "epoch5": 81.4578515625,
    "epoch6": 74.4775,
    "epoch7": 72.426923828125,
    "epoch8": 72.444384765625,
    "epoch9": 73.51830078125,
    "epoch10": 74.182119140625,
    "epoch11": 74.63943359375,
    "epoch12": 74.8397509765625,
    "epoch13": 75.0963232421875,
    "epoch14": 75.1944775390625,
    "epoch15": 75.20224609375,
    "epoch16": 75.180400390625,
    "epoch17": 75.0541552734375,
    "epoch18": 74.9534228515625,
    "epoch19": 74.9901611328125,
    "epoch20": 74.7480517578125,
    "epoch21": 74.640498046875,
    "epoch22": 74.515595703125,
    "epoch23": 74.5040283203125,
    "epoch24": 74.553046875,
    "epoch25": 74.4240673828125,
    "epoch26": 74.5592919921875,
    "epoch27": 74.4156982421875,
    "epoch28": 74.37328125,
    "epoch29": 74.30896484375,
    "epoch30": 74.343583984375
}