{
    "epoch1": 9.104710026349494e-06,
    "epoch2": 7.3970594958154835e-06,
    "epoch3": 6.535905342161641e-06,
    "epoch4": 6.3377780184055155e-06,
    "epoch5": 6.0693975347021476e-06,
    "epoch6": 5.9466471058158274e-06,
    "epoch7": 5.876775326214556e-06,
    "epoch8": 5.940918936857997e-06,
    "epoch9": 5.78192671105171e-06,
    "epoch10": 5.721675555491856e-06,
    "epoch11": 5.723603861042647e-06,
    "epoch12": 5.701131828345751e-06,
    "epoch13": 5.652743659766202e-06,
    "epoch14": 5.637937985170538e-06,
    "epoch15": 5.631226423815861e-06,
    "epoch16": 5.667207082638015e-06,
    "epoch17": 5.643389367833152e-06,
    "epoch18": 5.648228305744851e-06,
    "epoch19": 5.601053240184228e-06,
    "epoch20": 5.614231699610172e-06,
    "epoch21": 5.663931379331189e-06,
    "epoch22": 5.5835124974237264e-06,
    "epoch23": 5.574538657583616e-06,
    "epoch24": 5.609497961017951e-06,
    "epoch25": 5.580205684623251e-06,
    "epoch26": 5.5736878393872755e-06,
    "epoch27": 5.56061179054268e-06,
    "epoch28": 5.5655250209838415e-06,
    "epoch29": 5.571249250579058e-06,
    "epoch30": 5.560257176284722e-06
}