{
    "epoch1": 158.630984375,
    "epoch2": 131.49203125,
    "epoch3": 119.0296796875,
    "epoch4": 111.72446875,
    "epoch5": 107.5372265625,
    "epoch6": 105.455890625,
    "epoch7": 103.591390625,
    "epoch8": 101.6185234375,
    "epoch9": 100.6345234375,
    "epoch10": 99.707484375,
    "epoch11": 98.50196875,
    "epoch12": 98.02028125,
    "epoch13": 97.784859375,
    "epoch14": 96.972421875,
    "epoch15": 95.93371875,
    "epoch16": 95.647546875,
    "epoch17": 94.7675,
    "epoch18": 95.01109375,
    "epoch19": 94.5879609375,
    "epoch20": 94.3774375,
    "epoch21": 94.4087265625,
    "epoch22": 93.987109375,
    "epoch23": 93.7650390625,
    "epoch24": 93.4092890625,
    "epoch25": 93.635140625,
    "epoch26": 93.003390625,
    "epoch27": 94.213984375,
    "epoch28": 92.5214375,
    "epoch29": 92.913828125,
    "epoch30": 92.8429921875
}