{
    "epoch1": 0.0639552151163419,
    "epoch2": 0.047520565489927925,
    "epoch3": 0.03859496613343557,
    "epoch4": 0.03496988179783026,
    "epoch5": 0.03335068188607693,
    "epoch6": 0.03161440292994181,
    "epoch7": 0.02971237835784753,
    "epoch8": 0.027753084277113278,
    "epoch9": 0.0258956973751386,
    "epoch10": 0.02387979192038377,
    "epoch11": 0.022128873815139134,
    "epoch12": 0.020485241276522476,
    "epoch13": 0.01888756702343623,
    "epoch14": 0.0176446499923865,
    "epoch15": 0.016271539963781834,
    "epoch16": 0.015261901542544365,
    "epoch17": 0.014365568446616331,
    "epoch18": 0.013663200661540031,
    "epoch19": 0.012991552551587423,
    "epoch20": 0.012412964676817259,
    "epoch21": 0.011931359147032103,
    "epoch22": 0.011505109257996082,
    "epoch23": 0.011087476275861263,
    "epoch24": 0.01072327389071385,
    "epoch25": 0.01047614278892676,
    "epoch26": 0.01011116864780585,
    "epoch27": 0.009824708725015322,
    "epoch28": 0.009554254822432995,
    "epoch29": 0.009267812129110098,
    "epoch30": 0.009024431618551413
}