{
    "epoch1": 0.08024488762021065,
    "epoch2": 0.05321927634733064,
    "epoch3": 0.05142564007214138,
    "epoch4": 0.0484695594225611,
    "epoch5": 0.0456581637263298,
    "epoch6": 0.04222272602575166,
    "epoch7": 0.03855852809335504,
    "epoch8": 0.035234861341970306,
    "epoch9": 0.03236447860087667,
    "epoch10": 0.030073967363153185,
    "epoch11": 0.02836713700422219,
    "epoch12": 0.027186319231987,
    "epoch13": 0.026581875713808194,
    "epoch14": 0.025825997814536095,
    "epoch15": 0.02544487108077322,
    "epoch16": 0.025130095226424082,
    "epoch17": 0.024889390649540082,
    "epoch18": 0.02464801977787699,
    "epoch19": 0.024324124412877218,
    "epoch20": 0.024116195472223417,
    "epoch21": 0.024051485051001822,
    "epoch22": 0.023704918899706433,
    "epoch23": 0.02353595889040402,
    "epoch24": 0.023366318749529973,
    "epoch25": 0.023242159081356868,
    "epoch26": 0.02307602976049696,
    "epoch27": 0.0229105306789279,
    "epoch28": 0.022968495397695472,
    "epoch29": 0.02264591133488076,
    "epoch30": 0.02262896698500429,
    "epoch31": 0.022418455087712834,
    "epoch32": 0.022304996182875975,
    "epoch33": 0.022229393678052083,
    "epoch34": 0.022081325628927777,
    "epoch35": 0.022079405374825,
    "epoch36": 0.021966752596199512,
    "epoch37": 0.021796209338520254,
    "epoch38": 0.021725287660956383,
    "epoch39": 0.021591778179364546,
    "epoch40": 0.021576030046812127,
    "epoch41": 0.021395869286996976,
    "epoch42": 0.021350264283163205,
    "epoch43": 0.021315010796700205,
    "epoch44": 0.021344942705971853,
    "epoch45": 0.021367196791938374,
    "epoch46": 0.021422271483710835,
    "epoch47": 0.021213225222059658,
    "epoch48": 0.02100870558725936,
    "epoch49": 0.020929622197789804,
    "epoch50": 0.020982166486127034,
    "epoch51": 0.02088152856699058,
    "epoch52": 0.02078605443239212,
    "epoch53": 0.020823925068335875,
    "epoch54": 0.020716721192002296,
    "epoch55": 0.020643908796565875,
    "epoch56": 0.020669775482799326,
    "epoch57": 0.020571455359458923,
    "epoch58": 0.021339464400495802,
    "epoch59": 0.0205105154642037,
    "epoch60": 0.02048542071133852,
    "epoch61": 0.02083171797650201,
    "epoch62": 0.0204783845692873,
    "epoch63": 0.020326868630945683,
    "epoch64": 0.020772487723401616,
    "epoch65": 0.02034472261688539,
    "epoch66": 0.020363566864814078,
    "epoch67": 0.020307916615690504,
    "epoch68": 0.020333899318107536,
    "epoch69": 0.020135147097919668,
    "epoch70": 0.02019975347710507,
    "epoch71": 0.020143320517880575,
    "epoch72": 0.020158403286976472,
    "epoch73": 0.02004780899733305,
    "epoch74": 0.020126336254179478,
    "epoch75": 0.020150052649634227,
    "epoch76": 0.019949332677892277,
    "epoch77": 0.019977991602250507,
    "epoch78": 0.020015264196055278,
    "epoch79": 0.019924553244241645,
    "epoch80": 0.020167052878865173,
    "epoch81": 0.019969693651156768,
    "epoch82": 0.019846015476754734,
    "epoch83": 0.019951518891113146,
    "epoch84": 0.01979252775864942,
    "epoch85": 0.020094033596771105,
    "epoch86": 0.019904675893485546,
    "epoch87": 0.019731885753571987,
    "epoch88": 0.019664338124649867,
    "epoch89": 0.01967417781374284,
    "epoch90": 0.01964520170752491,
    "epoch91": 0.019676586746105125,
    "epoch92": 0.01958539549793516,
    "epoch93": 0.019627169705927372,
    "epoch94": 0.01960270825241293,
    "epoch95": 0.019852937598313605,
    "epoch96": 0.01952034660748073,
    "epoch97": 0.019502441132707254,
    "epoch98": 0.019604205819112912,
    "epoch99": 0.01970837770828179,
    "epoch100": 0.019408532551356723
}