{
    "epoch1": 109.16640625,
    "epoch2": 57.1750927734375,
    "epoch3": 55.879462890625,
    "epoch4": 54.689111328125,
    "epoch5": 52.9503759765625,
    "epoch6": 51.704345703125,
    "epoch7": 49.5688134765625,
    "epoch8": 47.4519873046875,
    "epoch9": 45.3880517578125,
    "epoch10": 43.5024609375,
    "epoch11": 41.4736474609375,
    "epoch12": 40.444912109375,
    "epoch13": 39.28681396484375,
    "epoch14": 38.199853515625,
    "epoch15": 37.4819140625,
    "epoch16": 37.22164306640625,
    "epoch17": 36.493203125,
    "epoch18": 37.15443359375,
    "epoch19": 36.3081982421875,
    "epoch20": 36.10021484375,
    "epoch21": 36.1556005859375,
    "epoch22": 35.83760009765625,
    "epoch23": 35.67773193359375,
    "epoch24": 35.6472607421875,
    "epoch25": 35.66231689453125,
    "epoch26": 35.34559814453125,
    "epoch27": 35.33267333984375,
    "epoch28": 35.52926025390625,
    "epoch29": 35.1861083984375,
    "epoch30": 35.1206884765625,
    "epoch31": 34.82073486328125,
    "epoch32": 34.69222900390625,
    "epoch33": 35.18985107421875,
    "epoch34": 34.6173388671875,
    "epoch35": 34.60751708984375,
    "epoch36": 34.5931103515625,
    "epoch37": 34.28740966796875,
    "epoch38": 34.34516845703125,
    "epoch39": 34.156162109375,
    "epoch40": 34.19686767578125,
    "epoch41": 34.43164306640625,
    "epoch42": 33.94159912109375,
    "epoch43": 34.30817626953125,
    "epoch44": 33.90487548828125,
    "epoch45": 34.152646484375,
    "epoch46": 34.3729638671875,
    "epoch47": 34.13397705078125,
    "epoch48": 33.714833984375,
    "epoch49": 33.7544677734375,
    "epoch50": 33.94942138671875,
    "epoch51": 33.821943359375,
    "epoch52": 33.61421142578125,
    "epoch53": 33.6461669921875,
    "epoch54": 33.51985107421875,
    "epoch55": 33.57132568359375,
    "epoch56": 33.43101806640625,
    "epoch57": 33.365830078125,
    "epoch58": 33.20761474609375,
    "epoch59": 33.49683349609375,
    "epoch60": 33.33466552734375,
    "epoch61": 33.302099609375,
    "epoch62": 33.28770751953125,
    "epoch63": 32.98987060546875,
    "epoch64": 33.16701416015625,
    "epoch65": 33.48522705078125,
    "epoch66": 33.1909033203125,
    "epoch67": 33.0194091796875,
    "epoch68": 33.07803466796875,
    "epoch69": 32.90296875,
    "epoch70": 32.70626220703125,
    "epoch71": 33.04192626953125,
    "epoch72": 32.69369384765625,
    "epoch73": 32.8997509765625,
    "epoch74": 32.91421142578125,
    "epoch75": 32.613232421875,
    "epoch76": 33.16283447265625,
    "epoch77": 32.62005126953125,
    "epoch78": 32.70565185546875,
    "epoch79": 32.51692626953125,
    "epoch80": 32.256640625,
    "epoch81": 32.96899658203125,
    "epoch82": 32.5888525390625,
    "epoch83": 32.57087890625,
    "epoch84": 32.5213671875,
    "epoch85": 32.43109130859375,
    "epoch86": 32.53655029296875,
    "epoch87": 32.250966796875,
    "epoch88": 32.482041015625,
    "epoch89": 32.12703369140625,
    "epoch90": 32.5835791015625,
    "epoch91": 32.39346923828125,
    "epoch92": 31.9759228515625,
    "epoch93": 31.89849609375,
    "epoch94": 32.124013671875,
    "epoch95": 31.98271484375,
    "epoch96": 32.06046875,
    "epoch97": 31.95337646484375,
    "epoch98": 32.225859375,
    "epoch99": 32.1313916015625,
    "epoch100": 32.18536865234375
}