{
    "epoch1": 0.14409150387261324,
    "epoch2": 0.2679474155899066,
    "epoch3": 0.3180881096109463,
    "epoch4": 0.35649520063855844,
    "epoch5": 0.38293514993919686,
    "epoch6": 0.40735988133842016,
    "epoch7": 0.4293601919131674,
    "epoch8": 0.45715597594619556,
    "epoch9": 0.46353014772105366,
    "epoch10": 0.48173078980035844,
    "epoch11": 0.5002441069312916,
    "epoch12": 0.5225438798309132,
    "epoch13": 0.5407712320992901,
    "epoch14": 0.5627094021268711,
    "epoch15": 0.5693889666514792,
    "epoch16": 0.5858049499001473,
    "epoch17": 0.6071027693854776,
    "epoch18": 0.6323359857319267,
    "epoch19": 0.6512946268175818,
    "epoch20": 0.6531226957679555
}