{
    "epoch1": 8.586526852256308e-05,
    "epoch2": 4.139847847788284e-05,
    "epoch3": 1.9684071841766128e-05,
    "epoch4": 1.1870994790418384e-05,
    "epoch5": 9.907197638919267e-06,
    "epoch6": 9.27731257979758e-06,
    "epoch7": 8.805011043781027e-06,
    "epoch8": 8.355175678540643e-06,
    "epoch9": 7.93916497908261e-06,
    "epoch10": 7.550732855937288e-06,
    "epoch11": 7.20964270052112e-06,
    "epoch12": 6.919819902880894e-06,
    "epoch13": 6.6687101855980775e-06,
    "epoch14": 6.450243840542195e-06,
    "epoch15": 6.26811066801262e-06,
    "epoch16": 6.096602105875112e-06,
    "epoch17": 5.962567095897005e-06,
    "epoch18": 5.841203899763059e-06,
    "epoch19": 5.731039258838185e-06,
    "epoch20": 5.637443337946024e-06,
    "epoch21": 5.5531426924062545e-06,
    "epoch22": 5.475128238079682e-06,
    "epoch23": 5.406948507394797e-06,
    "epoch24": 5.339072971764836e-06,
    "epoch25": 5.280657572863371e-06,
    "epoch26": 5.226375616681859e-06,
    "epoch27": 5.19257140301003e-06,
    "epoch28": 5.134805872330617e-06,
    "epoch29": 5.099703009515603e-06,
    "epoch30": 5.063883307229844e-06
}