{
    "epoch1": 171.03267328789894,
    "epoch2": 158.97124335106383,
    "epoch3": 143.12694273603722,
    "epoch4": 139.30783535571808,
    "epoch5": 141.77569190492022,
    "epoch6": 142.57456158577128,
    "epoch7": 141.39506108710106,
    "epoch8": 140.34912109375,
    "epoch9": 138.1758747506649,
    "epoch10": 136.4761677194149,
    "epoch11": 135.2331594913564,
    "epoch12": 132.72736245013297,
    "epoch13": 129.32444730718086,
    "epoch14": 127.02218043550532,
    "epoch15": 124.87669340093085,
    "epoch16": 124.09092420212765,
    "epoch17": 122.76689245345744,
    "epoch18": 120.79920212765957,
    "epoch19": 119.5089137300532,
    "epoch20": 117.76345370678192,
    "epoch21": 115.89548703457447,
    "epoch22": 114.49910654920212,
    "epoch23": 113.01977019614361,
    "epoch24": 112.19435671542553,
    "epoch25": 111.01950008311171,
    "epoch26": 110.2533556349734,
    "epoch27": 108.2811876662234,
    "epoch28": 108.36923412566489,
    "epoch29": 107.01055518617021,
    "epoch30": 106.00931889960107
}