{
    "epoch1": 174.22539583333332,
    "epoch2": 164.68291666666667,
    "epoch3": 150.29829166666667,
    "epoch4": 139.82917708333332,
    "epoch5": 139.13196875,
    "epoch6": 140.8204375,
    "epoch7": 140.85178125,
    "epoch8": 139.24569791666667,
    "epoch9": 137.78080208333333,
    "epoch10": 135.54342708333334,
    "epoch11": 133.45123958333335,
    "epoch12": 131.71611458333334,
    "epoch13": 129.87630208333334,
    "epoch14": 127.66177083333334,
    "epoch15": 125.79451041666667,
    "epoch16": 123.73654166666667,
    "epoch17": 122.23496875,
    "epoch18": 120.99588541666667,
    "epoch19": 119.32352083333333,
    "epoch20": 117.94267708333334,
    "epoch21": 116.77794791666666,
    "epoch22": 115.29079166666666,
    "epoch23": 114.28065625,
    "epoch24": 112.98365625,
    "epoch25": 112.01009375,
    "epoch26": 111.03473958333333,
    "epoch27": 110.50239583333334,
    "epoch28": 108.84735416666666,
    "epoch29": 108.40158333333333,
    "epoch30": 107.60157291666667
}