{
    "epoch1": 72.79285481770833,
    "epoch2": 60.94333089192708,
    "epoch3": 55.55526936848958,
    "epoch4": 53.821573893229164,
    "epoch5": 51.226704915364586,
    "epoch6": 47.3639892578125,
    "epoch7": 44.82607421875,
    "epoch8": 41.83108317057292,
    "epoch9": 38.47649332682292,
    "epoch10": 36.539208984375,
    "epoch11": 34.43642985026042,
    "epoch12": 33.17132568359375,
    "epoch13": 31.47938435872396,
    "epoch14": 29.98072509765625,
    "epoch15": 30.494136555989584,
    "epoch16": 28.757401529947916,
    "epoch17": 28.217631022135418,
    "epoch18": 27.953409830729168,
    "epoch19": 26.77114461263021,
    "epoch20": 26.048085530598957,
    "epoch21": 25.6322265625,
    "epoch22": 24.844175211588542,
    "epoch23": 24.180470784505207,
    "epoch24": 23.093282063802082,
    "epoch25": 23.031854248046876,
    "epoch26": 22.67017822265625,
    "epoch27": 22.157891845703126,
    "epoch28": 21.540087890625,
    "epoch29": 20.923640950520834,
    "epoch30": 20.80512898763021
}