{
    "epoch1": 0.024430738606800634,
    "epoch2": 0.01676391197058062,
    "epoch3": 0.010953667340800166,
    "epoch4": 0.008058674866333604,
    "epoch5": 0.006520745848926405,
    "epoch6": 0.005439700694599499,
    "epoch7": 0.004514934242858241,
    "epoch8": 0.003791592491324991,
    "epoch9": 0.0031740567452895143,
    "epoch10": 0.002670291558994601,
    "epoch11": 0.0021131392762375376,
    "epoch12": 0.001718119844251002,
    "epoch13": 0.0013824538424766313,
    "epoch14": 0.0011312505812384188,
    "epoch15": 0.0010756682459032163,
    "epoch16": 0.0008056446725580221,
    "epoch17": 0.0006699062723782845,
    "epoch18": 0.0005911795427285446,
    "epoch19": 0.000508205744457276,
    "epoch20": 0.00045304330221066874,
    "epoch21": 0.00039308447351989645,
    "epoch22": 0.00035792278989295784,
    "epoch23": 0.0003381029152175567,
    "epoch24": 0.000315292265440803,
    "epoch25": 0.00028792421047304134,
    "epoch26": 0.00025301964463627275,
    "epoch27": 0.00023350732711454233,
    "epoch28": 0.0002178080248995684,
    "epoch29": 0.00020160711816667268,
    "epoch30": 0.00019117283227387816
}