{
    "epoch1": 80.01306660970052,
    "epoch2": 72.02310689290364,
    "epoch3": 61.625223795572914,
    "epoch4": 60.86530558268229,
    "epoch5": 57.81274922688802,
    "epoch6": 55.92708841959635,
    "epoch7": 53.98902893066406,
    "epoch8": 51.5154774983724,
    "epoch9": 49.23064168294271,
    "epoch10": 47.708780924479164,
    "epoch11": 43.628814697265625,
    "epoch12": 41.844093322753906,
    "epoch13": 38.61341349283854,
    "epoch14": 36.184669494628906,
    "epoch15": 35.57479604085287,
    "epoch16": 35.888572692871094,
    "epoch17": 32.94908905029297,
    "epoch18": 31.61353302001953,
    "epoch19": 31.670560201009113,
    "epoch20": 30.62061055501302,
    "epoch21": 29.418843587239582,
    "epoch22": 28.366256713867188,
    "epoch23": 29.14210255940755,
    "epoch24": 27.486409505208332,
    "epoch25": 26.861066182454426,
    "epoch26": 26.182042439778645,
    "epoch27": 25.862398783365887,
    "epoch28": 25.466842651367188,
    "epoch29": 24.79070790608724,
    "epoch30": 24.44109344482422
}