{
    "epoch1": 0.04415754514047876,
    "epoch2": 0.029053718026261777,
    "epoch3": 0.022734046884579584,
    "epoch4": 0.02154290897306055,
    "epoch5": 0.021165555255720392,
    "epoch6": 0.020456980011658743,
    "epoch7": 0.019419484422542155,
    "epoch8": 0.01917484460864216,
    "epoch9": 0.018465483706677333,
    "epoch10": 0.01815871975850314,
    "epoch11": 0.01819521642755717,
    "epoch12": 0.017447463615098968,
    "epoch13": 0.017051038332283497,
    "epoch14": 0.01672239162144251,
    "epoch15": 0.017426735925255343,
    "epoch16": 0.016778603283455595,
    "epoch17": 0.016373567850678228,
    "epoch18": 0.016793668444734067,
    "epoch19": 0.015698746210546233,
    "epoch20": 0.015716537018306553,
    "epoch21": 0.01649402017937973,
    "epoch22": 0.01600142620736733,
    "epoch23": 0.015217021529679187,
    "epoch24": 0.01519563456531614,
    "epoch25": 0.015082621495821513,
    "epoch26": 0.015100389224244282,
    "epoch27": 0.015052482645842247,
    "epoch28": 0.01491391369199846,
    "epoch29": 0.015443851501913741,
    "epoch30": 0.014912340309820138,
    "epoch31": 0.014894076972268522,
    "epoch32": 0.01640332449460402,
    "epoch33": 0.014767396700335667,
    "epoch34": 0.014721734536578879,
    "epoch35": 0.01477472974511329,
    "epoch36": 0.014571097053703852,
    "epoch37": 0.014759916579350829,
    "epoch38": 0.014513684291159734,
    "epoch39": 0.014442630839766935,
    "epoch40": 0.01466708307270892,
    "epoch41": 0.014381073357071728,
    "epoch42": 0.014362106114276685,
    "epoch43": 0.015131474836380221,
    "epoch44": 0.014435685676289722,
    "epoch45": 0.014512495472445153,
    "epoch46": 0.015130534986383282,
    "epoch47": 0.014520739438012242,
    "epoch48": 0.014258275696192868,
    "epoch49": 0.014298476817202754,
    "epoch50": 0.014182933344272897,
    "epoch51": 0.014169066154863685,
    "epoch52": 0.01423717181023676,
    "epoch53": 0.014093584846705198,
    "epoch54": 0.014467590764979832,
    "epoch55": 0.014044149764231406,
    "epoch56": 0.014582361225620843,
    "epoch57": 0.01411670858215075,
    "epoch58": 0.014328810590086505,
    "epoch59": 0.013955982867628336,
    "epoch60": 0.014137317630229518,
    "epoch61": 0.013913097413023934,
    "epoch62": 0.013944521953817457,
    "epoch63": 0.013875253207515925,
    "epoch64": 0.013985144803882577,
    "epoch65": 0.013925743551226333,
    "epoch66": 0.013812417470035143,
    "epoch67": 0.013809508614940569,
    "epoch68": 0.014425907880649902,
    "epoch69": 0.013884310348657891,
    "epoch70": 0.013738212757743895,
    "epoch71": 0.013823310597217642,
    "epoch72": 0.014083798698266037,
    "epoch73": 0.01404190418543294,
    "epoch74": 0.014521496908855624,
    "epoch75": 0.014014020285685547,
    "epoch76": 0.013615632415167056,
    "epoch77": 0.013667508261278272,
    "epoch78": 0.013590902904979885,
    "epoch79": 0.013632225221954286,
    "epoch80": 0.013654597685672343,
    "epoch81": 0.01351333546335809,
    "epoch82": 0.013669032690813765,
    "epoch83": 0.013812951612635516,
    "epoch84": 0.014125133398920298,
    "epoch85": 0.013501032124622725,
    "epoch86": 0.01347185275517404,
    "epoch87": 0.013450353988446295,
    "epoch88": 0.013441138056805357,
    "epoch89": 0.013855690689524636,
    "epoch90": 0.013617767253890634,
    "epoch91": 0.013501884968718514,
    "epoch92": 0.013437367670121603,
    "epoch93": 0.013366074723307975,
    "epoch94": 0.01334368706739042,
    "epoch95": 0.013350670531508513,
    "epoch96": 0.013452968254568987,
    "epoch97": 0.013278817670652643,
    "epoch98": 0.014032366656465456,
    "epoch99": 0.013897107492084615,
    "epoch100": 0.013775915664155036
}