{
    "epoch1": 62.55984765625,
    "epoch2": 41.2143046875,
    "epoch3": 34.1504609375,
    "epoch4": 31.553443359375,
    "epoch5": 30.695390625,
    "epoch6": 30.0496484375,
    "epoch7": 29.740591796875,
    "epoch8": 29.248517578125,
    "epoch9": 28.949224609375,
    "epoch10": 28.622896484375,
    "epoch11": 28.276236328125,
    "epoch12": 28.101041015625,
    "epoch13": 27.51425,
    "epoch14": 26.90659765625,
    "epoch15": 26.63105859375,
    "epoch16": 26.414546875,
    "epoch17": 26.00416796875,
    "epoch18": 25.83536328125,
    "epoch19": 25.569126953125,
    "epoch20": 25.404203125,
    "epoch21": 25.3411953125,
    "epoch22": 24.99859765625,
    "epoch23": 24.934533203125,
    "epoch24": 24.828322265625,
    "epoch25": 24.81626171875,
    "epoch26": 24.694841796875,
    "epoch27": 24.629619140625,
    "epoch28": 24.5859765625,
    "epoch29": 24.52294921875,
    "epoch30": 24.54417578125,
    "epoch31": 24.2840859375,
    "epoch32": 24.41105859375,
    "epoch33": 24.39212890625,
    "epoch34": 24.326451171875,
    "epoch35": 24.53903125,
    "epoch36": 24.2943828125,
    "epoch37": 24.21597265625,
    "epoch38": 24.1821640625,
    "epoch39": 24.0081640625,
    "epoch40": 24.044240234375,
    "epoch41": 24.187837890625,
    "epoch42": 23.998591796875,
    "epoch43": 23.89663671875,
    "epoch44": 23.91165625,
    "epoch45": 23.82879296875,
    "epoch46": 23.834369140625,
    "epoch47": 24.0472421875,
    "epoch48": 23.617669921875,
    "epoch49": 23.774447265625,
    "epoch50": 23.759302734375,
    "epoch51": 23.5380703125,
    "epoch52": 23.7933828125,
    "epoch53": 23.608986328125,
    "epoch54": 23.6658359375,
    "epoch55": 23.7811953125,
    "epoch56": 23.536603515625,
    "epoch57": 23.49055859375,
    "epoch58": 23.412857421875,
    "epoch59": 23.387685546875,
    "epoch60": 23.352314453125,
    "epoch61": 23.585474609375,
    "epoch62": 23.5560234375,
    "epoch63": 23.332146484375,
    "epoch64": 23.435361328125,
    "epoch65": 23.3306875,
    "epoch66": 23.304544921875,
    "epoch67": 23.1778515625,
    "epoch68": 23.044994140625,
    "epoch69": 23.104826171875,
    "epoch70": 23.081923828125,
    "epoch71": 23.0388671875,
    "epoch72": 22.96287109375,
    "epoch73": 23.193751953125,
    "epoch74": 23.1338671875,
    "epoch75": 22.853486328125,
    "epoch76": 23.1107265625,
    "epoch77": 22.944166015625,
    "epoch78": 23.022208984375,
    "epoch79": 22.789767578125,
    "epoch80": 22.756375,
    "epoch81": 22.63653515625,
    "epoch82": 22.74937109375,
    "epoch83": 22.5819375,
    "epoch84": 22.53721484375,
    "epoch85": 22.735919921875,
    "epoch86": 22.71009375,
    "epoch87": 22.768935546875,
    "epoch88": 22.490912109375,
    "epoch89": 22.5739609375,
    "epoch90": 22.475703125,
    "epoch91": 22.473802734375,
    "epoch92": 22.30098046875,
    "epoch93": 22.3715625,
    "epoch94": 22.575701171875,
    "epoch95": 22.192513671875,
    "epoch96": 22.38023046875,
    "epoch97": 22.5198515625,
    "epoch98": 22.378310546875,
    "epoch99": 22.608123046875,
    "epoch100": 22.2459765625
}