{
    "epoch1": 44.33229064941406,
    "epoch2": 37.27313995361328,
    "epoch3": 32.12446594238281,
    "epoch4": 30.62000846862793,
    "epoch5": 31.103561401367188,
    "epoch6": 30.87386703491211,
    "epoch7": 28.9580078125,
    "epoch8": 29.60022735595703,
    "epoch9": 28.47093963623047,
    "epoch10": 28.336692810058594,
    "epoch11": 28.979860305786133,
    "epoch12": 27.249305725097656,
    "epoch13": 26.948705673217773,
    "epoch14": 26.44356918334961,
    "epoch15": 28.28900909423828,
    "epoch16": 27.281335830688477,
    "epoch17": 25.39606285095215,
    "epoch18": 27.36016082763672,
    "epoch19": 24.957324981689453,
    "epoch20": 24.443204879760742,
    "epoch21": 27.175186157226562,
    "epoch22": 26.21146583557129,
    "epoch23": 24.595806121826172,
    "epoch24": 24.398597717285156,
    "epoch25": 24.19447135925293,
    "epoch26": 24.51443099975586,
    "epoch27": 24.30470848083496,
    "epoch28": 24.645238876342773,
    "epoch29": 25.834619522094727,
    "epoch30": 24.739381790161133,
    "epoch31": 24.81010627746582,
    "epoch32": 27.291790008544922,
    "epoch33": 24.620586395263672,
    "epoch34": 24.678688049316406,
    "epoch35": 24.834274291992188,
    "epoch36": 24.14958953857422,
    "epoch37": 24.91697120666504,
    "epoch38": 24.276626586914062,
    "epoch39": 24.112993240356445,
    "epoch40": 24.853734970092773,
    "epoch41": 24.090560913085938,
    "epoch42": 24.164203643798828,
    "epoch43": 25.950910568237305,
    "epoch44": 24.45876693725586,
    "epoch45": 24.140180587768555,
    "epoch46": 25.626781463623047,
    "epoch47": 24.735897064208984,
    "epoch48": 24.082090377807617,
    "epoch49": 24.23094367980957,
    "epoch50": 24.09170150756836,
    "epoch51": 23.937847137451172,
    "epoch52": 23.906352996826172,
    "epoch53": 23.807947158813477,
    "epoch54": 24.85061264038086,
    "epoch55": 23.804248809814453,
    "epoch56": 25.070981979370117,
    "epoch57": 23.789207458496094,
    "epoch58": 24.40939712524414,
    "epoch59": 23.68470573425293,
    "epoch60": 23.744060516357422,
    "epoch61": 23.68323516845703,
    "epoch62": 23.76982307434082,
    "epoch63": 23.679319381713867,
    "epoch64": 23.485857009887695,
    "epoch65": 23.86485481262207,
    "epoch66": 23.505043029785156,
    "epoch67": 23.449644088745117,
    "epoch68": 24.700122833251953,
    "epoch69": 23.416301727294922,
    "epoch70": 23.30223846435547,
    "epoch71": 23.7625732421875,
    "epoch72": 24.414270401000977,
    "epoch73": 24.04635238647461,
    "epoch74": 25.052043914794922,
    "epoch75": 24.71619415283203,
    "epoch76": 23.128938674926758,
    "epoch77": 23.05021095275879,
    "epoch78": 23.034652709960938,
    "epoch79": 22.918922424316406,
    "epoch80": 23.269575119018555,
    "epoch81": 22.90346908569336,
    "epoch82": 23.115726470947266,
    "epoch83": 23.36370277404785,
    "epoch84": 24.204647064208984,
    "epoch85": 22.950759887695312,
    "epoch86": 22.905885696411133,
    "epoch87": 22.845727920532227,
    "epoch88": 22.8731632232666,
    "epoch89": 24.12442398071289,
    "epoch90": 23.60677146911621,
    "epoch91": 23.32549476623535,
    "epoch92": 23.12779998779297,
    "epoch93": 23.093168258666992,
    "epoch94": 22.64272689819336,
    "epoch95": 23.071290969848633,
    "epoch96": 22.771535873413086,
    "epoch97": 22.54136085510254,
    "epoch98": 24.033231735229492,
    "epoch99": 24.239004135131836,
    "epoch100": 22.87226104736328
}