{
    "epoch1": 1.82833880171529e-05,
    "epoch2": 8.349605386683835e-06,
    "epoch3": 7.3420672924839895e-06,
    "epoch4": 7.03354825873248e-06,
    "epoch5": 6.776369809813332e-06,
    "epoch6": 6.5499476386321474e-06,
    "epoch7": 6.324381388367328e-06,
    "epoch8": 6.159996455608053e-06,
    "epoch9": 5.960409650924703e-06,
    "epoch10": 5.818230431486882e-06,
    "epoch11": 5.678669444932893e-06,
    "epoch12": 5.594558299435448e-06,
    "epoch13": 5.493388871400385e-06,
    "epoch14": 5.374764439238788e-06,
    "epoch15": 5.298082035096741e-06,
    "epoch16": 5.258805006178591e-06,
    "epoch17": 5.17026441912094e-06,
    "epoch18": 5.132308160682442e-06,
    "epoch19": 5.065781422217696e-06,
    "epoch20": 5.043146602474735e-06,
    "epoch21": 5.00625097856755e-06,
    "epoch22": 4.947266024828422e-06,
    "epoch23": 4.928995459749785e-06,
    "epoch24": 4.892448428108764e-06,
    "epoch25": 4.866349554504268e-06,
    "epoch26": 4.877465504478096e-06,
    "epoch27": 4.822395226256049e-06,
    "epoch28": 4.80317797951102e-06,
    "epoch29": 4.795292695689568e-06,
    "epoch30": 4.7793684927910364e-06
}