{
    "epoch1": 152.52794921875,
    "epoch2": 130.555849609375,
    "epoch3": 127.591845703125,
    "epoch4": 127.5491015625,
    "epoch5": 126.694970703125,
    "epoch6": 125.459140625,
    "epoch7": 123.192919921875,
    "epoch8": 122.084873046875,
    "epoch9": 119.69666015625,
    "epoch10": 118.7321875,
    "epoch11": 116.211611328125,
    "epoch12": 116.685087890625,
    "epoch13": 114.174345703125,
    "epoch14": 112.59248046875,
    "epoch15": 112.11466796875,
    "epoch16": 111.748740234375,
    "epoch17": 109.4180078125,
    "epoch18": 109.29771484375,
    "epoch19": 107.8939453125,
    "epoch20": 107.61107421875,
    "epoch21": 106.476015625,
    "epoch22": 106.068134765625,
    "epoch23": 104.474892578125,
    "epoch24": 104.42125,
    "epoch25": 104.113623046875,
    "epoch26": 104.68154296875,
    "epoch27": 103.3691015625,
    "epoch28": 102.638994140625,
    "epoch29": 102.86251953125,
    "epoch30": 101.609150390625
}