{
    "epoch1": 8.970422069978667e-06,
    "epoch2": 7.9328148294735e-06,
    "epoch3": 7.26009013806106e-06,
    "epoch4": 6.817703031629208e-06,
    "epoch5": 6.518844660376999e-06,
    "epoch6": 6.3364614857164266e-06,
    "epoch7": 6.174842045993501e-06,
    "epoch8": 6.076256199435193e-06,
    "epoch9": 6.027387805147555e-06,
    "epoch10": 5.95062533170676e-06,
    "epoch11": 5.904313796577299e-06,
    "epoch12": 5.8805705608619975e-06,
    "epoch13": 5.850782680795419e-06,
    "epoch14": 5.800215960903188e-06,
    "epoch15": 5.79661267533993e-06,
    "epoch16": 5.761580845160097e-06,
    "epoch17": 5.77587143072833e-06,
    "epoch18": 5.746931470525851e-06,
    "epoch19": 5.7189893298073e-06,
    "epoch20": 5.715190824844285e-06,
    "epoch21": 5.715167557696077e-06,
    "epoch22": 5.713439455689695e-06,
    "epoch23": 5.685310617081996e-06,
    "epoch24": 5.687932339697e-06,
    "epoch25": 5.717678851283381e-06,
    "epoch26": 5.670974058034517e-06,
    "epoch27": 5.726692318603454e-06,
    "epoch28": 5.674169436360898e-06,
    "epoch29": 5.65894217334062e-06,
    "epoch30": 5.666817590963547e-06
}