{
    "epoch1": 0.17004028363869741,
    "epoch2": 0.2294522518148789,
    "epoch3": 0.2533607895557697,
    "epoch4": 0.2864822120620654,
    "epoch5": 0.2917613559044324,
    "epoch6": 0.28851402837496537,
    "epoch7": 0.338670059465445,
    "epoch8": 0.35055567897283113,
    "epoch9": 0.36027024113214934,
    "epoch10": 0.3317168824947797,
    "epoch11": 0.35602309039005864,
    "epoch12": 0.31848347645539504,
    "epoch13": 0.33892645514928377,
    "epoch14": 0.3393701888047732,
    "epoch15": 0.34844791430693406,
    "epoch16": 0.3281867022697742,
    "epoch17": 0.3311533492345076,
    "epoch18": 0.36363288645560926,
    "epoch19": 0.36165569722652435,
    "epoch20": 0.34721065026063186
}