{
    "epoch1": 0.00017588247649837286,
    "epoch2": 0.0001396384629770182,
    "epoch3": 0.00011721659245085903,
    "epoch4": 0.00010454707309691002,
    "epoch5": 9.810362515054294e-05,
    "epoch6": 9.5151544912369e-05,
    "epoch7": 9.38880372686981e-05,
    "epoch8": 9.330485877399042e-05,
    "epoch9": 9.300257653376321e-05,
    "epoch10": 9.27779467219807e-05,
    "epoch11": 9.26099127245834e-05,
    "epoch12": 9.247193958617573e-05,
    "epoch13": 9.233211079117609e-05,
    "epoch14": 9.219555139316071e-05,
    "epoch15": 9.202988309516513e-05,
    "epoch16": 9.192862301188143e-05,
    "epoch17": 9.177747480316612e-05,
    "epoch18": 9.167895291830064e-05,
    "epoch19": 9.157745719494414e-05,
    "epoch20": 9.147757773826015e-05,
    "epoch21": 9.135360490563471e-05,
    "epoch22": 9.131197593887918e-05,
    "epoch23": 9.12158795445066e-05,
    "epoch24": 9.110704790236923e-05,
    "epoch25": 9.112498844842775e-05,
    "epoch26": 9.103878744917892e-05,
    "epoch27": 9.098172703215823e-05,
    "epoch28": 9.095375284869079e-05,
    "epoch29": 9.092799300833576e-05,
    "epoch30": 9.085170263006148e-05
}