{
    "epoch1": 3174.6031746031745,
    "epoch2": 3171.355406746032,
    "epoch3": 3115.3162202380954,
    "epoch4": 2894.6388888888887,
    "epoch5": 2471.3601190476193,
    "epoch6": 2229.153273809524,
    "epoch7": 2076.5787450396824,
    "epoch8": 2009.3585069444443,
    "epoch9": 1974.1346726190477,
    "epoch10": 1934.7611607142858,
    "epoch11": 1910.7511160714287,
    "epoch12": 1894.351810515873,
    "epoch13": 1881.118675595238,
    "epoch14": 1868.6551339285713,
    "epoch15": 1843.820064484127,
    "epoch16": 1830.2171378968253,
    "epoch17": 1796.8085317460318,
    "epoch18": 1777.1805555555557,
    "epoch19": 1754.3973214285713,
    "epoch20": 1732.8375496031747,
    "epoch21": 1700.0665922619048,
    "epoch22": 1691.6609623015872,
    "epoch23": 1664.3905009920634,
    "epoch24": 1628.5089285714287,
    "epoch25": 1638.1099950396826,
    "epoch26": 1606.2068452380952,
    "epoch27": 1585.5843253968253,
    "epoch28": 1577.608382936508,
    "epoch29": 1570.9243551587301,
    "epoch30": 1542.7315228174602
}