{
    "epoch1": 0.8621390524983406,
    "epoch2": 0.8918057182788849,
    "epoch3": 0.9068466701507568,
    "epoch4": 0.9225666698217392,
    "epoch5": 0.9336066696166992,
    "epoch6": 0.9387133360862732,
    "epoch7": 0.9446133357048034,
    "epoch8": 0.9491866687774658,
    "epoch9": 0.9496200022697449,
    "epoch10": 0.9526400019645691,
    "epoch11": 0.9551733351707459,
    "epoch12": 0.9609333349704743,
    "epoch13": 0.95970666847229,
    "epoch14": 0.9636400015830994,
    "epoch15": 0.9628933349609375,
    "epoch16": 0.9656400014877319,
    "epoch17": 0.964013334941864,
    "epoch18": 0.9641466682434082,
    "epoch19": 0.9667600014209747,
    "epoch20": 0.9646266681671143,
    "epoch21": 0.9665733348846436,
    "epoch22": 0.9685066682338714,
    "epoch23": 0.9680133348226547,
    "epoch24": 0.9695466680526733,
    "epoch25": 0.9700000013828277,
    "epoch26": 0.965066668176651,
    "epoch27": 0.9704000011920929,
    "epoch28": 0.9673466680526733,
    "epoch29": 0.9661466681480407,
    "epoch30": 0.969413334608078,
    "epoch31": 0.970173334646225,
    "epoch32": 0.9698133346557617,
    "epoch33": 0.9680266680240631,
    "epoch34": 0.9694800013542175,
    "epoch35": 0.9706000012397766,
    "epoch36": 0.9706133345603943,
    "epoch37": 0.9704533346176147,
    "epoch38": 0.9711200011730194,
    "epoch39": 0.970053334569931,
    "epoch40": 0.9695600014209748,
    "epoch41": 0.9704000013828278,
    "epoch42": 0.9708800013065338,
    "epoch43": 0.9695466678619384,
    "epoch44": 0.9699600014209747,
    "epoch45": 0.9680533346176148,
    "epoch46": 0.9694666679382324,
    "epoch47": 0.9715276203155517,
    "epoch48": 0.9707733345985412,
    "epoch49": 0.9719200012207031,
    "epoch50": 0.9719200010299682
}