{
    "epoch1": 0.7228066727886597,
    "epoch2": 0.8863522267639637,
    "epoch3": 0.9095142893850804,
    "epoch4": 0.9253212731599808,
    "epoch5": 0.9370050821721554,
    "epoch6": 0.9453457168539365,
    "epoch7": 0.9522444467067719,
    "epoch8": 0.9590555576761564,
    "epoch9": 0.962535398554802,
    "epoch10": 0.9674153985102971,
    "epoch11": 0.9708487315495808,
    "epoch12": 0.9729765091180801,
    "epoch13": 0.9760634932478269,
    "epoch14": 0.9781490486542384,
    "epoch15": 0.9813914293964704,
    "epoch16": 0.9825120643536249,
    "epoch17": 0.984032064294815,
    "epoch18": 0.9854076197306315,
    "epoch19": 0.9863200006524722,
    "epoch20": 0.9886066672404608,
    "epoch21": 0.9887133338769277,
    "epoch22": 0.9898577782789866,
    "epoch23": 0.9906022226095199,
    "epoch24": 0.9915809528032938,
    "epoch25": 0.991574603565534,
    "epoch26": 0.9911819051702817,
    "epoch27": 0.9927734924554825,
    "epoch28": 0.9933422225554784,
    "epoch29": 0.9940488891601562,
    "epoch30": 0.9946511113246282,
    "epoch31": 0.99499555580616,
    "epoch32": 0.9956066668748855,
    "epoch33": 0.996074285976092,
    "epoch34": 0.9961933335542679,
    "epoch35": 0.9962200002272924,
    "epoch36": 0.9956469843308131,
    "epoch37": 0.996128889075915,
    "epoch38": 0.9967577779054642,
    "epoch39": 0.9968844446182251,
    "epoch40": 0.9977400001366933,
    "epoch41": 0.9976088890075684,
    "epoch42": 0.9975311112244923,
    "epoch43": 0.9970190477450689,
    "epoch44": 0.9975422223329544,
    "epoch45": 0.99774444454511,
    "epoch46": 0.9971377779245376,
    "epoch47": 0.9979533334414165,
    "epoch48": 0.9976044445435206,
    "epoch49": 0.9977577779134115,
    "epoch50": 0.9978711112181345
}