{
    "epoch1": 42.64605063580452,
    "epoch2": 32.676401990525264,
    "epoch3": 30.895640271775267,
    "epoch4": 29.30631077543218,
    "epoch5": 29.78449395362367,
    "epoch6": 28.09821205950798,
    "epoch7": 27.84195790392287,
    "epoch8": 27.63109052942154,
    "epoch9": 27.892918363530587,
    "epoch10": 26.61785239361702,
    "epoch11": 26.28852227393617,
    "epoch12": 27.54588545129654,
    "epoch13": 25.8544921875,
    "epoch14": 25.598414644281913,
    "epoch15": 25.26163304105718,
    "epoch16": 26.41871415807846,
    "epoch17": 24.868047186668882,
    "epoch18": 25.326964033410903,
    "epoch19": 26.4622491065492,
    "epoch20": 25.09997298869681,
    "epoch21": 25.479396089594413,
    "epoch22": 24.37797903507314,
    "epoch23": 24.950626454454788,
    "epoch24": 24.370802859042552,
    "epoch25": 26.115797976230052,
    "epoch26": 25.573494119847073,
    "epoch27": 25.42699935588431,
    "epoch28": 24.970645985704788,
    "epoch29": 24.105055788730052,
    "epoch30": 25.88619151013963,
    "epoch31": 23.900208818151597,
    "epoch32": 23.71812666223404,
    "epoch33": 23.984941198470743,
    "epoch34": 24.082350710605052,
    "epoch35": 24.517310609208778,
    "epoch36": 24.20589625581782,
    "epoch37": 23.7191162109375,
    "epoch38": 23.883433240525267,
    "epoch39": 23.799485226894948,
    "epoch40": 23.748493600398938,
    "epoch41": 24.85727902676197,
    "epoch42": 23.84269032579787,
    "epoch43": 23.36080607962101,
    "epoch44": 23.559388505651597,
    "epoch45": 24.60960095994016,
    "epoch46": 23.254960729720743,
    "epoch47": 24.07402915142952,
    "epoch48": 23.22651055518617,
    "epoch49": 23.588111390458778,
    "epoch50": 23.57632770944149,
    "epoch51": 23.71834483045213,
    "epoch52": 23.22507687832447,
    "epoch53": 23.00154795545213,
    "epoch54": 24.66474037982048,
    "epoch55": 26.107985476230052,
    "epoch56": 23.117042054521278,
    "epoch57": 23.22436263713431,
    "epoch58": 23.54849827543218,
    "epoch59": 22.86094892785904,
    "epoch60": 22.87138723819814,
    "epoch61": 22.74555612117686,
    "epoch62": 22.83021577875665,
    "epoch63": 23.6680908203125,
    "epoch64": 22.6427313622008,
    "epoch65": 23.64271318151596,
    "epoch66": 22.42429562832447,
    "epoch67": 22.680983523105052,
    "epoch68": 24.469035696476062,
    "epoch69": 22.36411496426197,
    "epoch70": 22.663844331781913,
    "epoch71": 22.864457800033243,
    "epoch72": 22.724788584607712,
    "epoch73": 22.444065824468087,
    "epoch74": 22.48334649268617,
    "epoch75": 23.19152572307181,
    "epoch76": 23.183448304521278,
    "epoch77": 22.3517157372008,
    "epoch78": 23.832301363031913,
    "epoch79": 24.842781229222073,
    "epoch80": 23.6932684715758,
    "epoch81": 23.184528756648938,
    "epoch82": 22.65236193068484,
    "epoch83": 22.482780294215427,
    "epoch84": 22.25450361535904,
    "epoch85": 22.8553778465758,
    "epoch86": 22.50650868517287,
    "epoch87": 25.142240483710108,
    "epoch88": 21.97738063081782,
    "epoch89": 22.0091241065492,
    "epoch90": 23.895850648271278,
    "epoch91": 22.13290080618351,
    "epoch92": 23.13244369182181,
    "epoch93": 22.673020383144948,
    "epoch94": 21.860398312832448,
    "epoch95": 21.78176555227726,
    "epoch96": 22.01744047124335,
    "epoch97": 22.134061772772608,
    "epoch98": 21.672456781914892,
    "epoch99": 21.722928960272608,
    "epoch100": 22.47840654089096
}