{
    "epoch1": 0.06570452948411305,
    "epoch2": 0.06211137771606445,
    "epoch3": 0.05883914480606715,
    "epoch4": 0.05586970349152883,
    "epoch5": 0.053173097471396126,
    "epoch6": 0.05077850818634033,
    "epoch7": 0.04865011821190516,
    "epoch8": 0.04674848293264707,
    "epoch9": 0.04503114086886247,
    "epoch10": 0.04360982465247313,
    "epoch11": 0.04232041661938032,
    "epoch12": 0.041260535518328346,
    "epoch13": 0.04034712848563989,
    "epoch14": 0.039544958621263504,
    "epoch15": 0.03888587529460589,
    "epoch16": 0.03828606382012367,
    "epoch17": 0.037798164412379265,
    "epoch18": 0.037354967246452965,
    "epoch19": 0.03695911541581154,
    "epoch20": 0.0365856538216273,
    "epoch21": 0.03624902293086052,
    "epoch22": 0.03591445585091909,
    "epoch23": 0.035588979721069336,
    "epoch24": 0.03526448210080465,
    "epoch25": 0.03493141817549864,
    "epoch26": 0.03458326496183872,
    "epoch27": 0.03421841189265251,
    "epoch28": 0.0338796383390824,
    "epoch29": 0.033528669426838555,
    "epoch30": 0.03315684820214907
}