{
    "epoch1": 101.10449993799604,
    "epoch2": 49.04599144345238,
    "epoch3": 46.627030629960316,
    "epoch4": 43.71002294146825,
    "epoch5": 39.969366164434526,
    "epoch6": 36.83111281622024,
    "epoch7": 34.613695901537696,
    "epoch8": 33.67680431547619,
    "epoch9": 33.280928354414684,
    "epoch10": 32.55064949156746,
    "epoch11": 32.10023522755456,
    "epoch12": 31.811236669146826,
    "epoch13": 31.62933834015377,
    "epoch14": 31.32095191592262,
    "epoch15": 31.059442429315474,
    "epoch16": 30.799463665674605,
    "epoch17": 30.525638640873016,
    "epoch18": 30.59612358940972,
    "epoch19": 30.32641407800099,
    "epoch20": 30.252334836929563,
    "epoch21": 29.99877154637897,
    "epoch22": 29.99366203187004,
    "epoch23": 29.93360150049603,
    "epoch24": 29.61768546937004,
    "epoch25": 29.75828140500992,
    "epoch26": 29.473425486731152,
    "epoch27": 29.4863765656002,
    "epoch28": 29.352469308035715,
    "epoch29": 29.31628224206349,
    "epoch30": 29.347208658854168,
    "epoch31": 29.247486901661706,
    "epoch32": 28.85710991753472,
    "epoch33": 28.98124767485119,
    "epoch34": 29.227161225818453,
    "epoch35": 28.99411931113591,
    "epoch36": 28.72314453125,
    "epoch37": 28.742272755456348,
    "epoch38": 28.63904002356151,
    "epoch39": 28.79914783296131,
    "epoch40": 28.635209340897816,
    "epoch41": 28.471662248883927,
    "epoch42": 28.553509424603174,
    "epoch43": 28.65531994047619,
    "epoch44": 28.871401832217263,
    "epoch45": 28.31918480282738,
    "epoch46": 28.568617078993057,
    "epoch47": 28.27630130828373,
    "epoch48": 28.44833519345238,
    "epoch49": 28.693270244295636,
    "epoch50": 28.110518198164684,
    "epoch51": 28.231317429315474,
    "epoch52": 28.017056904141864,
    "epoch53": 28.20849803137401,
    "epoch54": 28.714097764756943,
    "epoch55": 27.925465417286706,
    "epoch56": 28.269544813368057,
    "epoch57": 27.931937081473215,
    "epoch58": 28.012007455977184,
    "epoch59": 28.026636517237105,
    "epoch60": 27.99148414248512,
    "epoch61": 27.930803571428573,
    "epoch62": 27.763648623511905,
    "epoch63": 27.807047526041668,
    "epoch64": 27.918141198536706,
    "epoch65": 27.779637896825395,
    "epoch66": 27.719166589161706,
    "epoch67": 27.70116218687996,
    "epoch68": 27.689212859623016,
    "epoch69": 27.43040054563492,
    "epoch70": 27.562496124751984,
    "epoch71": 27.718885633680557,
    "epoch72": 27.641260540674605,
    "epoch73": 27.769744388640873,
    "epoch74": 27.555799696180557,
    "epoch75": 27.497066437251984,
    "epoch76": 27.255467974950395,
    "epoch77": 27.36005123077877,
    "epoch78": 27.404066297743057,
    "epoch79": 27.234212239583332,
    "epoch80": 27.272023034474206,
    "epoch81": 27.391285729786706,
    "epoch82": 27.292199513268848,
    "epoch83": 27.214547293526785,
    "epoch84": 27.341285342261905,
    "epoch85": 27.072682214161706,
    "epoch86": 27.6321285187252,
    "epoch87": 27.17246597532242,
    "epoch88": 27.136993892609127,
    "epoch89": 27.03603786892361,
    "epoch90": 27.12494380890377,
    "epoch91": 27.187955341641864,
    "epoch92": 27.16376410590278,
    "epoch93": 27.22627185639881,
    "epoch94": 27.36463177393353,
    "epoch95": 27.235682896205358,
    "epoch96": 27.32351539248512,
    "epoch97": 26.94887385292659,
    "epoch98": 27.09331597222222,
    "epoch99": 27.251181950644842,
    "epoch100": 26.86355251736111
}