{
    "epoch1": 56.48248726981027,
    "epoch2": 43.14676775251116,
    "epoch3": 43.77733939034598,
    "epoch4": 41.945055280412944,
    "epoch5": 41.217886788504465,
    "epoch6": 39.891632080078125,
    "epoch7": 38.886260986328125,
    "epoch8": 37.09291730608259,
    "epoch9": 35.821685791015625,
    "epoch10": 34.272652762276785,
    "epoch11": 32.67749459402902,
    "epoch12": 31.817147391183035,
    "epoch13": 30.505630493164062,
    "epoch14": 29.682525634765625,
    "epoch15": 29.265995570591517,
    "epoch16": 28.500684465680802,
    "epoch17": 28.500440325055802,
    "epoch18": 29.044468470982142,
    "epoch19": 29.43976048060826,
    "epoch20": 27.99404035295759,
    "epoch21": 27.520721435546875,
    "epoch22": 27.463834490094865,
    "epoch23": 27.339872087751115,
    "epoch24": 28.94850594656808,
    "epoch25": 27.529898507254465,
    "epoch26": 26.615862165178573,
    "epoch27": 26.517870221819198,
    "epoch28": 26.54319109235491,
    "epoch29": 26.489534650530135,
    "epoch30": 26.262991768973215,
    "epoch31": 26.135587419782365,
    "epoch32": 26.015662057059153,
    "epoch33": 25.88393293108259,
    "epoch34": 25.99344744001116,
    "epoch35": 25.986171177455358,
    "epoch36": 25.96278817313058,
    "epoch37": 26.347590855189733,
    "epoch38": 27.328739711216517,
    "epoch39": 26.138126918247767,
    "epoch40": 25.464686802455358,
    "epoch41": 25.326368059430802,
    "epoch42": 25.327235630580358,
    "epoch43": 25.67885480608259,
    "epoch44": 26.218902587890625,
    "epoch45": 25.161503383091517,
    "epoch46": 25.52947780064174,
    "epoch47": 25.198115757533483,
    "epoch48": 24.95416041782924,
    "epoch49": 25.124250139508927,
    "epoch50": 24.900098528180802,
    "epoch51": 25.072418212890625,
    "epoch52": 25.06992667061942,
    "epoch53": 25.160919189453125,
    "epoch54": 24.948837280273438,
    "epoch55": 25.08832005092076,
    "epoch56": 25.044400896344865,
    "epoch57": 24.72625732421875,
    "epoch58": 24.822178431919642,
    "epoch59": 24.661795479910715,
    "epoch60": 24.811937604631698,
    "epoch61": 24.766326904296875,
    "epoch62": 24.575448172433035,
    "epoch63": 24.636744907924108,
    "epoch64": 24.532235281808035,
    "epoch65": 24.54638889857701,
    "epoch66": 24.4967041015625,
    "epoch67": 24.747015816824778,
    "epoch68": 24.438363211495535,
    "epoch69": 24.980906895228795,
    "epoch70": 24.915758405412948,
    "epoch71": 24.59786115373884,
    "epoch72": 24.522018432617188,
    "epoch73": 24.479854038783483,
    "epoch74": 24.509678431919642,
    "epoch75": 24.277417864118302,
    "epoch76": 24.421221051897323,
    "epoch77": 24.213943481445312,
    "epoch78": 24.766161237444198,
    "epoch79": 24.291229248046875,
    "epoch80": 24.38020978655134,
    "epoch81": 24.210880824497767,
    "epoch82": 24.564987182617188,
    "epoch83": 25.124705723353795,
    "epoch84": 24.398306710379465,
    "epoch85": 24.05755615234375,
    "epoch86": 24.414947509765625,
    "epoch87": 24.407261439732142,
    "epoch88": 24.144393920898438,
    "epoch89": 24.076472691127233,
    "epoch90": 24.80359104701451,
    "epoch91": 24.032302856445312,
    "epoch92": 23.934927804129465,
    "epoch93": 24.491790771484375,
    "epoch94": 23.951276506696427,
    "epoch95": 24.581793648856028,
    "epoch96": 24.382213047572545,
    "epoch97": 24.134700230189733,
    "epoch98": 23.791104997907365,
    "epoch99": 23.91792951311384,
    "epoch100": 23.928288051060267
}