{
    "epoch1": 199.99833170572916,
    "epoch2": 199.0837605794271,
    "epoch3": 191.71417236328125,
    "epoch4": 173.3403523763021,
    "epoch5": 152.29081217447916,
    "epoch6": 138.59498087565103,
    "epoch7": 128.00838216145834,
    "epoch8": 120.10304768880208,
    "epoch9": 113.11341349283855,
    "epoch10": 106.11974080403645,
    "epoch11": 100.7965596516927,
    "epoch12": 95.0596211751302,
    "epoch13": 92.54598999023438,
    "epoch14": 87.55271402994792,
    "epoch15": 85.33446248372395,
    "epoch16": 82.826171875,
    "epoch17": 80.20664469401042,
    "epoch18": 79.06422932942708,
    "epoch19": 77.3280741373698,
    "epoch20": 76.02843221028645,
    "epoch21": 74.95108032226562,
    "epoch22": 73.9519755045573,
    "epoch23": 73.9100341796875,
    "epoch24": 72.88957214355469,
    "epoch25": 73.52242533365886,
    "epoch26": 72.22548929850261,
    "epoch27": 73.30628967285156,
    "epoch28": 72.78112284342448,
    "epoch29": 73.13331604003906,
    "epoch30": 72.4540303548177
}