{
    "epoch1": 199.94124348958334,
    "epoch2": 196.4359334309896,
    "epoch3": 183.67864990234375,
    "epoch4": 151.72130330403647,
    "epoch5": 137.3905029296875,
    "epoch6": 129.28045654296875,
    "epoch7": 123.35573323567708,
    "epoch8": 117.62766520182292,
    "epoch9": 111.92753092447917,
    "epoch10": 107.2725830078125,
    "epoch11": 103.03150431315105,
    "epoch12": 99.03875732421875,
    "epoch13": 95.4725850423177,
    "epoch14": 92.2276611328125,
    "epoch15": 89.56697591145833,
    "epoch16": 87.21417236328125,
    "epoch17": 85.11236063639323,
    "epoch18": 83.3981424967448,
    "epoch19": 82.13006083170573,
    "epoch20": 81.09706624348958,
    "epoch21": 80.35051981608073,
    "epoch22": 79.85523986816406,
    "epoch23": 79.61376444498698,
    "epoch24": 79.52716064453125,
    "epoch25": 79.48129272460938,
    "epoch26": 79.46333821614583,
    "epoch27": 79.43934122721355,
    "epoch28": 79.4482930501302,
    "epoch29": 79.47117614746094,
    "epoch30": 79.44392903645833
}