{
    "epoch1": 4.7088623396120966e-05,
    "epoch2": 3.4218211494589925e-05,
    "epoch3": 2.7871414317814924e-05,
    "epoch4": 2.497216549272707e-05,
    "epoch5": 2.3822208017918456e-05,
    "epoch6": 2.3416558804001397e-05,
    "epoch7": 2.3267304729870375e-05,
    "epoch8": 2.3186881687706773e-05,
    "epoch9": 2.3113735092010757e-05,
    "epoch10": 2.3037372106955444e-05,
    "epoch11": 2.2964656786825798e-05,
    "epoch12": 2.2885307466822268e-05,
    "epoch13": 2.280650664033601e-05,
    "epoch14": 2.2732241616267858e-05,
    "epoch15": 2.2665898718514655e-05,
    "epoch16": 2.260364683934313e-05,
    "epoch17": 2.253393665569092e-05,
    "epoch18": 2.2480582272237372e-05,
    "epoch19": 2.2415803628064168e-05,
    "epoch20": 2.2369378852999945e-05,
    "epoch21": 2.2317171265058277e-05,
    "epoch22": 2.2268082059326843e-05,
    "epoch23": 2.2221099270609558e-05,
    "epoch24": 2.2175873975811556e-05,
    "epoch25": 2.2139443040032347e-05,
    "epoch26": 2.209970447438536e-05,
    "epoch27": 2.2067290005907124e-05,
    "epoch28": 2.203479617492121e-05,
    "epoch29": 2.2006063200024074e-05,
    "epoch30": 2.1971835792555794e-05
}