{
    "epoch1": 195.74970703125,
    "epoch2": 184.79763671875,
    "epoch3": 161.050791015625,
    "epoch4": 142.82958984375,
    "epoch5": 131.479072265625,
    "epoch6": 127.666728515625,
    "epoch7": 123.950576171875,
    "epoch8": 122.419423828125,
    "epoch9": 121.4454296875,
    "epoch10": 120.45333984375,
    "epoch11": 119.087890625,
    "epoch12": 118.233330078125,
    "epoch13": 117.399326171875,
    "epoch14": 116.65787109375,
    "epoch15": 115.867236328125,
    "epoch16": 114.908857421875,
    "epoch17": 114.44501953125,
    "epoch18": 113.70740234375,
    "epoch19": 113.2931640625,
    "epoch20": 112.45806640625,
    "epoch21": 111.885888671875,
    "epoch22": 111.38095703125,
    "epoch23": 110.9626171875,
    "epoch24": 110.586787109375,
    "epoch25": 110.14185546875,
    "epoch26": 109.751015625,
    "epoch27": 109.099482421875,
    "epoch28": 108.626005859375,
    "epoch29": 108.024482421875,
    "epoch30": 107.691806640625
}