{
    "epoch1": 3174.6031746031745,
    "epoch2": 3174.6031746031745,
    "epoch3": 3140.969246031746,
    "epoch4": 2922.5270337301586,
    "epoch5": 2531.5694444444443,
    "epoch6": 2264.5270337301586,
    "epoch7": 2030.1966765873017,
    "epoch8": 1919.7460317460318,
    "epoch9": 1870.477554563492,
    "epoch10": 1834.743675595238,
    "epoch11": 1802.8242807539682,
    "epoch12": 1785.5003720238096,
    "epoch13": 1763.3869047619048,
    "epoch14": 1746.796130952381,
    "epoch15": 1730.0812251984128,
    "epoch16": 1706.2863343253969,
    "epoch17": 1689.2645089285713,
    "epoch18": 1674.7219742063492,
    "epoch19": 1644.8405257936508,
    "epoch20": 1602.2032490079366,
    "epoch21": 1608.9575892857142,
    "epoch22": 1595.3209325396826,
    "epoch23": 1563.1755952380952,
    "epoch24": 1554.4805307539682,
    "epoch25": 1553.171626984127,
    "epoch26": 1503.6908482142858,
    "epoch27": 1504.2420634920634,
    "epoch28": 1515.782986111111,
    "epoch29": 1501.6941964285713,
    "epoch30": 1477.388640873016
}