{
    "epoch1": 3200.0,
    "epoch2": 3200.0,
    "epoch3": 3192.18275,
    "epoch4": 3100.76,
    "epoch5": 2778.63675,
    "epoch6": 2364.8315,
    "epoch7": 2099.37775,
    "epoch8": 1945.29725,
    "epoch9": 1864.732125,
    "epoch10": 1810.508375,
    "epoch11": 1781.853,
    "epoch12": 1754.77075,
    "epoch13": 1733.525,
    "epoch14": 1713.53575,
    "epoch15": 1689.137,
    "epoch16": 1672.20275,
    "epoch17": 1652.89225,
    "epoch18": 1635.175125,
    "epoch19": 1621.80675,
    "epoch20": 1603.423375,
    "epoch21": 1581.516625,
    "epoch22": 1567.88425,
    "epoch23": 1558.160625,
    "epoch24": 1540.391,
    "epoch25": 1523.80375,
    "epoch26": 1520.16825,
    "epoch27": 1497.722375,
    "epoch28": 1481.830375,
    "epoch29": 1479.3255,
    "epoch30": 1470.390625
}