{
    "epoch1": 2.8218813129569753e-05,
    "epoch2": 2.750276533788565e-05,
    "epoch3": 2.6997034146916122e-05,
    "epoch4": 2.657329051726265e-05,
    "epoch5": 2.6250710059684933e-05,
    "epoch6": 2.5984451511249064e-05,
    "epoch7": 2.5776800760468176e-05,
    "epoch8": 2.5611272599689982e-05,
    "epoch9": 2.547455403873755e-05,
    "epoch10": 2.5364226059082284e-05,
    "epoch11": 2.5268235467592604e-05,
    "epoch12": 2.5191052667651094e-05,
    "epoch13": 2.5120598033481656e-05,
    "epoch14": 2.5062250207156468e-05,
    "epoch15": 2.5013747831962973e-05,
    "epoch16": 2.4972878006792597e-05,
    "epoch17": 2.4937013805811148e-05,
    "epoch18": 2.490487047998613e-05,
    "epoch19": 2.4864570062163694e-05,
    "epoch20": 2.4838229892111487e-05,
    "epoch21": 2.4807679709056175e-05,
    "epoch22": 2.478694390470082e-05,
    "epoch23": 2.4767424094534364e-05,
    "epoch24": 2.4746177113456723e-05,
    "epoch25": 2.473022339745512e-05,
    "epoch26": 2.4714539182923547e-05,
    "epoch27": 2.4699866223954814e-05,
    "epoch28": 2.4687662929864018e-05,
    "epoch29": 2.4680472952923083e-05,
    "epoch30": 2.466632897312593e-05
}