{
    "epoch1": 133.756234375,
    "epoch2": 135.89734375,
    "epoch3": 132.855578125,
    "epoch4": 130.5465234375,
    "epoch5": 127.044296875,
    "epoch6": 124.540609375,
    "epoch7": 121.8077109375,
    "epoch8": 119.5340390625,
    "epoch9": 117.652109375,
    "epoch10": 115.643703125,
    "epoch11": 114.1188515625,
    "epoch12": 113.2352265625,
    "epoch13": 111.3691640625,
    "epoch14": 109.9028984375,
    "epoch15": 109.45934375,
    "epoch16": 107.839828125,
    "epoch17": 107.3637265625,
    "epoch18": 106.2881484375,
    "epoch19": 105.877859375,
    "epoch20": 105.1931328125,
    "epoch21": 103.7458984375,
    "epoch22": 103.341234375,
    "epoch23": 103.32025,
    "epoch24": 101.894046875,
    "epoch25": 101.5110546875,
    "epoch26": 101.2079296875,
    "epoch27": 100.377359375,
    "epoch28": 100.0551640625,
    "epoch29": 99.3384921875,
    "epoch30": 99.43940625
}