{
    "epoch1": 89.96429443359375,
    "epoch2": 82.1312255859375,
    "epoch3": 81.17794799804688,
    "epoch4": 78.21505737304688,
    "epoch5": 74.37979125976562,
    "epoch6": 68.87584940592448,
    "epoch7": 63.685689290364586,
    "epoch8": 64.30771891276042,
    "epoch9": 60.01484680175781,
    "epoch10": 58.98907979329427,
    "epoch11": 58.51593017578125,
    "epoch12": 58.419962565104164,
    "epoch13": 57.10039774576823,
    "epoch14": 57.15455627441406,
    "epoch15": 56.08494567871094,
    "epoch16": 54.85895284016927,
    "epoch17": 54.45323181152344,
    "epoch18": 54.06372578938802,
    "epoch19": 53.43907674153646,
    "epoch20": 52.390543619791664,
    "epoch21": 51.4090576171875,
    "epoch22": 50.438985188802086,
    "epoch23": 49.54963684082031,
    "epoch24": 48.88838195800781,
    "epoch25": 47.97002156575521,
    "epoch26": 46.87913513183594,
    "epoch27": 46.22350565592448,
    "epoch28": 46.96680704752604,
    "epoch29": 45.404632568359375,
    "epoch30": 45.741302490234375
}