{
    "epoch1": 133.705087890625,
    "epoch2": 81.297431640625,
    "epoch3": 76.5988916015625,
    "epoch4": 74.78376953125,
    "epoch5": 72.18853515625,
    "epoch6": 69.0936181640625,
    "epoch7": 64.473271484375,
    "epoch8": 60.1880908203125,
    "epoch9": 59.5497607421875,
    "epoch10": 58.6983203125,
    "epoch11": 57.70154296875,
    "epoch12": 57.1494775390625,
    "epoch13": 56.71984375,
    "epoch14": 56.7203125,
    "epoch15": 55.9318798828125,
    "epoch16": 55.47634765625,
    "epoch17": 54.857900390625,
    "epoch18": 54.0532080078125,
    "epoch19": 52.9694482421875,
    "epoch20": 52.5016552734375,
    "epoch21": 51.7804541015625,
    "epoch22": 50.70255859375,
    "epoch23": 50.0817236328125,
    "epoch24": 49.2834765625,
    "epoch25": 48.2704296875,
    "epoch26": 47.931162109375,
    "epoch27": 46.7540869140625,
    "epoch28": 46.044658203125,
    "epoch29": 44.8585498046875,
    "epoch30": 44.129921875
}