{
    "epoch1": 0.0368413794785738,
    "epoch2": 0.026280587414900462,
    "epoch3": 0.022829891244570414,
    "epoch4": 0.018986442498862742,
    "epoch5": 0.015166908502578735,
    "epoch6": 0.01205784392853578,
    "epoch7": 0.009919629308084647,
    "epoch8": 0.008281192959596713,
    "epoch9": 0.007254877686500549,
    "epoch10": 0.006279320921748877,
    "epoch11": 0.0055706581721703214,
    "epoch12": 0.004986859842513998,
    "epoch13": 0.004693744595473012,
    "epoch14": 0.004137745530654987,
    "epoch15": 0.0038073189401378236,
    "epoch16": 0.0034780551834652823,
    "epoch17": 0.003179348213598132,
    "epoch18": 0.002945163007825613,
    "epoch19": 0.002719530339042346,
    "epoch20": 0.002498162475725015,
    "epoch21": 0.002313646806093554,
    "epoch22": 0.0021337981956700484,
    "epoch23": 0.00199578704778105,
    "epoch24": 0.0018244475591927766,
    "epoch25": 0.0016662641117970148,
    "epoch26": 0.0015588304493576288,
    "epoch27": 0.0014481348916888237,
    "epoch28": 0.0013370212943603595,
    "epoch29": 0.0012709489635502299,
    "epoch30": 0.0011633948578188816
}