{
    "epoch1": 0.2980833382382989,
    "epoch2": 0.6527595309317112,
    "epoch3": 0.7834083402380347,
    "epoch4": 0.8291083386987448,
    "epoch5": 0.8516226249188185,
    "epoch6": 0.8678190527260303,
    "epoch7": 0.8791416719257832,
    "epoch8": 0.8870845287293195,
    "epoch9": 0.8971511949598789,
    "epoch10": 0.8985904803872109,
    "epoch11": 0.9059666706621647,
    "epoch12": 0.9103571469187737,
    "epoch13": 0.9141500038802624,
    "epoch14": 0.9206761938631535,
    "epoch15": 0.924325003400445,
    "epoch16": 0.9278321467041969,
    "epoch17": 0.9327583367824555,
    "epoch18": 0.9332833363115788,
    "epoch19": 0.9370250028669834,
    "epoch20": 0.9374666691720486,
    "epoch21": 0.9495904787480831,
    "epoch22": 0.9456500026881695,
    "epoch23": 0.9500083358734847,
    "epoch24": 0.9516250022947789,
    "epoch25": 0.9549023829698563,
    "epoch26": 0.9597166687846184,
    "epoch27": 0.9612500018328428,
    "epoch28": 0.956758335351944,
    "epoch29": 0.9648690491318702,
    "epoch30": 0.962783334851265,
    "epoch31": 0.9708738109171391,
    "epoch32": 0.96948333466053,
    "epoch33": 0.9732833344936371,
    "epoch34": 0.9709500013589859,
    "epoch35": 0.9756000008285045,
    "epoch36": 0.9792238106131553,
    "epoch37": 0.9763833341598511,
    "epoch38": 0.976800000846386,
    "epoch39": 0.977500001102686,
    "epoch40": 0.9834916675388813,
    "epoch41": 0.9806000007987022,
    "epoch42": 0.9835500009655952,
    "epoch43": 0.9846666674613953,
    "epoch44": 0.9866333341598511,
    "epoch45": 0.9896666669845581,
    "epoch46": 0.9848666675686836,
    "epoch47": 0.9910500003695488,
    "epoch48": 0.9905833337903023,
    "epoch49": 0.9888166673183442,
    "epoch50": 0.9892500005960464
}