{
    "epoch1": 0.4743513025923403,
    "epoch2": 0.7292914242444638,
    "epoch3": 0.7911177704077281,
    "epoch4": 0.8266467116550057,
    "epoch5": 0.8469061930022553,
    "epoch6": 0.8470558932798351,
    "epoch7": 0.8516467119048455,
    "epoch8": 0.8708582882752676,
    "epoch9": 0.8747505037013642,
    "epoch10": 0.8787425194314854,
    "epoch11": 0.8798403245603253,
    "epoch12": 0.8834830385125326,
    "epoch13": 0.8902195651017263,
    "epoch14": 0.8862275493716052,
    "epoch15": 0.8897205635816038,
    "epoch16": 0.8977045957556742,
    "epoch17": 0.8947105834227123,
    "epoch18": 0.9011976096087587,
    "epoch19": 0.8995509028077839,
    "epoch20": 0.9010479091527219,
    "epoch21": 0.900698607553265,
    "epoch22": 0.8997006034422778,
    "epoch23": 0.9116766511680123,
    "epoch24": 0.9116766515249264,
    "epoch25": 0.9162674692576517,
    "epoch26": 0.9122754538844445,
    "epoch27": 0.9145209619741954,
    "epoch28": 0.9177644748887616,
    "epoch29": 0.9169161714122681,
    "epoch30": 0.9192614808767855,
    "epoch31": 0.9215069900372785,
    "epoch32": 0.923003995936074,
    "epoch33": 0.9225049941482658,
    "epoch34": 0.9235029979023391,
    "epoch35": 0.9255988064283382,
    "epoch36": 0.9195109814583898,
    "epoch37": 0.9232534966069067,
    "epoch38": 0.9220059926281432,
    "epoch39": 0.921407189554797,
    "epoch40": 0.9259980080013503,
    "epoch41": 0.9263972093959054,
    "epoch42": 0.9185129780612306,
    "epoch43": 0.9211576882593646,
    "epoch44": 0.921407189554797,
    "epoch45": 0.9252495044719673,
    "epoch46": 0.9212574887418461,
    "epoch47": 0.9207584868648095,
    "epoch48": 0.9263972097528195,
    "epoch49": 0.919910183566773,
    "epoch50": 0.9200099838707976
}