{
    "epoch1": 112.8831640625,
    "epoch2": 89.65927734375,
    "epoch3": 82.9569140625,
    "epoch4": 81.23892578125,
    "epoch5": 80.54220703125,
    "epoch6": 79.39822265625,
    "epoch7": 78.1735791015625,
    "epoch8": 76.6186474609375,
    "epoch9": 74.7713818359375,
    "epoch10": 73.4607666015625,
    "epoch11": 71.451025390625,
    "epoch12": 69.2471728515625,
    "epoch13": 66.8970263671875,
    "epoch14": 65.1982763671875,
    "epoch15": 62.3802587890625,
    "epoch16": 62.9103857421875,
    "epoch17": 59.712783203125,
    "epoch18": 60.40359375,
    "epoch19": 58.3691455078125,
    "epoch20": 56.623662109375,
    "epoch21": 56.390205078125,
    "epoch22": 56.097001953125,
    "epoch23": 55.84916015625,
    "epoch24": 55.6511474609375,
    "epoch25": 55.426259765625,
    "epoch26": 54.645927734375,
    "epoch27": 55.4283154296875,
    "epoch28": 54.205810546875,
    "epoch29": 53.5963623046875,
    "epoch30": 53.0865478515625
}