{
    "epoch1": 0.023722488122681778,
    "epoch2": 0.016380155536656577,
    "epoch3": 0.01126862313443174,
    "epoch4": 0.008471593648816148,
    "epoch5": 0.006819878821261227,
    "epoch6": 0.005551818253782888,
    "epoch7": 0.004681747658954312,
    "epoch8": 0.003935213938045005,
    "epoch9": 0.003332909371238202,
    "epoch10": 0.0027662812111278376,
    "epoch11": 0.0023580473207402974,
    "epoch12": 0.0019104848615825176,
    "epoch13": 0.0015962133232581739,
    "epoch14": 0.0013690598813506465,
    "epoch15": 0.001138411777598473,
    "epoch16": 0.0009711702344551062,
    "epoch17": 0.0008202075672064287,
    "epoch18": 0.0007524723478127271,
    "epoch19": 0.0006308477313723415,
    "epoch20": 0.000563067022691636,
    "epoch21": 0.0005053987939997265,
    "epoch22": 0.0004720112507736,
    "epoch23": 0.0004168244874260078,
    "epoch24": 0.000381306794830986,
    "epoch25": 0.0003463054708845448,
    "epoch26": 0.00031919337561703287,
    "epoch27": 0.0002927410969277844,
    "epoch28": 0.00027342853354639374,
    "epoch29": 0.0002580734847773177,
    "epoch30": 0.0002364950172098664
}