{
    "epoch1": 6799.007,
    "epoch2": 4878.7785,
    "epoch3": 4336.27,
    "epoch4": 3712.80825,
    "epoch5": 3504.754,
    "epoch6": 3381.85125,
    "epoch7": 3207.58875,
    "epoch8": 3011.327,
    "epoch9": 2830.8775,
    "epoch10": 2650.32225,
    "epoch11": 2505.62925,
    "epoch12": 2362.4125,
    "epoch13": 2219.61075,
    "epoch14": 2117.98475,
    "epoch15": 2034.32225,
    "epoch16": 1973.737375,
    "epoch17": 1911.956375,
    "epoch18": 1857.652875,
    "epoch19": 1795.049875,
    "epoch20": 1759.364125,
    "epoch21": 1707.87025,
    "epoch22": 1659.93625,
    "epoch23": 1610.771625,
    "epoch24": 1569.597625,
    "epoch25": 1541.274375,
    "epoch26": 1500.011375,
    "epoch27": 1468.41,
    "epoch28": 1449.22525,
    "epoch29": 1410.899125,
    "epoch30": 1387.10875
}