{
    "epoch1": 5202.988911290323,
    "epoch2": 4834.603326612903,
    "epoch3": 4185.637096774193,
    "epoch4": 3740.7293346774195,
    "epoch5": 3579.328629032258,
    "epoch6": 3480.0007560483873,
    "epoch7": 3285.1398689516127,
    "epoch8": 3101.147429435484,
    "epoch9": 2996.553679435484,
    "epoch10": 2811.6068548387098,
    "epoch11": 2652.336441532258,
    "epoch12": 2468.4251512096776,
    "epoch13": 2332.2313508064517,
    "epoch14": 2264.5042842741937,
    "epoch15": 2173.485383064516,
    "epoch16": 2108.2244203629034,
    "epoch17": 2037.567162298387,
    "epoch18": 2005.899193548387,
    "epoch19": 1987.6198336693549,
    "epoch20": 1890.7746975806451,
    "epoch21": 1880.453881048387,
    "epoch22": 1787.1640625,
    "epoch23": 1751.143523185484,
    "epoch24": 1747.417464717742,
    "epoch25": 1707.66796875,
    "epoch26": 1661.752898185484,
    "epoch27": 1623.8128780241937,
    "epoch28": 1593.5050403225807,
    "epoch29": 1561.996345766129,
    "epoch30": 1539.754914314516
}