{
    "epoch1": 0.02292344465968199,
    "epoch2": 0.02084409310191404,
    "epoch3": 0.019504957002936862,
    "epoch4": 0.018769094633171335,
    "epoch5": 0.0179661310830852,
    "epoch6": 0.017655576273682527,
    "epoch7": 0.018080506401020102,
    "epoch8": 0.017502374612377025,
    "epoch9": 0.01721429491590243,
    "epoch10": 0.017519201777759008,
    "epoch11": 0.016162306506885216,
    "epoch12": 0.01601390281575732,
    "epoch13": 0.01580338168423623,
    "epoch14": 0.01573673525126651,
    "epoch15": 0.01571008392784279,
    "epoch16": 0.01555173694214318,
    "epoch17": 0.01555649534566328,
    "epoch18": 0.015595855038554873,
    "epoch19": 0.0153301168611506,
    "epoch20": 0.015959987373207696,
    "epoch21": 0.015183214069111273,
    "epoch22": 0.015023442509118468,
    "epoch23": 0.015173112362390384,
    "epoch24": 0.014771788788493723,
    "epoch25": 0.015429125516675413,
    "epoch26": 0.01574244490620913,
    "epoch27": 0.015133236840483733,
    "epoch28": 0.014863025578961242,
    "epoch29": 0.014574549008102622,
    "epoch30": 0.01700172341952566,
    "epoch31": 0.015225005430693273,
    "epoch32": 0.014524341495416593,
    "epoch33": 0.015399201438413002,
    "epoch34": 0.014354389124491718,
    "epoch35": 0.01478423093794845,
    "epoch36": 0.014293744141468778,
    "epoch37": 0.014231049906811677,
    "epoch38": 0.01709939898137236,
    "epoch39": 0.015033638352178968,
    "epoch40": 0.014082745867199264,
    "epoch41": 0.014005301643919665,
    "epoch42": 0.014012150299095083,
    "epoch43": 0.014053047481866088,
    "epoch44": 0.014233039335522335,
    "epoch45": 0.013940095581347123,
    "epoch46": 0.013799229374853894,
    "epoch47": 0.014463234030699823,
    "epoch48": 0.013655369155458175,
    "epoch49": 0.013946480758022517,
    "epoch50": 0.013664829806657508,
    "epoch51": 0.013632956804940477,
    "epoch52": 0.013545578462071717,
    "epoch53": 0.01378845504950732,
    "epoch54": 0.013521588567527942,
    "epoch55": 0.01486267865402624,
    "epoch56": 0.013964788835437503,
    "epoch57": 0.01367180284432834,
    "epoch58": 0.013404196171904914,
    "epoch59": 0.013608186702185776,
    "epoch60": 0.01369589741807431,
    "epoch61": 0.013695478752197232,
    "epoch62": 0.013311299320776016,
    "epoch63": 0.013357060328416992,
    "epoch64": 0.01351169065310387,
    "epoch65": 0.013404369019553997,
    "epoch66": 0.013270061812363565,
    "epoch67": 0.01352965846308507,
    "epoch68": 0.01334101012616884,
    "epoch69": 0.015153478918364272,
    "epoch70": 0.013440443901345134,
    "epoch71": 0.013134301043464802,
    "epoch72": 0.013319695128302556,
    "epoch73": 0.013104707497404888,
    "epoch74": 0.013052765396423638,
    "epoch75": 0.013275808043545112,
    "epoch76": 0.012944007823534776,
    "epoch77": 0.013531186363252345,
    "epoch78": 0.01327714258513879,
    "epoch79": 0.013020242877246346,
    "epoch80": 0.01316967593447771,
    "epoch81": 0.013437654357403517,
    "epoch82": 0.013371728105994407,
    "epoch83": 0.013668397266883403,
    "epoch84": 0.013090630622173194,
    "epoch85": 0.013111168962495867,
    "epoch86": 0.01313703264167998,
    "epoch87": 0.013810670287057292,
    "epoch88": 0.014121864027401898,
    "epoch89": 0.012766085179464426,
    "epoch90": 0.012753921997500584,
    "epoch91": 0.012799888834706508,
    "epoch92": 0.012736626173136756,
    "epoch93": 0.012794791378837544,
    "epoch94": 0.013139138856786303,
    "epoch95": 0.0127109166351147,
    "epoch96": 0.012957526625541504,
    "epoch97": 0.012751104593917262,
    "epoch98": 0.013024611565924715,
    "epoch99": 0.012960183783434331,
    "epoch100": 0.012648201882257126
}