{
    "epoch1": 0.028994599444558844,
    "epoch2": 0.02265680133132264,
    "epoch3": 0.02124782872851938,
    "epoch4": 0.02090922955540009,
    "epoch5": 0.01995560445357114,
    "epoch6": 0.0194271408545319,
    "epoch7": 0.019085828695097007,
    "epoch8": 0.018638818728504702,
    "epoch9": 0.018597951115225442,
    "epoch10": 0.018163436878239736,
    "epoch11": 0.01776502135908231,
    "epoch12": 0.017501136986538768,
    "epoch13": 0.017487055127276108,
    "epoch14": 0.017895016120746732,
    "epoch15": 0.016911031110794283,
    "epoch16": 0.01680318704165984,
    "epoch17": 0.01672710440470837,
    "epoch18": 0.016543220990570262,
    "epoch19": 0.01652266456221696,
    "epoch20": 0.016320183771313168,
    "epoch21": 0.0161369764682604,
    "epoch22": 0.016279937350191176,
    "epoch23": 0.016594085478573106,
    "epoch24": 0.016067667296738364,
    "epoch25": 0.015781678375788033,
    "epoch26": 0.01576884905807674,
    "epoch27": 0.016002121585188434,
    "epoch28": 0.015642878017388284,
    "epoch29": 0.01599993660056498,
    "epoch30": 0.015686190672568046,
    "epoch31": 0.01564095972571522,
    "epoch32": 0.01539569185115397,
    "epoch33": 0.015379210715764202,
    "epoch34": 0.01529027747164946,
    "epoch35": 0.015463083822396584,
    "epoch36": 0.015165734002948739,
    "epoch37": 0.015264514164300635,
    "epoch38": 0.015096372590051033,
    "epoch39": 0.015219305700156838,
    "epoch40": 0.015307471636333503,
    "epoch41": 0.015045550739159808,
    "epoch42": 0.015713837696239352,
    "epoch43": 0.015042976097902283,
    "epoch44": 0.014916682004695758,
    "epoch45": 0.015079090604558587,
    "epoch46": 0.014826645798166282,
    "epoch47": 0.014807822917646263,
    "epoch48": 0.014841691816400271,
    "epoch49": 0.014935062266886234,
    "epoch50": 0.01466053621697938,
    "epoch51": 0.01471405506163137,
    "epoch52": 0.014840763309621252,
    "epoch53": 0.014654826518381014,
    "epoch54": 0.014889133759425022,
    "epoch55": 0.014614976280427072,
    "epoch56": 0.014711464988067746,
    "epoch57": 0.01454139057022985,
    "epoch58": 0.014682817236462142,
    "epoch59": 0.014952109049772844,
    "epoch60": 0.014431763309403323,
    "epoch61": 0.01450424068752909,
    "epoch62": 0.014347378863021731,
    "epoch63": 0.01449164078803733,
    "epoch64": 0.014318226523755584,
    "epoch65": 0.014570508370525204,
    "epoch66": 0.01502688365872018,
    "epoch67": 0.014250420790631324,
    "epoch68": 0.014697788596095052,
    "epoch69": 0.014400928354007192,
    "epoch70": 0.014665769747807644,
    "epoch71": 0.014525351260090247,
    "epoch72": 0.014976133010350168,
    "epoch73": 0.01416053193679545,
    "epoch74": 0.014300863011158071,
    "epoch75": 0.014435344390221871,
    "epoch76": 0.014303054042102303,
    "epoch77": 0.014723776694154367,
    "epoch78": 0.014083332440350205,
    "epoch79": 0.014177250806824304,
    "epoch80": 0.014951519573514815,
    "epoch81": 0.014082439483900089,
    "epoch82": 0.014880160342727322,
    "epoch83": 0.014035482665349264,
    "epoch84": 0.014019182621268556,
    "epoch85": 0.01404020100744674,
    "epoch86": 0.014218904856534209,
    "epoch87": 0.013982304284581915,
    "epoch88": 0.014205282597686164,
    "epoch89": 0.014288020858657546,
    "epoch90": 0.013937532879936043,
    "epoch91": 0.014002341318700928,
    "epoch92": 0.013999467970279511,
    "epoch93": 0.014086841081734747,
    "epoch94": 0.013947770399681758,
    "epoch95": 0.014309465477708727,
    "epoch96": 0.013752138511335943,
    "epoch97": 0.014137323407339863,
    "epoch98": 0.013831969241437037,
    "epoch99": 0.014042121620150283,
    "epoch100": 0.013816459068038967
}