{
    "epoch1": 78.82416735197368,
    "epoch2": 75.81476793791118,
    "epoch3": 74.26518811677632,
    "epoch4": 73.95256604646382,
    "epoch5": 74.40011436060855,
    "epoch6": 75.22125565378289,
    "epoch7": 76.03475791529605,
    "epoch8": 77.02274362664474,
    "epoch9": 77.91849557976974,
    "epoch10": 78.71761924342105,
    "epoch11": 79.48833264802632,
    "epoch12": 80.14565558182566,
    "epoch13": 80.77956028988487,
    "epoch14": 81.22002210115132,
    "epoch15": 81.65816457648026,
    "epoch16": 82.03301038240132,
    "epoch17": 82.34503495065789,
    "epoch18": 82.5754330283717,
    "epoch19": 82.80617804276316,
    "epoch20": 82.98122044613487,
    "epoch21": 82.9706967002467,
    "epoch22": 83.26055586965461,
    "epoch23": 83.33638080797698,
    "epoch24": 83.40663548519737,
    "epoch25": 83.42034590871711,
    "epoch26": 83.40076968544408,
    "epoch27": 83.39865594161184,
    "epoch28": 83.48904579564145,
    "epoch29": 83.44784385279605,
    "epoch30": 83.50881476151316
}