{
    "epoch1": 0.0547609177728494,
    "epoch2": 0.034271223843097685,
    "epoch3": 0.026242028176784515,
    "epoch4": 0.02051572681715091,
    "epoch5": 0.01607712619006634,
    "epoch6": 0.01284796018153429,
    "epoch7": 0.010543680936098098,
    "epoch8": 0.008915739754835764,
    "epoch9": 0.007592809914300839,
    "epoch10": 0.0065663510157416265,
    "epoch11": 0.005741932584593694,
    "epoch12": 0.005042966827750206,
    "epoch13": 0.004430824937298894,
    "epoch14": 0.0038971794613947472,
    "epoch15": 0.003454583433146278,
    "epoch16": 0.003088219370692968,
    "epoch17": 0.0027483333988736073,
    "epoch18": 0.0024703521902362507,
    "epoch19": 0.002228861162438989,
    "epoch20": 0.002017397705155114,
    "epoch21": 0.0018142248193422953,
    "epoch22": 0.0016672855786358316,
    "epoch23": 0.0014728105006118616,
    "epoch24": 0.0013416474607462685,
    "epoch25": 0.001229945329638819,
    "epoch26": 0.0011118083610199391,
    "epoch27": 0.0010136434769568343,
    "epoch28": 0.0009357099266101916,
    "epoch29": 0.0008649241353850812,
    "epoch30": 0.0008022772012433658
}