{
    "epoch1": 8897.254032258064,
    "epoch2": 5535.744455645161,
    "epoch3": 5011.728326612903,
    "epoch4": 4696.542338709677,
    "epoch5": 4329.565020161291,
    "epoch6": 4055.3054435483873,
    "epoch7": 3857.6345766129034,
    "epoch8": 3775.936491935484,
    "epoch9": 3672.936491935484,
    "epoch10": 3591.775453629032,
    "epoch11": 3461.3170362903224,
    "epoch12": 3371.6222278225805,
    "epoch13": 3227.6053427419356,
    "epoch14": 3158.310987903226,
    "epoch15": 3080.2585685483873,
    "epoch16": 2971.7321068548385,
    "epoch17": 2916.718245967742,
    "epoch18": 2812.6015625,
    "epoch19": 2753.055191532258,
    "epoch20": 2690.2147177419356,
    "epoch21": 2580.8477822580644,
    "epoch22": 2546.8014112903224,
    "epoch23": 2471.969254032258,
    "epoch24": 2400.5912298387098,
    "epoch25": 2344.7799899193546,
    "epoch26": 2286.6212197580644,
    "epoch27": 2238.6670866935483,
    "epoch28": 2184.9944556451615,
    "epoch29": 2138.486391129032,
    "epoch30": 2093.0992943548385
}