{
    "epoch1": 158.86384465144232,
    "epoch2": 78.21712552584134,
    "epoch3": 55.47802264873798,
    "epoch4": 51.80141977163461,
    "epoch5": 52.79431621844952,
    "epoch6": 52.28150353064904,
    "epoch7": 50.92822265625,
    "epoch8": 50.01963454026442,
    "epoch9": 49.40526404747596,
    "epoch10": 47.97138390174279,
    "epoch11": 47.08320969801683,
    "epoch12": 47.42855600210336,
    "epoch13": 46.34644493689904,
    "epoch14": 46.06682410606971,
    "epoch15": 44.72335580679086,
    "epoch16": 43.67618971604567,
    "epoch17": 42.07743013822115,
    "epoch18": 41.61512638972356,
    "epoch19": 40.77239990234375,
    "epoch20": 40.28199650691106,
    "epoch21": 39.18274395282452,
    "epoch22": 38.66765418419471,
    "epoch23": 38.51655461237981,
    "epoch24": 37.59901310847356,
    "epoch25": 37.48184673602764,
    "epoch26": 37.21233426607572,
    "epoch27": 36.36507943960336,
    "epoch28": 37.249133770282455,
    "epoch29": 35.69064096304086,
    "epoch30": 35.839648907001205,
    "epoch31": 35.92886822040264,
    "epoch32": 35.12188955453726,
    "epoch33": 35.57837618314303,
    "epoch34": 34.829761211688705,
    "epoch35": 35.23641733022836,
    "epoch36": 34.52299147385817,
    "epoch37": 34.89064378004808,
    "epoch38": 34.91301081730769,
    "epoch39": 34.44021371694711,
    "epoch40": 34.485189584585335,
    "epoch41": 33.69208467923678,
    "epoch42": 34.39219313401442,
    "epoch43": 33.808178241436295,
    "epoch44": 33.31503530649039,
    "epoch45": 33.83907846304086,
    "epoch46": 32.85204139122596,
    "epoch47": 33.85338651216947,
    "epoch48": 32.74415940504808,
    "epoch49": 33.15214186448317,
    "epoch50": 32.25362924429086,
    "epoch51": 32.76937631460336,
    "epoch52": 33.9219735952524,
    "epoch53": 32.49582378680889,
    "epoch54": 32.74993661733774,
    "epoch55": 32.18996957632211,
    "epoch56": 31.88470693734976,
    "epoch57": 32.7980722280649,
    "epoch58": 31.74119919996995,
    "epoch59": 32.9906991811899,
    "epoch60": 31.844224196213943,
    "epoch61": 32.03590510441707,
    "epoch62": 32.43842491736779,
    "epoch63": 31.944603553185097,
    "epoch64": 31.681358924278847,
    "epoch65": 31.951397235576923,
    "epoch66": 31.7459223820613,
    "epoch67": 32.61096895658053,
    "epoch68": 32.19155649038461,
    "epoch69": 31.797119140625,
    "epoch70": 32.009838397686295,
    "epoch71": 31.81510807917668,
    "epoch72": 31.333108755258415,
    "epoch73": 31.362750713641827,
    "epoch74": 31.52423330453726,
    "epoch75": 31.728306696965145,
    "epoch76": 31.762315016526443,
    "epoch77": 31.68682157076322,
    "epoch78": 31.53382286658654,
    "epoch79": 31.46197509765625,
    "epoch80": 31.40143291766827,
    "epoch81": 31.851785513070915,
    "epoch82": 31.855616642878605,
    "epoch83": 31.775979849008415,
    "epoch84": 31.807410606971153,
    "epoch85": 31.828721266526443,
    "epoch86": 31.93732393704928,
    "epoch87": 31.19960139347957,
    "epoch88": 31.90568425105168,
    "epoch89": 31.63658963716947,
    "epoch90": 31.522435114933895,
    "epoch91": 31.66644991361178,
    "epoch92": 31.96765840970553,
    "epoch93": 32.21517240084135,
    "epoch94": 31.775047889122597,
    "epoch95": 31.65459735576923,
    "epoch96": 31.7764164851262,
    "epoch97": 31.57178908128005,
    "epoch98": 31.618450458233173,
    "epoch99": 31.795151930588943,
    "epoch100": 32.014232928936295
}