{
    "epoch1": 0.0003291321164579131,
    "epoch2": 0.0003090098311076872,
    "epoch3": 0.0002913979486038443,
    "epoch4": 0.0002763778260850813,
    "epoch5": 0.0002635097569145728,
    "epoch6": 0.0002527768533764174,
    "epoch7": 0.00024380048947932664,
    "epoch8": 0.00023661531560719595,
    "epoch9": 0.00023065406194291426,
    "epoch10": 0.00022615453050093493,
    "epoch11": 0.0002225321975765837,
    "epoch12": 0.00021984241756399568,
    "epoch13": 0.0002177403054520255,
    "epoch14": 0.00021627212788189354,
    "epoch15": 0.00021522925909266632,
    "epoch16": 0.00021429575969705183,
    "epoch17": 0.00021370692937125568,
    "epoch18": 0.00021329661071831652,
    "epoch19": 0.0002129051847350638,
    "epoch20": 0.00021266322297378793,
    "epoch21": 0.00021247968508760094,
    "epoch22": 0.00021231063850791544,
    "epoch23": 0.00021217190185780056,
    "epoch24": 0.00021208360220043688,
    "epoch25": 0.00021197904752625618,
    "epoch26": 0.00021188210384934792,
    "epoch27": 0.00021179719778956495,
    "epoch28": 0.00021173678138438845,
    "epoch29": 0.00021168783592656837,
    "epoch30": 0.00021165120164369
}