{
    "epoch1": 200.0,
    "epoch2": 200.0,
    "epoch3": 200.0,
    "epoch4": 199.77857421875,
    "epoch5": 197.8166796875,
    "epoch6": 193.0325390625,
    "epoch7": 181.26072265625,
    "epoch8": 167.2534765625,
    "epoch9": 149.614541015625,
    "epoch10": 134.462421875,
    "epoch11": 117.85287109375,
    "epoch12": 105.893427734375,
    "epoch13": 98.50583984375,
    "epoch14": 94.494150390625,
    "epoch15": 92.1285546875,
    "epoch16": 91.114365234375,
    "epoch17": 90.750849609375,
    "epoch18": 90.769794921875,
    "epoch19": 90.90880859375,
    "epoch20": 91.04248046875,
    "epoch21": 91.0707421875,
    "epoch22": 90.96693359375,
    "epoch23": 90.792939453125,
    "epoch24": 90.518720703125,
    "epoch25": 90.21962890625,
    "epoch26": 89.870595703125,
    "epoch27": 89.56923828125,
    "epoch28": 89.2126171875,
    "epoch29": 88.867001953125,
    "epoch30": 88.523759765625
}