{
    "epoch1": 200.0,
    "epoch2": 200.0,
    "epoch3": 200.0,
    "epoch4": 199.4496484375,
    "epoch5": 198.14533203125,
    "epoch6": 194.26212890625,
    "epoch7": 185.1461328125,
    "epoch8": 172.23978515625,
    "epoch9": 156.0921484375,
    "epoch10": 140.07794921875,
    "epoch11": 125.058212890625,
    "epoch12": 113.397431640625,
    "epoch13": 103.888291015625,
    "epoch14": 97.86705078125,
    "epoch15": 94.7103515625,
    "epoch16": 92.82033203125,
    "epoch17": 91.345419921875,
    "epoch18": 90.7581640625,
    "epoch19": 90.20337890625,
    "epoch20": 89.845556640625,
    "epoch21": 89.6633984375,
    "epoch22": 89.491220703125,
    "epoch23": 89.34193359375,
    "epoch24": 88.998017578125,
    "epoch25": 88.93388671875,
    "epoch26": 88.78134765625,
    "epoch27": 88.584765625,
    "epoch28": 88.398798828125,
    "epoch29": 87.968564453125,
    "epoch30": 87.780830078125
}