{
    "epoch1": 47.7639045715332,
    "epoch2": 45.101051330566406,
    "epoch3": 41.799705505371094,
    "epoch4": 36.77090072631836,
    "epoch5": 32.95829391479492,
    "epoch6": 30.372041702270508,
    "epoch7": 30.738544464111328,
    "epoch8": 29.622655868530273,
    "epoch9": 29.6018009185791,
    "epoch10": 29.495588302612305,
    "epoch11": 29.093402862548828,
    "epoch12": 28.752885818481445,
    "epoch13": 28.583465576171875,
    "epoch14": 28.30797004699707,
    "epoch15": 28.40290641784668,
    "epoch16": 29.10684585571289,
    "epoch17": 28.080997467041016,
    "epoch18": 28.610647201538086,
    "epoch19": 28.162551879882812,
    "epoch20": 28.234006881713867,
    "epoch21": 28.31609535217285,
    "epoch22": 28.890506744384766,
    "epoch23": 28.403629302978516,
    "epoch24": 27.575897216796875,
    "epoch25": 27.50885009765625,
    "epoch26": 27.545869827270508,
    "epoch27": 28.108070373535156,
    "epoch28": 28.712671279907227,
    "epoch29": 27.339767456054688,
    "epoch30": 27.101436614990234,
    "epoch31": 27.124177932739258,
    "epoch32": 27.263843536376953,
    "epoch33": 27.739299774169922,
    "epoch34": 26.85347557067871,
    "epoch35": 26.798879623413086,
    "epoch36": 26.98561668395996,
    "epoch37": 27.223669052124023,
    "epoch38": 26.913177490234375,
    "epoch39": 26.78702163696289,
    "epoch40": 26.39309310913086,
    "epoch41": 26.880512237548828,
    "epoch42": 26.47743797302246,
    "epoch43": 26.786888122558594,
    "epoch44": 26.794544219970703,
    "epoch45": 26.184024810791016,
    "epoch46": 26.400714874267578,
    "epoch47": 26.78629493713379,
    "epoch48": 25.95051383972168,
    "epoch49": 25.870759963989258,
    "epoch50": 25.81620979309082,
    "epoch51": 26.51143455505371,
    "epoch52": 25.952198028564453,
    "epoch53": 25.849708557128906,
    "epoch54": 26.124916076660156,
    "epoch55": 26.01067352294922,
    "epoch56": 25.8795108795166,
    "epoch57": 25.78594207763672,
    "epoch58": 25.80570411682129,
    "epoch59": 25.976417541503906,
    "epoch60": 25.74247932434082,
    "epoch61": 25.604101181030273,
    "epoch62": 25.553728103637695,
    "epoch63": 25.269193649291992,
    "epoch64": 29.0524959564209,
    "epoch65": 25.58259391784668,
    "epoch66": 25.41952133178711,
    "epoch67": 25.291412353515625,
    "epoch68": 25.235172271728516,
    "epoch69": 25.09357261657715,
    "epoch70": 25.41512107849121,
    "epoch71": 25.15993309020996,
    "epoch72": 25.398109436035156,
    "epoch73": 25.26689338684082,
    "epoch74": 24.84783363342285,
    "epoch75": 24.601221084594727,
    "epoch76": 24.856624603271484,
    "epoch77": 24.681926727294922,
    "epoch78": 25.837242126464844,
    "epoch79": 24.954557418823242,
    "epoch80": 26.55488395690918,
    "epoch81": 24.54715347290039,
    "epoch82": 24.745574951171875,
    "epoch83": 24.686067581176758,
    "epoch84": 24.6138858795166,
    "epoch85": 24.621776580810547,
    "epoch86": 24.509885787963867,
    "epoch87": 24.749773025512695,
    "epoch88": 24.873260498046875,
    "epoch89": 24.69489860534668,
    "epoch90": 24.427244186401367,
    "epoch91": 24.452186584472656,
    "epoch92": 24.6136417388916,
    "epoch93": 24.79051399230957,
    "epoch94": 24.775726318359375,
    "epoch95": 24.672901153564453,
    "epoch96": 24.243131637573242,
    "epoch97": 24.3472843170166,
    "epoch98": 24.125822067260742,
    "epoch99": 24.51961898803711,
    "epoch100": 26.192977905273438
}