{
    "epoch1": 104.39061482747395,
    "epoch2": 79.80055236816406,
    "epoch3": 77.54266357421875,
    "epoch4": 74.81521097819011,
    "epoch5": 71.6973164876302,
    "epoch6": 68.9282938639323,
    "epoch7": 63.933268229166664,
    "epoch8": 62.37901814778646,
    "epoch9": 60.01371765136719,
    "epoch10": 57.25749206542969,
    "epoch11": 57.0005137125651,
    "epoch12": 55.37096659342448,
    "epoch13": 55.540313720703125,
    "epoch14": 53.3005625406901,
    "epoch15": 52.42374165852865,
    "epoch16": 51.16413370768229,
    "epoch17": 50.2418467203776,
    "epoch18": 49.55284627278646,
    "epoch19": 48.85151672363281,
    "epoch20": 48.75372314453125,
    "epoch21": 47.79151407877604,
    "epoch22": 47.0345458984375,
    "epoch23": 46.399251302083336,
    "epoch24": 45.81267801920573,
    "epoch25": 45.18115234375,
    "epoch26": 44.74129740397135,
    "epoch27": 44.10802205403646,
    "epoch28": 43.30584716796875,
    "epoch29": 42.669708251953125,
    "epoch30": 41.834503173828125
}