{
    "epoch1": 166.26953125,
    "epoch2": 89.511787109375,
    "epoch3": 80.5689306640625,
    "epoch4": 78.2474365234375,
    "epoch5": 75.3246435546875,
    "epoch6": 71.4899365234375,
    "epoch7": 67.8638623046875,
    "epoch8": 65.219365234375,
    "epoch9": 62.7174658203125,
    "epoch10": 61.9344189453125,
    "epoch11": 60.330283203125,
    "epoch12": 58.8342041015625,
    "epoch13": 57.1968408203125,
    "epoch14": 56.4297607421875,
    "epoch15": 55.7238623046875,
    "epoch16": 54.607568359375,
    "epoch17": 54.0458447265625,
    "epoch18": 52.982421875,
    "epoch19": 52.438740234375,
    "epoch20": 51.361396484375,
    "epoch21": 50.382529296875,
    "epoch22": 49.66255859375,
    "epoch23": 48.6201953125,
    "epoch24": 48.4108935546875,
    "epoch25": 47.4626171875,
    "epoch26": 47.5027099609375,
    "epoch27": 46.8387109375,
    "epoch28": 46.05140625,
    "epoch29": 45.3955859375,
    "epoch30": 44.7133642578125
}