{
    "epoch1": 0.019851986939708393,
    "epoch2": 0.015147013693220086,
    "epoch3": 0.010999337821784947,
    "epoch4": 0.008311676999760998,
    "epoch5": 0.006792753624419372,
    "epoch6": 0.005671238216261069,
    "epoch7": 0.005003023840900924,
    "epoch8": 0.004399933386594057,
    "epoch9": 0.003968133642855618,
    "epoch10": 0.0036368750346203647,
    "epoch11": 0.003131154070918759,
    "epoch12": 0.002846202606128322,
    "epoch13": 0.0026111696691562734,
    "epoch14": 0.0023602988933109576,
    "epoch15": 0.0020334299576158323,
    "epoch16": 0.001751735534829398,
    "epoch17": 0.0015491158313428361,
    "epoch18": 0.0013887523673474789,
    "epoch19": 0.0012184340804297891,
    "epoch20": 0.0010586777417403129,
    "epoch21": 0.0009513619329987301,
    "epoch22": 0.0008503025164827704,
    "epoch23": 0.0007385346883287033,
    "epoch24": 0.00064085306884307,
    "epoch25": 0.0005793558149081138,
    "epoch26": 0.0005348720814153138,
    "epoch27": 0.0004869918921031058,
    "epoch28": 0.0004757476126542315,
    "epoch29": 0.00038819268229417503,
    "epoch30": 0.0003529188381637343
}