{
    "epoch1": 99.93819283150337,
    "epoch2": 77.97787558065879,
    "epoch3": 70.69669156461148,
    "epoch4": 62.9082691089527,
    "epoch5": 59.162208350929056,
    "epoch6": 57.87230125633446,
    "epoch7": 57.16170027449324,
    "epoch8": 55.839744774070944,
    "epoch9": 54.705734665329395,
    "epoch10": 52.79386283255912,
    "epoch11": 51.79501425253378,
    "epoch12": 49.980933936866556,
    "epoch13": 48.71445114548142,
    "epoch14": 47.52637048669764,
    "epoch15": 46.106003220016895,
    "epoch16": 44.85191551414696,
    "epoch17": 43.506506017736484,
    "epoch18": 41.53513975401182,
    "epoch19": 40.53520903716216,
    "epoch20": 39.455289273648646,
    "epoch21": 37.9521385399071,
    "epoch22": 37.462979703336146,
    "epoch23": 35.97245499894426,
    "epoch24": 35.2307227882179,
    "epoch25": 34.05692765519426,
    "epoch26": 33.49972946579392,
    "epoch27": 32.793720967060814,
    "epoch28": 31.76221362964527,
    "epoch29": 31.92000435494088,
    "epoch30": 30.66895850929054
}