{
    "epoch1": 0.04268084361683577,
    "epoch2": 0.028535046498291194,
    "epoch3": 0.024509442038834095,
    "epoch4": 0.023452138993889093,
    "epoch5": 0.02279743703547865,
    "epoch6": 0.022294750611763448,
    "epoch7": 0.02181528534856625,
    "epoch8": 0.021270859841024503,
    "epoch9": 0.020947979035554454,
    "epoch10": 0.020496927259955555,
    "epoch11": 0.020361530099762604,
    "epoch12": 0.019879194296663627,
    "epoch13": 0.019755658373469487,
    "epoch14": 0.01940537604968995,
    "epoch15": 0.01915080926846713,
    "epoch16": 0.01904248882783577,
    "epoch17": 0.018799665645929053,
    "epoch18": 0.018965808674693108,
    "epoch19": 0.018475376506103203,
    "epoch20": 0.018509625602746382,
    "epoch21": 0.018370978767052293,
    "epoch22": 0.018120335415005684,
    "epoch23": 0.01813210776890628,
    "epoch24": 0.018023923184955493,
    "epoch25": 0.017873709526611492,
    "epoch26": 0.017619324586121365,
    "epoch27": 0.017753838241333142,
    "epoch28": 0.01747914927545935,
    "epoch29": 0.01743396167876199,
    "epoch30": 0.017298176389886066,
    "epoch31": 0.01724673723219894,
    "epoch32": 0.017231261997949332,
    "epoch33": 0.01707979620550759,
    "epoch34": 0.016941595182288438,
    "epoch35": 0.016897329944185913,
    "epoch36": 0.016909307974856347,
    "epoch37": 0.017099927441449836,
    "epoch38": 0.016766682761954144,
    "epoch39": 0.016705856571206823,
    "epoch40": 0.016676205181283876,
    "epoch41": 0.016689890675479546,
    "epoch42": 0.01684082782594487,
    "epoch43": 0.017417879891581833,
    "epoch44": 0.016636011569062248,
    "epoch45": 0.01638959741103463,
    "epoch46": 0.016906694450881332,
    "epoch47": 0.016513382390257902,
    "epoch48": 0.01663595187710598,
    "epoch49": 0.016521020501386374,
    "epoch50": 0.01628292936948128,
    "epoch51": 0.016506073996424675,
    "epoch52": 0.016304786389810033,
    "epoch53": 0.016463897642097436,
    "epoch54": 0.016134244244312868,
    "epoch55": 0.016029046746552922,
    "epoch56": 0.01599717084900476,
    "epoch57": 0.01619077820214443,
    "epoch58": 0.016072406608145684,
    "epoch59": 0.015989525010809302,
    "epoch60": 0.01586888628662564,
    "epoch61": 0.016179875005036592,
    "epoch62": 0.016012503911042586,
    "epoch63": 0.01614637128659524,
    "epoch64": 0.0157993329630699,
    "epoch65": 0.01582387440430466,
    "epoch66": 0.015811540783033706,
    "epoch67": 0.01569426579226274,
    "epoch68": 0.01569021330215037,
    "epoch69": 0.015770901140058413,
    "epoch70": 0.015678200506954454,
    "epoch71": 0.015693726207246073,
    "epoch72": 0.015676484763389453,
    "epoch73": 0.01604265466448851,
    "epoch74": 0.01655458679306321,
    "epoch75": 0.015751607716083527,
    "epoch76": 0.015461277551366948,
    "epoch77": 0.015489039273234084,
    "epoch78": 0.01626908325124532,
    "epoch79": 0.01618788314226549,
    "epoch80": 0.015530978533206508,
    "epoch81": 0.015399750642245635,
    "epoch82": 0.015355157098383643,
    "epoch83": 0.015378013529698364,
    "epoch84": 0.015632119320798665,
    "epoch85": 0.01576705032493919,
    "epoch86": 0.0153149290708825,
    "epoch87": 0.015350069603300653,
    "epoch88": 0.017612691313843243,
    "epoch89": 0.015207573436782695,
    "epoch90": 0.015195813524769619,
    "epoch91": 0.015479237801628187,
    "epoch92": 0.016058291381341405,
    "epoch93": 0.015132040105527267,
    "epoch94": 0.0152503376302775,
    "epoch95": 0.015096953473403119,
    "epoch96": 0.015129583698580973,
    "epoch97": 0.014999917810200714,
    "epoch98": 0.015207208969513886,
    "epoch99": 0.01577238496975042,
    "epoch100": 0.015244306210661307
}