{
    "epoch1": 88.92083984375,
    "epoch2": 53.0200048828125,
    "epoch3": 49.1521337890625,
    "epoch4": 44.9651611328125,
    "epoch5": 40.48574951171875,
    "epoch6": 36.217607421875,
    "epoch7": 33.275986328125,
    "epoch8": 31.70395751953125,
    "epoch9": 30.86222412109375,
    "epoch10": 30.44011962890625,
    "epoch11": 29.85295166015625,
    "epoch12": 29.66200927734375,
    "epoch13": 29.38031982421875,
    "epoch14": 29.090751953125,
    "epoch15": 28.847685546875,
    "epoch16": 28.54410400390625,
    "epoch17": 28.3148095703125,
    "epoch18": 28.11761962890625,
    "epoch19": 28.10522705078125,
    "epoch20": 27.47915283203125,
    "epoch21": 27.48409423828125,
    "epoch22": 27.3216259765625,
    "epoch23": 27.0267724609375,
    "epoch24": 26.9440625,
    "epoch25": 26.873349609375,
    "epoch26": 26.433671875,
    "epoch27": 26.41454345703125,
    "epoch28": 26.2358056640625,
    "epoch29": 26.32829345703125,
    "epoch30": 26.18237060546875,
    "epoch31": 25.7171337890625,
    "epoch32": 25.5805224609375,
    "epoch33": 25.64623291015625,
    "epoch34": 25.47431640625,
    "epoch35": 25.3006298828125,
    "epoch36": 25.39150390625,
    "epoch37": 25.12826171875,
    "epoch38": 25.32705078125,
    "epoch39": 24.73351318359375,
    "epoch40": 24.70480224609375,
    "epoch41": 24.7123681640625,
    "epoch42": 24.79259521484375,
    "epoch43": 24.392841796875,
    "epoch44": 24.23508544921875,
    "epoch45": 24.52024169921875,
    "epoch46": 24.07490966796875,
    "epoch47": 23.9327880859375,
    "epoch48": 23.949033203125,
    "epoch49": 23.9459423828125,
    "epoch50": 23.70126708984375,
    "epoch51": 23.84444580078125,
    "epoch52": 23.416826171875,
    "epoch53": 23.4689990234375,
    "epoch54": 23.39926025390625,
    "epoch55": 23.40391845703125,
    "epoch56": 23.26812255859375,
    "epoch57": 22.904091796875,
    "epoch58": 22.97507080078125,
    "epoch59": 22.7559326171875,
    "epoch60": 22.99303955078125,
    "epoch61": 22.9630322265625,
    "epoch62": 22.73408203125,
    "epoch63": 23.06434814453125,
    "epoch64": 22.6346728515625,
    "epoch65": 22.60908447265625,
    "epoch66": 22.37347900390625,
    "epoch67": 22.5372802734375,
    "epoch68": 22.3163037109375,
    "epoch69": 22.35788330078125,
    "epoch70": 22.18328369140625,
    "epoch71": 22.33301025390625,
    "epoch72": 22.10826904296875,
    "epoch73": 22.3018359375,
    "epoch74": 22.5693017578125,
    "epoch75": 22.00998291015625,
    "epoch76": 21.85633544921875,
    "epoch77": 21.83873046875,
    "epoch78": 21.82055908203125,
    "epoch79": 21.75303466796875,
    "epoch80": 21.66792236328125,
    "epoch81": 21.76955810546875,
    "epoch82": 21.65007080078125,
    "epoch83": 21.485712890625,
    "epoch84": 21.4756884765625,
    "epoch85": 21.38951171875,
    "epoch86": 21.42298828125,
    "epoch87": 21.4766259765625,
    "epoch88": 21.686015625,
    "epoch89": 21.2886474609375,
    "epoch90": 21.31390869140625,
    "epoch91": 21.26466064453125,
    "epoch92": 21.1309814453125,
    "epoch93": 21.483515625,
    "epoch94": 21.35348876953125,
    "epoch95": 21.394033203125,
    "epoch96": 20.89132080078125,
    "epoch97": 20.8540576171875,
    "epoch98": 20.964208984375,
    "epoch99": 21.36047119140625,
    "epoch100": 20.89104248046875
}