{
    "epoch1": 53.56632643479567,
    "epoch2": 49.21736027644231,
    "epoch3": 45.47918701171875,
    "epoch4": 41.73010723407452,
    "epoch5": 37.37888981745793,
    "epoch6": 33.853057861328125,
    "epoch7": 31.90678992638221,
    "epoch8": 30.33098660982572,
    "epoch9": 30.065774770883415,
    "epoch10": 29.402874286358173,
    "epoch11": 29.85547579251803,
    "epoch12": 29.89360633263221,
    "epoch13": 28.98762629582332,
    "epoch14": 28.426987868088943,
    "epoch15": 28.154092641977165,
    "epoch16": 28.21381554236779,
    "epoch17": 28.44151893028846,
    "epoch18": 27.478184626652645,
    "epoch19": 27.582444411057693,
    "epoch20": 28.250645564152645,
    "epoch21": 27.10589364858774,
    "epoch22": 27.7301518366887,
    "epoch23": 26.76805936373197,
    "epoch24": 26.529881403996395,
    "epoch25": 26.75517155573918,
    "epoch26": 27.00689462515024,
    "epoch27": 26.39581298828125,
    "epoch28": 26.48021756685697,
    "epoch29": 25.70849139873798,
    "epoch30": 26.618760329026443,
    "epoch31": 26.240074744591347,
    "epoch32": 26.36707481971154,
    "epoch33": 25.412931002103367,
    "epoch34": 25.873922494741585,
    "epoch35": 25.73223642202524,
    "epoch36": 26.41199199969952,
    "epoch37": 24.97680429311899,
    "epoch38": 26.182020920973557,
    "epoch39": 24.995924729567307,
    "epoch40": 25.672156700721153,
    "epoch41": 24.8546870304988,
    "epoch42": 24.722250131460335,
    "epoch43": 24.583212045522835,
    "epoch44": 26.955423208383415,
    "epoch45": 24.441086989182693,
    "epoch46": 24.58452664888822,
    "epoch47": 25.077047494741585,
    "epoch48": 24.51904062124399,
    "epoch49": 25.559006911057693,
    "epoch50": 24.143575815054085,
    "epoch51": 23.85487013596755,
    "epoch52": 24.9927978515625,
    "epoch53": 24.321758563701923,
    "epoch54": 23.88630089393029,
    "epoch55": 23.5648193359375,
    "epoch56": 23.51042996920072,
    "epoch57": 23.52606201171875,
    "epoch58": 23.594951923076923,
    "epoch59": 24.1497309758113,
    "epoch60": 23.605515700120193,
    "epoch61": 23.65753643329327,
    "epoch62": 23.849261944110577,
    "epoch63": 24.13932682917668,
    "epoch64": 22.92285860501803,
    "epoch65": 23.326458270733173,
    "epoch66": 23.280113807091347,
    "epoch67": 22.804903470552883,
    "epoch68": 24.0661128117488,
    "epoch69": 22.70391845703125,
    "epoch70": 23.239666278545673,
    "epoch71": 22.881751427283653,
    "epoch72": 22.47003408578726,
    "epoch73": 22.56621610201322,
    "epoch74": 22.521874060997597,
    "epoch75": 23.126608041616585,
    "epoch76": 23.310950646033653,
    "epoch77": 23.36949040339543,
    "epoch78": 22.30145028921274,
    "epoch79": 22.921527569110577,
    "epoch80": 22.77147498497596,
    "epoch81": 22.94164804311899,
    "epoch82": 22.63691124549279,
    "epoch83": 22.14635056715745,
    "epoch84": 22.10357431265024,
    "epoch85": 22.248690091646633,
    "epoch86": 22.18370643028846,
    "epoch87": 22.21038348858173,
    "epoch88": 22.09913752629207,
    "epoch89": 21.977635310246395,
    "epoch90": 21.84722900390625,
    "epoch91": 21.789834829477165,
    "epoch92": 21.76393244816707,
    "epoch93": 22.37865976186899,
    "epoch94": 21.638822115384617,
    "epoch95": 22.57091111403245,
    "epoch96": 21.66081824669471,
    "epoch97": 21.533790001502403,
    "epoch98": 21.52134587214543,
    "epoch99": 23.92157921424279,
    "epoch100": 21.973041240985577
}