{
    "epoch1": 0.07053316384553909,
    "epoch2": 0.055736257561615536,
    "epoch3": 0.05348398323569979,
    "epoch4": 0.05123251836214747,
    "epoch5": 0.049112483859062195,
    "epoch6": 0.04696115319217954,
    "epoch7": 0.044698813664061685,
    "epoch8": 0.04230878981096404,
    "epoch9": 0.039703622460365295,
    "epoch10": 0.03711814034198012,
    "epoch11": 0.03456526568957737,
    "epoch12": 0.03230116569570133,
    "epoch13": 0.03051650550748621,
    "epoch14": 0.028792201142225946,
    "epoch15": 0.027462623747331754,
    "epoch16": 0.02643290241914136,
    "epoch17": 0.025657079315611293,
    "epoch18": 0.024992819343294417,
    "epoch19": 0.024648541318518773,
    "epoch20": 0.024084370849387988,
    "epoch21": 0.023750957367675646,
    "epoch22": 0.02372249960899353,
    "epoch23": 0.02327371801116637,
    "epoch24": 0.023033480026892254,
    "epoch25": 0.022852255031466484,
    "epoch26": 0.022898293499435698,
    "epoch27": 0.022807617272649492,
    "epoch28": 0.022551037770296847,
    "epoch29": 0.022449746328805174,
    "epoch30": 0.022542518696614673,
    "epoch31": 0.0222149414143392,
    "epoch32": 0.021962165566427366,
    "epoch33": 0.021847225991742953,
    "epoch34": 0.021820999149765288,
    "epoch35": 0.021728680735187873,
    "epoch36": 0.021599354887647287,
    "epoch37": 0.02178324306649821,
    "epoch38": 0.021480906488639966,
    "epoch39": 0.021481071997966086,
    "epoch40": 0.02127684306885515,
    "epoch41": 0.021253808800663267,
    "epoch42": 0.021215579339436123,
    "epoch43": 0.021211900615266392,
    "epoch44": 0.021193838944392546,
    "epoch45": 0.021100824964897975,
    "epoch46": 0.020932149541165148,
    "epoch47": 0.020851395758134977,
    "epoch48": 0.021324873635811464,
    "epoch49": 0.0207259048308645,
    "epoch50": 0.020740424282848835,
    "epoch51": 0.020680049966488565,
    "epoch52": 0.02099482382514647,
    "epoch53": 0.02049663875784193,
    "epoch54": 0.020543449957455908,
    "epoch55": 0.020754185638257434,
    "epoch56": 0.02034521901181766,
    "epoch57": 0.020368976784603938,
    "epoch58": 0.020449817180633545,
    "epoch59": 0.02039599192461797,
    "epoch60": 0.020511167256959846,
    "epoch61": 0.0202250246490751,
    "epoch62": 0.02022862620651722,
    "epoch63": 0.02021966448851994,
    "epoch64": 0.020580934759761606,
    "epoch65": 0.020233286943818842,
    "epoch66": 0.020089980081788132,
    "epoch67": 0.01999588936035122,
    "epoch68": 0.02026575630796807,
    "epoch69": 0.019963451927261695,
    "epoch70": 0.019976275440837656,
    "epoch71": 0.02006120327860117,
    "epoch72": 0.01999967864581517,
    "epoch73": 0.019886661187878678,
    "epoch74": 0.020369979020740305,
    "epoch75": 0.01978229358792305,
    "epoch76": 0.019768405040459975,
    "epoch77": 0.020088939927518368,
    "epoch78": 0.019756177174193517,
    "epoch79": 0.019787680889878954,
    "epoch80": 0.020133834731365954,
    "epoch81": 0.019640808126756122,
    "epoch82": 0.019597851538232396,
    "epoch83": 0.019746788910457065,
    "epoch84": 0.01964348355042083,
    "epoch85": 0.019678427438650812,
    "epoch86": 0.01974903459527663,
    "epoch87": 0.0195258604362607,
    "epoch88": 0.019862454251519272,
    "epoch89": 0.019538196069853648,
    "epoch90": 0.019497192597814968,
    "epoch91": 0.01984548182891948,
    "epoch92": 0.01946325959371669,
    "epoch93": 0.019618600207780088,
    "epoch94": 0.019746542376066958,
    "epoch95": 0.01935405962701355,
    "epoch96": 0.019639169531209127,
    "epoch97": 0.019296177929001197,
    "epoch98": 0.01929414232394525,
    "epoch99": 0.019298274602208818,
    "epoch100": 0.019221460579761436
}