{
    "epoch1": 81.21116571841033,
    "epoch2": 75.75649095618206,
    "epoch3": 67.7122112771739,
    "epoch4": 60.89192000679348,
    "epoch5": 58.41477369225544,
    "epoch6": 57.596133024796195,
    "epoch7": 56.24759574558424,
    "epoch8": 54.31032396399456,
    "epoch9": 52.95616614300272,
    "epoch10": 51.585990574048914,
    "epoch11": 50.11121136209239,
    "epoch12": 48.71320906929348,
    "epoch13": 47.68358313519022,
    "epoch14": 46.759590480638586,
    "epoch15": 44.920468537703805,
    "epoch16": 43.52443794582201,
    "epoch17": 42.05631687330163,
    "epoch18": 40.44295070482337,
    "epoch19": 39.063296110733695,
    "epoch20": 38.04240616508152,
    "epoch21": 37.06867516559103,
    "epoch22": 36.01390009341033,
    "epoch23": 35.062874172044836,
    "epoch24": 34.3940774668818,
    "epoch25": 33.26965862771739,
    "epoch26": 32.380928371263586,
    "epoch27": 31.876621412194293,
    "epoch28": 31.425383194633152,
    "epoch29": 30.70080035665761,
    "epoch30": 30.236344047214676
}