{
    "epoch1": 0.04267177786678076,
    "epoch2": 0.03459783997386694,
    "epoch3": 0.030250987969338894,
    "epoch4": 0.026204753294587137,
    "epoch5": 0.02272761333733797,
    "epoch6": 0.019755473360419273,
    "epoch7": 0.017392608150839806,
    "epoch8": 0.01511173089966178,
    "epoch9": 0.013448624312877655,
    "epoch10": 0.012293041497468949,
    "epoch11": 0.011496757529675961,
    "epoch12": 0.010885796882212162,
    "epoch13": 0.01055394671857357,
    "epoch14": 0.010247795097529887,
    "epoch15": 0.010177015885710716,
    "epoch16": 0.009899399196729063,
    "epoch17": 0.009669732535257936,
    "epoch18": 0.009704177919775247,
    "epoch19": 0.00937128155492246,
    "epoch20": 0.009188941540196538,
    "epoch21": 0.009049188764765858,
    "epoch22": 0.008940412336960435,
    "epoch23": 0.008943004254251718,
    "epoch24": 0.009381725080311298,
    "epoch25": 0.008640099689364434,
    "epoch26": 0.008871069457381964,
    "epoch27": 0.008439808385446668,
    "epoch28": 0.008345813816413283,
    "epoch29": 0.008277523191645741,
    "epoch30": 0.008314959472045302,
    "epoch31": 0.008193076262250543,
    "epoch32": 0.00815986436791718,
    "epoch33": 0.008106527477502823,
    "epoch34": 0.00814843843691051,
    "epoch35": 0.008057932090014219,
    "epoch36": 0.007960881618782879,
    "epoch37": 0.00799599257297814,
    "epoch38": 0.00804130146279931,
    "epoch39": 0.007941549643874168,
    "epoch40": 0.007822843501344323,
    "epoch41": 0.007949922792613506,
    "epoch42": 0.008113398216664791,
    "epoch43": 0.008292694715783,
    "epoch44": 0.007759438687935471,
    "epoch45": 0.008196837780997158,
    "epoch46": 0.0077302992343902584,
    "epoch47": 0.007696769060567021,
    "epoch48": 0.007752767344936728,
    "epoch49": 0.007674869941547513,
    "epoch50": 0.007642369903624058,
    "epoch51": 0.007654603756964207,
    "epoch52": 0.007603257009759545,
    "epoch53": 0.007571965781971812,
    "epoch54": 0.007608624594286084,
    "epoch55": 0.007686407165601849,
    "epoch56": 0.007752552535384894,
    "epoch57": 0.0077386385761201385,
    "epoch58": 0.007693227287381888,
    "epoch59": 0.007495392067357898,
    "epoch60": 0.007673029182478785,
    "epoch61": 0.007674583559855818,
    "epoch62": 0.007549792807549238,
    "epoch63": 0.007479895278811455,
    "epoch64": 0.007510106731206179,
    "epoch65": 0.007500712014734745,
    "epoch66": 0.007524558901786804,
    "epoch67": 0.0074685840401798485,
    "epoch68": 0.007907155295833945,
    "epoch69": 0.007422533538192511,
    "epoch70": 0.007378780748695135,
    "epoch71": 0.007744940696284175,
    "epoch72": 0.007534252898767591,
    "epoch73": 0.007442997861653566,
    "epoch74": 0.007420152239501476,
    "epoch75": 0.007354139676317572,
    "epoch76": 0.007407689560204744,
    "epoch77": 0.007366593275219202,
    "epoch78": 0.0074482795782387255,
    "epoch79": 0.0073469987139105795,
    "epoch80": 0.007567789265885949,
    "epoch81": 0.007339013228192926,
    "epoch82": 0.007350214244797826,
    "epoch83": 0.007346255239099264,
    "epoch84": 0.007402129704132676,
    "epoch85": 0.0074717458337545395,
    "epoch86": 0.0072882665321230885,
    "epoch87": 0.007595882285386324,
    "epoch88": 0.007341637788340449,
    "epoch89": 0.007337638223543763,
    "epoch90": 0.007529184548184275,
    "epoch91": 0.007417764514684677,
    "epoch92": 0.007311296090483666,
    "epoch93": 0.0074642776977270845,
    "epoch94": 0.007277089403942227,
    "epoch95": 0.007255692454054952,
    "epoch96": 0.007298796065151691,
    "epoch97": 0.007283858535811305,
    "epoch98": 0.007243523234501481,
    "epoch99": 0.007401087088510394,
    "epoch100": 0.007224523043259978
}