{
    "epoch1": 87.65492078993056,
    "epoch2": 83.07465955946181,
    "epoch3": 81.10094536675348,
    "epoch4": 78.29281955295139,
    "epoch5": 75.49238416883681,
    "epoch6": 70.59360758463542,
    "epoch7": 66.86008029513889,
    "epoch8": 65.40907118055556,
    "epoch9": 63.18346489800347,
    "epoch10": 63.396728515625,
    "epoch11": 62.535495334201386,
    "epoch12": 61.090718587239586,
    "epoch13": 60.7689208984375,
    "epoch14": 59.754252115885414,
    "epoch15": 59.43128797743056,
    "epoch16": 59.117160373263886,
    "epoch17": 60.019877115885414,
    "epoch18": 58.19426812065972,
    "epoch19": 57.579447428385414,
    "epoch20": 56.574547661675346,
    "epoch21": 55.76110161675347,
    "epoch22": 53.76971435546875,
    "epoch23": 55.06376478407118,
    "epoch24": 53.87549506293403,
    "epoch25": 51.89704386393229,
    "epoch26": 50.80676947699653,
    "epoch27": 51.76027086046007,
    "epoch28": 49.72749498155382,
    "epoch29": 48.93943617078993,
    "epoch30": 48.457492404513886
}