{
    "epoch1": 1208.6853125,
    "epoch2": 1232.2244791666667,
    "epoch3": 1250.9873958333333,
    "epoch4": 1264.2991666666667,
    "epoch5": 1271.9264583333334,
    "epoch6": 1279.5571875,
    "epoch7": 1283.645625,
    "epoch8": 1288.1114583333333,
    "epoch9": 1291.9904166666668,
    "epoch10": 1294.6367708333332,
    "epoch11": 1294.128125,
    "epoch12": 1295.64375,
    "epoch13": 1296.5048958333334,
    "epoch14": 1297.3171875,
    "epoch15": 1298.4777083333333,
    "epoch16": 1297.5313541666667,
    "epoch17": 1295.6135416666666,
    "epoch18": 1295.8570833333333,
    "epoch19": 1296.1560416666666,
    "epoch20": 1297.6940625,
    "epoch21": 1296.3071875,
    "epoch22": 1295.901875,
    "epoch23": 1294.6933333333334,
    "epoch24": 1296.571875,
    "epoch25": 1294.8605208333333,
    "epoch26": 1294.7932291666666,
    "epoch27": 1295.6548958333333,
    "epoch28": 1295.6342708333334,
    "epoch29": 1292.5639583333334,
    "epoch30": 1297.7692708333334
}