{
    "epoch1": 0.04775151196453306,
    "epoch2": 0.039390892825192876,
    "epoch3": 0.031182740297582414,
    "epoch4": 0.025043118331167433,
    "epoch5": 0.021703819278627634,
    "epoch6": 0.020248107974314027,
    "epoch7": 0.019728923682123423,
    "epoch8": 0.01968868863251474,
    "epoch9": 0.019035436678677797,
    "epoch10": 0.018710503199448187,
    "epoch11": 0.01847478923284345,
    "epoch12": 0.01827790645054645,
    "epoch13": 0.018087611740661994,
    "epoch14": 0.017919859952396817,
    "epoch15": 0.017880053776833747,
    "epoch16": 0.01767152397789889,
    "epoch17": 0.017669165041297674,
    "epoch18": 0.017078130712939635,
    "epoch19": 0.017065230963958636,
    "epoch20": 0.01693542648313774,
    "epoch21": 0.016746365413483646,
    "epoch22": 0.016664065782808594,
    "epoch23": 0.01683311914611194,
    "epoch24": 0.016255109881361324,
    "epoch25": 0.01610317810749014,
    "epoch26": 0.016237608829720154,
    "epoch27": 0.015811219500998657,
    "epoch28": 0.01583610361235009,
    "epoch29": 0.015589467094590267,
    "epoch30": 0.015475478049160706,
    "epoch31": 0.015733221157764394,
    "epoch32": 0.015539988927129243,
    "epoch33": 0.015194840056614744,
    "epoch34": 0.01509923630187081,
    "epoch35": 0.015362648189895682,
    "epoch36": 0.015056310842434565,
    "epoch37": 0.014902773623665174,
    "epoch38": 0.014817724030257927,
    "epoch39": 0.014877313644521765,
    "epoch40": 0.014746809041955404,
    "epoch41": 0.014774793370937308,
    "epoch42": 0.015136168855759833,
    "epoch43": 0.014693517005071044,
    "epoch44": 0.014647223598634204,
    "epoch45": 0.01444547726876206,
    "epoch46": 0.014428194457044205,
    "epoch47": 0.014562112951858176,
    "epoch48": 0.014244591558559073,
    "epoch49": 0.014726012479513884,
    "epoch50": 0.014510329502324263,
    "epoch51": 0.014590952053873075,
    "epoch52": 0.014108723495155573,
    "epoch53": 0.014116513154779872,
    "epoch54": 0.014661658063737882,
    "epoch55": 0.014049909232805172,
    "epoch56": 0.014014044362637732,
    "epoch57": 0.014056841040857963,
    "epoch58": 0.014281561442961296,
    "epoch59": 0.014093695415390862,
    "epoch60": 0.014147782956974374,
    "epoch61": 0.013942379038780928,
    "epoch62": 0.014054012769419286,
    "epoch63": 0.013838158687576652,
    "epoch64": 0.01380776352663007,
    "epoch65": 0.013807785542060932,
    "epoch66": 0.013916547849981321,
    "epoch67": 0.014025545860123303,
    "epoch68": 0.014046763069927692,
    "epoch69": 0.014360503138353428,
    "epoch70": 0.013635575383280715,
    "epoch71": 0.013744639982986782,
    "epoch72": 0.014889774585349692,
    "epoch73": 0.013583860567046536,
    "epoch74": 0.013527077674451802,
    "epoch75": 0.013916601323419146,
    "epoch76": 0.013508584324477447,
    "epoch77": 0.013724677419910828,
    "epoch78": 0.013454127539363172,
    "epoch79": 0.013773600622597668,
    "epoch80": 0.013506066002365615,
    "epoch81": 0.013689087548603615,
    "epoch82": 0.013582254708227184,
    "epoch83": 0.013524379736433426,
    "epoch84": 0.013379919808357954,
    "epoch85": 0.013420785777270794,
    "epoch86": 0.013799544372078445,
    "epoch87": 0.013303649456550678,
    "epoch88": 0.013390055081496635,
    "epoch89": 0.013370651208485166,
    "epoch90": 0.013299934281450179,
    "epoch91": 0.013232006277475093,
    "epoch92": 0.013484882397784127,
    "epoch93": 0.013604180421680212,
    "epoch94": 0.0134432811755687,
    "epoch95": 0.01319300988689065,
    "epoch96": 0.01324834033019013,
    "epoch97": 0.013575641800545983,
    "epoch98": 0.01339967217710283,
    "epoch99": 0.013304598008592924,
    "epoch100": 0.013343777481673492
}