{
    "epoch1": 46.26512654622396,
    "epoch2": 42.584316677517364,
    "epoch3": 38.694966634114586,
    "epoch4": 33.705586751302086,
    "epoch5": 32.992584228515625,
    "epoch6": 31.767801920572918,
    "epoch7": 31.636728922526043,
    "epoch8": 30.90157741970486,
    "epoch9": 31.157738579644096,
    "epoch10": 30.354875352647568,
    "epoch11": 30.468414306640625,
    "epoch12": 29.943739149305557,
    "epoch13": 29.833472357855904,
    "epoch14": 29.735890706380207,
    "epoch15": 30.23440890842014,
    "epoch16": 30.024617513020832,
    "epoch17": 30.14714898003472,
    "epoch18": 28.75930447048611,
    "epoch19": 29.060343424479168,
    "epoch20": 29.023759629991318,
    "epoch21": 28.03835211859809,
    "epoch22": 27.729963514539932,
    "epoch23": 29.272037082248264,
    "epoch24": 27.985087076822918,
    "epoch25": 27.980848524305557,
    "epoch26": 28.506635877821182,
    "epoch27": 27.739725748697918,
    "epoch28": 27.931493123372395,
    "epoch29": 27.161751641167534,
    "epoch30": 26.846825493706596,
    "epoch31": 27.272774590386284,
    "epoch32": 27.588465372721355,
    "epoch33": 26.39725579155816,
    "epoch34": 26.743194580078125,
    "epoch35": 27.293195936414932,
    "epoch36": 25.897484673394096,
    "epoch37": 26.041541205512154,
    "epoch38": 25.90158928765191,
    "epoch39": 25.98028564453125,
    "epoch40": 26.02075703938802,
    "epoch41": 25.701214260525173,
    "epoch42": 26.974700927734375,
    "epoch43": 25.185316297743057,
    "epoch44": 26.023118760850693,
    "epoch45": 25.41827392578125,
    "epoch46": 25.628495958116318,
    "epoch47": 25.47731696234809,
    "epoch48": 25.110165066189236,
    "epoch49": 26.26523166232639,
    "epoch50": 25.439977010091145,
    "epoch51": 25.567950778537327,
    "epoch52": 25.015869140625,
    "epoch53": 24.97991943359375,
    "epoch54": 25.395360310872395,
    "epoch55": 24.53461201985677,
    "epoch56": 24.452440049913193,
    "epoch57": 24.72964138454861,
    "epoch58": 24.850582546657986,
    "epoch59": 24.852825588650173,
    "epoch60": 24.748416476779514,
    "epoch61": 24.815322875976562,
    "epoch62": 25.23731146918403,
    "epoch63": 24.676605224609375,
    "epoch64": 24.584765964084202,
    "epoch65": 24.514424641927082,
    "epoch66": 24.38086615668403,
    "epoch67": 24.67269727918837,
    "epoch68": 25.18187798394097,
    "epoch69": 26.077423095703125,
    "epoch70": 24.305865817599827,
    "epoch71": 24.608250935872395,
    "epoch72": 27.008594089084202,
    "epoch73": 24.199737548828125,
    "epoch74": 23.929935031467014,
    "epoch75": 25.21050516764323,
    "epoch76": 24.030203925238716,
    "epoch77": 24.360193888346355,
    "epoch78": 23.874270968967014,
    "epoch79": 24.947350396050346,
    "epoch80": 23.864437527126736,
    "epoch81": 24.062618679470486,
    "epoch82": 24.567136976453995,
    "epoch83": 24.096913655598957,
    "epoch84": 23.594445122612846,
    "epoch85": 23.65508524576823,
    "epoch86": 25.262827555338543,
    "epoch87": 23.852279663085938,
    "epoch88": 24.205929226345486,
    "epoch89": 24.038930257161457,
    "epoch90": 23.499796549479168,
    "epoch91": 23.77101813422309,
    "epoch92": 24.06530253092448,
    "epoch93": 24.769872029622395,
    "epoch94": 24.264424641927082,
    "epoch95": 23.46224636501736,
    "epoch96": 23.639238145616318,
    "epoch97": 24.382373385959202,
    "epoch98": 24.244032118055557,
    "epoch99": 23.801598442925346,
    "epoch100": 24.199876573350693
}