{
    "epoch1": 48.4188117980957,
    "epoch2": 45.70600128173828,
    "epoch3": 40.18217468261719,
    "epoch4": 36.00394058227539,
    "epoch5": 32.85963439941406,
    "epoch6": 31.991455078125,
    "epoch7": 30.70790672302246,
    "epoch8": 30.937232971191406,
    "epoch9": 29.897804260253906,
    "epoch10": 30.073368072509766,
    "epoch11": 30.288000106811523,
    "epoch12": 30.084259033203125,
    "epoch13": 29.32611846923828,
    "epoch14": 29.201662063598633,
    "epoch15": 29.270034790039062,
    "epoch16": 29.062070846557617,
    "epoch17": 28.872726440429688,
    "epoch18": 28.466365814208984,
    "epoch19": 28.86810874938965,
    "epoch20": 28.06838607788086,
    "epoch21": 27.680625915527344,
    "epoch22": 29.33938980102539,
    "epoch23": 27.740814208984375,
    "epoch24": 27.616252899169922,
    "epoch25": 29.208457946777344,
    "epoch26": 26.631441116333008,
    "epoch27": 26.857959747314453,
    "epoch28": 26.810903549194336,
    "epoch29": 27.42083168029785,
    "epoch30": 26.632118225097656,
    "epoch31": 26.43421745300293,
    "epoch32": 26.64479637145996,
    "epoch33": 26.29768943786621,
    "epoch34": 25.726776123046875,
    "epoch35": 25.80137062072754,
    "epoch36": 25.580944061279297,
    "epoch37": 25.377553939819336,
    "epoch38": 25.26130485534668,
    "epoch39": 25.746620178222656,
    "epoch40": 25.393129348754883,
    "epoch41": 25.090198516845703,
    "epoch42": 25.218107223510742,
    "epoch43": 24.556116104125977,
    "epoch44": 24.884380340576172,
    "epoch45": 25.19950294494629,
    "epoch46": 24.99199867248535,
    "epoch47": 26.270320892333984,
    "epoch48": 24.9636287689209,
    "epoch49": 24.605302810668945,
    "epoch50": 25.660234451293945,
    "epoch51": 25.0089168548584,
    "epoch52": 24.76862907409668,
    "epoch53": 24.396129608154297,
    "epoch54": 25.029306411743164,
    "epoch55": 24.929384231567383,
    "epoch56": 24.252769470214844,
    "epoch57": 24.243560791015625,
    "epoch58": 24.526418685913086,
    "epoch59": 24.005081176757812,
    "epoch60": 24.24641227722168,
    "epoch61": 24.540307998657227,
    "epoch62": 24.97455596923828,
    "epoch63": 24.550512313842773,
    "epoch64": 27.400920867919922,
    "epoch65": 23.833967208862305,
    "epoch66": 24.146059036254883,
    "epoch67": 24.034286499023438,
    "epoch68": 24.1603946685791,
    "epoch69": 23.805376052856445,
    "epoch70": 24.020498275756836,
    "epoch71": 24.810489654541016,
    "epoch72": 23.794748306274414,
    "epoch73": 24.418352127075195,
    "epoch74": 23.876359939575195,
    "epoch75": 23.513111114501953,
    "epoch76": 23.755050659179688,
    "epoch77": 23.724639892578125,
    "epoch78": 24.141632080078125,
    "epoch79": 24.127729415893555,
    "epoch80": 23.42545509338379,
    "epoch81": 23.721773147583008,
    "epoch82": 23.73280143737793,
    "epoch83": 24.363319396972656,
    "epoch84": 23.680212020874023,
    "epoch85": 23.619184494018555,
    "epoch86": 23.96551513671875,
    "epoch87": 23.783184051513672,
    "epoch88": 24.23201560974121,
    "epoch89": 23.857210159301758,
    "epoch90": 23.446720123291016,
    "epoch91": 25.517776489257812,
    "epoch92": 23.832767486572266,
    "epoch93": 23.48993682861328,
    "epoch94": 23.463960647583008,
    "epoch95": 23.725637435913086,
    "epoch96": 24.68189811706543,
    "epoch97": 23.46554183959961,
    "epoch98": 23.507692337036133,
    "epoch99": 23.02810287475586,
    "epoch100": 23.356483459472656
}