{
    "epoch1": 82.46993001302083,
    "epoch2": 77.8912353515625,
    "epoch3": 74.40502115885417,
    "epoch4": 69.70658365885417,
    "epoch5": 64.83053385416666,
    "epoch6": 58.2298095703125,
    "epoch7": 56.322408040364586,
    "epoch8": 55.64197998046875,
    "epoch9": 54.95596923828125,
    "epoch10": 53.91383056640625,
    "epoch11": 52.264400227864584,
    "epoch12": 51.46064860026042,
    "epoch13": 50.66816813151042,
    "epoch14": 50.22999674479167,
    "epoch15": 49.323160807291664,
    "epoch16": 48.65992431640625,
    "epoch17": 47.861409505208336,
    "epoch18": 46.9524169921875,
    "epoch19": 46.11797281901042,
    "epoch20": 45.38355712890625,
    "epoch21": 44.7123046875,
    "epoch22": 44.46561279296875,
    "epoch23": 42.91177571614583,
    "epoch24": 43.2277099609375,
    "epoch25": 41.799007161458334,
    "epoch26": 40.56723225911458,
    "epoch27": 39.76359456380208,
    "epoch28": 39.513798014322916,
    "epoch29": 39.034342447916664,
    "epoch30": 37.691341145833334
}