{
    "epoch1": 101.02080708165323,
    "epoch2": 82.21880512852823,
    "epoch3": 79.2858650453629,
    "epoch4": 75.48202809979838,
    "epoch5": 70.5371802545363,
    "epoch6": 64.73314248361895,
    "epoch7": 60.875547347530244,
    "epoch8": 58.68583826864919,
    "epoch9": 57.94894310735887,
    "epoch10": 57.79560704385081,
    "epoch11": 56.67017389112903,
    "epoch12": 55.336154076360884,
    "epoch13": 54.81535093245968,
    "epoch14": 52.87313350554435,
    "epoch15": 52.00535928049395,
    "epoch16": 51.06950526083669,
    "epoch17": 50.3646240234375,
    "epoch18": 49.590068201864916,
    "epoch19": 48.93542086693548,
    "epoch20": 48.26089575982863,
    "epoch21": 47.11373015372984,
    "epoch22": 46.48079558341734,
    "epoch23": 46.167508033014116,
    "epoch24": 44.60335811491935,
    "epoch25": 44.318863407258064,
    "epoch26": 43.639892578125,
    "epoch27": 42.72028966103831,
    "epoch28": 42.03812531502016,
    "epoch29": 41.451388451360884,
    "epoch30": 40.594750189012096
}