{
    "epoch1": 0.0008430729154497385,
    "epoch2": 0.000815072599798441,
    "epoch3": 0.0007882098178379238,
    "epoch4": 0.0007618078449741005,
    "epoch5": 0.0007361542060971261,
    "epoch6": 0.0007113818824291229,
    "epoch7": 0.0006874420959502458,
    "epoch8": 0.0006636484805494547,
    "epoch9": 0.0006407390208914876,
    "epoch10": 0.00061817069305107,
    "epoch11": 0.0005965612945146859,
    "epoch12": 0.0005753805465064943,
    "epoch13": 0.0005542474566027523,
    "epoch14": 0.000534036667086184,
    "epoch15": 0.0005145112914033234,
    "epoch16": 0.0004953717766329646,
    "epoch17": 0.00047652877401560545,
    "epoch18": 0.0004583899991121143,
    "epoch19": 0.0004406129475682974,
    "epoch20": 0.0004233233549166471,
    "epoch21": 0.00040680965641513465,
    "epoch22": 0.0003905463719274849,
    "epoch23": 0.0003747457510326058,
    "epoch24": 0.00035958637832663956,
    "epoch25": 0.00034488612436689436,
    "epoch26": 0.00033004109980538487,
    "epoch27": 0.00031628842581994833,
    "epoch28": 0.00030285668617580086,
    "epoch29": 0.00028955359011888503,
    "epoch30": 0.0002771742607001215
}