{
    "epoch0": {
        "layer1": {
            "max_length": 0.7727828025817871,
            "mean_length": 0.3432036274761865,
            "median_length": 0.3374074101448059,
            "stdev_length": 0.12191790001246908,
            "sum_length": 33.97715912014246,
            "ratio_2_1": 8.649460813774807,
            "ratio_3_1": 8.317598532789699,
            "h": 4.532606615230815,
            "normh": 1.2855947440014803,
            "snr": Infinity,
            "mean_birth": 0.0,
            "stdev_birth": 0.0,
            "mean_death": 0.3432036274761865,
            "stdev_death": 0.12191790001246908
        },
        "layer2": {
            "max_length": 0.3091490566730499,
            "mean_length": 0.1337811756088878,
            "median_length": 0.12970274686813354,
            "stdev_length": 0.04960453922033336,
            "sum_length": 13.244336385279894,
            "ratio_2_1": 8.82792962245908,
            "ratio_3_1": 8.216948576441759,
            "h": 4.527923309476425,
            "normh": 1.7525839350868886,
            "snr": Infinity,
            "mean_birth": 0.0,
            "stdev_birth": 0.0,
            "mean_death": 0.1337811756088878,
            "stdev_death": 0.04960453922033336
        },
        "layer3": {
            "max_length": 0.00344696082174778,
            "mean_length": 0.0005296244182520442,
            "median_length": 0.00034167245030403137,
            "stdev_length": 0.0006104966781134328,
            "sum_length": 0.05243281740695238,
            "ratio_2_1": 368.5223189983669,
            "ratio_3_1": 345.8285247686445,
            "h": 4.096721229323608,
            "normh": -1.3895562814957179,
            "snr": Infinity,
            "mean_birth": 0.0,
            "stdev_birth": 0.0,
            "mean_death": 0.0005296244182520442,
            "stdev_death": 0.0006104966781134328
        }
    }
}