{
    "epoch1": 1.9337692431632656e-05,
    "epoch2": 1.2466735603046926e-05,
    "epoch3": 1.1785168895499889e-05,
    "epoch4": 1.138698039492429e-05,
    "epoch5": 1.11504638775134e-05,
    "epoch6": 1.0990892774689672e-05,
    "epoch7": 1.0884927933885544e-05,
    "epoch8": 1.0808856819629287e-05,
    "epoch9": 1.0753119181552328e-05,
    "epoch10": 1.0711648247347851e-05,
    "epoch11": 1.0689661336010788e-05,
    "epoch12": 1.0650827442923862e-05,
    "epoch13": 1.0667928520677668e-05,
    "epoch14": 1.0607167261143656e-05,
    "epoch15": 1.058805733257985e-05,
    "epoch16": 1.0574737215227526e-05,
    "epoch17": 1.0564266314276474e-05,
    "epoch18": 1.054581017309421e-05,
    "epoch19": 1.0535162545100802e-05,
    "epoch20": 1.0525113735978092e-05,
    "epoch21": 1.0516784508453612e-05,
    "epoch22": 1.0507914059374878e-05,
    "epoch23": 1.0504487042216912e-05,
    "epoch24": 1.0497164080278555e-05,
    "epoch25": 1.049122923772581e-05,
    "epoch26": 1.048351112012612e-05,
    "epoch27": 1.0495550388513682e-05,
    "epoch28": 1.0476252313180092e-05,
    "epoch29": 1.0478761352209463e-05,
    "epoch30": 1.0465162100707229e-05
}