{
    "epoch1": 2201.694808467742,
    "epoch2": 1964.7181199596773,
    "epoch3": 1862.3243447580646,
    "epoch4": 1780.1451612903227,
    "epoch5": 1702.6415070564517,
    "epoch6": 1662.3693296370968,
    "epoch7": 1645.4856350806451,
    "epoch8": 1611.89453125,
    "epoch9": 1586.0855594758063,
    "epoch10": 1566.9934475806451,
    "epoch11": 1547.6956905241937,
    "epoch12": 1538.6426411290322,
    "epoch13": 1528.2525201612902,
    "epoch14": 1529.265625,
    "epoch15": 1515.7430695564517,
    "epoch16": 1498.5835433467741,
    "epoch17": 1488.9116683467741,
    "epoch18": 1488.6412550403227,
    "epoch19": 1482.44921875,
    "epoch20": 1476.1234879032259,
    "epoch21": 1463.4706401209678,
    "epoch22": 1459.9742943548388,
    "epoch23": 1450.2532762096773,
    "epoch24": 1446.961189516129,
    "epoch25": 1442.9969758064517,
    "epoch26": 1439.612273185484,
    "epoch27": 1439.5953881048388,
    "epoch28": 1429.578629032258,
    "epoch29": 1428.6107610887098,
    "epoch30": 1424.8563508064517
}