{
    "epoch1": 2682.8116490166412,
    "epoch2": 2027.7738275340394,
    "epoch3": 1921.660363086233,
    "epoch4": 1816.2570600100858,
    "epoch5": 1747.0097075138679,
    "epoch6": 1688.8855269793244,
    "epoch7": 1647.6913767019666,
    "epoch8": 1617.256177508825,
    "epoch9": 1593.856278366112,
    "epoch10": 1570.0206757438225,
    "epoch11": 1555.8358547655068,
    "epoch12": 1540.860564800807,
    "epoch13": 1528.1043872919818,
    "epoch14": 1514.5220625315178,
    "epoch15": 1506.8596822995462,
    "epoch16": 1495.0017650025213,
    "epoch17": 1485.8309379727684,
    "epoch18": 1477.452092788704,
    "epoch19": 1472.3948562783662,
    "epoch20": 1461.544377206253,
    "epoch21": 1453.4362077660112,
    "epoch22": 1447.8436712052446,
    "epoch23": 1443.4964699949571,
    "epoch24": 1438.0166414523449,
    "epoch25": 1432.2360060514372,
    "epoch26": 1429.0381996974281,
    "epoch27": 1423.620902672718,
    "epoch28": 1419.3039586485124,
    "epoch29": 1414.2400403429149,
    "epoch30": 1412.1454866364095
}