{
    "epoch1": 0.3167002417501949,
    "epoch2": 0.36549466517236495,
    "epoch3": 0.3750237465377838,
    "epoch4": 0.417104277818922,
    "epoch5": 0.44432300991482204,
    "epoch6": 0.4357582155674223,
    "epoch7": 0.44579368451284984,
    "epoch8": 0.44944343869648284,
    "epoch9": 0.4438410117512658,
    "epoch10": 0.45412898654975586,
    "epoch11": 0.4664897880856953,
    "epoch12": 0.46885115475881667,
    "epoch13": 0.4818611608611213,
    "epoch14": 0.4802342901627223,
    "epoch15": 0.4893631698593261,
    "epoch16": 0.4778249419870831,
    "epoch17": 0.47609548105133903,
    "epoch18": 0.48525663027687677,
    "epoch19": 0.48077068678916446,
    "epoch20": 0.4809210380864522
}