{
    "epoch1": 0.021589274966606387,
    "epoch2": 0.010389100195391587,
    "epoch3": 0.006232596964023456,
    "epoch4": 0.004375356861769601,
    "epoch5": 0.003201080609061238,
    "epoch6": 0.002420152498719593,
    "epoch7": 0.0018472518551991219,
    "epoch8": 0.0013802063185721636,
    "epoch9": 0.0010414486556934814,
    "epoch10": 0.0008012156225352859,
    "epoch11": 0.0006256027786380231,
    "epoch12": 0.0005100328929041063,
    "epoch13": 0.00042393971778909435,
    "epoch14": 0.00037016963620704635,
    "epoch15": 0.0003518201526646778,
    "epoch16": 0.00029075532910172587,
    "epoch17": 0.00025967192683580196,
    "epoch18": 0.00023878137047480172,
    "epoch19": 0.0002174163375996243,
    "epoch20": 0.0002196319790662663,
    "epoch21": 0.0001886078032300618,
    "epoch22": 0.00018387573732912574,
    "epoch23": 0.00016607966729983067,
    "epoch24": 0.00015965287847966128,
    "epoch25": 0.0001508889346479447,
    "epoch26": 0.0001513089717061828,
    "epoch27": 0.0001404715197471281,
    "epoch28": 0.00013265074752174164,
    "epoch29": 0.00012505871813185945,
    "epoch30": 0.00012011959902506701
}