{
    "epoch1": 118.29448958333333,
    "epoch2": 113.96194791666667,
    "epoch3": 109.95997916666667,
    "epoch4": 106.45807291666667,
    "epoch5": 103.89121875,
    "epoch6": 102.43944791666667,
    "epoch7": 100.2575,
    "epoch8": 98.91627083333333,
    "epoch9": 97.50652083333334,
    "epoch10": 96.87601041666667,
    "epoch11": 95.58872916666667,
    "epoch12": 94.9988125,
    "epoch13": 94.45822916666667,
    "epoch14": 93.77673958333334,
    "epoch15": 93.16197916666667,
    "epoch16": 92.71502083333333,
    "epoch17": 92.46675,
    "epoch18": 92.20038541666666,
    "epoch19": 91.64989583333333,
    "epoch20": 91.29922916666666,
    "epoch21": 91.43045833333333,
    "epoch22": 91.05445833333333,
    "epoch23": 90.646125,
    "epoch24": 90.36825,
    "epoch25": 90.15629166666666,
    "epoch26": 90.03063541666667,
    "epoch27": 90.01355208333334,
    "epoch28": 90.39003125,
    "epoch29": 89.46628125,
    "epoch30": 89.4916875
}