{
    "epoch1": 0.043411168668951304,
    "epoch2": 0.03771630887474332,
    "epoch3": 0.03428439822580133,
    "epoch4": 0.030446155262844905,
    "epoch5": 0.027022579684853554,
    "epoch6": 0.0241235438734293,
    "epoch7": 0.02111162311796631,
    "epoch8": 0.018858284556439946,
    "epoch9": 0.017052414560956613,
    "epoch10": 0.01582580658474139,
    "epoch11": 0.014816457139594215,
    "epoch12": 0.014263962528535299,
    "epoch13": 0.013733394177896636,
    "epoch14": 0.013616244441696576,
    "epoch15": 0.013361233619174786,
    "epoch16": 0.013202740744288479,
    "epoch17": 0.013024411895977599,
    "epoch18": 0.012936236735965525,
    "epoch19": 0.012818591403109687,
    "epoch20": 0.01283165965495365,
    "epoch21": 0.012740062150572027,
    "epoch22": 0.012689006248755115,
    "epoch23": 0.012579777810190405,
    "epoch24": 0.012579943053424358,
    "epoch25": 0.01254163043839591,
    "epoch26": 0.012482866511813231,
    "epoch27": 0.012435463589749165,
    "epoch28": 0.012519954570702143,
    "epoch29": 0.012470571723367487,
    "epoch30": 0.012512882173593556,
    "epoch31": 0.012771658000669308,
    "epoch32": 0.012472327532512801,
    "epoch33": 0.012327762586729867,
    "epoch34": 0.0123658053177808,
    "epoch35": 0.012496354590569223,
    "epoch36": 0.012256366001175982,
    "epoch37": 0.012232278473675251,
    "epoch38": 0.012576383205928974,
    "epoch39": 0.012455269428236144,
    "epoch40": 0.012890801565455539,
    "epoch41": 0.012452739823077406,
    "epoch42": 0.012173321430704423,
    "epoch43": 0.012182404353682483,
    "epoch44": 0.012193017971834965,
    "epoch45": 0.012256043164857797,
    "epoch46": 0.01228623604401946,
    "epoch47": 0.012157658381121499,
    "epoch48": 0.012280550319701433,
    "epoch49": 0.012170338071882725,
    "epoch50": 0.012107773817011289,
    "epoch51": 0.012122240316654955,
    "epoch52": 0.012141627858259849,
    "epoch53": 0.012133112975529261,
    "epoch54": 0.012552668074412006,
    "epoch55": 0.012096587768090623,
    "epoch56": 0.012078785603599889,
    "epoch57": 0.012598633167466946,
    "epoch58": 0.012076837343296834,
    "epoch59": 0.01210235950670072,
    "epoch60": 0.012103373118277107,
    "epoch61": 0.012114427185484342,
    "epoch62": 0.01203011887680207,
    "epoch63": 0.012179997084396226,
    "epoch64": 0.01209633398268904,
    "epoch65": 0.011990041072879518,
    "epoch66": 0.012019552889146976,
    "epoch67": 0.01202029867896012,
    "epoch68": 0.012050170717494828,
    "epoch69": 0.01213652647233435,
    "epoch70": 0.012182129413953849,
    "epoch71": 0.01203806877934507,
    "epoch72": 0.012077521466250931,
    "epoch73": 0.011996372270264797,
    "epoch74": 0.011979262943246536,
    "epoch75": 0.012217206813927208,
    "epoch76": 0.012012130048658167,
    "epoch77": 0.012228973941611392,
    "epoch78": 0.012057934954230274,
    "epoch79": 0.011950750236532517,
    "epoch80": 0.012077843171677418,
    "epoch81": 0.011932122853717633,
    "epoch82": 0.012188683530049664,
    "epoch83": 0.011892067933721202,
    "epoch84": 0.012004940238382136,
    "epoch85": 0.011908967713160174,
    "epoch86": 0.012259024261896099,
    "epoch87": 0.011951922439038754,
    "epoch88": 0.011903583936925446,
    "epoch89": 0.01189578983134457,
    "epoch90": 0.011871083905654294,
    "epoch91": 0.011998399160802364,
    "epoch92": 0.011898420019341367,
    "epoch93": 0.012183921744248696,
    "epoch94": 0.01192041446587869,
    "epoch95": 0.012185446851487671,
    "epoch96": 0.011892561867300953,
    "epoch97": 0.012176994234323502,
    "epoch98": 0.011888907956225532,
    "epoch99": 0.0120751886362476,
    "epoch100": 0.011921869324786323
}