{
    "epoch0": {
        "layer1": {
            "max_length": 1.1102417707443237,
            "mean_length": 0.27910348765476783,
            "median_length": 0.22200508415699005,
            "stdev_length": 0.17722519359091585,
            "sum_length": 27.631245277822018,
            "ratio_2_1": 17.999926897115504,
            "ratio_3_1": 16.52696075897401,
            "h": 4.427291874118462,
            "normh": 1.333944650839006,
            "snr": Infinity,
            "mean_birth": 0.0,
            "stdev_birth": 0.0,
            "mean_death": 0.27910348765476783,
            "stdev_death": 0.17722519359091585
        },
        "layer2": {
            "max_length": 0.4134422838687897,
            "mean_length": 0.11433602105637994,
            "median_length": 0.09108436852693558,
            "stdev_length": 0.069723185249113,
            "sum_length": 11.319266084581614,
            "ratio_2_1": 17.245814316171845,
            "ratio_3_1": 15.7951041586727,
            "h": 4.436311062196172,
            "normh": 1.8282710319328384,
            "snr": Infinity,
            "mean_birth": 0.0,
            "stdev_birth": 0.0,
            "mean_death": 0.11433602105637994,
            "stdev_death": 0.069723185249113
        },
        "layer3": {
            "max_length": 0.007995501160621643,
            "mean_length": 0.0010402286143013926,
            "median_length": 0.0005074292421340942,
            "stdev_length": 0.0015111898955219001,
            "sum_length": 0.10298263281583786,
            "ratio_2_1": 660.8328530259366,
            "ratio_3_1": 632.1945244956772,
            "h": 3.8906519653118137,
            "normh": -1.711534692342572,
            "snr": Infinity,
            "mean_birth": 0.0,
            "stdev_birth": 0.0,
            "mean_death": 0.0010402286143013926,
            "stdev_death": 0.0015111898955219001
        }
    }
}