{
    "epoch1": 0.05031722908218702,
    "epoch2": 0.04078407368312279,
    "epoch3": 0.03607082615296046,
    "epoch4": 0.033475836738944054,
    "epoch5": 0.031289661303162575,
    "epoch6": 0.029135299225648243,
    "epoch7": 0.02694075119992097,
    "epoch8": 0.024810434319078922,
    "epoch9": 0.02277169345567624,
    "epoch10": 0.02082081853101651,
    "epoch11": 0.01896731990079085,
    "epoch12": 0.017284599288056295,
    "epoch13": 0.015787471861888964,
    "epoch14": 0.014524852701773247,
    "epoch15": 0.013460688292980194,
    "epoch16": 0.012652143370360136,
    "epoch17": 0.011906610801815987,
    "epoch18": 0.011281451287989816,
    "epoch19": 0.010723022588839134,
    "epoch20": 0.010246608095864454,
    "epoch21": 0.009797820200522741,
    "epoch22": 0.009410283605878552,
    "epoch23": 0.00903838143373529,
    "epoch24": 0.008703316406657299,
    "epoch25": 0.008361726378401121,
    "epoch26": 0.008167440925414363,
    "epoch27": 0.007802428212016821,
    "epoch28": 0.007560746744275093,
    "epoch29": 0.007375274086371064,
    "epoch30": 0.007098099760090311
}