{
    "epoch1": 108.664892578125,
    "epoch2": 87.763232421875,
    "epoch3": 79.83046875,
    "epoch4": 77.27865234375,
    "epoch5": 76.1781982421875,
    "epoch6": 75.0850439453125,
    "epoch7": 73.752900390625,
    "epoch8": 72.6636669921875,
    "epoch9": 70.7899560546875,
    "epoch10": 69.7356201171875,
    "epoch11": 68.0003173828125,
    "epoch12": 66.0194140625,
    "epoch13": 63.3790869140625,
    "epoch14": 62.08931640625,
    "epoch15": 60.3048388671875,
    "epoch16": 59.2944384765625,
    "epoch17": 58.3317041015625,
    "epoch18": 58.2410400390625,
    "epoch19": 57.5205859375,
    "epoch20": 57.586259765625,
    "epoch21": 57.2332958984375,
    "epoch22": 56.8643701171875,
    "epoch23": 56.4580224609375,
    "epoch24": 56.21533203125,
    "epoch25": 56.3842919921875,
    "epoch26": 55.37181640625,
    "epoch27": 55.410546875,
    "epoch28": 55.1093505859375,
    "epoch29": 54.546708984375,
    "epoch30": 54.5354541015625
}