{
    "epoch1": 93.47120157877605,
    "epoch2": 85.13216654459636,
    "epoch3": 82.46878051757812,
    "epoch4": 81.53675333658855,
    "epoch5": 80.56014506022136,
    "epoch6": 79.34033711751302,
    "epoch7": 77.78969319661458,
    "epoch8": 76.37996419270833,
    "epoch9": 73.94261678059895,
    "epoch10": 72.62645467122395,
    "epoch11": 70.16310628255208,
    "epoch12": 67.14005533854167,
    "epoch13": 64.24875895182292,
    "epoch14": 62.83390808105469,
    "epoch15": 61.5983632405599,
    "epoch16": 61.1584218343099,
    "epoch17": 62.19142150878906,
    "epoch18": 61.3009033203125,
    "epoch19": 60.33351135253906,
    "epoch20": 59.6573486328125,
    "epoch21": 59.50926208496094,
    "epoch22": 58.11494445800781,
    "epoch23": 58.10425313313802,
    "epoch24": 56.92784627278646,
    "epoch25": 56.64757792154948,
    "epoch26": 56.04328918457031,
    "epoch27": 55.7271728515625,
    "epoch28": 55.43938700358073,
    "epoch29": 55.54769388834635,
    "epoch30": 55.113494873046875
}