{
    "epoch1": 136.12716427364865,
    "epoch2": 103.79135214315879,
    "epoch3": 88.82058303420608,
    "epoch4": 81.22925464527027,
    "epoch5": 77.85842483108108,
    "epoch6": 76.80522197001689,
    "epoch7": 76.4377243454392,
    "epoch8": 75.70490656672297,
    "epoch9": 75.51053103885135,
    "epoch10": 74.19442831503379,
    "epoch11": 73.39370645059121,
    "epoch12": 72.09631017736487,
    "epoch13": 71.37155563766892,
    "epoch14": 70.42655986064189,
    "epoch15": 69.15443544130068,
    "epoch16": 67.98289695945945,
    "epoch17": 66.2943214210304,
    "epoch18": 65.27653874577703,
    "epoch19": 63.698288376266895,
    "epoch20": 63.35624076224662,
    "epoch21": 62.4336597339527,
    "epoch22": 61.62715767525338,
    "epoch23": 61.4068504539696,
    "epoch24": 60.64210304054054,
    "epoch25": 59.89154877533784,
    "epoch26": 58.597900390625,
    "epoch27": 58.04345703125,
    "epoch28": 57.89323136613176,
    "epoch29": 57.153966955236484,
    "epoch30": 57.212204391891895
}