{
    "epoch1": 0.010954627342036238,
    "epoch2": 0.005041457216619798,
    "epoch3": 0.0029421111735839236,
    "epoch4": 0.0016948517725762465,
    "epoch5": 0.0009540827253975136,
    "epoch6": 0.0005978471004788804,
    "epoch7": 0.0003923179417894141,
    "epoch8": 0.00031079767643899214,
    "epoch9": 0.0002293028636536885,
    "epoch10": 0.00019236677610973382,
    "epoch11": 0.0001648368879218849,
    "epoch12": 0.00014208430508480652,
    "epoch13": 0.0001317520915978568,
    "epoch14": 0.00011610487632898857,
    "epoch15": 0.00011013317935462312,
    "epoch16": 0.00010607926394542396,
    "epoch17": 9.546036436285763e-05,
    "epoch18": 8.935027298044271e-05,
    "epoch19": 8.83221121551722e-05,
    "epoch20": 7.798036676831543e-05,
    "epoch21": 7.438893044309225e-05,
    "epoch22": 7.23459404822358e-05,
    "epoch23": 6.769571926111973e-05,
    "epoch24": 6.589666602097998e-05,
    "epoch25": 6.0605332415118184e-05,
    "epoch26": 5.822322201192551e-05,
    "epoch27": 5.711680241011377e-05,
    "epoch28": 7.78995829972226e-05,
    "epoch29": 5.0902785836154614e-05,
    "epoch30": 7.264780976149031e-05
}