{
    "epoch1": 0.05073449243274,
    "epoch2": 0.04720898407200972,
    "epoch3": 0.043253232828444906,
    "epoch4": 0.039932981547382146,
    "epoch5": 0.036925531923770905,
    "epoch6": 0.03336072568264273,
    "epoch7": 0.030128460377454758,
    "epoch8": 0.02703781012031767,
    "epoch9": 0.025272741499874327,
    "epoch10": 0.02389791256023778,
    "epoch11": 0.02329312389095624,
    "epoch12": 0.022879580449726846,
    "epoch13": 0.02252380818956428,
    "epoch14": 0.022191789829068713,
    "epoch15": 0.021929768328037526,
    "epoch16": 0.021839132118556235,
    "epoch17": 0.021583303809165955,
    "epoch18": 0.021322198315627046,
    "epoch19": 0.021192728231350582,
    "epoch20": 0.020992054810954466,
    "epoch21": 0.020939438914259274,
    "epoch22": 0.02073538437899616,
    "epoch23": 0.020618187677529123,
    "epoch24": 0.020546982375284035,
    "epoch25": 0.020392948244180944,
    "epoch26": 0.020318764468861952,
    "epoch27": 0.0202540031944712,
    "epoch28": 0.02029170220096906,
    "epoch29": 0.020117639667458005,
    "epoch30": 0.020045093674626615,
    "epoch31": 0.01996738701644871,
    "epoch32": 0.019872032726804417,
    "epoch33": 0.01984532353364759,
    "epoch34": 0.01973310040516986,
    "epoch35": 0.019848439532021683,
    "epoch36": 0.01964372034288115,
    "epoch37": 0.019605739145643182,
    "epoch38": 0.019541921921902232,
    "epoch39": 0.01946117366767592,
    "epoch40": 0.019684112423823938,
    "epoch41": 0.019480923501153786,
    "epoch42": 0.01932320650666952,
    "epoch43": 0.01940175301084916,
    "epoch44": 0.01931843710028463,
    "epoch45": 0.019354352520571813,
    "epoch46": 0.019296434087057907,
    "epoch47": 0.019238861381179757,
    "epoch48": 0.01913909986615181,
    "epoch49": 0.01904129319720798,
    "epoch50": 0.018962417936159506,
    "epoch51": 0.019203199591073725,
    "epoch52": 0.018936891936593585,
    "epoch53": 0.018964908706645172,
    "epoch54": 0.018867000833981566,
    "epoch55": 0.019206749482287302,
    "epoch56": 0.018729473671151534,
    "epoch57": 0.018867947885559663,
    "epoch58": 0.018682998812033072,
    "epoch59": 0.01864633367707332,
    "epoch60": 0.018828757314218417,
    "epoch61": 0.01854790271156364,
    "epoch62": 0.01858143260081609,
    "epoch63": 0.018542142895360787,
    "epoch64": 0.018415879768629868,
    "epoch65": 0.01861841707593865,
    "epoch66": 0.018442531633708212,
    "epoch67": 0.018304767811463937,
    "epoch68": 0.018386934883892536,
    "epoch69": 0.018256213515996933,
    "epoch70": 0.0184895024738378,
    "epoch71": 0.018312880769371986,
    "epoch72": 0.018299456271860335,
    "epoch73": 0.018241827997068565,
    "epoch74": 0.018575617319179907,
    "epoch75": 0.018365189122656982,
    "epoch76": 0.01821337557501263,
    "epoch77": 0.01812701899972227,
    "epoch78": 0.018696689874761634,
    "epoch79": 0.01811503515475326,
    "epoch80": 0.018069646631677944,
    "epoch81": 0.017960401355392404,
    "epoch82": 0.018339924824734528,
    "epoch83": 0.018091161010993853,
    "epoch84": 0.017982215103175905,
    "epoch85": 0.018362199370231893,
    "epoch86": 0.018037814543479018,
    "epoch87": 0.017887187293834157,
    "epoch88": 0.018230126342839666,
    "epoch89": 0.017928431948853865,
    "epoch90": 0.01804355200794008,
    "epoch91": 0.017756005024744406,
    "epoch92": 0.017733946442604065,
    "epoch93": 0.017620275521443948,
    "epoch94": 0.017905670425130263,
    "epoch95": 0.017919584073954158,
    "epoch96": 0.017745305577086076,
    "epoch97": 0.01760316878143284,
    "epoch98": 0.017951042391359806,
    "epoch99": 0.018793647074037127,
    "epoch100": 0.018158099924524624
}