{
    "epoch1": 89.27633231026786,
    "epoch2": 49.22588936941964,
    "epoch3": 47.34734584263393,
    "epoch4": 45.840565708705356,
    "epoch5": 43.91967075892857,
    "epoch6": 41.9174072265625,
    "epoch7": 40.05408412388393,
    "epoch8": 37.3638916015625,
    "epoch9": 35.36548549107143,
    "epoch10": 33.74083775111607,
    "epoch11": 32.7677978515625,
    "epoch12": 32.473643275669644,
    "epoch13": 32.42103445870536,
    "epoch14": 32.4225830078125,
    "epoch15": 32.10841238839286,
    "epoch16": 32.207080078125,
    "epoch17": 31.97425013950893,
    "epoch18": 31.93651646205357,
    "epoch19": 31.748123604910713,
    "epoch20": 31.578456333705358,
    "epoch21": 31.558056640625,
    "epoch22": 31.16678641183036,
    "epoch23": 31.23828822544643,
    "epoch24": 30.97196568080357,
    "epoch25": 31.127818080357144,
    "epoch26": 30.917539760044644,
    "epoch27": 30.764773995535716,
    "epoch28": 31.039540318080356,
    "epoch29": 30.731619698660715,
    "epoch30": 30.856204659598216,
    "epoch31": 30.715349469866073,
    "epoch32": 30.412960379464284,
    "epoch33": 30.466465541294642,
    "epoch34": 30.422108677455356,
    "epoch35": 30.757174246651786,
    "epoch36": 30.449863978794642,
    "epoch37": 30.318376813616073,
    "epoch38": 30.03311941964286,
    "epoch39": 30.166678292410715,
    "epoch40": 30.024082728794642,
    "epoch41": 29.966074916294644,
    "epoch42": 30.118760463169643,
    "epoch43": 30.031832449776786,
    "epoch44": 29.975864955357142,
    "epoch45": 29.736185128348215,
    "epoch46": 29.92894810267857,
    "epoch47": 29.605970982142857,
    "epoch48": 29.515886579241073,
    "epoch49": 29.55786830357143,
    "epoch50": 29.572767857142857,
    "epoch51": 29.2673828125,
    "epoch52": 29.51162109375,
    "epoch53": 29.13211844308036,
    "epoch54": 29.3612060546875,
    "epoch55": 28.999068777901787,
    "epoch56": 29.06287841796875,
    "epoch57": 29.225205775669643,
    "epoch58": 29.161305454799106,
    "epoch59": 28.9248779296875,
    "epoch60": 28.900010463169643,
    "epoch61": 28.658743722098215,
    "epoch62": 28.76188267299107,
    "epoch63": 28.748177664620535,
    "epoch64": 28.656131417410716,
    "epoch65": 28.467473493303572,
    "epoch66": 28.46646902901786,
    "epoch67": 28.48409946986607,
    "epoch68": 28.397141810825893,
    "epoch69": 28.316258021763392,
    "epoch70": 28.1793701171875,
    "epoch71": 28.27609165736607,
    "epoch72": 28.19957798549107,
    "epoch73": 27.955348423549108,
    "epoch74": 28.238298688616073,
    "epoch75": 27.89823521205357,
    "epoch76": 28.310625348772323,
    "epoch77": 27.876961844308035,
    "epoch78": 28.02300327845982,
    "epoch79": 28.186246163504464,
    "epoch80": 27.631154087611606,
    "epoch81": 27.822298758370536,
    "epoch82": 27.712278529575894,
    "epoch83": 27.533785574776786,
    "epoch84": 27.48799874441964,
    "epoch85": 27.41709158761161,
    "epoch86": 27.443097795758927,
    "epoch87": 27.367867606026785,
    "epoch88": 27.42818429129464,
    "epoch89": 27.76719273158482,
    "epoch90": 27.205582101004463,
    "epoch91": 27.304928152901784,
    "epoch92": 27.393305315290178,
    "epoch93": 27.157516043526787,
    "epoch94": 27.092482212611607,
    "epoch95": 26.84494105747768,
    "epoch96": 27.149380929129464,
    "epoch97": 26.801321847098215,
    "epoch98": 26.67323695591518,
    "epoch99": 26.626290457589285,
    "epoch100": 26.71844482421875
}