{
    "epoch1": 0.04671660880558193,
    "epoch2": 0.04156839055940509,
    "epoch3": 0.0348509670002386,
    "epoch4": 0.02828382479492575,
    "epoch5": 0.023201026720926166,
    "epoch6": 0.019816110841929913,
    "epoch7": 0.018467265064828098,
    "epoch8": 0.01783837581751868,
    "epoch9": 0.01722710276953876,
    "epoch10": 0.016743312939070165,
    "epoch11": 0.016309562721289694,
    "epoch12": 0.016086202929727733,
    "epoch13": 0.015699514595326036,
    "epoch14": 0.015451554965693504,
    "epoch15": 0.015200267662294209,
    "epoch16": 0.01507900602882728,
    "epoch17": 0.014741927792783827,
    "epoch18": 0.014579763141227886,
    "epoch19": 0.014790558314416558,
    "epoch20": 0.014259057061281055,
    "epoch21": 0.014180623373249546,
    "epoch22": 0.01416736378450878,
    "epoch23": 0.01385617846972309,
    "epoch24": 0.01370872583356686,
    "epoch25": 0.013598792778793722,
    "epoch26": 0.01348221130319871,
    "epoch27": 0.013382301956880838,
    "epoch28": 0.013335701107280329,
    "epoch29": 0.013194293744163588,
    "epoch30": 0.013198141503380612,
    "epoch31": 0.013146400800906122,
    "epoch32": 0.013048402586719021,
    "epoch33": 0.013012013223487884,
    "epoch34": 0.012978640210349113,
    "epoch35": 0.012806901126168668,
    "epoch36": 0.012773697468219325,
    "epoch37": 0.012668498879065737,
    "epoch38": 0.012657528859563172,
    "epoch39": 0.01265449554193765,
    "epoch40": 0.01282190007623285,
    "epoch41": 0.01251451118150726,
    "epoch42": 0.01307582008303143,
    "epoch43": 0.012803595105651766,
    "epoch44": 0.012432546791387722,
    "epoch45": 0.012333129881881177,
    "epoch46": 0.012398957798723131,
    "epoch47": 0.012330404773820192,
    "epoch48": 0.012210484244860709,
    "epoch49": 0.012226258142618462,
    "epoch50": 0.012137130717746913,
    "epoch51": 0.012174475006759167,
    "epoch52": 0.012173283932497725,
    "epoch53": 0.012061864574206993,
    "epoch54": 0.012009106256300583,
    "epoch55": 0.011988153244601563,
    "epoch56": 0.012149916001362726,
    "epoch57": 0.01189859033911489,
    "epoch58": 0.01214078752673231,
    "epoch59": 0.012100137944798917,
    "epoch60": 0.012071045872289687,
    "epoch61": 0.011874235467985272,
    "epoch62": 0.011808409675722942,
    "epoch63": 0.011783041496528313,
    "epoch64": 0.01184787307283841,
    "epoch65": 0.011775792081607506,
    "epoch66": 0.011767259798943996,
    "epoch67": 0.011752823513234034,
    "epoch68": 0.012083617330063134,
    "epoch69": 0.01164012571098283,
    "epoch70": 0.012108011811506003,
    "epoch71": 0.01188615124556236,
    "epoch72": 0.011589073692448437,
    "epoch73": 0.011635151400696486,
    "epoch74": 0.011585149768507108,
    "epoch75": 0.011927557992748916,
    "epoch76": 0.011701881099725142,
    "epoch77": 0.011533029057318345,
    "epoch78": 0.011733199818991125,
    "epoch79": 0.011590079811867326,
    "epoch80": 0.01152715866919607,
    "epoch81": 0.01184601814020425,
    "epoch82": 0.011551144532859325,
    "epoch83": 0.011621887737419456,
    "epoch84": 0.011442308721598238,
    "epoch85": 0.011639381205895916,
    "epoch86": 0.011489338125102222,
    "epoch87": 0.011403409036574885,
    "epoch88": 0.011498133186250925,
    "epoch89": 0.011388853599783033,
    "epoch90": 0.011443167983088642,
    "epoch91": 0.011862590879900381,
    "epoch92": 0.01141907594865188,
    "epoch93": 0.011641363293165341,
    "epoch94": 0.011320623947540298,
    "epoch95": 0.011246117617702112,
    "epoch96": 0.011255376186454669,
    "epoch97": 0.01123659108998254,
    "epoch98": 0.012593201478011906,
    "epoch99": 0.011198628664715216,
    "epoch100": 0.011482962116133422
}