{
    "epoch1": 6102.266865079365,
    "epoch2": 3297.642113095238,
    "epoch3": 3072.9407242063494,
    "epoch4": 2817.7194940476193,
    "epoch5": 2556.4890873015875,
    "epoch6": 2349.8231646825398,
    "epoch7": 2260.0949900793653,
    "epoch8": 2181.4935515873017,
    "epoch9": 2130.746031746032,
    "epoch10": 2050.8887648809523,
    "epoch11": 1980.9825148809523,
    "epoch12": 1940.8282490079366,
    "epoch13": 1897.811755952381,
    "epoch14": 1864.0337301587301,
    "epoch15": 1844.826884920635,
    "epoch16": 1821.7733134920634,
    "epoch17": 1807.0105406746031,
    "epoch18": 1805.7108134920634,
    "epoch19": 1762.508308531746,
    "epoch20": 1768.163566468254,
    "epoch21": 1758.3488343253969,
    "epoch22": 1762.5435267857142,
    "epoch23": 1728.8890128968253,
    "epoch24": 1724.2093253968253,
    "epoch25": 1720.6609623015872,
    "epoch26": 1708.6447172619048,
    "epoch27": 1706.343998015873,
    "epoch28": 1703.0189732142858,
    "epoch29": 1689.6812996031747,
    "epoch30": 1682.2574404761904,
    "epoch31": 1670.9140625,
    "epoch32": 1671.546378968254,
    "epoch33": 1679.7327628968253,
    "epoch34": 1652.0435267857142,
    "epoch35": 1657.2420634920634,
    "epoch36": 1643.252232142857,
    "epoch37": 1660.8229166666667,
    "epoch38": 1643.7240823412699,
    "epoch39": 1651.1848958333333,
    "epoch40": 1634.6512896825398,
    "epoch41": 1641.0333581349207,
    "epoch42": 1631.116691468254,
    "epoch43": 1630.2392113095239,
    "epoch44": 1625.8924851190477,
    "epoch45": 1608.2079613095239,
    "epoch46": 1614.728050595238,
    "epoch47": 1597.1520337301588,
    "epoch48": 1603.5923859126983,
    "epoch49": 1598.9930555555557,
    "epoch50": 1594.2855902777778,
    "epoch51": 1584.087177579365,
    "epoch52": 1571.3492063492063,
    "epoch53": 1596.751240079365,
    "epoch54": 1568.156746031746,
    "epoch55": 1586.727802579365,
    "epoch56": 1565.2445436507937,
    "epoch57": 1566.062748015873,
    "epoch58": 1558.2881944444443,
    "epoch59": 1547.0062003968253,
    "epoch60": 1544.6460813492063,
    "epoch61": 1571.186259920635,
    "epoch62": 1575.5726686507937,
    "epoch63": 1542.0396825396826,
    "epoch64": 1566.482886904762,
    "epoch65": 1548.2842261904761,
    "epoch66": 1531.3101438492063,
    "epoch67": 1535.1316964285713,
    "epoch68": 1528.280753968254,
    "epoch69": 1525.561755952381,
    "epoch70": 1523.210193452381,
    "epoch71": 1550.2109375,
    "epoch72": 1517.0667162698412,
    "epoch73": 1517.0111607142858,
    "epoch74": 1518.627232142857,
    "epoch75": 1535.759796626984,
    "epoch76": 1505.0396825396826,
    "epoch77": 1512.3788442460318,
    "epoch78": 1495.600074404762,
    "epoch79": 1507.383060515873,
    "epoch80": 1499.5652281746031,
    "epoch81": 1510.076388888889,
    "epoch82": 1490.9058779761904,
    "epoch83": 1489.6902281746031,
    "epoch84": 1511.6780753968253,
    "epoch85": 1480.8443700396826,
    "epoch86": 1512.4083581349207,
    "epoch87": 1486.4296875,
    "epoch88": 1524.985367063492,
    "epoch89": 1482.5565476190477,
    "epoch90": 1471.1302083333333,
    "epoch91": 1485.2397073412699,
    "epoch92": 1476.2548363095239,
    "epoch93": 1453.4620535714287,
    "epoch94": 1479.9923115079366,
    "epoch95": 1482.899181547619,
    "epoch96": 1466.7135416666667,
    "epoch97": 1449.6271081349207,
    "epoch98": 1481.0902777777778,
    "epoch99": 1491.1367807539682,
    "epoch100": 1451.6824156746031
}