{
    "epoch1": 0.8036684184655547,
    "epoch2": 0.9153747656802337,
    "epoch3": 0.9389522250145673,
    "epoch4": 0.9518938117682934,
    "epoch5": 0.9606666685720284,
    "epoch6": 0.9658683348844449,
    "epoch7": 0.9702342870950699,
    "epoch8": 0.9745800011773904,
    "epoch9": 0.9758084932247798,
    "epoch10": 0.9791406359036764,
    "epoch11": 0.9819467469096184,
    "epoch12": 0.9832739690760771,
    "epoch13": 0.9846938102424144,
    "epoch14": 0.9865654768288136,
    "epoch15": 0.988083889524142,
    "epoch16": 0.9887746036887168,
    "epoch17": 0.9896050798932712,
    "epoch18": 0.9904144448637963,
    "epoch19": 0.9909866670866807,
    "epoch20": 0.9923144448955854,
    "epoch21": 0.9931855559309324,
    "epoch22": 0.9934849209666252,
    "epoch23": 0.993635397140185,
    "epoch24": 0.9940517463445664,
    "epoch25": 0.9944766669392586,
    "epoch26": 0.9946645241300265,
    "epoch27": 0.9953677780071895,
    "epoch28": 0.9957111113111178,
    "epoch29": 0.9959150795340538,
    "epoch30": 0.9959955557823181,
    "epoch31": 0.9960106351216634,
    "epoch32": 0.9966577779650688,
    "epoch33": 0.9964111112793287,
    "epoch34": 0.996591111278534,
    "epoch35": 0.9965395239988962,
    "epoch36": 0.9970811112642288,
    "epoch37": 0.997476666812102,
    "epoch38": 0.9973611112515132,
    "epoch39": 0.9972344445904096,
    "epoch40": 0.9973277779301007,
    "epoch41": 0.9976822223544121,
    "epoch42": 0.997476666768392,
    "epoch43": 0.9980455556750297,
    "epoch44": 0.9977766667803128,
    "epoch45": 0.9978488889813423,
    "epoch46": 0.9981866667429606,
    "epoch47": 0.9982073016762734,
    "epoch48": 0.9979560318350792,
    "epoch49": 0.998185555656751,
    "epoch50": 0.9983222223083178
}