{
    "epoch1": 58.74508101851852,
    "epoch2": 51.52448187934028,
    "epoch3": 44.082650643807874,
    "epoch4": 39.22340675636574,
    "epoch5": 34.524983723958336,
    "epoch6": 30.654003002025462,
    "epoch7": 28.42822491681134,
    "epoch8": 26.73175048828125,
    "epoch9": 25.521251537181712,
    "epoch10": 24.259107801649307,
    "epoch11": 24.389506022135418,
    "epoch12": 22.706065990306712,
    "epoch13": 21.67024513527199,
    "epoch14": 20.377986201533563,
    "epoch15": 20.354085286458332,
    "epoch16": 19.28052662037037,
    "epoch17": 18.99450909649884,
    "epoch18": 18.46064136646412,
    "epoch19": 18.330687346281827,
    "epoch20": 17.456520363136573,
    "epoch21": 17.12748435691551,
    "epoch22": 17.23590992115162,
    "epoch23": 16.352379692925346,
    "epoch24": 16.213108769169562,
    "epoch25": 15.627233434606481,
    "epoch26": 16.043817590784144,
    "epoch27": 15.23060890480324,
    "epoch28": 15.070632369429976,
    "epoch29": 19.727611400462962,
    "epoch30": 16.274998417607062
}