{
    "epoch1": 83.9970233623798,
    "epoch2": 84.4875957782452,
    "epoch3": 84.93558443509616,
    "epoch4": 85.5915996844952,
    "epoch5": 86.26732459435097,
    "epoch6": 86.84622896634616,
    "epoch7": 87.36024827223558,
    "epoch8": 87.8869159405048,
    "epoch9": 88.24715482271634,
    "epoch10": 88.763916015625,
    "epoch11": 89.1126239483173,
    "epoch12": 89.36326246995192,
    "epoch13": 89.54254619891827,
    "epoch14": 89.797119140625,
    "epoch15": 89.86316856971153,
    "epoch16": 90.11222017728366,
    "epoch17": 90.16162109375,
    "epoch18": 90.13422100360577,
    "epoch19": 90.29303448016827,
    "epoch20": 90.37361966646634,
    "epoch21": 90.32996544471153,
    "epoch22": 90.3175800030048,
    "epoch23": 90.54873422475961,
    "epoch24": 90.64419320913461,
    "epoch25": 90.47521033653847,
    "epoch26": 90.48736102764423,
    "epoch27": 90.37949782151442,
    "epoch28": 90.41446627103366,
    "epoch29": 90.63361065204327,
    "epoch30": 90.22629957932692
}