{
    "epoch1": 0.051132726669311526,
    "epoch2": 0.04566566608846188,
    "epoch3": 0.04008608181029558,
    "epoch4": 0.03427269663661718,
    "epoch5": 0.028694135323166847,
    "epoch6": 0.024510613083839415,
    "epoch7": 0.02189724165946245,
    "epoch8": 0.020799138210713865,
    "epoch9": 0.01992607321590185,
    "epoch10": 0.01935566868633032,
    "epoch11": 0.019147171173244715,
    "epoch12": 0.018939496483653784,
    "epoch13": 0.018717727065086363,
    "epoch14": 0.018350754771381615,
    "epoch15": 0.018198551889508963,
    "epoch16": 0.018684772308915854,
    "epoch17": 0.01760450527071953,
    "epoch18": 0.017466311808675528,
    "epoch19": 0.01728935046121478,
    "epoch20": 0.017419236805289985,
    "epoch21": 0.016930193081498145,
    "epoch22": 0.016986421961337327,
    "epoch23": 0.01669166823849082,
    "epoch24": 0.016709742415696383,
    "epoch25": 0.016467462200671433,
    "epoch26": 0.01629368020221591,
    "epoch27": 0.016067344602197407,
    "epoch28": 0.0161798320710659,
    "epoch29": 0.01597679704427719,
    "epoch30": 0.015745765436440705,
    "epoch31": 0.015873615443706513,
    "epoch32": 0.015619408432394266,
    "epoch33": 0.015590504556894303,
    "epoch34": 0.015464917384088039,
    "epoch35": 0.015386829990893603,
    "epoch36": 0.015760938078165053,
    "epoch37": 0.01526577053591609,
    "epoch38": 0.015153406001627446,
    "epoch39": 0.015164765622466802,
    "epoch40": 0.015247073490172625,
    "epoch41": 0.01542770080268383,
    "epoch42": 0.015340088494122028,
    "epoch43": 0.015058046206831932,
    "epoch44": 0.014797506481409073,
    "epoch45": 0.014765138458460569,
    "epoch46": 0.014694872312247753,
    "epoch47": 0.014629174210131168,
    "epoch48": 0.014550396706908941,
    "epoch49": 0.01484817462041974,
    "epoch50": 0.014584134053438901,
    "epoch51": 0.01509817773476243,
    "epoch52": 0.014376717060804367,
    "epoch53": 0.014648749399930239,
    "epoch54": 0.01440996266901493,
    "epoch55": 0.014685683231800795,
    "epoch56": 0.014366380777209998,
    "epoch57": 0.014522819593548775,
    "epoch58": 0.014490302838385104,
    "epoch59": 0.01501585692167282,
    "epoch60": 0.014221512246876955,
    "epoch61": 0.014859785232692957,
    "epoch62": 0.014326859638094902,
    "epoch63": 0.014352994225919246,
    "epoch64": 0.014243571925908327,
    "epoch65": 0.014322459883987903,
    "epoch66": 0.014993197843432426,
    "epoch67": 0.014281886722892522,
    "epoch68": 0.015021256729960441,
    "epoch69": 0.014316001255065203,
    "epoch70": 0.014206979982554912,
    "epoch71": 0.01419672854244709,
    "epoch72": 0.014774176012724637,
    "epoch73": 0.01417858460918069,
    "epoch74": 0.014199258107692004,
    "epoch75": 0.014375163335353136,
    "epoch76": 0.014376083668321372,
    "epoch77": 0.014213924668729306,
    "epoch78": 0.01426137275993824,
    "epoch79": 0.014402945432811976,
    "epoch80": 0.014404711965471505,
    "epoch81": 0.014367413986474276,
    "epoch82": 0.014682711195200681,
    "epoch83": 0.014659160934388637,
    "epoch84": 0.014675419684499503,
    "epoch85": 0.014608259219676257,
    "epoch86": 0.014722442626953125,
    "epoch87": 0.014779808185994624,
    "epoch88": 0.014342652913182975,
    "epoch89": 0.01450259080156684,
    "epoch90": 0.014348439406603575,
    "epoch91": 0.014322700817137957,
    "epoch92": 0.014373837690800428,
    "epoch93": 0.014706608932465315,
    "epoch94": 0.014409712608903646,
    "epoch95": 0.014378526993095875,
    "epoch96": 0.014875008538365365,
    "epoch97": 0.014450795855373144,
    "epoch98": 0.01440824456512928,
    "epoch99": 0.015229286160320044,
    "epoch100": 0.014515990857034922
}