{
    "epoch1": 63.32886384662829,
    "epoch2": 48.54837517989309,
    "epoch3": 45.85145649157072,
    "epoch4": 43.65695672286184,
    "epoch5": 40.93758030941612,
    "epoch6": 38.38403962787829,
    "epoch7": 35.906789679276315,
    "epoch8": 33.98248291015625,
    "epoch9": 32.94279399671053,
    "epoch10": 32.26567318564967,
    "epoch11": 31.518618935032894,
    "epoch12": 31.009890907689144,
    "epoch13": 31.192787571957236,
    "epoch14": 30.700551886307565,
    "epoch15": 30.26116943359375,
    "epoch16": 30.33719996402138,
    "epoch17": 30.146616082442435,
    "epoch18": 30.03124357524671,
    "epoch19": 29.920166015625,
    "epoch20": 29.807132118626644,
    "epoch21": 29.70170191714638,
    "epoch22": 29.53761693050987,
    "epoch23": 29.22178248355263,
    "epoch24": 29.1842330129523,
    "epoch25": 29.28436279296875,
    "epoch26": 29.03921669407895,
    "epoch27": 28.71948884662829,
    "epoch28": 29.040103310032894,
    "epoch29": 28.745194284539473,
    "epoch30": 28.66868832236842,
    "epoch31": 28.263742547286185,
    "epoch32": 28.395572060032894,
    "epoch33": 28.23773835834704,
    "epoch34": 28.609542043585527,
    "epoch35": 28.169032046669408,
    "epoch36": 27.88332005550987,
    "epoch37": 27.94696044921875,
    "epoch38": 27.900853207236842,
    "epoch39": 27.91583251953125,
    "epoch40": 27.656821803042764,
    "epoch41": 27.894454152960527,
    "epoch42": 27.962257786800986,
    "epoch43": 27.554224917763158,
    "epoch44": 27.754702919407894,
    "epoch45": 27.397017629523027,
    "epoch46": 27.36136024876645,
    "epoch47": 27.26287841796875,
    "epoch48": 27.22833251953125,
    "epoch49": 27.291494269120065,
    "epoch50": 27.17010498046875,
    "epoch51": 27.2397171823602,
    "epoch52": 26.989527652138158,
    "epoch53": 26.787221808182565,
    "epoch54": 26.627036646792764,
    "epoch55": 26.70769621196546,
    "epoch56": 26.610825388055098,
    "epoch57": 26.617245322779606,
    "epoch58": 26.867184287623356,
    "epoch59": 26.659597296463815,
    "epoch60": 26.603271484375,
    "epoch61": 26.6241455078125,
    "epoch62": 26.189528615851152,
    "epoch63": 26.294395045230264,
    "epoch64": 26.074274966591283,
    "epoch65": 26.327193410773027,
    "epoch66": 26.580771998355264,
    "epoch67": 26.232993678042764,
    "epoch68": 25.895626670435856,
    "epoch69": 26.65567980314556,
    "epoch70": 25.841737446032074,
    "epoch71": 25.911972848992598,
    "epoch72": 25.995040090460527,
    "epoch73": 26.09128931949013,
    "epoch74": 25.77724898488898,
    "epoch75": 25.66158736379523,
    "epoch76": 25.77230674342105,
    "epoch77": 25.759543971011514,
    "epoch78": 25.651044343647204,
    "epoch79": 25.93269107216283,
    "epoch80": 25.723459344161185,
    "epoch81": 25.560848838404606,
    "epoch82": 25.889123213918584,
    "epoch83": 25.793590344880755,
    "epoch84": 25.864273874383223,
    "epoch85": 25.504127903988486,
    "epoch86": 25.638673481188324,
    "epoch87": 25.38569400185033,
    "epoch88": 25.84484060187089,
    "epoch89": 25.20730751439145,
    "epoch90": 25.532928466796875,
    "epoch91": 25.505859375,
    "epoch92": 25.10001574064556,
    "epoch93": 25.367629201788652,
    "epoch94": 25.417660361842106,
    "epoch95": 25.223801462273848,
    "epoch96": 24.95294189453125,
    "epoch97": 24.97532091642681,
    "epoch98": 25.171873393811676,
    "epoch99": 25.278582121196546,
    "epoch100": 25.003843608655426
}