{
    "epoch1": 0.021541407068624445,
    "epoch2": 0.01068366109393537,
    "epoch3": 0.007019747119477909,
    "epoch4": 0.004880228884639623,
    "epoch5": 0.003499383486442916,
    "epoch6": 0.0025924921805120034,
    "epoch7": 0.00190792589463577,
    "epoch8": 0.0013738506063616471,
    "epoch9": 0.0010291631573952895,
    "epoch10": 0.000848051206760473,
    "epoch11": 0.0006052126795428036,
    "epoch12": 0.0005103231093886753,
    "epoch13": 0.00041214904954160926,
    "epoch14": 0.00035640503293784013,
    "epoch15": 0.00031179421468708745,
    "epoch16": 0.00027232848578537613,
    "epoch17": 0.0002473779617424083,
    "epoch18": 0.00021824215361013321,
    "epoch19": 0.00020232612144394332,
    "epoch20": 0.00018349142714135309,
    "epoch21": 0.00016678647333047474,
    "epoch22": 0.0001545079649076797,
    "epoch23": 0.00014524070470740654,
    "epoch24": 0.00013804492767161244,
    "epoch25": 0.00013269883501103007,
    "epoch26": 0.00012263294316337283,
    "epoch27": 0.00011718971441239219,
    "epoch28": 0.00011037438312284749,
    "epoch29": 0.00011379315219528507,
    "epoch30": 0.00010362989838619757
}