{
    "epoch1": 0.03116511125807409,
    "epoch2": 0.025504577094344078,
    "epoch3": 0.018883247566581877,
    "epoch4": 0.012893356141392831,
    "epoch5": 0.00918923775424008,
    "epoch6": 0.00712213230629762,
    "epoch7": 0.005687586200009618,
    "epoch8": 0.004720553238358762,
    "epoch9": 0.003930942577965281,
    "epoch10": 0.0033270808549045964,
    "epoch11": 0.0027743024553206785,
    "epoch12": 0.0023456746733885397,
    "epoch13": 0.001998508788852228,
    "epoch14": 0.0016929589975107876,
    "epoch15": 0.0014418772242842587,
    "epoch16": 0.001236000687910106,
    "epoch17": 0.0010688639541277317,
    "epoch18": 0.0009634633380402294,
    "epoch19": 0.0008230072778166721,
    "epoch20": 0.0007262921286315692,
    "epoch21": 0.0006500881324798145,
    "epoch22": 0.0005964789657068819,
    "epoch23": 0.000533493055694702,
    "epoch24": 0.0004918457556481439,
    "epoch25": 0.0004463701975678473,
    "epoch26": 0.0004106085344338445,
    "epoch27": 0.0003756786232029467,
    "epoch28": 0.00036333020263420486,
    "epoch29": 0.0003289557105206229,
    "epoch30": 0.00031549485531825295
}