{
    "epoch0": {
        "layer1": {
            "max_length": 1.0966876745224,
            "mean_length": 0.2804219325007212,
            "median_length": 0.23059290647506714,
            "stdev_length": 0.17761339006667876,
            "sum_length": 27.7617713175714,
            "ratio_2_1": 19.39131054138533,
            "ratio_3_1": 18.482469058282938,
            "h": 4.428175560649831,
            "normh": 1.33231908140237,
            "snr": Infinity,
            "mean_birth": 0.0,
            "stdev_birth": 0.0,
            "mean_death": 0.2804219325007212,
            "stdev_death": 0.17761339006667876
        },
        "layer2": {
            "max_length": 0.4369580149650574,
            "mean_length": 0.11096281985366585,
            "median_length": 0.09275906533002853,
            "stdev_length": 0.0680838737613416,
            "sum_length": 10.98531916551292,
            "ratio_2_1": 21.266758384192116,
            "ratio_3_1": 17.230446178029336,
            "h": 4.438549648480411,
            "normh": 1.8520504776939781,
            "snr": Infinity,
            "mean_birth": 0.0,
            "stdev_birth": 0.0,
            "mean_death": 0.11096281985366585,
            "stdev_death": 0.0680838737613416
        },
        "layer3": {
            "max_length": 0.029085151851177216,
            "mean_length": 0.0009070074919498328,
            "median_length": 0.00024797767400741577,
            "stdev_length": 0.0030363376569405285,
            "sum_length": 0.08979374170303345,
            "ratio_2_1": 1582.435152057245,
            "ratio_3_1": 1348.839892665474,
            "h": 3.1584912829712275,
            "normh": -1.3104467962149289,
            "snr": Infinity,
            "mean_birth": 0.0,
            "stdev_birth": 0.0,
            "mean_death": 0.0009070074919498328,
            "stdev_death": 0.0030363376569405285
        }
    }
}