{
    "epoch1": 0.05480696707963943,
    "epoch2": 0.05008299797773361,
    "epoch3": 0.04414013102650642,
    "epoch4": 0.038176610320806506,
    "epoch5": 0.03291434273123741,
    "epoch6": 0.029008544236421584,
    "epoch7": 0.02674957625567913,
    "epoch8": 0.025751161575317382,
    "epoch9": 0.025364029780030252,
    "epoch10": 0.025084536522626877,
    "epoch11": 0.024594871513545512,
    "epoch12": 0.024323842115700246,
    "epoch13": 0.024351996928453447,
    "epoch14": 0.023715333081781864,
    "epoch15": 0.02362148892134428,
    "epoch16": 0.02336749844253063,
    "epoch17": 0.022962118219584226,
    "epoch18": 0.022795821353793145,
    "epoch19": 0.022520089242607354,
    "epoch20": 0.02259402461349964,
    "epoch21": 0.02227809336036444,
    "epoch22": 0.0219494235701859,
    "epoch23": 0.022052540630102157,
    "epoch24": 0.02169835763052106,
    "epoch25": 0.02157583450898528,
    "epoch26": 0.021429917588829995,
    "epoch27": 0.021251990366727112,
    "epoch28": 0.02111727315932512,
    "epoch29": 0.0209678596816957,
    "epoch30": 0.020808995794504882,
    "epoch31": 0.020786438789218663,
    "epoch32": 0.020754839386790992,
    "epoch33": 0.020624328404664993,
    "epoch34": 0.0205448298715055,
    "epoch35": 0.02040319535881281,
    "epoch36": 0.020310236513614653,
    "epoch37": 0.020148147828876972,
    "epoch38": 0.019950968306511642,
    "epoch39": 0.020054750982671975,
    "epoch40": 0.019777923729270695,
    "epoch41": 0.019726214837282895,
    "epoch42": 0.01962578361853957,
    "epoch43": 0.019523979164659977,
    "epoch44": 0.019503004476428033,
    "epoch45": 0.01932389261201024,
    "epoch46": 0.01934095425531268,
    "epoch47": 0.01930085839703679,
    "epoch48": 0.019207484740763902,
    "epoch49": 0.019093810953199862,
    "epoch50": 0.019128787610679866,
    "epoch51": 0.019225818943232297,
    "epoch52": 0.018911538645625114,
    "epoch53": 0.01900301408022642,
    "epoch54": 0.018790258280932903,
    "epoch55": 0.018775260541588068,
    "epoch56": 0.018695572391152382,
    "epoch57": 0.018812032137066125,
    "epoch58": 0.018571569956839083,
    "epoch59": 0.018535278365015985,
    "epoch60": 0.018503825832158326,
    "epoch61": 0.018585157673805953,
    "epoch62": 0.018355416879057885,
    "epoch63": 0.018321920093148945,
    "epoch64": 0.018273303844034673,
    "epoch65": 0.018290405347943305,
    "epoch66": 0.018291215877979994,
    "epoch67": 0.01826090533286333,
    "epoch68": 0.01820344105362892,
    "epoch69": 0.01811992283910513,
    "epoch70": 0.018128927797079086,
    "epoch71": 0.018122836109250785,
    "epoch72": 0.01791843641549349,
    "epoch73": 0.017956056725233795,
    "epoch74": 0.017904697079211475,
    "epoch75": 0.017864444851875307,
    "epoch76": 0.017847425304353237,
    "epoch77": 0.017803503107279538,
    "epoch78": 0.01781371347606182,
    "epoch79": 0.017810958530753852,
    "epoch80": 0.01762828277423978,
    "epoch81": 0.017860693484544755,
    "epoch82": 0.017617019731551407,
    "epoch83": 0.01761437626555562,
    "epoch84": 0.01762203834950924,
    "epoch85": 0.017507349979132412,
    "epoch86": 0.017783250473439694,
    "epoch87": 0.017560716811567546,
    "epoch88": 0.01753566022962332,
    "epoch89": 0.0179384239949286,
    "epoch90": 0.01735686296597123,
    "epoch91": 0.01750681661069393,
    "epoch92": 0.01725724935531616,
    "epoch93": 0.01735165510326624,
    "epoch94": 0.017652433831244707,
    "epoch95": 0.017336389608681203,
    "epoch96": 0.01732275141403079,
    "epoch97": 0.017667706310749053,
    "epoch98": 0.01725070597603917,
    "epoch99": 0.01728081637993455,
    "epoch100": 0.017166498769074678
}