{
    "epoch1": 53.93400493421053,
    "epoch2": 47.80388761821546,
    "epoch3": 45.05107357627467,
    "epoch4": 42.50971743935033,
    "epoch5": 39.483857807360195,
    "epoch6": 36.50645045230263,
    "epoch7": 34.06682064658717,
    "epoch8": 32.7341886821546,
    "epoch9": 31.874611302425986,
    "epoch10": 31.283058568050986,
    "epoch11": 30.820810418379935,
    "epoch12": 30.31963468852796,
    "epoch13": 30.24920654296875,
    "epoch14": 30.11729672080592,
    "epoch15": 29.74019261410362,
    "epoch16": 29.382655093544408,
    "epoch17": 29.577829461348685,
    "epoch18": 29.20565635279605,
    "epoch19": 29.038712350945723,
    "epoch20": 29.177634791324014,
    "epoch21": 28.665665475945723,
    "epoch22": 28.658347681949014,
    "epoch23": 28.786855597245065,
    "epoch24": 28.4755570261102,
    "epoch25": 28.32988859477796,
    "epoch26": 28.7115189401727,
    "epoch27": 28.164181357935856,
    "epoch28": 28.128793816817435,
    "epoch29": 27.993411415501644,
    "epoch30": 28.024918405633223,
    "epoch31": 27.810977333470394,
    "epoch32": 27.788699501439144,
    "epoch33": 27.861861379523027,
    "epoch34": 27.577681692023027,
    "epoch35": 27.707374974300986,
    "epoch36": 27.57225920024671,
    "epoch37": 27.518673545435856,
    "epoch38": 27.63780453330592,
    "epoch39": 27.47486636513158,
    "epoch40": 27.371286492598685,
    "epoch41": 27.54218814247533,
    "epoch42": 27.26496646278783,
    "epoch43": 27.1181929738898,
    "epoch44": 27.20035914370888,
    "epoch45": 27.039158871299342,
    "epoch46": 26.953455874794408,
    "epoch47": 27.078372353001644,
    "epoch48": 26.774682295949834,
    "epoch49": 26.74937037417763,
    "epoch50": 26.8514693410773,
    "epoch51": 26.8854048879523,
    "epoch52": 27.290135433799342,
    "epoch53": 26.709144993832236,
    "epoch54": 26.906429893092106,
    "epoch55": 26.590226022820723,
    "epoch56": 26.5244140625,
    "epoch57": 26.474559583162005,
    "epoch58": 26.87335847553454,
    "epoch59": 26.25966443513569,
    "epoch60": 26.408241673519736,
    "epoch61": 26.257322612561676,
    "epoch62": 26.33971525493421,
    "epoch63": 26.07120714689556,
    "epoch64": 26.3140869140625,
    "epoch65": 26.60374049136513,
    "epoch66": 26.16074572111431,
    "epoch67": 26.080929404810856,
    "epoch68": 25.85364412006579,
    "epoch69": 25.973644055818255,
    "epoch70": 25.81285978618421,
    "epoch71": 25.81137406198602,
    "epoch72": 26.044994153474505,
    "epoch73": 25.568381861636514,
    "epoch74": 25.67021901983964,
    "epoch75": 25.75333765933388,
    "epoch76": 25.52222322162829,
    "epoch77": 25.644587466591283,
    "epoch78": 25.566489771792764,
    "epoch79": 25.55174978155839,
    "epoch80": 25.798126220703125,
    "epoch81": 25.437265496504935,
    "epoch82": 25.659203780324834,
    "epoch83": 25.341806512129935,
    "epoch84": 25.347394441303454,
    "epoch85": 25.397146124588815,
    "epoch86": 25.190291555304277,
    "epoch87": 25.45712601511102,
    "epoch88": 25.48544632761102,
    "epoch89": 25.22047986482319,
    "epoch90": 25.348120438425166,
    "epoch91": 25.088343570106908,
    "epoch92": 25.18737150493421,
    "epoch93": 25.05172568873355,
    "epoch94": 25.04962158203125,
    "epoch95": 25.071679366262334,
    "epoch96": 24.86356715152138,
    "epoch97": 25.0457763671875,
    "epoch98": 25.174725984272204,
    "epoch99": 24.873085423519736,
    "epoch100": 24.85282335783306
}