{
    "epoch1": 48.92539685837766,
    "epoch2": 40.90577989943484,
    "epoch3": 34.640866543384305,
    "epoch4": 31.85749459773936,
    "epoch5": 31.08649850398936,
    "epoch6": 30.87962568567154,
    "epoch7": 30.341682596409573,
    "epoch8": 29.984102289727392,
    "epoch9": 29.568873628656913,
    "epoch10": 29.32587838680186,
    "epoch11": 29.1794121924867,
    "epoch12": 28.939702460106382,
    "epoch13": 28.76886895362367,
    "epoch14": 28.793150556848403,
    "epoch15": 28.30870023686835,
    "epoch16": 28.13471627742686,
    "epoch17": 27.95482099817154,
    "epoch18": 27.79305705618351,
    "epoch19": 27.63633176113697,
    "epoch20": 27.43500664893617,
    "epoch21": 27.28751194730718,
    "epoch22": 27.006620366522608,
    "epoch23": 26.504560754654257,
    "epoch24": 26.375483086768618,
    "epoch25": 26.102076753656913,
    "epoch26": 25.921342565658243,
    "epoch27": 25.770206532579788,
    "epoch28": 25.704036631482712,
    "epoch29": 25.675456594913562,
    "epoch30": 25.380812624667552,
    "epoch31": 25.41195094331782,
    "epoch32": 25.32137217420213,
    "epoch33": 25.3003241356383,
    "epoch34": 25.08232993267952,
    "epoch35": 25.034114756482712,
    "epoch36": 25.003477705285903,
    "epoch37": 24.945094331781913,
    "epoch38": 24.872672872340427,
    "epoch39": 24.70713254238697,
    "epoch40": 24.747623524767288,
    "epoch41": 24.66305217337101,
    "epoch42": 24.519993558843087,
    "epoch43": 24.44716433261303,
    "epoch44": 24.49686513048537,
    "epoch45": 24.325761510970743,
    "epoch46": 24.31456220910904,
    "epoch47": 24.358562063663562,
    "epoch48": 24.30773666057181,
    "epoch49": 24.12620771692154,
    "epoch50": 24.182871717087767,
    "epoch51": 24.02244275681516,
    "epoch52": 24.163883290392288,
    "epoch53": 24.045345225232712,
    "epoch54": 23.974510679853722,
    "epoch55": 23.970588846409573,
    "epoch56": 23.863551363031913,
    "epoch57": 23.862226770279257,
    "epoch58": 23.81842950049867,
    "epoch59": 23.84450060255984,
    "epoch60": 23.71034792636303,
    "epoch61": 23.71252701130319,
    "epoch62": 23.62904909823803,
    "epoch63": 23.54923069730718,
    "epoch64": 23.651652883976062,
    "epoch65": 23.51201483543883,
    "epoch66": 23.601765084773938,
    "epoch67": 23.46568265874335,
    "epoch68": 23.37424939744016,
    "epoch69": 23.389061461103722,
    "epoch70": 23.392520985704788,
    "epoch71": 23.49754560754654,
    "epoch72": 23.371693712599733,
    "epoch73": 23.318452875664892,
    "epoch74": 23.28105520694814,
    "epoch75": 23.377010264295212,
    "epoch76": 23.19489434424867,
    "epoch77": 23.13315793301197,
    "epoch78": 23.11518502742686,
    "epoch79": 23.13572400681516,
    "epoch80": 23.030717565658243,
    "epoch81": 22.979835023271278,
    "epoch82": 22.919724484707448,
    "epoch83": 23.052500623337767,
    "epoch84": 22.87036392536569,
    "epoch85": 22.93171334773936,
    "epoch86": 22.83622059923537,
    "epoch87": 22.86964448969415,
    "epoch88": 22.83724650930851,
    "epoch89": 22.869447099401597,
    "epoch90": 22.804204413231382,
    "epoch91": 22.715150224401597,
    "epoch92": 22.776845079787233,
    "epoch93": 22.72846368018617,
    "epoch94": 22.644170233543882,
    "epoch95": 22.56738540974069,
    "epoch96": 22.73565024517952,
    "epoch97": 22.66781031831782,
    "epoch98": 22.60332083194814,
    "epoch99": 22.518409242021278,
    "epoch100": 22.54993974401596
}