{
    "epoch1": 44.214126911569146,
    "epoch2": 38.53393035239362,
    "epoch3": 32.37675833194814,
    "epoch4": 30.065982899767288,
    "epoch5": 29.72746633976064,
    "epoch6": 29.51957020861037,
    "epoch7": 28.93638318650266,
    "epoch8": 28.935622194980052,
    "epoch9": 27.772577813331118,
    "epoch10": 27.92829018450798,
    "epoch11": 27.85447920129654,
    "epoch12": 28.154670877659573,
    "epoch13": 27.008534532912233,
    "epoch14": 27.26173433344415,
    "epoch15": 27.435188455784573,
    "epoch16": 26.53534584857048,
    "epoch17": 27.031712308843087,
    "epoch18": 26.45760783743351,
    "epoch19": 26.08079756067154,
    "epoch20": 25.856437520777927,
    "epoch21": 25.64552339594415,
    "epoch22": 26.422672352892288,
    "epoch23": 25.999431204288562,
    "epoch24": 25.564567403590427,
    "epoch25": 25.856224547041222,
    "epoch26": 25.18266913231383,
    "epoch27": 25.41739216256649,
    "epoch28": 25.68950766705452,
    "epoch29": 24.716838430851062,
    "epoch30": 24.75507500831117,
    "epoch31": 26.53882095661569,
    "epoch32": 24.933585958277927,
    "epoch33": 24.792911610704788,
    "epoch34": 24.40043997257314,
    "epoch35": 24.98313351894947,
    "epoch36": 24.583851915724733,
    "epoch37": 24.275099734042552,
    "epoch38": 24.104375311668882,
    "epoch39": 23.969370740525267,
    "epoch40": 24.08537649601064,
    "epoch41": 24.37979970079787,
    "epoch42": 23.83727767619681,
    "epoch43": 23.936951982214097,
    "epoch44": 24.162831407912233,
    "epoch45": 23.7369384765625,
    "epoch46": 23.595209649268618,
    "epoch47": 23.716144967586438,
    "epoch48": 24.60300656582447,
    "epoch49": 23.73081937749335,
    "epoch50": 24.38387217420213,
    "epoch51": 23.71147512882314,
    "epoch52": 24.03471731632314,
    "epoch53": 23.516749605219413,
    "epoch54": 23.63459420711436,
    "epoch55": 23.10844778507314,
    "epoch56": 23.346464116522608,
    "epoch57": 25.505254217918882,
    "epoch58": 23.601801446143618,
    "epoch59": 23.918867395279257,
    "epoch60": 23.10693359375,
    "epoch61": 23.03736909906915,
    "epoch62": 22.95127316738697,
    "epoch63": 23.06305580950798,
    "epoch64": 23.01601198886303,
    "epoch65": 22.8494873046875,
    "epoch66": 22.746485933344413,
    "epoch67": 23.028361868351062,
    "epoch68": 22.739314951795212,
    "epoch69": 22.776497049534573,
    "epoch70": 23.34343313663564,
    "epoch71": 23.05202013380984,
    "epoch72": 22.79598154920213,
    "epoch73": 23.2608642578125,
    "epoch74": 22.840132043716757,
    "epoch75": 22.55222531582447,
    "epoch76": 22.72365359042553,
    "epoch77": 22.603785738031913,
    "epoch78": 23.327782164228722,
    "epoch79": 23.035621156083778,
    "epoch80": 22.35349744431516,
    "epoch81": 22.04331678025266,
    "epoch82": 22.278502119348403,
    "epoch83": 22.56837236120346,
    "epoch84": 22.798973570478722,
    "epoch85": 22.40867062832447,
    "epoch86": 22.148219331781913,
    "epoch87": 22.395863634474733,
    "epoch88": 22.839711290724733,
    "epoch89": 22.09413179438165,
    "epoch90": 22.0714111328125,
    "epoch91": 22.024720536901597,
    "epoch92": 21.79873981881649,
    "epoch93": 22.435274164727392,
    "epoch94": 22.152055456283243,
    "epoch95": 23.195268346908243,
    "epoch96": 21.769270227310507,
    "epoch97": 23.161332800033243,
    "epoch98": 21.79363364361702,
    "epoch99": 22.08382334607713,
    "epoch100": 21.84566676363032
}