{
    "epoch1": 8856.7275,
    "epoch2": 5965.55625,
    "epoch3": 5136.75375,
    "epoch4": 4916.4,
    "epoch5": 4879.4953125,
    "epoch6": 4834.969375,
    "epoch7": 4771.806875,
    "epoch8": 4699.1096875,
    "epoch9": 4636.715,
    "epoch10": 4561.5234375,
    "epoch11": 4471.6890625,
    "epoch12": 4388.401875,
    "epoch13": 4306.668125,
    "epoch14": 4197.7096875,
    "epoch15": 4072.236875,
    "epoch16": 3972.6315625,
    "epoch17": 3827.158125,
    "epoch18": 3783.819375,
    "epoch19": 3814.58,
    "epoch20": 3739.5834375,
    "epoch21": 3733.9896875,
    "epoch22": 3712.658125,
    "epoch23": 3726.374375,
    "epoch24": 3637.5365625,
    "epoch25": 3678.819375,
    "epoch26": 3645.8475,
    "epoch27": 3629.333125,
    "epoch28": 3621.5296875,
    "epoch29": 3607.860625,
    "epoch30": 3589.589375
}