{
    "epoch1": 6498.407552083333,
    "epoch2": 5477.086588541667,
    "epoch3": 5236.8486328125,
    "epoch4": 5210.736979166667,
    "epoch5": 5184.615559895833,
    "epoch6": 5127.455403645833,
    "epoch7": 5055.412109375,
    "epoch8": 4964.248046875,
    "epoch9": 4891.803385416667,
    "epoch10": 4788.469401041667,
    "epoch11": 4678.682291666667,
    "epoch12": 4577.452799479167,
    "epoch13": 4429.097005208333,
    "epoch14": 4352.146158854167,
    "epoch15": 4141.333984375,
    "epoch16": 4085.2845052083335,
    "epoch17": 3962.4977213541665,
    "epoch18": 3996.7858072916665,
    "epoch19": 3891.8538411458335,
    "epoch20": 3791.796875,
    "epoch21": 3780.8255208333335,
    "epoch22": 3834.9967447916665,
    "epoch23": 3699.3929036458335,
    "epoch24": 3871.1389973958335,
    "epoch25": 3711.1031901041665,
    "epoch26": 3652.99609375,
    "epoch27": 3639.3196614583335,
    "epoch28": 3616.4794921875,
    "epoch29": 3656.0221354166665,
    "epoch30": 3592.1341145833335
}