{
    "epoch1": 0.05808464265786684,
    "epoch2": 0.05401730709351026,
    "epoch3": 0.04959264626869789,
    "epoch4": 0.044738164744698085,
    "epoch5": 0.038942571299580425,
    "epoch6": 0.03312381442922812,
    "epoch7": 0.028359528774252303,
    "epoch8": 0.024826397402928427,
    "epoch9": 0.023075974331452295,
    "epoch10": 0.02246234343888668,
    "epoch11": 0.02175423030096751,
    "epoch12": 0.021273691637011673,
    "epoch13": 0.02108960161701991,
    "epoch14": 0.020658414739255723,
    "epoch15": 0.020631303580907676,
    "epoch16": 0.020233406828573115,
    "epoch17": 0.01992611150042369,
    "epoch18": 0.019704789782945927,
    "epoch19": 0.019509901579182882,
    "epoch20": 0.019311997179801647,
    "epoch21": 0.01925266132904933,
    "epoch22": 0.019102056224185687,
    "epoch23": 0.018926309421658516,
    "epoch24": 0.01877993395408759,
    "epoch25": 0.018619738805752534,
    "epoch26": 0.018549728064009778,
    "epoch27": 0.018789138215092514,
    "epoch28": 0.018493373735019795,
    "epoch29": 0.018287634333738916,
    "epoch30": 0.01817584352997633,
    "epoch31": 0.018062241232165925,
    "epoch32": 0.018044268998962183,
    "epoch33": 0.018003107263491705,
    "epoch34": 0.01794581602399166,
    "epoch35": 0.017993658064649656,
    "epoch36": 0.017880847964149255,
    "epoch37": 0.017777861239245303,
    "epoch38": 0.01810267739571058,
    "epoch39": 0.017846651948415317,
    "epoch40": 0.0177878847059149,
    "epoch41": 0.01776310257040537,
    "epoch42": 0.017435540731709737,
    "epoch43": 0.01786976930900262,
    "epoch44": 0.017381934663997248,
    "epoch45": 0.01745309652044223,
    "epoch46": 0.017389761427274116,
    "epoch47": 0.01728274730535654,
    "epoch48": 0.017692604532035496,
    "epoch49": 0.01747893585035434,
    "epoch50": 0.01724468615765755,
    "epoch51": 0.01704347040504217,
    "epoch52": 0.017011976156097192,
    "epoch53": 0.017405704738428958,
    "epoch54": 0.01729953819169448,
    "epoch55": 0.017076254034271605,
    "epoch56": 0.016949403959398087,
    "epoch57": 0.016914759547664568,
    "epoch58": 0.016849484724494126,
    "epoch59": 0.016837280315275375,
    "epoch60": 0.016767472315293092,
    "epoch61": 0.01675082198702372,
    "epoch62": 0.017346902535511896,
    "epoch63": 0.01680130181977382,
    "epoch64": 0.016806081797067936,
    "epoch65": 0.016665785143581722,
    "epoch66": 0.016660683143597383,
    "epoch67": 0.016619396037780322,
    "epoch68": 0.016718454873905733,
    "epoch69": 0.01663031937697759,
    "epoch70": 0.016754139572955094,
    "epoch71": 0.01645289633709651,
    "epoch72": 0.01635798217298893,
    "epoch73": 0.016406761697278574,
    "epoch74": 0.016565881239680145,
    "epoch75": 0.01642207593585436,
    "epoch76": 0.016340478753241208,
    "epoch77": 0.018023599225741167,
    "epoch78": 0.016249221821243946,
    "epoch79": 0.016376458394985933,
    "epoch80": 0.016242702205020648,
    "epoch81": 0.016366792914385978,
    "epoch82": 0.016244196261350926,
    "epoch83": 0.016209527706870668,
    "epoch84": 0.016218169663961116,
    "epoch85": 0.016169289126992226,
    "epoch86": 0.01606955400739725,
    "epoch87": 0.01614876349384968,
    "epoch88": 0.016162147100728292,
    "epoch89": 0.016254934553916637,
    "epoch90": 0.016380939847574785,
    "epoch91": 0.01601355759283671,
    "epoch92": 0.01595572976825329,
    "epoch93": 0.015968949605639163,
    "epoch94": 0.016405906528234482,
    "epoch95": 0.01608298088495548,
    "epoch96": 0.015845525508316662,
    "epoch97": 0.0165915831636924,
    "epoch98": 0.015857334893483382,
    "epoch99": 0.015902842251727216,
    "epoch100": 0.015814348840369627
}