{
    "epoch1": 49.00291090745192,
    "epoch2": 48.18987098106971,
    "epoch3": 46.58101712740385,
    "epoch4": 44.22449669471154,
    "epoch5": 41.89083158052885,
    "epoch6": 39.29358144906851,
    "epoch7": 34.590982290414665,
    "epoch8": 33.98663095327524,
    "epoch9": 31.885291466346153,
    "epoch10": 32.35017747145433,
    "epoch11": 31.46515362079327,
    "epoch12": 30.488023024338943,
    "epoch13": 31.186176006610577,
    "epoch14": 30.43413367638221,
    "epoch15": 30.9488032414363,
    "epoch16": 29.43120633638822,
    "epoch17": 29.8753662109375,
    "epoch18": 29.68988741361178,
    "epoch19": 29.552220271183895,
    "epoch20": 29.298372708834133,
    "epoch21": 29.335367056039665,
    "epoch22": 29.295379638671875,
    "epoch23": 28.927081768329327,
    "epoch24": 28.97021249624399,
    "epoch25": 28.61217557466947,
    "epoch26": 28.72911658653846,
    "epoch27": 29.494227482722355,
    "epoch28": 28.826254037710335,
    "epoch29": 28.547527606670673,
    "epoch30": 28.195094181941105,
    "epoch31": 28.095367431640625,
    "epoch32": 27.997349665715145,
    "epoch33": 27.96721707857572,
    "epoch34": 27.778590275691105,
    "epoch35": 27.634542611929085,
    "epoch36": 28.2860107421875,
    "epoch37": 27.888019268329327,
    "epoch38": 27.572728083683895,
    "epoch39": 28.343369704026443,
    "epoch40": 28.287557748647835,
    "epoch41": 28.15715613731971,
    "epoch42": 27.499969482421875,
    "epoch43": 28.48163311298077,
    "epoch44": 27.46141639122596,
    "epoch45": 27.076195350060097,
    "epoch46": 27.07018103966346,
    "epoch47": 27.314716045673077,
    "epoch48": 28.447509765625,
    "epoch49": 27.07145573542668,
    "epoch50": 27.55279775766226,
    "epoch51": 26.861356295072117,
    "epoch52": 26.90050800030048,
    "epoch53": 28.09888869065505,
    "epoch54": 27.91008582481971,
    "epoch55": 27.510826697716347,
    "epoch56": 27.145770733173077,
    "epoch57": 27.05626267653245,
    "epoch58": 27.04406034029447,
    "epoch59": 27.011087270883415,
    "epoch60": 26.951129619891827,
    "epoch61": 27.040569598858173,
    "epoch62": 28.031278170072117,
    "epoch63": 27.20593965970553,
    "epoch64": 27.14154052734375,
    "epoch65": 26.941570575420673,
    "epoch66": 26.79376924954928,
    "epoch67": 26.984882061298077,
    "epoch68": 27.04596416766827,
    "epoch69": 26.925828200120193,
    "epoch70": 26.126441368689903,
    "epoch71": 26.18531916691707,
    "epoch72": 26.430405836838943,
    "epoch73": 26.66442636343149,
    "epoch74": 26.200289212740383,
    "epoch75": 26.099954458383415,
    "epoch76": 26.13165752704327,
    "epoch77": 29.33903386042668,
    "epoch78": 26.162315955528847,
    "epoch79": 26.03667743389423,
    "epoch80": 26.332716721754807,
    "epoch81": 26.691922701322117,
    "epoch82": 26.19397676908053,
    "epoch83": 26.13982919546274,
    "epoch84": 26.25897921048678,
    "epoch85": 26.0978510929988,
    "epoch86": 25.81676307091346,
    "epoch87": 26.23363084059495,
    "epoch88": 26.141390286959133,
    "epoch89": 25.813561072716347,
    "epoch90": 26.842494084284855,
    "epoch91": 26.19749333308293,
    "epoch92": 26.01404747596154,
    "epoch93": 26.12677940955529,
    "epoch94": 27.056382399338943,
    "epoch95": 26.36175067608173,
    "epoch96": 25.711573674128605,
    "epoch97": 27.37903771033654,
    "epoch98": 25.8420903132512,
    "epoch99": 26.04773888221154,
    "epoch100": 25.947345440204327
}