{
    "epoch1": 102.632265625,
    "epoch2": 49.0085791015625,
    "epoch3": 47.3651904296875,
    "epoch4": 45.55201171875,
    "epoch5": 43.285185546875,
    "epoch6": 40.65021728515625,
    "epoch7": 37.69576416015625,
    "epoch8": 34.9456005859375,
    "epoch9": 33.74031494140625,
    "epoch10": 32.470458984375,
    "epoch11": 32.34201171875,
    "epoch12": 31.86111328125,
    "epoch13": 31.424609375,
    "epoch14": 31.29703369140625,
    "epoch15": 31.1042626953125,
    "epoch16": 30.95285888671875,
    "epoch17": 30.81974609375,
    "epoch18": 30.256796875,
    "epoch19": 30.13274658203125,
    "epoch20": 30.032919921875,
    "epoch21": 29.9352587890625,
    "epoch22": 29.662314453125,
    "epoch23": 29.49145263671875,
    "epoch24": 29.19690185546875,
    "epoch25": 29.346513671875,
    "epoch26": 29.33078857421875,
    "epoch27": 29.11020751953125,
    "epoch28": 29.056201171875,
    "epoch29": 28.79521484375,
    "epoch30": 28.75121826171875,
    "epoch31": 28.6649560546875,
    "epoch32": 28.760751953125,
    "epoch33": 28.5470458984375,
    "epoch34": 28.42259033203125,
    "epoch35": 28.44912353515625,
    "epoch36": 28.16858154296875,
    "epoch37": 28.31060546875,
    "epoch38": 28.105537109375,
    "epoch39": 28.05056396484375,
    "epoch40": 28.0118115234375,
    "epoch41": 27.82968017578125,
    "epoch42": 27.94974609375,
    "epoch43": 27.59574462890625,
    "epoch44": 27.80322509765625,
    "epoch45": 27.5047509765625,
    "epoch46": 27.65679931640625,
    "epoch47": 27.5026953125,
    "epoch48": 27.33594482421875,
    "epoch49": 27.21197265625,
    "epoch50": 27.17846435546875,
    "epoch51": 27.1405810546875,
    "epoch52": 26.9189599609375,
    "epoch53": 27.15598388671875,
    "epoch54": 26.97572265625,
    "epoch55": 26.9306884765625,
    "epoch56": 26.81298583984375,
    "epoch57": 26.70474365234375,
    "epoch58": 26.4514404296875,
    "epoch59": 26.70624755859375,
    "epoch60": 26.33836181640625,
    "epoch61": 26.2271044921875,
    "epoch62": 26.3410302734375,
    "epoch63": 26.19248779296875,
    "epoch64": 26.39534912109375,
    "epoch65": 26.00984619140625,
    "epoch66": 25.9543701171875,
    "epoch67": 26.0870068359375,
    "epoch68": 26.29513916015625,
    "epoch69": 26.03545654296875,
    "epoch70": 26.1113916015625,
    "epoch71": 25.796240234375,
    "epoch72": 25.69556884765625,
    "epoch73": 25.738408203125,
    "epoch74": 25.7558154296875,
    "epoch75": 25.64915283203125,
    "epoch76": 25.50088623046875,
    "epoch77": 25.67064208984375,
    "epoch78": 25.794716796875,
    "epoch79": 25.2692333984375,
    "epoch80": 25.41182373046875,
    "epoch81": 25.3036572265625,
    "epoch82": 25.82874755859375,
    "epoch83": 25.20681396484375,
    "epoch84": 25.2425244140625,
    "epoch85": 25.15235107421875,
    "epoch86": 25.16237060546875,
    "epoch87": 25.199296875,
    "epoch88": 25.0097509765625,
    "epoch89": 25.0601416015625,
    "epoch90": 25.02440185546875,
    "epoch91": 25.14273681640625,
    "epoch92": 25.33620849609375,
    "epoch93": 24.97433837890625,
    "epoch94": 25.09809814453125,
    "epoch95": 25.0216455078125,
    "epoch96": 24.962099609375,
    "epoch97": 24.75763671875,
    "epoch98": 25.1866455078125,
    "epoch99": 24.70457275390625,
    "epoch100": 24.87337646484375
}