{
    "epoch1": 0.03804786556533405,
    "epoch2": 0.027284347053085054,
    "epoch3": 0.02056945940213544,
    "epoch4": 0.016741664947143624,
    "epoch5": 0.014903530079339231,
    "epoch6": 0.015014064498245716,
    "epoch7": 0.013769184372254781,
    "epoch8": 0.013473551853426866,
    "epoch9": 0.01309209396796567,
    "epoch10": 0.012949050071516208,
    "epoch11": 0.0127448446915618,
    "epoch12": 0.013047438846634967,
    "epoch13": 0.012605952697673015,
    "epoch14": 0.012877283817423242,
    "epoch15": 0.012444740893053157,
    "epoch16": 0.01247936806508473,
    "epoch17": 0.012396469446165221,
    "epoch18": 0.01240491308271885,
    "epoch19": 0.012298724281468562,
    "epoch20": 0.01233824947848916,
    "epoch21": 0.012278387589114053,
    "epoch22": 0.012211507385862725,
    "epoch23": 0.012148646039089986,
    "epoch24": 0.01249217807448336,
    "epoch25": 0.01252388661461217,
    "epoch26": 0.012224038397627217,
    "epoch27": 0.012364715071661132,
    "epoch28": 0.012456151656806469,
    "epoch29": 0.012339889870158263,
    "epoch30": 0.012064848361270768,
    "epoch31": 0.012257835827767849,
    "epoch32": 0.01223021246758955,
    "epoch33": 0.012221320266170161,
    "epoch34": 0.012184481402593,
    "epoch35": 0.012309985434902566,
    "epoch36": 0.012123187804328544,
    "epoch37": 0.012456313307796205,
    "epoch38": 0.012074086415980543,
    "epoch39": 0.012744631618261337,
    "epoch40": 0.011976387218705245,
    "epoch41": 0.011821133151118244,
    "epoch42": 0.012182117506329502,
    "epoch43": 0.012029780806707484,
    "epoch44": 0.011958162366811718,
    "epoch45": 0.012161613175911563,
    "epoch46": 0.011786323306815965,
    "epoch47": 0.011757217148052794,
    "epoch48": 0.012036304455250502,
    "epoch49": 0.012111042094017779,
    "epoch50": 0.01270742847451142,
    "epoch51": 0.011701433121093683,
    "epoch52": 0.01242361543700099,
    "epoch53": 0.011795480336461748,
    "epoch54": 0.011771395869020904,
    "epoch55": 0.012808816840073891,
    "epoch56": 0.012583698146045208,
    "epoch57": 0.011740273796021938,
    "epoch58": 0.011775235246334757,
    "epoch59": 0.01175728759595326,
    "epoch60": 0.011803320808602231,
    "epoch61": 0.011627213563770056,
    "epoch62": 0.011743851671261447,
    "epoch63": 0.012878016302628177,
    "epoch64": 0.01178583682381681,
    "epoch65": 0.011649801728448697,
    "epoch66": 0.011771053208836488,
    "epoch67": 0.011676876273538386,
    "epoch68": 0.011911286839417048,
    "epoch69": 0.012871111477059978,
    "epoch70": 0.011603261876319135,
    "epoch71": 0.011650386066841227,
    "epoch72": 0.01171691163576075,
    "epoch73": 0.011641823021428925,
    "epoch74": 0.011985465152455228,
    "epoch75": 0.011966587310390813,
    "epoch76": 0.012313140290124076,
    "epoch77": 0.011690109702093261,
    "epoch78": 0.011815924130912338,
    "epoch79": 0.011841033452323504,
    "epoch80": 0.011640404151486499,
    "epoch81": 0.011739233774798257,
    "epoch82": 0.011864247465772288,
    "epoch83": 0.011672389493989093,
    "epoch84": 0.011556680846427168,
    "epoch85": 0.012169409543275833,
    "epoch86": 0.011520693012114083,
    "epoch87": 0.011584244735006775,
    "epoch88": 0.012441048731229134,
    "epoch89": 0.012224261316337756,
    "epoch90": 0.0121994215462889,
    "epoch91": 0.01168210372062666,
    "epoch92": 0.011777066559131657,
    "epoch93": 0.01195821731484362,
    "epoch94": 0.012428797382329191,
    "epoch95": 0.012133196794560977,
    "epoch96": 0.011485182613666569,
    "epoch97": 0.011758781570409025,
    "epoch98": 0.012756266764232091,
    "epoch99": 0.012011924758553505,
    "epoch100": 0.011869601971868957
}