{
    "epoch1": 67.1616796875,
    "epoch2": 41.0527880859375,
    "epoch3": 35.50935791015625,
    "epoch4": 30.67887939453125,
    "epoch5": 28.174208984375,
    "epoch6": 27.24838134765625,
    "epoch7": 26.27333740234375,
    "epoch8": 25.1967138671875,
    "epoch9": 24.68171142578125,
    "epoch10": 24.0945751953125,
    "epoch11": 24.108095703125,
    "epoch12": 23.65906494140625,
    "epoch13": 23.513876953125,
    "epoch14": 23.3878125,
    "epoch15": 23.44622802734375,
    "epoch16": 22.89560546875,
    "epoch17": 23.0136572265625,
    "epoch18": 22.806416015625,
    "epoch19": 22.78702880859375,
    "epoch20": 22.74409423828125,
    "epoch21": 22.51060546875,
    "epoch22": 22.58175537109375,
    "epoch23": 22.326455078125,
    "epoch24": 22.49335205078125,
    "epoch25": 23.28563720703125,
    "epoch26": 22.34195556640625,
    "epoch27": 22.11767578125,
    "epoch28": 21.8700732421875,
    "epoch29": 22.02723876953125,
    "epoch30": 21.91932373046875,
    "epoch31": 22.34964111328125,
    "epoch32": 22.35226318359375,
    "epoch33": 21.710029296875,
    "epoch34": 21.80495849609375,
    "epoch35": 22.20060302734375,
    "epoch36": 21.7721533203125,
    "epoch37": 22.1681494140625,
    "epoch38": 21.78115966796875,
    "epoch39": 21.66341064453125,
    "epoch40": 21.6042138671875,
    "epoch41": 21.3248828125,
    "epoch42": 21.810087890625,
    "epoch43": 21.2934619140625,
    "epoch44": 21.35573974609375,
    "epoch45": 21.77050048828125,
    "epoch46": 21.571318359375,
    "epoch47": 21.19271728515625,
    "epoch48": 21.1960791015625,
    "epoch49": 21.59437255859375,
    "epoch50": 21.282470703125,
    "epoch51": 21.60214111328125,
    "epoch52": 21.48428955078125,
    "epoch53": 21.12491455078125,
    "epoch54": 21.12452880859375,
    "epoch55": 22.09423583984375,
    "epoch56": 22.1495654296875,
    "epoch57": 21.35682373046875,
    "epoch58": 21.28342041015625,
    "epoch59": 21.3656201171875,
    "epoch60": 21.05024169921875,
    "epoch61": 21.59330810546875,
    "epoch62": 20.88315673828125,
    "epoch63": 21.3688916015625,
    "epoch64": 21.8819189453125,
    "epoch65": 21.38281982421875,
    "epoch66": 20.80655029296875,
    "epoch67": 21.01543212890625,
    "epoch68": 20.726220703125,
    "epoch69": 20.8617138671875,
    "epoch70": 21.61680908203125,
    "epoch71": 20.6323095703125,
    "epoch72": 21.205185546875,
    "epoch73": 20.60733154296875,
    "epoch74": 20.6367822265625,
    "epoch75": 20.76608642578125,
    "epoch76": 20.730751953125,
    "epoch77": 20.4928369140625,
    "epoch78": 21.05480224609375,
    "epoch79": 20.80439208984375,
    "epoch80": 20.38217041015625,
    "epoch81": 20.69048828125,
    "epoch82": 20.51177001953125,
    "epoch83": 20.89186279296875,
    "epoch84": 20.43521240234375,
    "epoch85": 20.48315673828125,
    "epoch86": 20.53694091796875,
    "epoch87": 20.48931884765625,
    "epoch88": 20.339879150390626,
    "epoch89": 20.68000244140625,
    "epoch90": 20.422755126953124,
    "epoch91": 20.075203857421876,
    "epoch92": 20.42581787109375,
    "epoch93": 20.20873779296875,
    "epoch94": 20.912236328125,
    "epoch95": 20.1044677734375,
    "epoch96": 20.7750439453125,
    "epoch97": 20.29158447265625,
    "epoch98": 20.47522216796875,
    "epoch99": 20.87580078125,
    "epoch100": 20.226331787109373
}