{
    "epoch1": 0.06761923680702846,
    "epoch2": 0.05102788656949997,
    "epoch3": 0.041731068243583046,
    "epoch4": 0.037452097361286484,
    "epoch5": 0.0355170958985885,
    "epoch6": 0.0336862001568079,
    "epoch7": 0.0315092441936334,
    "epoch8": 0.029126619299252827,
    "epoch9": 0.02695507121582826,
    "epoch10": 0.024839214980602264,
    "epoch11": 0.022879840806126595,
    "epoch12": 0.021081123501062393,
    "epoch13": 0.019451689595977466,
    "epoch14": 0.018093157870074112,
    "epoch15": 0.016752885654568672,
    "epoch16": 0.015713946893811226,
    "epoch17": 0.01489186721543471,
    "epoch18": 0.014099549812575182,
    "epoch19": 0.013526369196673235,
    "epoch20": 0.012845023845632872,
    "epoch21": 0.012291966006159782,
    "epoch22": 0.01182499434798956,
    "epoch23": 0.011366117435197035,
    "epoch24": 0.010978782859941324,
    "epoch25": 0.010637812005976835,
    "epoch26": 0.010327527609964212,
    "epoch27": 0.010026597262670597,
    "epoch28": 0.009710008433709541,
    "epoch29": 0.009411996385703484,
    "epoch30": 0.009148982663949331
}