{
    "epoch1": 153.20088704427084,
    "epoch2": 102.21681722005208,
    "epoch3": 84.48019917805989,
    "epoch4": 77.18908182779948,
    "epoch5": 74.66785176595052,
    "epoch6": 74.14625549316406,
    "epoch7": 73.16092427571614,
    "epoch8": 72.42130533854167,
    "epoch9": 70.942138671875,
    "epoch10": 69.42017618815105,
    "epoch11": 69.2836405436198,
    "epoch12": 66.61963907877605,
    "epoch13": 65.93402099609375,
    "epoch14": 63.718994140625,
    "epoch15": 62.5660146077474,
    "epoch16": 59.820841471354164,
    "epoch17": 59.009623209635414,
    "epoch18": 55.58548482259115,
    "epoch19": 55.83216857910156,
    "epoch20": 56.386627197265625,
    "epoch21": 55.00401306152344,
    "epoch22": 55.35535685221354,
    "epoch23": 56.34063212076823,
    "epoch24": 53.81122334798177,
    "epoch25": 54.188313802083336,
    "epoch26": 53.49198913574219,
    "epoch27": 54.4069569905599,
    "epoch28": 53.11625671386719,
    "epoch29": 53.75817362467448,
    "epoch30": 53.253621419270836
}