{
    "epoch1": 73.66978799143145,
    "epoch2": 57.95292811239919,
    "epoch3": 52.22282163558468,
    "epoch4": 47.79472104964718,
    "epoch5": 43.81371282762097,
    "epoch6": 40.01383726058468,
    "epoch7": 35.23388278099798,
    "epoch8": 31.721441453503026,
    "epoch9": 29.95314665763609,
    "epoch10": 27.350479618195564,
    "epoch11": 26.354110225554436,
    "epoch12": 25.102779265372984,
    "epoch13": 25.02618408203125,
    "epoch14": 23.762685468119958,
    "epoch15": 23.103826707409276,
    "epoch16": 22.896559192288308,
    "epoch17": 21.324370353452622,
    "epoch18": 20.467582456527218,
    "epoch19": 20.020633820564516,
    "epoch20": 19.31687287361391,
    "epoch21": 19.680587276335686,
    "epoch22": 18.613210370463708,
    "epoch23": 18.718793315272176,
    "epoch24": 19.273472939768144,
    "epoch25": 17.972439673639112,
    "epoch26": 18.458330708165324,
    "epoch27": 17.724505024571574,
    "epoch28": 18.360016853578628,
    "epoch29": 17.102046843497984,
    "epoch30": 19.566559822328628
}