{
    "epoch1": 123.7339490525266,
    "epoch2": 115.02024808843085,
    "epoch3": 109.69840841090425,
    "epoch4": 105.2241834275266,
    "epoch5": 106.04222074468085,
    "epoch6": 102.5301487699468,
    "epoch7": 102.38524351728724,
    "epoch8": 101.78591464428192,
    "epoch9": 100.23119597739361,
    "epoch10": 100.93387425199468,
    "epoch11": 99.72560671542553,
    "epoch12": 98.90312292220744,
    "epoch13": 97.45777925531915,
    "epoch14": 97.73603723404256,
    "epoch15": 96.69437749335107,
    "epoch16": 96.76306931515957,
    "epoch17": 96.0488904587766,
    "epoch18": 95.80564328457447,
    "epoch19": 96.58549077460107,
    "epoch20": 96.08534532912235,
    "epoch21": 94.91010430518617,
    "epoch22": 94.96452169215425,
    "epoch23": 95.58356881648936,
    "epoch24": 95.61344747340425,
    "epoch25": 93.9633165724734,
    "epoch26": 95.44503199800532,
    "epoch27": 93.74935588430851,
    "epoch28": 95.70354055851064,
    "epoch29": 94.16337682845744,
    "epoch30": 93.51402509973404
}