{
    "epoch1": 0.291961962552761,
    "epoch2": 0.3929169585090329,
    "epoch3": 0.4310455888128484,
    "epoch4": 0.4610877007659056,
    "epoch5": 0.4817677962659264,
    "epoch6": 0.4964813677105568,
    "epoch7": 0.513957810697398,
    "epoch8": 0.5239753902339732,
    "epoch9": 0.539189811962754,
    "epoch10": 0.5450673246625136,
    "epoch11": 0.5619747542114909,
    "epoch12": 0.5752738420325302,
    "epoch13": 0.5797967731889123,
    "epoch14": 0.590647271415318,
    "epoch15": 0.6005736399434014,
    "epoch16": 0.6088602826920654,
    "epoch17": 0.6158694180407758,
    "epoch18": 0.6324701557980418,
    "epoch19": 0.6363770955407035,
    "epoch20": 0.6398626632337123
}