{
    "epoch1": 96.3201171875,
    "epoch2": 76.56499348958333,
    "epoch3": 79.08257161458333,
    "epoch4": 80.29376953125,
    "epoch5": 81.71524739583333,
    "epoch6": 81.81143880208333,
    "epoch7": 82.11922526041667,
    "epoch8": 81.81008463541667,
    "epoch9": 81.51309895833333,
    "epoch10": 81.82245442708333,
    "epoch11": 82.02293619791666,
    "epoch12": 81.12766927083334,
    "epoch13": 81.202578125,
    "epoch14": 81.7909765625,
    "epoch15": 81.53034505208333,
    "epoch16": 81.69837239583333,
    "epoch17": 80.85733072916666,
    "epoch18": 81.01274739583333,
    "epoch19": 80.85643229166666,
    "epoch20": 80.78888671875,
    "epoch21": 80.89005208333333,
    "epoch22": 80.63296223958334,
    "epoch23": 81.40209635416667,
    "epoch24": 79.96639322916667,
    "epoch25": 80.734140625,
    "epoch26": 81.11720052083334,
    "epoch27": 80.36448567708334,
    "epoch28": 80.45210286458334,
    "epoch29": 80.279609375,
    "epoch30": 79.99266276041666
}