{
    "epoch1": 76.68341385690789,
    "epoch2": 78.46305766858552,
    "epoch3": 82.20304147820724,
    "epoch4": 83.8449642783717,
    "epoch5": 84.68310546875,
    "epoch6": 84.84614643297698,
    "epoch7": 84.27667557565789,
    "epoch8": 84.51796361019737,
    "epoch9": 84.54974686472039,
    "epoch10": 84.85834061472039,
    "epoch11": 84.44759971217105,
    "epoch12": 84.49983938116776,
    "epoch13": 84.58329050164474,
    "epoch14": 84.36001747532895,
    "epoch15": 84.18663265830592,
    "epoch16": 83.5606625205592,
    "epoch17": 83.8275082236842,
    "epoch18": 83.87376002261513,
    "epoch19": 83.92886513157895,
    "epoch20": 84.02061703330592,
    "epoch21": 84.18697959498355,
    "epoch22": 84.22874049136513,
    "epoch23": 83.56550035978618,
    "epoch24": 83.61573550575658,
    "epoch25": 83.78716077302632,
    "epoch26": 83.62394634046052,
    "epoch27": 83.13824784128289,
    "epoch28": 83.57709061472039,
    "epoch29": 83.5278384560033,
    "epoch30": 83.45370322779605
}