{
    "epoch1": 72.72575109145221,
    "epoch2": 45.81961598115809,
    "epoch3": 42.599160587086395,
    "epoch4": 38.21803193933823,
    "epoch5": 34.031045352711395,
    "epoch6": 31.450999540441178,
    "epoch7": 30.362010282628678,
    "epoch8": 30.2237548828125,
    "epoch9": 29.55007036994485,
    "epoch10": 29.51908066693474,
    "epoch11": 29.205632826861212,
    "epoch12": 28.9683012120864,
    "epoch13": 28.778192856732538,
    "epoch14": 28.571280086741726,
    "epoch15": 28.2008451573989,
    "epoch16": 28.222798066980697,
    "epoch17": 28.186570111443014,
    "epoch18": 27.77229039809283,
    "epoch19": 27.774001177619486,
    "epoch20": 27.764562270220587,
    "epoch21": 27.237889906939337,
    "epoch22": 27.216610179227942,
    "epoch23": 27.15951358570772,
    "epoch24": 26.879398121553308,
    "epoch25": 26.6932373046875,
    "epoch26": 26.793834013097428,
    "epoch27": 26.525299072265625,
    "epoch28": 26.25390625,
    "epoch29": 26.23930269129136,
    "epoch30": 26.22708847943474,
    "epoch31": 25.721194996553308,
    "epoch32": 25.689411836511947,
    "epoch33": 25.5135892980239,
    "epoch34": 25.758187686695774,
    "epoch35": 25.343927720013788,
    "epoch36": 25.340407427619486,
    "epoch37": 25.221309886259192,
    "epoch38": 25.367639878216913,
    "epoch39": 24.95484655043658,
    "epoch40": 24.893174115349264,
    "epoch41": 25.164509492761947,
    "epoch42": 24.68532607134651,
    "epoch43": 24.780698888442096,
    "epoch44": 24.97372257008272,
    "epoch45": 24.819138470818014,
    "epoch46": 24.386232263901654,
    "epoch47": 24.298330867991726,
    "epoch48": 24.277033188763788,
    "epoch49": 24.24545467601103,
    "epoch50": 24.489796357996322,
    "epoch51": 24.365313361672793,
    "epoch52": 24.28825288660386,
    "epoch53": 23.952114329618567,
    "epoch54": 24.444449032054226,
    "epoch55": 23.898442885454962,
    "epoch56": 24.094712201286764,
    "epoch57": 23.91969927619485,
    "epoch58": 24.024299172794116,
    "epoch59": 23.963825899011947,
    "epoch60": 23.75523645737592,
    "epoch61": 23.77992876838235,
    "epoch62": 23.630319034352024,
    "epoch63": 23.698200899011947,
    "epoch64": 23.86644251206342,
    "epoch65": 23.463931812959558,
    "epoch66": 23.770087747012866,
    "epoch67": 24.0547269933364,
    "epoch68": 23.632749669692096,
    "epoch69": 23.411992690142462,
    "epoch70": 23.457345401539524,
    "epoch71": 23.358428955078125,
    "epoch72": 23.38033339556526,
    "epoch73": 23.309611600988053,
    "epoch74": 23.297470990349264,
    "epoch75": 23.314198213465072,
    "epoch76": 23.171849867876837,
    "epoch77": 23.338628432329962,
    "epoch78": 23.389291202320774,
    "epoch79": 23.688124712775736,
    "epoch80": 23.249698414522058,
    "epoch81": 23.4368896484375,
    "epoch82": 23.32249360926011,
    "epoch83": 23.04005521886489,
    "epoch84": 23.18216660443474,
    "epoch85": 23.130213120404413,
    "epoch86": 23.172844381893384,
    "epoch87": 22.932825425091913,
    "epoch88": 23.06863582835478,
    "epoch89": 23.350871366613053,
    "epoch90": 23.19741103228401,
    "epoch91": 23.205397661994486,
    "epoch92": 23.009532255284928,
    "epoch93": 23.155890969669116,
    "epoch94": 22.91412353515625,
    "epoch95": 22.956589642693014,
    "epoch96": 23.026801614200366,
    "epoch97": 22.917913100298712,
    "epoch98": 22.853856703814337,
    "epoch99": 22.914601045496322,
    "epoch100": 22.858511532054226
}