{
    "epoch0": {
        "layer1": {
            "max_length": 0.791447103023529,
            "mean_length": 0.19287323944195353,
            "median_length": 0.1482720524072647,
            "stdev_length": 0.12926878438394412,
            "sum_length": 19.0944507047534,
            "ratio_2_1": 16.185494048440844,
            "ratio_3_1": 15.359320930895356,
            "h": 4.4107950154270705,
            "normh": 1.495490057153057,
            "snr": Infinity,
            "mean_birth": 0.0,
            "stdev_birth": 0.0,
            "mean_death": 0.19287323944195353,
            "stdev_death": 0.12926878438394412
        },
        "layer2": {
            "max_length": 0.2572286128997803,
            "mean_length": 0.07730207008996395,
            "median_length": 0.06397362053394318,
            "stdev_length": 0.04638907661906822,
            "sum_length": 7.652904938906431,
            "ratio_2_1": 16.20835026731519,
            "ratio_3_1": 15.026444667765405,
            "h": 4.440572812966442,
            "normh": 2.1820081935353435,
            "snr": Infinity,
            "mean_birth": 0.0,
            "stdev_birth": 0.0,
            "mean_death": 0.07730207008996395,
            "stdev_death": 0.04638907661906822
        },
        "layer3": {
            "max_length": 0.008162040263414383,
            "mean_length": 0.0006417396167914072,
            "median_length": 0.0002451688051223755,
            "stdev_length": 0.0011971204445772718,
            "sum_length": 0.06353222206234932,
            "ratio_2_1": 2601.980694980695,
            "ratio_3_1": 2559.5328185328185,
            "h": 3.7070914482387827,
            "normh": -1.3449969512967186,
            "snr": Infinity,
            "mean_birth": 0.0,
            "stdev_birth": 0.0,
            "mean_death": 0.0006417396167914072,
            "stdev_death": 0.0011971204445772718
        }
    }
}