{
    "epoch1": 0.03296041376888752,
    "epoch2": 0.026240371353924274,
    "epoch3": 0.02133367545902729,
    "epoch4": 0.01757268300279975,
    "epoch5": 0.014468640834093095,
    "epoch6": 0.012289982289075851,
    "epoch7": 0.01088252174668014,
    "epoch8": 0.010042008757591248,
    "epoch9": 0.009631072357296943,
    "epoch10": 0.009351414022967219,
    "epoch11": 0.009179895417764783,
    "epoch12": 0.00901532443240285,
    "epoch13": 0.008995396597310901,
    "epoch14": 0.008816770417615772,
    "epoch15": 0.008642240706831218,
    "epoch16": 0.008691718941554427,
    "epoch17": 0.008485377440229059,
    "epoch18": 0.00839361771941185,
    "epoch19": 0.008351445151492953,
    "epoch20": 0.008236655266955495,
    "epoch21": 0.008294741250574588,
    "epoch22": 0.008170166425406933,
    "epoch23": 0.0080786329228431,
    "epoch24": 0.008056925190612674,
    "epoch25": 0.00798147595487535,
    "epoch26": 0.00789715158753097,
    "epoch27": 0.007928212266415357,
    "epoch28": 0.007789709838107228,
    "epoch29": 0.00776172773912549,
    "epoch30": 0.007838834170252084,
    "epoch31": 0.007903773803263903,
    "epoch32": 0.00763312354683876,
    "epoch33": 0.007659254455938935,
    "epoch34": 0.007613419648259878,
    "epoch35": 0.007813953328877687,
    "epoch36": 0.007516143983229995,
    "epoch37": 0.0076092428527772425,
    "epoch38": 0.007505361968651414,
    "epoch39": 0.007520556915551424,
    "epoch40": 0.00743696023710072,
    "epoch41": 0.0074581787921488285,
    "epoch42": 0.007416079891845584,
    "epoch43": 0.0073959299363195894,
    "epoch44": 0.007376691652461886,
    "epoch45": 0.007436898071318865,
    "epoch46": 0.007392396312206983,
    "epoch47": 0.007578880293294787,
    "epoch48": 0.007379118306562305,
    "epoch49": 0.007380038406699896,
    "epoch50": 0.0072736026719212536,
    "epoch51": 0.007230808399617672,
    "epoch52": 0.007423116592690349,
    "epoch53": 0.007391173904761672,
    "epoch54": 0.007252881722524762,
    "epoch55": 0.007257449720054865,
    "epoch56": 0.0072822737973183395,
    "epoch57": 0.0071731267496943476,
    "epoch58": 0.007671935250982642,
    "epoch59": 0.00717384060844779,
    "epoch60": 0.00727193783968687,
    "epoch61": 0.00733597632497549,
    "epoch62": 0.007173399114981294,
    "epoch63": 0.007562455860897899,
    "epoch64": 0.007139618834480643,
    "epoch65": 0.00715824100188911,
    "epoch66": 0.007131541846320033,
    "epoch67": 0.007122923526912928,
    "epoch68": 0.007083689142018556,
    "epoch69": 0.007139999931678176,
    "epoch70": 0.007176864380016923,
    "epoch71": 0.007136517763137817,
    "epoch72": 0.007061786530539393,
    "epoch73": 0.007211105991154909,
    "epoch74": 0.007046467019245028,
    "epoch75": 0.007055139308795333,
    "epoch76": 0.007063309848308563,
    "epoch77": 0.007095081405714155,
    "epoch78": 0.007006887486204505,
    "epoch79": 0.007025832869112491,
    "epoch80": 0.007117167301476002,
    "epoch81": 0.007391369342803955,
    "epoch82": 0.007120380131527782,
    "epoch83": 0.00744164502248168,
    "epoch84": 0.007050914457067847,
    "epoch85": 0.007171098841354251,
    "epoch86": 0.007027814164757729,
    "epoch87": 0.007099717296659947,
    "epoch88": 0.007013291725888849,
    "epoch89": 0.007006531953811646,
    "epoch90": 0.00696385963819921,
    "epoch91": 0.006974719371646643,
    "epoch92": 0.007144869910553098,
    "epoch93": 0.006942402664572,
    "epoch94": 0.0070105282124131914,
    "epoch95": 0.006923009036108851,
    "epoch96": 0.006958951661363244,
    "epoch97": 0.007211638381704688,
    "epoch98": 0.0070585782639682295,
    "epoch99": 0.007040194189175964,
    "epoch100": 0.006988747790455818
}