{
    "epoch1": 51.824273681640626,
    "epoch2": 44.95531311035156,
    "epoch3": 40.900152587890624,
    "epoch4": 39.332635498046876,
    "epoch5": 37.105767822265626,
    "epoch6": 34.81394653320312,
    "epoch7": 31.994232177734375,
    "epoch8": 30.47899169921875,
    "epoch9": 29.038943481445312,
    "epoch10": 27.986773681640624,
    "epoch11": 27.05731201171875,
    "epoch12": 26.636297607421874,
    "epoch13": 26.427337646484375,
    "epoch14": 25.558352661132812,
    "epoch15": 24.980174255371093,
    "epoch16": 24.798175048828124,
    "epoch17": 24.329743957519533,
    "epoch18": 24.221026611328124,
    "epoch19": 23.924342346191406,
    "epoch20": 23.584068298339844,
    "epoch21": 24.36823425292969,
    "epoch22": 23.133695983886717,
    "epoch23": 23.088206481933593,
    "epoch24": 22.976438903808592,
    "epoch25": 22.66650848388672,
    "epoch26": 22.59429016113281,
    "epoch27": 23.321989440917967,
    "epoch28": 22.519297790527343,
    "epoch29": 22.72700653076172,
    "epoch30": 22.174012756347658,
    "epoch31": 23.712303161621094,
    "epoch32": 22.133316040039062,
    "epoch33": 22.513081359863282,
    "epoch34": 22.291889953613282,
    "epoch35": 24.070166015625,
    "epoch36": 22.11712188720703,
    "epoch37": 22.485902404785158,
    "epoch38": 22.490263366699217,
    "epoch39": 22.57025146484375,
    "epoch40": 22.317759704589843,
    "epoch41": 21.626678466796875,
    "epoch42": 21.983363342285156,
    "epoch43": 22.190171813964845,
    "epoch44": 22.082254028320314,
    "epoch45": 22.363861083984375,
    "epoch46": 21.606979370117188,
    "epoch47": 23.880447387695312,
    "epoch48": 22.252232360839844,
    "epoch49": 22.261697387695314,
    "epoch50": 21.50836639404297,
    "epoch51": 21.495620727539062,
    "epoch52": 23.45873107910156,
    "epoch53": 23.175009155273436,
    "epoch54": 22.06703338623047,
    "epoch55": 22.221861267089842,
    "epoch56": 21.913818359375,
    "epoch57": 21.413673400878906,
    "epoch58": 24.5921875,
    "epoch59": 21.823023986816406,
    "epoch60": 22.48185577392578,
    "epoch61": 23.31907501220703,
    "epoch62": 21.931858825683594,
    "epoch63": 23.12889709472656,
    "epoch64": 21.33244934082031,
    "epoch65": 22.310710144042968,
    "epoch66": 21.6510009765625,
    "epoch67": 21.349819946289063,
    "epoch68": 21.6697265625,
    "epoch69": 21.646159362792968,
    "epoch70": 21.689947509765624,
    "epoch71": 21.997222900390625,
    "epoch72": 21.299432373046876,
    "epoch73": 22.26512756347656,
    "epoch74": 21.628659057617188,
    "epoch75": 21.33763885498047,
    "epoch76": 21.485064697265624,
    "epoch77": 21.215512084960938,
    "epoch78": 21.288716125488282,
    "epoch79": 21.607034301757814,
    "epoch80": 21.820408630371094,
    "epoch81": 24.492808532714843,
    "epoch82": 22.069879150390626,
    "epoch83": 24.570738220214842,
    "epoch84": 21.86002197265625,
    "epoch85": 22.691148376464845,
    "epoch86": 21.385231018066406,
    "epoch87": 22.315130615234374,
    "epoch88": 21.375216674804687,
    "epoch89": 21.266299438476562,
    "epoch90": 21.486740112304688,
    "epoch91": 21.47130889892578,
    "epoch92": 22.273687744140624,
    "epoch93": 21.41871032714844,
    "epoch94": 21.247267150878905,
    "epoch95": 21.527009582519533,
    "epoch96": 21.405010986328126,
    "epoch97": 22.911793518066407,
    "epoch98": 22.566569519042968,
    "epoch99": 21.448292541503907,
    "epoch100": 21.475567626953126
}