{
    "epoch1": 1449.3359375,
    "epoch2": 1297.64875,
    "epoch3": 1190.30328125,
    "epoch4": 1147.43421875,
    "epoch5": 1135.672265625,
    "epoch6": 1130.632578125,
    "epoch7": 1133.013828125,
    "epoch8": 1137.800078125,
    "epoch9": 1144.497890625,
    "epoch10": 1151.26875,
    "epoch11": 1156.914453125,
    "epoch12": 1165.394921875,
    "epoch13": 1172.83328125,
    "epoch14": 1179.022578125,
    "epoch15": 1181.469140625,
    "epoch16": 1188.929296875,
    "epoch17": 1189.719453125,
    "epoch18": 1191.78015625,
    "epoch19": 1196.2746875,
    "epoch20": 1196.765,
    "epoch21": 1198.721171875,
    "epoch22": 1200.02515625,
    "epoch23": 1202.050390625,
    "epoch24": 1202.258515625,
    "epoch25": 1201.97109375,
    "epoch26": 1203.02859375,
    "epoch27": 1200.388828125,
    "epoch28": 1204.45640625,
    "epoch29": 1203.773203125,
    "epoch30": 1203.306875
}