{
    "epoch1": 182.117,
    "epoch2": 131.962015625,
    "epoch3": 124.3839140625,
    "epoch4": 119.2732265625,
    "epoch5": 114.4970859375,
    "epoch6": 110.358265625,
    "epoch7": 107.47303125,
    "epoch8": 104.675328125,
    "epoch9": 103.17140625,
    "epoch10": 101.34028125,
    "epoch11": 100.27546875,
    "epoch12": 99.19096875,
    "epoch13": 98.2008671875,
    "epoch14": 97.264078125,
    "epoch15": 96.71228125,
    "epoch16": 95.944046875,
    "epoch17": 95.422640625,
    "epoch18": 94.7647421875,
    "epoch19": 94.360078125,
    "epoch20": 93.9653515625,
    "epoch21": 93.352703125,
    "epoch22": 93.0625390625,
    "epoch23": 92.69228125,
    "epoch24": 92.268765625,
    "epoch25": 92.0824921875,
    "epoch26": 91.7894375,
    "epoch27": 91.610484375,
    "epoch28": 91.0668984375,
    "epoch29": 91.1060625,
    "epoch30": 90.9124609375
}