{
    "epoch1": 99.3879296875,
    "epoch2": 93.122373046875,
    "epoch3": 88.34388671875,
    "epoch4": 84.849423828125,
    "epoch5": 83.4541015625,
    "epoch6": 82.04818359375,
    "epoch7": 81.54537109375,
    "epoch8": 80.5306591796875,
    "epoch9": 80.57232421875,
    "epoch10": 80.501005859375,
    "epoch11": 80.178115234375,
    "epoch12": 80.105078125,
    "epoch13": 79.7869970703125,
    "epoch14": 79.3205224609375,
    "epoch15": 79.4369189453125,
    "epoch16": 79.8495361328125,
    "epoch17": 79.3792333984375,
    "epoch18": 79.167255859375,
    "epoch19": 79.5271484375,
    "epoch20": 78.808642578125,
    "epoch21": 78.6728857421875,
    "epoch22": 79.0913818359375,
    "epoch23": 78.7840625,
    "epoch24": 78.7377734375,
    "epoch25": 78.417587890625,
    "epoch26": 78.1975439453125,
    "epoch27": 78.630087890625,
    "epoch28": 78.5869580078125,
    "epoch29": 78.2987890625,
    "epoch30": 78.4985986328125
}