{
    "epoch1": 0.08395263738930225,
    "epoch2": 0.0603549899533391,
    "epoch3": 0.045651329681277275,
    "epoch4": 0.03920639120042324,
    "epoch5": 0.03860414121299982,
    "epoch6": 0.03956533130258322,
    "epoch7": 0.039155382197350264,
    "epoch8": 0.0381685346364975,
    "epoch9": 0.03712572995573282,
    "epoch10": 0.03569192625582218,
    "epoch11": 0.03442302718758583,
    "epoch12": 0.0334271676838398,
    "epoch13": 0.03257413348183036,
    "epoch14": 0.03134099720045924,
    "epoch15": 0.03067565569654107,
    "epoch16": 0.03003419190645218,
    "epoch17": 0.0292106531560421,
    "epoch18": 0.02824424533173442,
    "epoch19": 0.027690361253917217,
    "epoch20": 0.02683570934459567,
    "epoch21": 0.026115258689969778,
    "epoch22": 0.02500360505655408,
    "epoch23": 0.024769968818873167,
    "epoch24": 0.02406005933880806,
    "epoch25": 0.02321277977898717,
    "epoch26": 0.022843920160084963,
    "epoch27": 0.022566860541701317,
    "epoch28": 0.02178844017907977,
    "epoch29": 0.02149162068963051,
    "epoch30": 0.020765810273587704,
    "epoch31": 0.020603193901479244,
    "epoch32": 0.019883063854649663,
    "epoch33": 0.019723506178706884,
    "epoch34": 0.019109893357381225,
    "epoch35": 0.018832234665751457,
    "epoch36": 0.0185091495513916,
    "epoch37": 0.017873147502541542,
    "epoch38": 0.017781981034204364,
    "epoch39": 0.01738310162909329,
    "epoch40": 0.01703740726225078,
    "epoch41": 0.0169245230499655,
    "epoch42": 0.016544042387977242,
    "epoch43": 0.01627610856667161,
    "epoch44": 0.01583530637435615,
    "epoch45": 0.01589614595286548,
    "epoch46": 0.015566487330943346,
    "epoch47": 0.01534500834532082,
    "epoch48": 0.015464850002899766,
    "epoch49": 0.015255947597324848,
    "epoch50": 0.014916764106601477,
    "epoch51": 0.014767959481105208,
    "epoch52": 0.014960710424929857,
    "epoch53": 0.014539109310135245,
    "epoch54": 0.014630985911935568,
    "epoch55": 0.014370653312653303,
    "epoch56": 0.014389499789103866,
    "epoch57": 0.014276058878749609,
    "epoch58": 0.014070905279368162,
    "epoch59": 0.014206669526174664,
    "epoch60": 0.014001797884702682,
    "epoch61": 0.013969642808660865,
    "epoch62": 0.013904361752793193,
    "epoch63": 0.013872172450646758,
    "epoch64": 0.013929738430306315,
    "epoch65": 0.013725369703024626,
    "epoch66": 0.013805246213451028,
    "epoch67": 0.013769527664408088,
    "epoch68": 0.013582688989117742,
    "epoch69": 0.013704187236726284,
    "epoch70": 0.013574503595009446,
    "epoch71": 0.013447931734845042,
    "epoch72": 0.013559492537751794,
    "epoch73": 0.013564398745074868,
    "epoch74": 0.013362542493268847,
    "epoch75": 0.013460349757224321,
    "epoch76": 0.01326308073475957,
    "epoch77": 0.013360671000555158,
    "epoch78": 0.013248096453025937,
    "epoch79": 0.013283703941851854,
    "epoch80": 0.013369462452828884,
    "epoch81": 0.013045922154560685,
    "epoch82": 0.013367366744205356,
    "epoch83": 0.013275081291794777,
    "epoch84": 0.013112892163917422,
    "epoch85": 0.013127000536769629,
    "epoch86": 0.01307740225456655,
    "epoch87": 0.013074817834421992,
    "epoch88": 0.013041449012234807,
    "epoch89": 0.012934104539453983,
    "epoch90": 0.013036813586950302,
    "epoch91": 0.01287288242019713,
    "epoch92": 0.012918866239488125,
    "epoch93": 0.012778860749676824,
    "epoch94": 0.012916817795485258,
    "epoch95": 0.012748454697430134,
    "epoch96": 0.012880387948825955,
    "epoch97": 0.012787653831765056,
    "epoch98": 0.012772137764841318,
    "epoch99": 0.012708924012258649,
    "epoch100": 0.012805605074390769
}