{
    "epoch1": 96.01107788085938,
    "epoch2": 73.69449615478516,
    "epoch3": 64.85418701171875,
    "epoch4": 60.074039459228516,
    "epoch5": 59.32086944580078,
    "epoch6": 60.158302307128906,
    "epoch7": 60.031429290771484,
    "epoch8": 59.62318420410156,
    "epoch9": 59.16935729980469,
    "epoch10": 58.427249908447266,
    "epoch11": 57.74359130859375,
    "epoch12": 57.2888298034668,
    "epoch13": 56.90559387207031,
    "epoch14": 56.08576965332031,
    "epoch15": 55.88090515136719,
    "epoch16": 55.66460418701172,
    "epoch17": 55.21121597290039,
    "epoch18": 54.536834716796875,
    "epoch19": 54.323204040527344,
    "epoch20": 53.83127212524414,
    "epoch21": 53.38456344604492,
    "epoch22": 52.38029479980469,
    "epoch23": 52.49122619628906,
    "epoch24": 51.927127838134766,
    "epoch25": 51.131134033203125,
    "epoch26": 50.899452209472656,
    "epoch27": 50.77873992919922,
    "epoch28": 50.00860595703125,
    "epoch29": 49.83038330078125,
    "epoch30": 49.102821350097656,
    "epoch31": 49.088294982910156,
    "epoch32": 48.319854736328125,
    "epoch33": 48.31523132324219,
    "epoch34": 47.677345275878906,
    "epoch35": 47.49663543701172,
    "epoch36": 47.23133087158203,
    "epoch37": 46.459251403808594,
    "epoch38": 46.54608917236328,
    "epoch39": 46.122779846191406,
    "epoch40": 45.74590301513672,
    "epoch41": 45.74531555175781,
    "epoch42": 45.26239013671875,
    "epoch43": 44.958274841308594,
    "epoch44": 44.21391677856445,
    "epoch45": 44.56434631347656,
    "epoch46": 44.04256057739258,
    "epoch47": 43.722877502441406,
    "epoch48": 44.12030029296875,
    "epoch49": 43.81993865966797,
    "epoch50": 43.21540832519531,
    "epoch51": 42.986663818359375,
    "epoch52": 43.521488189697266,
    "epoch53": 42.678157806396484,
    "epoch54": 42.994720458984375,
    "epoch55": 42.497291564941406,
    "epoch56": 42.64350128173828,
    "epoch57": 42.46763229370117,
    "epoch58": 42.03056335449219,
    "epoch59": 42.43680953979492,
    "epoch60": 41.97407531738281,
    "epoch61": 41.99317169189453,
    "epoch62": 41.87532043457031,
    "epoch63": 41.84130096435547,
    "epoch64": 42.039337158203125,
    "epoch65": 41.59141540527344,
    "epoch66": 41.87906265258789,
    "epoch67": 41.83811569213867,
    "epoch68": 41.37462615966797,
    "epoch69": 41.770355224609375,
    "epoch70": 41.486663818359375,
    "epoch71": 41.14659881591797,
    "epoch72": 41.54616928100586,
    "epoch73": 41.62276077270508,
    "epoch74": 41.09385299682617,
    "epoch75": 41.41328811645508,
    "epoch76": 40.83005905151367,
    "epoch77": 41.23490905761719,
    "epoch78": 40.90522766113281,
    "epoch79": 41.05223083496094,
    "epoch80": 41.34886932373047,
    "epoch81": 40.28578567504883,
    "epoch82": 41.41840744018555,
    "epoch83": 41.18491744995117,
    "epoch84": 40.73524475097656,
    "epoch85": 40.83567810058594,
    "epoch86": 40.72520446777344,
    "epoch87": 40.774208068847656,
    "epoch88": 40.7219352722168,
    "epoch89": 40.34705352783203,
    "epoch90": 40.78358840942383,
    "epoch91": 40.28658676147461,
    "epoch92": 40.51069641113281,
    "epoch93": 40.055484771728516,
    "epoch94": 40.62770080566406,
    "epoch95": 40.05397415161133,
    "epoch96": 40.59424591064453,
    "epoch97": 40.33631134033203,
    "epoch98": 40.33781814575195,
    "epoch99": 40.137001037597656,
    "epoch100": 40.48444366455078
}