{
    "epoch1": 0.04105613111181462,
    "epoch2": 0.0231406518872431,
    "epoch3": 0.021506016677681435,
    "epoch4": 0.020631482448191085,
    "epoch5": 0.02009392896310446,
    "epoch6": 0.01940142565426674,
    "epoch7": 0.019212015627070943,
    "epoch8": 0.01865979412848011,
    "epoch9": 0.018336186145848418,
    "epoch10": 0.01803135342816723,
    "epoch11": 0.01778952622825795,
    "epoch12": 0.01747386998675288,
    "epoch13": 0.01730677415121426,
    "epoch14": 0.017132780435396,
    "epoch15": 0.016987394115471458,
    "epoch16": 0.01693176359255263,
    "epoch17": 0.017067083385475773,
    "epoch18": 0.016788276645572895,
    "epoch19": 0.016634955794173987,
    "epoch20": 0.017146016847580037,
    "epoch21": 0.016516232773899398,
    "epoch22": 0.016318397774816827,
    "epoch23": 0.01684480800511355,
    "epoch24": 0.016402113578341742,
    "epoch25": 0.016094275126035545,
    "epoch26": 0.016317752189934254,
    "epoch27": 0.015947513708329582,
    "epoch28": 0.015937502961605787,
    "epoch29": 0.015923306058616714,
    "epoch30": 0.01587352665894209,
    "epoch31": 0.015835857276428254,
    "epoch32": 0.015709534723390924,
    "epoch33": 0.015740935264670467,
    "epoch34": 0.015752251676105437,
    "epoch35": 0.015587831044847027,
    "epoch36": 0.015971709458910403,
    "epoch37": 0.015586062621800824,
    "epoch38": 0.016310961084797026,
    "epoch39": 0.015429689806509526,
    "epoch40": 0.015640949988935855,
    "epoch41": 0.01534309983253479,
    "epoch42": 0.015542423540845196,
    "epoch43": 0.015367784666174904,
    "epoch44": 0.015283308259429449,
    "epoch45": 0.01538303733228686,
    "epoch46": 0.015155113044571369,
    "epoch47": 0.015128021306814031,
    "epoch48": 0.015176115022536288,
    "epoch49": 0.015073976529009164,
    "epoch50": 0.01547911711671251,
    "epoch51": 0.015032331419593476,
    "epoch52": 0.015042260061315399,
    "epoch53": 0.015070226588385536,
    "epoch54": 0.014948740433108933,
    "epoch55": 0.014998673738792856,
    "epoch56": 0.015035567725909518,
    "epoch57": 0.014899473340111845,
    "epoch58": 0.014851044774293266,
    "epoch59": 0.015263346737211055,
    "epoch60": 0.014810933463988787,
    "epoch61": 0.014730521844343302,
    "epoch62": 0.01487369360798534,
    "epoch63": 0.014867741069657372,
    "epoch64": 0.015237846461303056,
    "epoch65": 0.015019669970299335,
    "epoch66": 0.014829799721136372,
    "epoch67": 0.014901120324638929,
    "epoch68": 0.015006885536886911,
    "epoch69": 0.01475110669877935,
    "epoch70": 0.015034123591365332,
    "epoch71": 0.014633842377348784,
    "epoch72": 0.014786324830369112,
    "epoch73": 0.015771389661475697,
    "epoch74": 0.014569412629575805,
    "epoch75": 0.014847891524117043,
    "epoch76": 0.014695558052985593,
    "epoch77": 0.015768281233675303,
    "epoch78": 0.014511901191732984,
    "epoch79": 0.014494419504115556,
    "epoch80": 0.014555152664159207,
    "epoch81": 0.014471528784153944,
    "epoch82": 0.014778894372284412,
    "epoch83": 0.014429007944195195,
    "epoch84": 0.014472278181780526,
    "epoch85": 0.014414652855076055,
    "epoch86": 0.014524633104496814,
    "epoch87": 0.014499946210057811,
    "epoch88": 0.01433020676585271,
    "epoch89": 0.014450780839282782,
    "epoch90": 0.014457426083452523,
    "epoch91": 0.014359308307633755,
    "epoch92": 0.014378849258448215,
    "epoch93": 0.014384329319000244,
    "epoch94": 0.014302458614110947,
    "epoch95": 0.01433815062046051,
    "epoch96": 0.01477274434403219,
    "epoch97": 0.014273662120103836,
    "epoch98": 0.014614257644465629,
    "epoch99": 0.014390926065042298,
    "epoch100": 0.014704773123276995
}