{
    "epoch1": 41.657083714261965,
    "epoch2": 31.90494618517287,
    "epoch3": 30.40733304936835,
    "epoch4": 29.697208485704788,
    "epoch5": 29.470240816156913,
    "epoch6": 28.25260243517287,
    "epoch7": 28.78688081781915,
    "epoch8": 27.345453789893618,
    "epoch9": 27.05659127742686,
    "epoch10": 26.44776948969415,
    "epoch11": 26.31917750581782,
    "epoch12": 25.825678399268618,
    "epoch13": 25.754350378158243,
    "epoch14": 25.252498545545212,
    "epoch15": 24.92049326795213,
    "epoch16": 24.82219290226064,
    "epoch17": 26.030213700964097,
    "epoch18": 25.493312105219413,
    "epoch19": 25.10166898686835,
    "epoch20": 26.84603037732713,
    "epoch21": 25.30324343417553,
    "epoch22": 24.347599110704788,
    "epoch23": 26.173833319481382,
    "epoch24": 25.52119088680186,
    "epoch25": 24.3350518409242,
    "epoch26": 24.000444128158243,
    "epoch27": 24.07712765957447,
    "epoch28": 24.27507635887633,
    "epoch29": 23.83895549368351,
    "epoch30": 23.760196766954788,
    "epoch31": 24.25864621426197,
    "epoch32": 24.066798433344413,
    "epoch33": 24.327922415226062,
    "epoch34": 23.635438310339097,
    "epoch35": 23.771297373670212,
    "epoch36": 25.074470682347073,
    "epoch37": 24.272434965093087,
    "epoch38": 24.050090383976062,
    "epoch39": 23.92293986868351,
    "epoch40": 24.380487969581118,
    "epoch41": 23.771125955784573,
    "epoch42": 24.655699384973403,
    "epoch43": 23.66810900099734,
    "epoch44": 23.557591215093087,
    "epoch45": 24.243608190658243,
    "epoch46": 23.746553461602392,
    "epoch47": 23.68016019780585,
    "epoch48": 23.924137196642288,
    "epoch49": 23.55369275681516,
    "epoch50": 23.820494306848403,
    "epoch51": 23.80686918218085,
    "epoch52": 23.61726022273936,
    "epoch53": 23.902546334773938,
    "epoch54": 23.424129404920212,
    "epoch55": 23.732710168716757,
    "epoch56": 23.95649102393617,
    "epoch57": 23.70537161319814,
    "epoch58": 23.62212225731383,
    "epoch59": 23.582758477393618,
    "epoch60": 23.25331667636303,
    "epoch61": 23.413719664228722,
    "epoch62": 23.19997194980053,
    "epoch63": 23.390305539394948,
    "epoch64": 24.57618745844415,
    "epoch65": 24.14296251662234,
    "epoch66": 23.650156873337767,
    "epoch67": 23.46430352393617,
    "epoch68": 23.39552599318484,
    "epoch69": 23.49039280668218,
    "epoch70": 24.300963056848403,
    "epoch71": 23.53417709025931,
    "epoch72": 23.19095692736037,
    "epoch73": 25.489322743517288,
    "epoch74": 23.19482421875,
    "epoch75": 23.361873545545212,
    "epoch76": 23.15053347323803,
    "epoch77": 25.593633124168882,
    "epoch78": 23.210140147107712,
    "epoch79": 23.0496826171875,
    "epoch80": 23.044163480718087,
    "epoch81": 23.228300054022608,
    "epoch82": 23.42457353307846,
    "epoch83": 23.044963430851062,
    "epoch84": 23.00014284823803,
    "epoch85": 23.127116751163562,
    "epoch86": 22.89660384807181,
    "epoch87": 22.97135243517287,
    "epoch88": 23.068195748836438,
    "epoch89": 23.399510160405587,
    "epoch90": 23.33138193982713,
    "epoch91": 23.138142037898938,
    "epoch92": 23.29223892536569,
    "epoch93": 23.198564245345743,
    "epoch94": 23.10247153424202,
    "epoch95": 23.07236951462766,
    "epoch96": 23.30419921875,
    "epoch97": 22.79652956698803,
    "epoch98": 23.571172186668882,
    "epoch99": 22.556056245844413,
    "epoch100": 23.91536631482713
}