{
    "epoch1": 0.04450382026178496,
    "epoch2": 0.03767354493694646,
    "epoch3": 0.035991870665124485,
    "epoch4": 0.03439339516418321,
    "epoch5": 0.0324401105088847,
    "epoch6": 0.03057140431233815,
    "epoch7": 0.028716559388807843,
    "epoch8": 0.026670208732996668,
    "epoch9": 0.02478750262941633,
    "epoch10": 0.022899430245161057,
    "epoch11": 0.021150917879172733,
    "epoch12": 0.019737200545413152,
    "epoch13": 0.018435698401715075,
    "epoch14": 0.01730104336248977,
    "epoch15": 0.01629036691571985,
    "epoch16": 0.01562599145940372,
    "epoch17": 0.01513430303228753,
    "epoch18": 0.014617111533880234,
    "epoch19": 0.014221653874431337,
    "epoch20": 0.013952557330152817,
    "epoch21": 0.013966542735163654,
    "epoch22": 0.013582749691392695,
    "epoch23": 0.013587750494480133,
    "epoch24": 0.01343621699405568,
    "epoch25": 0.013760659511068038,
    "epoch26": 0.0132249376204397,
    "epoch27": 0.013328779488801956,
    "epoch28": 0.013130753966314452,
    "epoch29": 0.013125757819839887,
    "epoch30": 0.012997014980231012,
    "epoch31": 0.012912304140627384,
    "epoch32": 0.012884177666689669,
    "epoch33": 0.012954382358917169,
    "epoch34": 0.013166060604687248,
    "epoch35": 0.012911402620375156,
    "epoch36": 0.012898766502205814,
    "epoch37": 0.012739385411675488,
    "epoch38": 0.01275904489947217,
    "epoch39": 0.012814114934631757,
    "epoch40": 0.01266300312376448,
    "epoch41": 0.012693381602210658,
    "epoch42": 0.012632506899535656,
    "epoch43": 0.01260843766587121,
    "epoch44": 0.012791039754769631,
    "epoch45": 0.012883442320993968,
    "epoch46": 0.012692487199923821,
    "epoch47": 0.01257521752268076,
    "epoch48": 0.012548783727522408,
    "epoch49": 0.01246464711480907,
    "epoch50": 0.012436034889625651,
    "epoch51": 0.012434776140643018,
    "epoch52": 0.01246366570038455,
    "epoch53": 0.01243846071884036,
    "epoch54": 0.012384047266095877,
    "epoch55": 0.012392649693148476,
    "epoch56": 0.012370149937591382,
    "epoch57": 0.01254527669932161,
    "epoch58": 0.012347630624260222,
    "epoch59": 0.012330689334443637,
    "epoch60": 0.012322502343782358,
    "epoch61": 0.01231503187279616,
    "epoch62": 0.012625360861420631,
    "epoch63": 0.012707203759678773,
    "epoch64": 0.012240867063935314,
    "epoch65": 0.012236756206090962,
    "epoch66": 0.01229782375906195,
    "epoch67": 0.012215230746992998,
    "epoch68": 0.012199699213462216,
    "epoch69": 0.012389114392655236,
    "epoch70": 0.012567054413791214,
    "epoch71": 0.012925924134573765,
    "epoch72": 0.012413769893880402,
    "epoch73": 0.012196302746555634,
    "epoch74": 0.0125074584835342,
    "epoch75": 0.012315317522734404,
    "epoch76": 0.012144485422010933,
    "epoch77": 0.012238762674054928,
    "epoch78": 0.012092391162046365,
    "epoch79": 0.012100971104311091,
    "epoch80": 0.012176493448870522,
    "epoch81": 0.01211306466055768,
    "epoch82": 0.012398308808250087,
    "epoch83": 0.01215260841750673,
    "epoch84": 0.012213953704174076,
    "epoch85": 0.012368225426013981,
    "epoch86": 0.012156122364103794,
    "epoch87": 0.012122475475605046,
    "epoch88": 0.01223852691639747,
    "epoch89": 0.012030715455434151,
    "epoch90": 0.012254840361752681,
    "epoch91": 0.012008868091340576,
    "epoch92": 0.012128369816179787,
    "epoch93": 0.012038455078644412,
    "epoch94": 0.012263385911605187,
    "epoch95": 0.012123058084398508,
    "epoch96": 0.012070138938724995,
    "epoch97": 0.012008106469043664,
    "epoch98": 0.011990718277437347,
    "epoch99": 0.01197939585628254,
    "epoch100": 0.011978989400501763
}