{
    "epoch1": 45.551845005580354,
    "epoch2": 43.468396868024556,
    "epoch3": 42.52760532924107,
    "epoch4": 41.520254952566965,
    "epoch5": 40.602347237723215,
    "epoch6": 39.596182686941965,
    "epoch7": 38.26661900111607,
    "epoch8": 37.193756103515625,
    "epoch9": 35.91162763323103,
    "epoch10": 34.433702741350444,
    "epoch11": 33.47545950753348,
    "epoch12": 31.572930472237722,
    "epoch13": 30.355972290039062,
    "epoch14": 29.443283081054688,
    "epoch15": 29.230967930385045,
    "epoch16": 28.779224940708705,
    "epoch17": 27.160984584263392,
    "epoch18": 26.851898193359375,
    "epoch19": 27.23401096888951,
    "epoch20": 26.595672607421875,
    "epoch21": 25.648230416434153,
    "epoch22": 26.21024431501116,
    "epoch23": 25.445092337472097,
    "epoch24": 25.291224888392858,
    "epoch25": 25.147456577845983,
    "epoch26": 25.264491489955358,
    "epoch27": 25.052947998046875,
    "epoch28": 25.128141130719865,
    "epoch29": 24.87711443219866,
    "epoch30": 25.026099068777903,
    "epoch31": 25.404403686523438,
    "epoch32": 25.282150268554688,
    "epoch33": 24.724051339285715,
    "epoch34": 24.519662039620535,
    "epoch35": 24.507614135742188,
    "epoch36": 25.892432076590403,
    "epoch37": 24.793302263532365,
    "epoch38": 24.52876935686384,
    "epoch39": 24.36336190359933,
    "epoch40": 24.616856166294642,
    "epoch41": 24.345424107142858,
    "epoch42": 24.533471243722097,
    "epoch43": 24.384748186383927,
    "epoch44": 24.191927228655135,
    "epoch45": 24.182601928710938,
    "epoch46": 24.173485892159597,
    "epoch47": 24.183214460100448,
    "epoch48": 24.240371704101562,
    "epoch49": 24.59749494280134,
    "epoch50": 24.622488839285715,
    "epoch51": 24.724679129464285,
    "epoch52": 24.029584612165177,
    "epoch53": 24.179663521902903,
    "epoch54": 24.269459315708705,
    "epoch55": 24.134059361049108,
    "epoch56": 24.624071393694198,
    "epoch57": 23.87666756766183,
    "epoch58": 24.14341081891741,
    "epoch59": 24.098689488002233,
    "epoch60": 23.925358363560267,
    "epoch61": 24.050306047712052,
    "epoch62": 23.81659153529576,
    "epoch63": 23.87652805873326,
    "epoch64": 24.139735630580358,
    "epoch65": 24.202100481305802,
    "epoch66": 23.850856236049108,
    "epoch67": 23.905622209821427,
    "epoch68": 23.912850516183035,
    "epoch69": 23.811059134347097,
    "epoch70": 23.811497279575892,
    "epoch71": 24.101464407784597,
    "epoch72": 23.693468366350448,
    "epoch73": 23.565691266741073,
    "epoch74": 23.79730006626674,
    "epoch75": 23.577405657087052,
    "epoch76": 23.71370588030134,
    "epoch77": 23.576032366071427,
    "epoch78": 23.90907723563058,
    "epoch79": 23.773199898856028,
    "epoch80": 23.571975708007812,
    "epoch81": 24.298028128487722,
    "epoch82": 23.664372035435267,
    "epoch83": 23.602696010044642,
    "epoch84": 23.611251831054688,
    "epoch85": 23.572073800223215,
    "epoch86": 23.528390066964285,
    "epoch87": 23.600542340959823,
    "epoch88": 23.521277291434153,
    "epoch89": 23.800506591796875,
    "epoch90": 23.51641627720424,
    "epoch91": 23.71193586077009,
    "epoch92": 23.586497715541295,
    "epoch93": 23.533905029296875,
    "epoch94": 23.60638209751674,
    "epoch95": 23.497113909040177,
    "epoch96": 23.551873343331472,
    "epoch97": 23.439721243722097,
    "epoch98": 23.632459368024552,
    "epoch99": 23.938816615513392,
    "epoch100": 24.074129377092635
}