{
    "epoch1": 4791.730298913043,
    "epoch2": 3990.209918478261,
    "epoch3": 3634.7010869565215,
    "epoch4": 3470.773777173913,
    "epoch5": 3238.1042798913045,
    "epoch6": 3087.279551630435,
    "epoch7": 2875.256114130435,
    "epoch8": 2706.796875,
    "epoch9": 2561.7749660326085,
    "epoch10": 2355.274796195652,
    "epoch11": 2237.386039402174,
    "epoch12": 2118.5385529891305,
    "epoch13": 2043.52734375,
    "epoch14": 1973.839164402174,
    "epoch15": 1923.4412364130435,
    "epoch16": 1871.3833220108695,
    "epoch17": 1836.4468410326087,
    "epoch18": 1781.535495923913,
    "epoch19": 1734.7715692934783,
    "epoch20": 1725.3293138586957,
    "epoch21": 1660.46875,
    "epoch22": 1683.7364130434783,
    "epoch23": 1602.0641983695652,
    "epoch24": 1590.2904211956522,
    "epoch25": 1543.7885529891305,
    "epoch26": 1506.3571671195652,
    "epoch27": 1478.3075747282608,
    "epoch28": 1448.2284307065217,
    "epoch29": 1389.1662703804348,
    "epoch30": 1387.340183423913
}