{
    "epoch1": 116.77689615885417,
    "epoch2": 95.09951782226562,
    "epoch3": 84.57935078938802,
    "epoch4": 80.93909200032552,
    "epoch5": 79.90639750162761,
    "epoch6": 79.04654947916667,
    "epoch7": 77.76572672526042,
    "epoch8": 76.13627115885417,
    "epoch9": 74.46413167317708,
    "epoch10": 72.68189493815105,
    "epoch11": 70.16161600748698,
    "epoch12": 68.46071370442708,
    "epoch13": 66.54603068033855,
    "epoch14": 65.1041259765625,
    "epoch15": 64.69652303059895,
    "epoch16": 62.78644816080729,
    "epoch17": 62.89271036783854,
    "epoch18": 61.67845662434896,
    "epoch19": 60.29169718424479,
    "epoch20": 59.23540242513021,
    "epoch21": 59.09859720865885,
    "epoch22": 58.496785481770836,
    "epoch23": 57.21177673339844,
    "epoch24": 56.26892598470052,
    "epoch25": 55.385721842447914,
    "epoch26": 54.50528462727865,
    "epoch27": 54.80903116861979,
    "epoch28": 54.17510477701823,
    "epoch29": 53.69017537434896,
    "epoch30": 52.33942159016927
}