{
    "epoch1": 148.217265625,
    "epoch2": 104.919453125,
    "epoch3": 89.155390625,
    "epoch4": 81.96150390625,
    "epoch5": 79.647119140625,
    "epoch6": 78.4873876953125,
    "epoch7": 77.309013671875,
    "epoch8": 75.7291845703125,
    "epoch9": 74.1615234375,
    "epoch10": 72.2993359375,
    "epoch11": 70.3238671875,
    "epoch12": 68.07451171875,
    "epoch13": 66.052734375,
    "epoch14": 65.129169921875,
    "epoch15": 63.8878466796875,
    "epoch16": 63.4854833984375,
    "epoch17": 62.7932568359375,
    "epoch18": 61.5602880859375,
    "epoch19": 61.22357421875,
    "epoch20": 60.6096337890625,
    "epoch21": 60.2011376953125,
    "epoch22": 59.7959423828125,
    "epoch23": 59.1448291015625,
    "epoch24": 58.365048828125,
    "epoch25": 57.903330078125,
    "epoch26": 57.1633056640625,
    "epoch27": 56.3734423828125,
    "epoch28": 55.4708203125,
    "epoch29": 54.760517578125,
    "epoch30": 53.527958984375
}