{
    "epoch1": 117.38673828125,
    "epoch2": 93.22189453125,
    "epoch3": 84.339990234375,
    "epoch4": 80.9471484375,
    "epoch5": 79.9310400390625,
    "epoch6": 78.769794921875,
    "epoch7": 77.1329541015625,
    "epoch8": 75.74171875,
    "epoch9": 73.755390625,
    "epoch10": 71.7093017578125,
    "epoch11": 70.2023779296875,
    "epoch12": 67.7300146484375,
    "epoch13": 66.361943359375,
    "epoch14": 63.7538134765625,
    "epoch15": 63.2947314453125,
    "epoch16": 60.8589013671875,
    "epoch17": 61.2013232421875,
    "epoch18": 58.7299560546875,
    "epoch19": 59.09978515625,
    "epoch20": 56.9083837890625,
    "epoch21": 56.5330908203125,
    "epoch22": 55.768642578125,
    "epoch23": 55.097763671875,
    "epoch24": 55.3839501953125,
    "epoch25": 55.0001904296875,
    "epoch26": 53.704306640625,
    "epoch27": 53.160419921875,
    "epoch28": 52.646787109375,
    "epoch29": 51.857333984375,
    "epoch30": 51.11865234375
}