{
    "epoch1": 1.1025490751004933e-05,
    "epoch2": 1.0051799232921136e-05,
    "epoch3": 9.36027393314968e-06,
    "epoch4": 8.900375132725457e-06,
    "epoch5": 8.525289846753973e-06,
    "epoch6": 8.283417557322537e-06,
    "epoch7": 8.089703982932405e-06,
    "epoch8": 7.95868889660293e-06,
    "epoch9": 7.832790275642764e-06,
    "epoch10": 7.746446995497535e-06,
    "epoch11": 7.680154987914041e-06,
    "epoch12": 7.609535722925405e-06,
    "epoch13": 7.561730918193159e-06,
    "epoch14": 7.523789732961935e-06,
    "epoch15": 7.475088589975106e-06,
    "epoch16": 7.442867787934423e-06,
    "epoch17": 7.410868067533253e-06,
    "epoch18": 7.388922134547708e-06,
    "epoch19": 7.359687073100456e-06,
    "epoch20": 7.336918704822893e-06,
    "epoch21": 7.318042503356992e-06,
    "epoch22": 7.299362980878262e-06,
    "epoch23": 7.283882046825359e-06,
    "epoch24": 7.270834509957543e-06,
    "epoch25": 7.25701050820741e-06,
    "epoch26": 7.242434222916927e-06,
    "epoch27": 7.233558750916321e-06,
    "epoch28": 7.226964634810429e-06,
    "epoch29": 7.210360876191165e-06,
    "epoch30": 7.201623501562911e-06
}