{
    "epoch1": 136.70283333333333,
    "epoch2": 134.82652083333332,
    "epoch3": 129.35363541666666,
    "epoch4": 125.24833333333333,
    "epoch5": 120.46153125,
    "epoch6": 117.50391666666667,
    "epoch7": 113.45442708333333,
    "epoch8": 111.2966875,
    "epoch9": 108.37170833333333,
    "epoch10": 106.69134375,
    "epoch11": 105.39367708333333,
    "epoch12": 103.46758333333334,
    "epoch13": 102.41933333333333,
    "epoch14": 101.74757291666667,
    "epoch15": 100.75914583333333,
    "epoch16": 100.17964583333334,
    "epoch17": 99.70070833333334,
    "epoch18": 99.01925,
    "epoch19": 98.45821875,
    "epoch20": 98.15571875,
    "epoch21": 97.71344791666667,
    "epoch22": 97.21655208333334,
    "epoch23": 96.92119791666667,
    "epoch24": 96.4924375,
    "epoch25": 96.15615625,
    "epoch26": 95.796625,
    "epoch27": 95.44295833333334,
    "epoch28": 95.46138541666667,
    "epoch29": 95.30177083333334,
    "epoch30": 94.83729166666667
}