{
    "epoch1": 0.26185361392349005,
    "epoch2": 0.3650360098361969,
    "epoch3": 0.4027736960172653,
    "epoch4": 0.4319330850601196,
    "epoch5": 0.4557584237575531,
    "epoch6": 0.47758160088062285,
    "epoch7": 0.4918656363487244,
    "epoch8": 0.5067152054309845,
    "epoch9": 0.5218430515766144,
    "epoch10": 0.5340628167152405,
    "epoch11": 0.5489157368898392,
    "epoch12": 0.5599741161108017,
    "epoch13": 0.571086834526062,
    "epoch14": 0.5826444807052612,
    "epoch15": 0.5938397215366363,
    "epoch16": 0.6019174036502838,
    "epoch17": 0.6105771319389344,
    "epoch18": 0.6263223954677581,
    "epoch19": 0.6338860418796539,
    "epoch20": 0.6462825556278229
}