{
    "epoch1": 0.07859873647491138,
    "epoch2": 0.07457148283720016,
    "epoch3": 0.0708180566628774,
    "epoch4": 0.06728921333948772,
    "epoch5": 0.06400810430447261,
    "epoch6": 0.060919699569543205,
    "epoch7": 0.05802873149514198,
    "epoch8": 0.055212157468001045,
    "epoch9": 0.052563078701496124,
    "epoch10": 0.04998748376965523,
    "epoch11": 0.04761845121781031,
    "epoch12": 0.04535155495007833,
    "epoch13": 0.043265923857688904,
    "epoch14": 0.041463310519854225,
    "epoch15": 0.03988658202191194,
    "epoch16": 0.03848519114156564,
    "epoch17": 0.037261512130498886,
    "epoch18": 0.03627651867767175,
    "epoch19": 0.035452537859479584,
    "epoch20": 0.03478271079560121,
    "epoch21": 0.034187426790595055,
    "epoch22": 0.03364196543892225,
    "epoch23": 0.03314897852639357,
    "epoch24": 0.03270229324698448,
    "epoch25": 0.032276069124539696,
    "epoch26": 0.031854765489697456,
    "epoch27": 0.03143994572261969,
    "epoch28": 0.031021977464358013,
    "epoch29": 0.030601279189189274,
    "epoch30": 0.030169473340113957
}