{
    "epoch1": 148.47276814778647,
    "epoch2": 135.83808390299478,
    "epoch3": 127.34377034505208,
    "epoch4": 119.77904256184895,
    "epoch5": 113.44491577148438,
    "epoch6": 108.07718912760417,
    "epoch7": 103.490234375,
    "epoch8": 98.73568725585938,
    "epoch9": 95.1942850748698,
    "epoch10": 91.13809204101562,
    "epoch11": 88.16241455078125,
    "epoch12": 84.89087931315105,
    "epoch13": 82.57831319173177,
    "epoch14": 80.32545979817708,
    "epoch15": 78.41765848795573,
    "epoch16": 76.41447448730469,
    "epoch17": 76.14921061197917,
    "epoch18": 75.04915873209636,
    "epoch19": 74.72314453125,
    "epoch20": 74.0533447265625,
    "epoch21": 72.88534037272136,
    "epoch22": 72.8729960123698,
    "epoch23": 72.72290547688802,
    "epoch24": 72.56568908691406,
    "epoch25": 72.2414042154948,
    "epoch26": 72.56272888183594,
    "epoch27": 71.27168782552083,
    "epoch28": 71.51536560058594,
    "epoch29": 72.12356058756511,
    "epoch30": 71.96509806315105
}