{
    "epoch1": 136.26273600260416,
    "epoch2": 129.7557169596354,
    "epoch3": 124.29452514648438,
    "epoch4": 119.07468668619792,
    "epoch5": 114.08704630533855,
    "epoch6": 109.25377400716145,
    "epoch7": 104.95998128255208,
    "epoch8": 101.14369710286458,
    "epoch9": 97.88294474283855,
    "epoch10": 94.84379069010417,
    "epoch11": 92.08980305989583,
    "epoch12": 89.52079264322917,
    "epoch13": 87.14996337890625,
    "epoch14": 85.22994995117188,
    "epoch15": 83.63151041666667,
    "epoch16": 82.3710428873698,
    "epoch17": 81.473876953125,
    "epoch18": 80.77727762858073,
    "epoch19": 80.29835510253906,
    "epoch20": 80.01582845052083,
    "epoch21": 79.85738627115886,
    "epoch22": 79.78110758463542,
    "epoch23": 79.68081665039062,
    "epoch24": 79.60511271158855,
    "epoch25": 79.49144999186198,
    "epoch26": 79.3837178548177,
    "epoch27": 79.292724609375,
    "epoch28": 79.1770528157552,
    "epoch29": 79.03603617350261,
    "epoch30": 78.85470581054688
}