{
    "epoch1": 100.8901171875,
    "epoch2": 46.1240078125,
    "epoch3": 42.318234375,
    "epoch4": 38.169140625,
    "epoch5": 34.60804296875,
    "epoch6": 32.642103515625,
    "epoch7": 31.678478515625,
    "epoch8": 31.0525390625,
    "epoch9": 30.765216796875,
    "epoch10": 30.32985546875,
    "epoch11": 30.0545625,
    "epoch12": 29.916083984375,
    "epoch13": 29.599015625,
    "epoch14": 29.33041796875,
    "epoch15": 29.139404296875,
    "epoch16": 28.929859375,
    "epoch17": 28.58528515625,
    "epoch18": 28.266767578125,
    "epoch19": 28.05355859375,
    "epoch20": 27.815375,
    "epoch21": 27.568310546875,
    "epoch22": 27.35993359375,
    "epoch23": 27.204984375,
    "epoch24": 27.01946484375,
    "epoch25": 26.885228515625,
    "epoch26": 26.601837890625,
    "epoch27": 26.49960546875,
    "epoch28": 26.40336328125,
    "epoch29": 26.1585859375,
    "epoch30": 26.191986328125,
    "epoch31": 26.17133203125,
    "epoch32": 25.84437109375,
    "epoch33": 25.735013671875,
    "epoch34": 25.801763671875,
    "epoch35": 25.733505859375,
    "epoch36": 25.52901953125,
    "epoch37": 25.50951171875,
    "epoch38": 25.3277578125,
    "epoch39": 25.290078125,
    "epoch40": 25.188615234375,
    "epoch41": 25.158271484375,
    "epoch42": 24.9993359375,
    "epoch43": 24.94783203125,
    "epoch44": 24.899646484375,
    "epoch45": 24.90975390625,
    "epoch46": 24.84009765625,
    "epoch47": 24.77516015625,
    "epoch48": 24.837763671875,
    "epoch49": 24.71061328125,
    "epoch50": 24.6118515625,
    "epoch51": 24.627890625,
    "epoch52": 24.634197265625,
    "epoch53": 24.63165625,
    "epoch54": 24.581470703125,
    "epoch55": 24.463583984375,
    "epoch56": 24.526927734375,
    "epoch57": 24.454146484375,
    "epoch58": 24.401173828125,
    "epoch59": 24.406486328125,
    "epoch60": 24.345482421875,
    "epoch61": 24.447978515625,
    "epoch62": 24.31153515625,
    "epoch63": 24.391115234375,
    "epoch64": 24.2726484375,
    "epoch65": 24.27640234375,
    "epoch66": 24.24307421875,
    "epoch67": 24.284591796875,
    "epoch68": 24.153884765625,
    "epoch69": 24.272345703125,
    "epoch70": 24.151578125,
    "epoch71": 24.041080078125,
    "epoch72": 24.142818359375,
    "epoch73": 24.06371484375,
    "epoch74": 24.047744140625,
    "epoch75": 24.15569140625,
    "epoch76": 24.0683828125,
    "epoch77": 23.930759765625,
    "epoch78": 23.915595703125,
    "epoch79": 23.879123046875,
    "epoch80": 24.044005859375,
    "epoch81": 23.892234375,
    "epoch82": 23.9054609375,
    "epoch83": 23.746587890625,
    "epoch84": 23.964171875,
    "epoch85": 23.797951171875,
    "epoch86": 23.797318359375,
    "epoch87": 23.7576953125,
    "epoch88": 23.849015625,
    "epoch89": 23.709216796875,
    "epoch90": 23.820341796875,
    "epoch91": 23.756779296875,
    "epoch92": 23.61149609375,
    "epoch93": 23.63319140625,
    "epoch94": 23.714888671875,
    "epoch95": 23.513228515625,
    "epoch96": 23.564275390625,
    "epoch97": 23.575611328125,
    "epoch98": 23.538939453125,
    "epoch99": 23.4598203125,
    "epoch100": 23.381212890625
}