{
    "epoch1": 47.10726547241211,
    "epoch2": 44.311676025390625,
    "epoch3": 40.76996612548828,
    "epoch4": 36.42768478393555,
    "epoch5": 33.424678802490234,
    "epoch6": 31.687673568725586,
    "epoch7": 30.45063591003418,
    "epoch8": 31.22846221923828,
    "epoch9": 30.2487850189209,
    "epoch10": 30.033748626708984,
    "epoch11": 29.909446716308594,
    "epoch12": 29.700424194335938,
    "epoch13": 28.886669158935547,
    "epoch14": 28.66560173034668,
    "epoch15": 28.37119483947754,
    "epoch16": 28.452861785888672,
    "epoch17": 27.719831466674805,
    "epoch18": 28.49678611755371,
    "epoch19": 29.005319595336914,
    "epoch20": 28.029193878173828,
    "epoch21": 27.13764190673828,
    "epoch22": 26.67045783996582,
    "epoch23": 26.91745948791504,
    "epoch24": 26.502643585205078,
    "epoch25": 27.519447326660156,
    "epoch26": 26.48410987854004,
    "epoch27": 26.26186180114746,
    "epoch28": 26.413793563842773,
    "epoch29": 26.284574508666992,
    "epoch30": 26.07613182067871,
    "epoch31": 26.104907989501953,
    "epoch32": 26.10570526123047,
    "epoch33": 26.548625946044922,
    "epoch34": 25.866918563842773,
    "epoch35": 25.47385597229004,
    "epoch36": 25.771455764770508,
    "epoch37": 25.185718536376953,
    "epoch38": 25.24443244934082,
    "epoch39": 26.230985641479492,
    "epoch40": 25.312543869018555,
    "epoch41": 25.52097511291504,
    "epoch42": 25.4183406829834,
    "epoch43": 25.079565048217773,
    "epoch44": 25.029264450073242,
    "epoch45": 24.913049697875977,
    "epoch46": 25.069046020507812,
    "epoch47": 24.979463577270508,
    "epoch48": 25.197595596313477,
    "epoch49": 25.055492401123047,
    "epoch50": 25.83496856689453,
    "epoch51": 25.068349838256836,
    "epoch52": 26.466388702392578,
    "epoch53": 25.317373275756836,
    "epoch54": 25.414775848388672,
    "epoch55": 25.06163215637207,
    "epoch56": 24.74741554260254,
    "epoch57": 25.119647979736328,
    "epoch58": 24.954063415527344,
    "epoch59": 24.97464370727539,
    "epoch60": 24.884750366210938,
    "epoch61": 24.6866455078125,
    "epoch62": 24.915796279907227,
    "epoch63": 24.675048828125,
    "epoch64": 24.722829818725586,
    "epoch65": 25.11918830871582,
    "epoch66": 24.62499237060547,
    "epoch67": 24.69622230529785,
    "epoch68": 24.550838470458984,
    "epoch69": 24.52931785583496,
    "epoch70": 24.73853302001953,
    "epoch71": 24.515336990356445,
    "epoch72": 25.082345962524414,
    "epoch73": 24.544574737548828,
    "epoch74": 26.04719352722168,
    "epoch75": 24.640949249267578,
    "epoch76": 24.64887237548828,
    "epoch77": 24.650554656982422,
    "epoch78": 24.38974952697754,
    "epoch79": 24.561159133911133,
    "epoch80": 24.39504623413086,
    "epoch81": 24.37245750427246,
    "epoch82": 24.252498626708984,
    "epoch83": 24.3967227935791,
    "epoch84": 24.309024810791016,
    "epoch85": 24.253889083862305,
    "epoch86": 24.33840560913086,
    "epoch87": 24.77992820739746,
    "epoch88": 24.447174072265625,
    "epoch89": 24.160961151123047,
    "epoch90": 24.100204467773438,
    "epoch91": 24.7714786529541,
    "epoch92": 24.72456169128418,
    "epoch93": 24.489778518676758,
    "epoch94": 24.02770233154297,
    "epoch95": 24.368562698364258,
    "epoch96": 24.09941864013672,
    "epoch97": 24.149324417114258,
    "epoch98": 24.077131271362305,
    "epoch99": 24.03043556213379,
    "epoch100": 24.123090744018555
}