{
    "epoch1": 133.255244140625,
    "epoch2": 134.01255859375,
    "epoch3": 133.54498046875,
    "epoch4": 132.747802734375,
    "epoch5": 131.444541015625,
    "epoch6": 130.504296875,
    "epoch7": 129.63451171875,
    "epoch8": 128.202177734375,
    "epoch9": 127.085732421875,
    "epoch10": 126.436533203125,
    "epoch11": 124.7765234375,
    "epoch12": 123.194150390625,
    "epoch13": 123.01599609375,
    "epoch14": 122.654912109375,
    "epoch15": 121.344677734375,
    "epoch16": 120.132578125,
    "epoch17": 119.30228515625,
    "epoch18": 119.253935546875,
    "epoch19": 117.671923828125,
    "epoch20": 116.938095703125,
    "epoch21": 116.74830078125,
    "epoch22": 115.532509765625,
    "epoch23": 115.921669921875,
    "epoch24": 115.006044921875,
    "epoch25": 114.542158203125,
    "epoch26": 113.944853515625,
    "epoch27": 113.935068359375,
    "epoch28": 113.096015625,
    "epoch29": 112.87578125,
    "epoch30": 111.522109375
}