{
    "epoch1": 4206.566,
    "epoch2": 2804.008,
    "epoch3": 2399.96175,
    "epoch4": 2136.16925,
    "epoch5": 2044.270125,
    "epoch6": 1985.28425,
    "epoch7": 1938.474625,
    "epoch8": 1893.332875,
    "epoch9": 1864.081875,
    "epoch10": 1827.416625,
    "epoch11": 1806.2105,
    "epoch12": 1787.49625,
    "epoch13": 1767.14925,
    "epoch14": 1757.782,
    "epoch15": 1740.661625,
    "epoch16": 1719.98425,
    "epoch17": 1725.426375,
    "epoch18": 1708.042375,
    "epoch19": 1702.189375,
    "epoch20": 1691.861125,
    "epoch21": 1676.002125,
    "epoch22": 1686.634875,
    "epoch23": 1668.0655,
    "epoch24": 1654.038,
    "epoch25": 1667.645,
    "epoch26": 1637.085125,
    "epoch27": 1642.336875,
    "epoch28": 1630.522875,
    "epoch29": 1621.72625,
    "epoch30": 1616.921625,
    "epoch31": 1618.32875,
    "epoch32": 1606.890375,
    "epoch33": 1607.542625,
    "epoch34": 1610.623125,
    "epoch35": 1594.847125,
    "epoch36": 1593.325125,
    "epoch37": 1582.690625,
    "epoch38": 1579.221375,
    "epoch39": 1580.77225,
    "epoch40": 1566.762625,
    "epoch41": 1569.598625,
    "epoch42": 1571.741375,
    "epoch43": 1572.946875,
    "epoch44": 1565.78125,
    "epoch45": 1551.725875,
    "epoch46": 1565.741875,
    "epoch47": 1571.866125,
    "epoch48": 1541.0095,
    "epoch49": 1548.185875,
    "epoch50": 1550.22975,
    "epoch51": 1532.636125,
    "epoch52": 1534.336125,
    "epoch53": 1531.812625,
    "epoch54": 1528.908625,
    "epoch55": 1535.7435,
    "epoch56": 1517.84725,
    "epoch57": 1528.2805,
    "epoch58": 1530.845875,
    "epoch59": 1530.11325,
    "epoch60": 1529.903875,
    "epoch61": 1522.251375,
    "epoch62": 1500.900125,
    "epoch63": 1502.33075,
    "epoch64": 1503.593375,
    "epoch65": 1508.28275,
    "epoch66": 1491.006875,
    "epoch67": 1504.960625,
    "epoch68": 1487.2685,
    "epoch69": 1503.584125,
    "epoch70": 1495.551,
    "epoch71": 1496.0265,
    "epoch72": 1485.841125,
    "epoch73": 1485.916,
    "epoch74": 1474.5065,
    "epoch75": 1463.841125,
    "epoch76": 1463.78725,
    "epoch77": 1464.996,
    "epoch78": 1491.492375,
    "epoch79": 1467.086875,
    "epoch80": 1465.0145,
    "epoch81": 1462.98425,
    "epoch82": 1447.371625,
    "epoch83": 1462.503375,
    "epoch84": 1450.322,
    "epoch85": 1443.221125,
    "epoch86": 1456.5955,
    "epoch87": 1455.833125,
    "epoch88": 1469.89825,
    "epoch89": 1443.241625,
    "epoch90": 1437.58675,
    "epoch91": 1445.60175,
    "epoch92": 1447.624625,
    "epoch93": 1437.880625,
    "epoch94": 1452.594625,
    "epoch95": 1430.964375,
    "epoch96": 1419.6195,
    "epoch97": 1427.67025,
    "epoch98": 1424.43075,
    "epoch99": 1419.393375,
    "epoch100": 1421.904875
}