{
    "epoch1": 90.361357421875,
    "epoch2": 90.113583984375,
    "epoch3": 89.860234375,
    "epoch4": 89.603310546875,
    "epoch5": 89.33736328125,
    "epoch6": 89.092119140625,
    "epoch7": 88.897890625,
    "epoch8": 88.717607421875,
    "epoch9": 88.494951171875,
    "epoch10": 88.264482421875,
    "epoch11": 88.0937109375,
    "epoch12": 87.883759765625,
    "epoch13": 87.730185546875,
    "epoch14": 87.54146484375,
    "epoch15": 87.3680859375,
    "epoch16": 87.2,
    "epoch17": 87.04498046875,
    "epoch18": 86.87521484375,
    "epoch19": 86.75103515625,
    "epoch20": 86.609619140625,
    "epoch21": 86.429423828125,
    "epoch22": 86.32787109375,
    "epoch23": 86.200625,
    "epoch24": 86.11255859375,
    "epoch25": 85.934677734375,
    "epoch26": 85.875966796875,
    "epoch27": 85.746748046875,
    "epoch28": 85.692314453125,
    "epoch29": 85.559423828125,
    "epoch30": 85.4353515625
}