{
    "epoch1": 4765.999,
    "epoch2": 2647.31525,
    "epoch3": 2234.04725,
    "epoch4": 2027.75925,
    "epoch5": 1970.425625,
    "epoch6": 1927.70825,
    "epoch7": 1896.98275,
    "epoch8": 1874.83025,
    "epoch9": 1838.831,
    "epoch10": 1832.6475,
    "epoch11": 1805.369,
    "epoch12": 1774.543625,
    "epoch13": 1754.72775,
    "epoch14": 1747.987875,
    "epoch15": 1720.947875,
    "epoch16": 1723.709625,
    "epoch17": 1690.104125,
    "epoch18": 1669.916,
    "epoch19": 1675.628375,
    "epoch20": 1658.854875,
    "epoch21": 1643.027625,
    "epoch22": 1629.061875,
    "epoch23": 1622.0,
    "epoch24": 1613.508125,
    "epoch25": 1603.08175,
    "epoch26": 1605.269875,
    "epoch27": 1591.425125,
    "epoch28": 1589.213125,
    "epoch29": 1591.608375,
    "epoch30": 1577.125125,
    "epoch31": 1598.11825,
    "epoch32": 1569.079125,
    "epoch33": 1569.289,
    "epoch34": 1563.564375,
    "epoch35": 1563.28925,
    "epoch36": 1569.42275,
    "epoch37": 1553.51175,
    "epoch38": 1559.719125,
    "epoch39": 1543.946625,
    "epoch40": 1545.219375,
    "epoch41": 1536.330875,
    "epoch42": 1541.075875,
    "epoch43": 1541.657625,
    "epoch44": 1534.511625,
    "epoch45": 1533.9925,
    "epoch46": 1528.107,
    "epoch47": 1529.714625,
    "epoch48": 1534.49725,
    "epoch49": 1531.631125,
    "epoch50": 1523.073625,
    "epoch51": 1527.464625,
    "epoch52": 1520.463875,
    "epoch53": 1514.55375,
    "epoch54": 1514.778625,
    "epoch55": 1524.760875,
    "epoch56": 1506.812125,
    "epoch57": 1531.866125,
    "epoch58": 1503.0065,
    "epoch59": 1502.76575,
    "epoch60": 1492.36,
    "epoch61": 1508.977375,
    "epoch62": 1497.455,
    "epoch63": 1491.330375,
    "epoch64": 1486.757125,
    "epoch65": 1492.866875,
    "epoch66": 1487.690125,
    "epoch67": 1486.933125,
    "epoch68": 1475.8935,
    "epoch69": 1470.3645,
    "epoch70": 1481.62225,
    "epoch71": 1475.601125,
    "epoch72": 1475.627125,
    "epoch73": 1462.71075,
    "epoch74": 1455.976125,
    "epoch75": 1460.723625,
    "epoch76": 1462.933875,
    "epoch77": 1462.321875,
    "epoch78": 1454.331,
    "epoch79": 1473.562,
    "epoch80": 1457.037125,
    "epoch81": 1446.126125,
    "epoch82": 1444.363875,
    "epoch83": 1438.241,
    "epoch84": 1457.715,
    "epoch85": 1430.049125,
    "epoch86": 1433.145,
    "epoch87": 1438.45475,
    "epoch88": 1436.696875,
    "epoch89": 1435.25075,
    "epoch90": 1414.389875,
    "epoch91": 1413.30875,
    "epoch92": 1419.455,
    "epoch93": 1415.339,
    "epoch94": 1426.569125,
    "epoch95": 1401.702375,
    "epoch96": 1392.51,
    "epoch97": 1407.65375,
    "epoch98": 1398.016375,
    "epoch99": 1405.3035,
    "epoch100": 1397.936
}