{
    "epoch1": 2750.893798828125,
    "epoch2": 2408.678466796875,
    "epoch3": 2019.4771728515625,
    "epoch4": 1883.8797607421875,
    "epoch5": 1862.532470703125,
    "epoch6": 1981.0087890625,
    "epoch7": 1808.06884765625,
    "epoch8": 1769.9100341796875,
    "epoch9": 1811.0662841796875,
    "epoch10": 1828.5404052734375,
    "epoch11": 1748.8837890625,
    "epoch12": 1747.5303955078125,
    "epoch13": 1689.2069091796875,
    "epoch14": 1669.867431640625,
    "epoch15": 1655.84619140625,
    "epoch16": 1696.5509033203125,
    "epoch17": 1645.23828125,
    "epoch18": 1691.2088623046875,
    "epoch19": 1595.7742919921875,
    "epoch20": 1605.954345703125,
    "epoch21": 1592.34375,
    "epoch22": 1610.780029296875,
    "epoch23": 1552.0247802734375,
    "epoch24": 1561.919189453125,
    "epoch25": 1569.813720703125,
    "epoch26": 1602.318115234375,
    "epoch27": 1551.673828125,
    "epoch28": 1537.14501953125,
    "epoch29": 1539.027099609375,
    "epoch30": 1522.9886474609375,
    "epoch31": 1554.4764404296875,
    "epoch32": 1586.9581298828125,
    "epoch33": 1561.0283203125,
    "epoch34": 1612.563232421875,
    "epoch35": 1517.1051025390625,
    "epoch36": 1533.937744140625,
    "epoch37": 1538.317626953125,
    "epoch38": 1520.3392333984375,
    "epoch39": 1552.9229736328125,
    "epoch40": 1585.9384765625,
    "epoch41": 1526.58740234375,
    "epoch42": 1512.5096435546875,
    "epoch43": 1526.60595703125,
    "epoch44": 1516.567626953125,
    "epoch45": 1528.88427734375,
    "epoch46": 1508.5145263671875,
    "epoch47": 1509.93017578125,
    "epoch48": 1491.58642578125,
    "epoch49": 1585.5482177734375,
    "epoch50": 1526.5560302734375,
    "epoch51": 1495.683837890625,
    "epoch52": 1494.0377197265625,
    "epoch53": 1526.0543212890625,
    "epoch54": 1496.1904296875,
    "epoch55": 1482.678955078125,
    "epoch56": 1490.7525634765625,
    "epoch57": 1507.7110595703125,
    "epoch58": 1568.3582763671875,
    "epoch59": 1473.1348876953125,
    "epoch60": 1463.24072265625,
    "epoch61": 1462.28759765625,
    "epoch62": 1464.10205078125,
    "epoch63": 1463.4482421875,
    "epoch64": 1461.628173828125,
    "epoch65": 1478.0872802734375,
    "epoch66": 1568.3980712890625,
    "epoch67": 1454.6800537109375,
    "epoch68": 1454.7508544921875,
    "epoch69": 1464.5289306640625,
    "epoch70": 1571.1962890625,
    "epoch71": 1503.3238525390625,
    "epoch72": 1449.6226806640625,
    "epoch73": 1435.5220947265625,
    "epoch74": 1439.6534423828125,
    "epoch75": 1538.9683837890625,
    "epoch76": 1441.4254150390625,
    "epoch77": 1443.6175537109375,
    "epoch78": 1476.236328125,
    "epoch79": 1613.1168212890625,
    "epoch80": 1427.1700439453125,
    "epoch81": 1425.88818359375,
    "epoch82": 1524.8253173828125,
    "epoch83": 1437.7349853515625,
    "epoch84": 1425.0264892578125,
    "epoch85": 1422.5352783203125,
    "epoch86": 1520.7802734375,
    "epoch87": 1443.0726318359375,
    "epoch88": 1401.343994140625,
    "epoch89": 1445.413818359375,
    "epoch90": 1461.295166015625,
    "epoch91": 1399.95068359375,
    "epoch92": 1430.4515380859375,
    "epoch93": 1403.54150390625,
    "epoch94": 1396.8756103515625,
    "epoch95": 1392.7423095703125,
    "epoch96": 1468.9732666015625,
    "epoch97": 1426.1695556640625,
    "epoch98": 1430.83984375,
    "epoch99": 1405.0821533203125,
    "epoch100": 1545.3697509765625
}