{
    "epoch1": 199.99128530005044,
    "epoch2": 177.455465204236,
    "epoch3": 134.5465204236006,
    "epoch4": 124.20159638174484,
    "epoch5": 117.5303517397882,
    "epoch6": 111.8866773827534,
    "epoch7": 107.38099628088754,
    "epoch8": 103.54899457892083,
    "epoch9": 100.44907494957135,
    "epoch10": 97.98663640948058,
    "epoch11": 96.10516736006052,
    "epoch12": 94.42972295763994,
    "epoch13": 93.18859524710035,
    "epoch14": 92.09404154059506,
    "epoch15": 91.25541319969743,
    "epoch16": 90.5068866616238,
    "epoch17": 89.9208821860817,
    "epoch18": 89.4741947175996,
    "epoch19": 89.01834341906202,
    "epoch20": 88.68458459404943,
    "epoch21": 88.31171205244578,
    "epoch22": 88.11825516893596,
    "epoch23": 87.63863937216338,
    "epoch24": 87.43706662884519,
    "epoch25": 87.24408251386788,
    "epoch26": 87.06309096066566,
    "epoch27": 86.80549514624306,
    "epoch28": 86.77745997226424,
    "epoch29": 86.58691061522946,
    "epoch30": 86.31652641200202
}