{
    "epoch1": 99.63813920454545,
    "epoch2": 67.2439526236631,
    "epoch3": 58.10107160762032,
    "epoch4": 53.93924945688503,
    "epoch5": 50.78274878843583,
    "epoch6": 48.112158464237964,
    "epoch7": 45.150557737299465,
    "epoch8": 42.17405790441177,
    "epoch9": 39.00814933572861,
    "epoch10": 36.29073884525401,
    "epoch11": 33.75965856868316,
    "epoch12": 31.776988636363637,
    "epoch13": 30.19588955965909,
    "epoch14": 28.89172428559492,
    "epoch15": 28.097661472259357,
    "epoch16": 27.08588266627674,
    "epoch17": 26.156975894050802,
    "epoch18": 25.574532085561497,
    "epoch19": 24.959033986463904,
    "epoch20": 24.322991519050802,
    "epoch21": 24.115829712566846,
    "epoch22": 23.475319602272727,
    "epoch23": 23.289232223429146,
    "epoch24": 22.783861129679146,
    "epoch25": 22.419514538770052,
    "epoch26": 21.933053246156415,
    "epoch27": 21.716294232536764,
    "epoch28": 21.194675384358288,
    "epoch29": 20.943474264705884,
    "epoch30": 20.47923760235628
}