{
    "epoch1": 44.10969543457031,
    "epoch2": 31.541961669921875,
    "epoch3": 30.06636619567871,
    "epoch4": 29.41265106201172,
    "epoch5": 28.67954444885254,
    "epoch6": 28.160625457763672,
    "epoch7": 27.568925857543945,
    "epoch8": 27.111278533935547,
    "epoch9": 26.77373695373535,
    "epoch10": 26.363670349121094,
    "epoch11": 26.035062789916992,
    "epoch12": 25.655677795410156,
    "epoch13": 25.43056869506836,
    "epoch14": 25.142057418823242,
    "epoch15": 25.058046340942383,
    "epoch16": 24.82221794128418,
    "epoch17": 24.558279037475586,
    "epoch18": 24.624019622802734,
    "epoch19": 24.350902557373047,
    "epoch20": 24.319242477416992,
    "epoch21": 24.147533416748047,
    "epoch22": 24.06528663635254,
    "epoch23": 24.080307006835938,
    "epoch24": 23.996692657470703,
    "epoch25": 23.833847045898438,
    "epoch26": 23.7861328125,
    "epoch27": 23.709278106689453,
    "epoch28": 23.666135787963867,
    "epoch29": 23.572725296020508,
    "epoch30": 23.507244110107422,
    "epoch31": 23.4786434173584,
    "epoch32": 23.43600845336914,
    "epoch33": 23.33932113647461,
    "epoch34": 23.414419174194336,
    "epoch35": 23.202125549316406,
    "epoch36": 23.233774185180664,
    "epoch37": 23.13776206970215,
    "epoch38": 23.126798629760742,
    "epoch39": 23.222749710083008,
    "epoch40": 23.00432586669922,
    "epoch41": 22.991390228271484,
    "epoch42": 22.800064086914062,
    "epoch43": 22.776594161987305,
    "epoch44": 22.714075088500977,
    "epoch45": 22.73371696472168,
    "epoch46": 22.754737854003906,
    "epoch47": 22.62155532836914,
    "epoch48": 22.55281639099121,
    "epoch49": 22.646873474121094,
    "epoch50": 22.607585906982422,
    "epoch51": 22.400711059570312,
    "epoch52": 22.407651901245117,
    "epoch53": 22.32814598083496,
    "epoch54": 22.374940872192383,
    "epoch55": 22.369218826293945,
    "epoch56": 22.251508712768555,
    "epoch57": 22.295183181762695,
    "epoch58": 22.18010139465332,
    "epoch59": 22.179569244384766,
    "epoch60": 22.147462844848633,
    "epoch61": 22.119226455688477,
    "epoch62": 22.13636589050293,
    "epoch63": 22.091014862060547,
    "epoch64": 22.06913948059082,
    "epoch65": 22.013832092285156,
    "epoch66": 22.00920295715332,
    "epoch67": 22.039194107055664,
    "epoch68": 21.943359375,
    "epoch69": 21.934080123901367,
    "epoch70": 22.0051326751709,
    "epoch71": 21.96442985534668,
    "epoch72": 21.82139778137207,
    "epoch73": 21.755382537841797,
    "epoch74": 21.81277847290039,
    "epoch75": 21.746118545532227,
    "epoch76": 21.775554656982422,
    "epoch77": 21.722942352294922,
    "epoch78": 21.673078536987305,
    "epoch79": 21.734800338745117,
    "epoch80": 21.768659591674805,
    "epoch81": 21.69477081298828,
    "epoch82": 21.621166229248047,
    "epoch83": 21.547861099243164,
    "epoch84": 21.554235458374023,
    "epoch85": 21.594593048095703,
    "epoch86": 21.496294021606445,
    "epoch87": 21.52672004699707,
    "epoch88": 21.452632904052734,
    "epoch89": 21.51578712463379,
    "epoch90": 21.507078170776367,
    "epoch91": 21.5117130279541,
    "epoch92": 21.464969635009766,
    "epoch93": 21.398073196411133,
    "epoch94": 21.400854110717773,
    "epoch95": 21.43262481689453,
    "epoch96": 21.31608009338379,
    "epoch97": 21.438627243041992,
    "epoch98": 21.274192810058594,
    "epoch99": 21.278242111206055,
    "epoch100": 21.252368927001953
}