{
    "epoch1": 0.04512708740574973,
    "epoch2": 0.03728017636707851,
    "epoch3": 0.034467166023594994,
    "epoch4": 0.03041854633816651,
    "epoch5": 0.026727639670882906,
    "epoch6": 0.02335310753967081,
    "epoch7": 0.020460392481514385,
    "epoch8": 0.018186555110982487,
    "epoch9": 0.016712406251047338,
    "epoch10": 0.015521685991968428,
    "epoch11": 0.014864453048046147,
    "epoch12": 0.014390850639236825,
    "epoch13": 0.014114498559917723,
    "epoch14": 0.013846512351717268,
    "epoch15": 0.013618177667792355,
    "epoch16": 0.013493640215269156,
    "epoch17": 0.013561756882284368,
    "epoch18": 0.01344605368961181,
    "epoch19": 0.013372163687433516,
    "epoch20": 0.01332985223936183,
    "epoch21": 0.013097459383841072,
    "epoch22": 0.012940778397023678,
    "epoch23": 0.0129057698483978,
    "epoch24": 0.01303037695054497,
    "epoch25": 0.012994994010244097,
    "epoch26": 0.012872608245483466,
    "epoch27": 0.012827726879290171,
    "epoch28": 0.012682313498641764,
    "epoch29": 0.01283810640286122,
    "epoch30": 0.012658408177750451,
    "epoch31": 0.0129215600900352,
    "epoch32": 0.01258379453793168,
    "epoch33": 0.012528200567300831,
    "epoch34": 0.012548999461744512,
    "epoch35": 0.012437011447868176,
    "epoch36": 0.012393217267734664,
    "epoch37": 0.01263211521186999,
    "epoch38": 0.012372593461935009,
    "epoch39": 0.01232760984982763,
    "epoch40": 0.01230017514899373,
    "epoch41": 0.012302074448338576,
    "epoch42": 0.012374202654297863,
    "epoch43": 0.012473848249231066,
    "epoch44": 0.012857237764235054,
    "epoch45": 0.012206610890903644,
    "epoch46": 0.012231485585549049,
    "epoch47": 0.012275641917118005,
    "epoch48": 0.012221588886209897,
    "epoch49": 0.012152737006545067,
    "epoch50": 0.012115956683244024,
    "epoch51": 0.012223561693515097,
    "epoch52": 0.012425464311880725,
    "epoch53": 0.012197319750807114,
    "epoch54": 0.012087731023452111,
    "epoch55": 0.01214613366339888,
    "epoch56": 0.012164225070072072,
    "epoch57": 0.012507924011775426,
    "epoch58": 0.01227619219571352,
    "epoch59": 0.012303172810269254,
    "epoch60": 0.012416033739490169,
    "epoch61": 0.012111347900437457,
    "epoch62": 0.011947020622236388,
    "epoch63": 0.012273128610104322,
    "epoch64": 0.012456192768045835,
    "epoch65": 0.012018955778330564,
    "epoch66": 0.012350616244865316,
    "epoch67": 0.012085383026195424,
    "epoch68": 0.012051275199545282,
    "epoch69": 0.011963741853833199,
    "epoch70": 0.012170748319476843,
    "epoch71": 0.011909416477595056,
    "epoch72": 0.012178127387804645,
    "epoch73": 0.012096886523067951,
    "epoch74": 0.012373831256159715,
    "epoch75": 0.01196456328034401,
    "epoch76": 0.01194758154451847,
    "epoch77": 0.011898642272821494,
    "epoch78": 0.011957417707890272,
    "epoch79": 0.012124411163053342,
    "epoch80": 0.01190523277702076,
    "epoch81": 0.01183589082211256,
    "epoch82": 0.011951045798403876,
    "epoch83": 0.011921137903950043,
    "epoch84": 0.012143419456801243,
    "epoch85": 0.012123231243874346,
    "epoch86": 0.01182396842965058,
    "epoch87": 0.01189533035670008,
    "epoch88": 0.011900688588087047,
    "epoch89": 0.011880862327026469,
    "epoch90": 0.011851888881730182,
    "epoch91": 0.011860332252191646,
    "epoch92": 0.011813647978539978,
    "epoch93": 0.011817645614168473,
    "epoch94": 0.01182325164388333,
    "epoch95": 0.011818003774221455,
    "epoch96": 0.01206296363047191,
    "epoch97": 0.01180581928097776,
    "epoch98": 0.01189457718282938,
    "epoch99": 0.012057001635964428,
    "epoch100": 0.011819396167993546
}