{
    "epoch1": 46.35808890206473,
    "epoch2": 43.66420200892857,
    "epoch3": 41.474086216517854,
    "epoch4": 39.28017316545759,
    "epoch5": 37.27001953125,
    "epoch6": 34.804905482700896,
    "epoch7": 32.72389875139509,
    "epoch8": 30.89121573311942,
    "epoch9": 30.761749267578125,
    "epoch10": 29.261662074497767,
    "epoch11": 27.74948992047991,
    "epoch12": 27.711151123046875,
    "epoch13": 27.455245971679688,
    "epoch14": 27.038367135184153,
    "epoch15": 26.572806222098215,
    "epoch16": 26.10268293108259,
    "epoch17": 25.880078996930802,
    "epoch18": 25.624792916434153,
    "epoch19": 25.567901611328125,
    "epoch20": 25.32909938267299,
    "epoch21": 25.434679303850448,
    "epoch22": 25.428889683314733,
    "epoch23": 25.304528372628347,
    "epoch24": 25.033392769949778,
    "epoch25": 24.850969587053573,
    "epoch26": 24.792454310825892,
    "epoch27": 24.839412144252233,
    "epoch28": 24.81178719656808,
    "epoch29": 24.460791451590403,
    "epoch30": 24.58709716796875,
    "epoch31": 24.247693743024552,
    "epoch32": 24.259416852678573,
    "epoch33": 24.250207083565847,
    "epoch34": 24.319978986467635,
    "epoch35": 24.347300938197545,
    "epoch36": 24.197583879743302,
    "epoch37": 23.912767682756698,
    "epoch38": 24.301792689732142,
    "epoch39": 23.951919555664062,
    "epoch40": 23.874502999441965,
    "epoch41": 24.154170445033483,
    "epoch42": 23.717882428850448,
    "epoch43": 23.530262538364955,
    "epoch44": 23.77209690638951,
    "epoch45": 23.73935808454241,
    "epoch46": 23.639859880719865,
    "epoch47": 23.53216552734375,
    "epoch48": 23.54217529296875,
    "epoch49": 23.382991245814733,
    "epoch50": 23.767541067940847,
    "epoch51": 23.517708914620535,
    "epoch52": 23.343170166015625,
    "epoch53": 23.44600568498884,
    "epoch54": 23.586417061941965,
    "epoch55": 23.388098580496653,
    "epoch56": 24.389275687081472,
    "epoch57": 23.435435703822545,
    "epoch58": 23.187587193080358,
    "epoch59": 23.215741838727677,
    "epoch60": 23.290337698800222,
    "epoch61": 23.304931640625,
    "epoch62": 23.371760777064733,
    "epoch63": 23.30770002092634,
    "epoch64": 23.308680943080358,
    "epoch65": 23.159781319754465,
    "epoch66": 23.374779837472097,
    "epoch67": 23.028265816824778,
    "epoch68": 23.18302481515067,
    "epoch69": 23.213391985212052,
    "epoch70": 23.142255510602677,
    "epoch71": 23.19805690220424,
    "epoch72": 23.105085100446427,
    "epoch73": 23.12819562639509,
    "epoch74": 23.288373674665177,
    "epoch75": 23.129878452845983,
    "epoch76": 23.231103079659597,
    "epoch77": 23.094981602260045,
    "epoch78": 23.34092276436942,
    "epoch79": 23.047127859933035,
    "epoch80": 23.577852521623885,
    "epoch81": 23.510297502790177,
    "epoch82": 23.598262241908483,
    "epoch83": 23.090216500418528,
    "epoch84": 23.104119437081472,
    "epoch85": 23.087454659598215,
    "epoch86": 23.36032976422991,
    "epoch87": 23.139177594866073,
    "epoch88": 23.48107692173549,
    "epoch89": 23.183053152901785,
    "epoch90": 23.227033342633927,
    "epoch91": 23.053338187081472,
    "epoch92": 23.336999075753347,
    "epoch93": 22.97342790876116,
    "epoch94": 23.403241838727677,
    "epoch95": 23.330069405691965,
    "epoch96": 23.053094046456472,
    "epoch97": 23.03800528390067,
    "epoch98": 22.980058942522323,
    "epoch99": 23.032930646623885,
    "epoch100": 23.116520472935267
}