{
    "epoch1": 46.766902923583984,
    "epoch2": 39.69218063354492,
    "epoch3": 33.447025299072266,
    "epoch4": 31.889995574951172,
    "epoch5": 30.67101287841797,
    "epoch6": 29.716144561767578,
    "epoch7": 28.719802856445312,
    "epoch8": 28.640586853027344,
    "epoch9": 28.290878295898438,
    "epoch10": 27.894603729248047,
    "epoch11": 29.48695945739746,
    "epoch12": 27.93346405029297,
    "epoch13": 26.84016990661621,
    "epoch14": 27.82307243347168,
    "epoch15": 27.203418731689453,
    "epoch16": 26.51571273803711,
    "epoch17": 26.56541633605957,
    "epoch18": 25.880765914916992,
    "epoch19": 25.813034057617188,
    "epoch20": 25.2662353515625,
    "epoch21": 25.76427459716797,
    "epoch22": 25.650766372680664,
    "epoch23": 25.32268714904785,
    "epoch24": 25.13801383972168,
    "epoch25": 25.037179946899414,
    "epoch26": 24.7208251953125,
    "epoch27": 26.65516471862793,
    "epoch28": 24.56548309326172,
    "epoch29": 25.822635650634766,
    "epoch30": 24.562719345092773,
    "epoch31": 24.53013801574707,
    "epoch32": 25.6862735748291,
    "epoch33": 24.569393157958984,
    "epoch34": 24.287841796875,
    "epoch35": 24.88168716430664,
    "epoch36": 24.431190490722656,
    "epoch37": 25.40523338317871,
    "epoch38": 24.326597213745117,
    "epoch39": 25.53721809387207,
    "epoch40": 24.463672637939453,
    "epoch41": 24.491140365600586,
    "epoch42": 24.305830001831055,
    "epoch43": 24.820758819580078,
    "epoch44": 24.05194091796875,
    "epoch45": 24.060409545898438,
    "epoch46": 24.24453353881836,
    "epoch47": 24.432819366455078,
    "epoch48": 24.0943603515625,
    "epoch49": 24.16954231262207,
    "epoch50": 24.59858512878418,
    "epoch51": 23.77803611755371,
    "epoch52": 23.99965476989746,
    "epoch53": 24.350732803344727,
    "epoch54": 23.98922348022461,
    "epoch55": 23.92650032043457,
    "epoch56": 24.34087562561035,
    "epoch57": 23.604473114013672,
    "epoch58": 24.230846405029297,
    "epoch59": 23.629871368408203,
    "epoch60": 24.834815979003906,
    "epoch61": 23.458786010742188,
    "epoch62": 24.174951553344727,
    "epoch63": 24.100196838378906,
    "epoch64": 23.600540161132812,
    "epoch65": 23.79653549194336,
    "epoch66": 23.416839599609375,
    "epoch67": 23.955873489379883,
    "epoch68": 23.507665634155273,
    "epoch69": 23.625572204589844,
    "epoch70": 24.266002655029297,
    "epoch71": 23.393556594848633,
    "epoch72": 23.182771682739258,
    "epoch73": 23.19927978515625,
    "epoch74": 23.1300048828125,
    "epoch75": 23.02720832824707,
    "epoch76": 23.253873825073242,
    "epoch77": 23.047014236450195,
    "epoch78": 23.165637969970703,
    "epoch79": 22.748126983642578,
    "epoch80": 24.010995864868164,
    "epoch81": 23.375965118408203,
    "epoch82": 22.76994514465332,
    "epoch83": 22.757301330566406,
    "epoch84": 22.713281631469727,
    "epoch85": 22.727954864501953,
    "epoch86": 23.32489013671875,
    "epoch87": 23.134387969970703,
    "epoch88": 23.057220458984375,
    "epoch89": 22.707799911499023,
    "epoch90": 22.694334030151367,
    "epoch91": 23.364490509033203,
    "epoch92": 22.61851692199707,
    "epoch93": 22.39101219177246,
    "epoch94": 22.612092971801758,
    "epoch95": 22.371248245239258,
    "epoch96": 22.978622436523438,
    "epoch97": 22.53244400024414,
    "epoch98": 22.30787467956543,
    "epoch99": 22.430810928344727,
    "epoch100": 22.384044647216797
}