{
    "epoch1": 0.062153941641251244,
    "epoch2": 0.044525083154439926,
    "epoch3": 0.03605793540676435,
    "epoch4": 0.03353786220153173,
    "epoch5": 0.032334101696809135,
    "epoch6": 0.030723145231604576,
    "epoch7": 0.028880195692181587,
    "epoch8": 0.02722889619568984,
    "epoch9": 0.02556219572822253,
    "epoch10": 0.023903903861840565,
    "epoch11": 0.022415804987152416,
    "epoch12": 0.020762646260360878,
    "epoch13": 0.019400627973179024,
    "epoch14": 0.018274902055660885,
    "epoch15": 0.01700935574869315,
    "epoch16": 0.01591896079480648,
    "epoch17": 0.01498339573542277,
    "epoch18": 0.014226006964842478,
    "epoch19": 0.013432431034743786,
    "epoch20": 0.012826942838728428,
    "epoch21": 0.012349541609485945,
    "epoch22": 0.011937540334959825,
    "epoch23": 0.011468005056182543,
    "epoch24": 0.01116145309060812,
    "epoch25": 0.010760032571852207,
    "epoch26": 0.010453209280967712,
    "epoch27": 0.01015127201875051,
    "epoch28": 0.009873718023300171,
    "epoch29": 0.009738843888044357,
    "epoch30": 0.009501338470727205
}