{
    "epoch1": 9.149568278947603e-06,
    "epoch2": 8.219938610485163e-06,
    "epoch3": 7.715644444942882e-06,
    "epoch4": 7.386604842470964e-06,
    "epoch5": 7.182380158610613e-06,
    "epoch6": 7.042525525851791e-06,
    "epoch7": 6.9591964440102555e-06,
    "epoch8": 6.904965352456808e-06,
    "epoch9": 6.833161238925337e-06,
    "epoch10": 6.798311765199591e-06,
    "epoch11": 6.760761774216917e-06,
    "epoch12": 6.746546151589427e-06,
    "epoch13": 6.704775802025628e-06,
    "epoch14": 6.693756002922176e-06,
    "epoch15": 6.665279650860612e-06,
    "epoch16": 6.676202346397986e-06,
    "epoch17": 6.648589661267578e-06,
    "epoch18": 6.630262640176928e-06,
    "epoch19": 6.6323523510618544e-06,
    "epoch20": 6.627238881037556e-06,
    "epoch21": 6.622497068140849e-06,
    "epoch22": 6.596951768680507e-06,
    "epoch23": 6.599923888453911e-06,
    "epoch24": 6.591312634858089e-06,
    "epoch25": 6.583605595930445e-06,
    "epoch26": 6.577988876794431e-06,
    "epoch27": 6.571887417976541e-06,
    "epoch28": 6.5703565000300536e-06,
    "epoch29": 6.57060115929653e-06,
    "epoch30": 6.575667174047339e-06
}