{
    "epoch1": 2268.9515,
    "epoch2": 1983.137,
    "epoch3": 1913.2096666666666,
    "epoch4": 1826.6793333333333,
    "epoch5": 1755.1936666666666,
    "epoch6": 1698.3553333333334,
    "epoch7": 1657.3126666666667,
    "epoch8": 1621.6695,
    "epoch9": 1594.4811666666667,
    "epoch10": 1567.8173333333334,
    "epoch11": 1550.793,
    "epoch12": 1534.9151666666667,
    "epoch13": 1519.0143333333333,
    "epoch14": 1504.1716666666666,
    "epoch15": 1495.0855,
    "epoch16": 1483.9548333333332,
    "epoch17": 1477.4515,
    "epoch18": 1469.7195,
    "epoch19": 1460.1748333333333,
    "epoch20": 1456.4201666666668,
    "epoch21": 1448.284,
    "epoch22": 1445.4796666666666,
    "epoch23": 1438.0151666666666,
    "epoch24": 1434.6151666666667,
    "epoch25": 1431.5653333333332,
    "epoch26": 1428.8991666666666,
    "epoch27": 1430.4255,
    "epoch28": 1423.4845,
    "epoch29": 1418.6436666666666,
    "epoch30": 1416.1243333333334
}