{
    "epoch1": 40.19529342651367,
    "epoch2": 32.01222610473633,
    "epoch3": 29.82280158996582,
    "epoch4": 29.251405715942383,
    "epoch5": 29.304569244384766,
    "epoch6": 29.23552703857422,
    "epoch7": 27.889039993286133,
    "epoch8": 28.43196678161621,
    "epoch9": 27.036211013793945,
    "epoch10": 26.56515884399414,
    "epoch11": 27.578060150146484,
    "epoch12": 26.902862548828125,
    "epoch13": 26.22145652770996,
    "epoch14": 26.248544692993164,
    "epoch15": 26.727710723876953,
    "epoch16": 25.80891990661621,
    "epoch17": 26.77707290649414,
    "epoch18": 25.470317840576172,
    "epoch19": 25.20665740966797,
    "epoch20": 24.76027488708496,
    "epoch21": 26.680021286010742,
    "epoch22": 24.8022403717041,
    "epoch23": 24.67534065246582,
    "epoch24": 24.68079376220703,
    "epoch25": 25.36962127685547,
    "epoch26": 24.52490997314453,
    "epoch27": 26.75372886657715,
    "epoch28": 26.580564498901367,
    "epoch29": 24.50732421875,
    "epoch30": 24.31971549987793,
    "epoch31": 25.035133361816406,
    "epoch32": 24.171586990356445,
    "epoch33": 24.439319610595703,
    "epoch34": 24.40351104736328,
    "epoch35": 23.95333480834961,
    "epoch36": 23.82568359375,
    "epoch37": 23.838064193725586,
    "epoch38": 24.136659622192383,
    "epoch39": 24.75397491455078,
    "epoch40": 23.67646598815918,
    "epoch41": 23.87167739868164,
    "epoch42": 23.661046981811523,
    "epoch43": 23.955472946166992,
    "epoch44": 24.21272850036621,
    "epoch45": 23.68964958190918,
    "epoch46": 23.59644317626953,
    "epoch47": 23.395641326904297,
    "epoch48": 24.466960906982422,
    "epoch49": 23.623149871826172,
    "epoch50": 23.19645118713379,
    "epoch51": 24.13260841369629,
    "epoch52": 24.835786819458008,
    "epoch53": 23.1436767578125,
    "epoch54": 23.143709182739258,
    "epoch55": 23.175647735595703,
    "epoch56": 23.057703018188477,
    "epoch57": 23.3924617767334,
    "epoch58": 23.21555519104004,
    "epoch59": 23.57339859008789,
    "epoch60": 23.050771713256836,
    "epoch61": 23.814382553100586,
    "epoch62": 22.90526008605957,
    "epoch63": 22.773605346679688,
    "epoch64": 22.76432228088379,
    "epoch65": 22.509845733642578,
    "epoch66": 22.644594192504883,
    "epoch67": 22.548856735229492,
    "epoch68": 22.810304641723633,
    "epoch69": 22.40447998046875,
    "epoch70": 22.629470825195312,
    "epoch71": 22.57528305053711,
    "epoch72": 22.497177124023438,
    "epoch73": 23.151153564453125,
    "epoch74": 22.717975616455078,
    "epoch75": 22.23356056213379,
    "epoch76": 23.08499526977539,
    "epoch77": 22.433706283569336,
    "epoch78": 22.562110900878906,
    "epoch79": 22.76409339904785,
    "epoch80": 22.107650756835938,
    "epoch81": 22.13888168334961,
    "epoch82": 22.10614585876465,
    "epoch83": 22.792903900146484,
    "epoch84": 22.992956161499023,
    "epoch85": 22.117422103881836,
    "epoch86": 22.107419967651367,
    "epoch87": 21.853904724121094,
    "epoch88": 21.8763427734375,
    "epoch89": 23.66819190979004,
    "epoch90": 23.316429138183594,
    "epoch91": 23.101701736450195,
    "epoch92": 21.843976974487305,
    "epoch93": 22.455089569091797,
    "epoch94": 21.775047302246094,
    "epoch95": 21.847970962524414,
    "epoch96": 22.385766983032227,
    "epoch97": 21.88242530822754,
    "epoch98": 21.743871688842773,
    "epoch99": 21.869125366210938,
    "epoch100": 21.771133422851562
}