{
    "epoch1": 48.75433819110577,
    "epoch2": 47.79816612830529,
    "epoch3": 45.90650822566106,
    "epoch4": 42.72113037109375,
    "epoch5": 39.10401094876803,
    "epoch6": 36.39485051081731,
    "epoch7": 32.73336557241586,
    "epoch8": 31.922339806189903,
    "epoch9": 32.09551062950721,
    "epoch10": 30.545734112079327,
    "epoch11": 30.972750150240383,
    "epoch12": 30.800079345703125,
    "epoch13": 30.480797400841347,
    "epoch14": 30.39282696063702,
    "epoch15": 30.402256892277645,
    "epoch16": 29.452230600210335,
    "epoch17": 29.43890380859375,
    "epoch18": 28.83991417518029,
    "epoch19": 28.996175912710335,
    "epoch20": 28.80494337815505,
    "epoch21": 29.296475923978367,
    "epoch22": 29.52374737079327,
    "epoch23": 30.069537823016827,
    "epoch24": 29.19488760141226,
    "epoch25": 28.660790076622597,
    "epoch26": 28.31310096153846,
    "epoch27": 29.312161959134617,
    "epoch28": 28.381673959585335,
    "epoch29": 27.9823491023137,
    "epoch30": 28.30451378455529,
    "epoch31": 29.022052471454327,
    "epoch32": 28.15852473332332,
    "epoch33": 28.00769981971154,
    "epoch34": 27.90887451171875,
    "epoch35": 28.521505502554085,
    "epoch36": 27.534329927884617,
    "epoch37": 27.91497333233173,
    "epoch38": 27.48675302358774,
    "epoch39": 28.577124962439903,
    "epoch40": 27.89024705153245,
    "epoch41": 27.19542283278245,
    "epoch42": 28.176372821514423,
    "epoch43": 27.676422119140625,
    "epoch44": 27.34118887094351,
    "epoch45": 26.923691969651443,
    "epoch46": 27.9141352726863,
    "epoch47": 26.435931865985577,
    "epoch48": 26.77745408278245,
    "epoch49": 26.901094876802883,
    "epoch50": 27.42259803185096,
    "epoch51": 26.655677208533653,
    "epoch52": 27.1558110163762,
    "epoch53": 26.46473811222957,
    "epoch54": 26.856349064753605,
    "epoch55": 26.83429894080529,
    "epoch56": 26.552044208233173,
    "epoch57": 26.65514197716346,
    "epoch58": 26.44391103891226,
    "epoch59": 27.042804424579327,
    "epoch60": 26.630772517277645,
    "epoch61": 27.255756084735577,
    "epoch62": 26.560143103966347,
    "epoch63": 26.53851553109976,
    "epoch64": 26.36609825721154,
    "epoch65": 26.484600360576923,
    "epoch66": 25.873143122746395,
    "epoch67": 26.86345496544471,
    "epoch68": 27.065199631911057,
    "epoch69": 28.43848595252404,
    "epoch70": 26.274794358473557,
    "epoch71": 26.38428673377404,
    "epoch72": 25.724393404447117,
    "epoch73": 25.88622342623197,
    "epoch74": 26.00902616060697,
    "epoch75": 25.929612379807693,
    "epoch76": 26.37077918419471,
    "epoch77": 26.008141150841347,
    "epoch78": 25.795668381911057,
    "epoch79": 26.806619497445915,
    "epoch80": 25.71204552283654,
    "epoch81": 26.16718468299279,
    "epoch82": 25.857504037710335,
    "epoch83": 25.966036283052883,
    "epoch84": 25.91527850811298,
    "epoch85": 26.030498798076923,
    "epoch86": 26.04254385141226,
    "epoch87": 26.404010479266827,
    "epoch88": 26.128817044771633,
    "epoch89": 25.672215388371395,
    "epoch90": 25.66558368389423,
    "epoch91": 25.63426560621995,
    "epoch92": 25.460538423978367,
    "epoch93": 25.9124262883113,
    "epoch94": 26.068373460036057,
    "epoch95": 25.705425555889423,
    "epoch96": 25.62121816781851,
    "epoch97": 25.34684636042668,
    "epoch98": 25.418687086838943,
    "epoch99": 25.907944899338943,
    "epoch100": 25.503619854266827
}