{
    "epoch1": 1.2248966959305107e-05,
    "epoch2": 9.945895935743465e-06,
    "epoch3": 9.375141789860209e-06,
    "epoch4": 9.068711206055013e-06,
    "epoch5": 8.800357368272672e-06,
    "epoch6": 8.543744520466135e-06,
    "epoch7": 8.3016653343293e-06,
    "epoch8": 8.073739386418311e-06,
    "epoch9": 7.853275774323264e-06,
    "epoch10": 7.65347803280747e-06,
    "epoch11": 7.455895943166979e-06,
    "epoch12": 7.273923547472804e-06,
    "epoch13": 7.102945637598168e-06,
    "epoch14": 6.94695880611107e-06,
    "epoch15": 6.798668637202354e-06,
    "epoch16": 6.654305880147149e-06,
    "epoch17": 6.513327077755093e-06,
    "epoch18": 6.385127333032869e-06,
    "epoch19": 6.268690372053243e-06,
    "epoch20": 6.155417543141084e-06,
    "epoch21": 6.054006707927328e-06,
    "epoch22": 5.958662072771404e-06,
    "epoch23": 5.8709470567919195e-06,
    "epoch24": 5.7878192501448215e-06,
    "epoch25": 5.709336794552655e-06,
    "epoch26": 5.63957979238694e-06,
    "epoch27": 5.572161496729677e-06,
    "epoch28": 5.5097761151046145e-06,
    "epoch29": 5.453863905131584e-06,
    "epoch30": 5.402188382959139e-06
}