{
    "epoch1": 0.2909431760015685,
    "epoch2": 0.3974629960922417,
    "epoch3": 0.4301990433208851,
    "epoch4": 0.4544635624297138,
    "epoch5": 0.47562442132150695,
    "epoch6": 0.49177884578959014,
    "epoch7": 0.5101791991989242,
    "epoch8": 0.5213010539092234,
    "epoch9": 0.5331263890080868,
    "epoch10": 0.5477596980168112,
    "epoch11": 0.5613636655022086,
    "epoch12": 0.5693341663587831,
    "epoch13": 0.5836561922706774,
    "epoch14": 0.5906744470347219,
    "epoch15": 0.6048001805538816,
    "epoch16": 0.6112163638128146,
    "epoch17": 0.6178635232039352,
    "epoch18": 0.6267736580199016,
    "epoch19": 0.6336829770666196,
    "epoch20": 0.6411680963311368
}