{
    "epoch1": 0.027135823335912492,
    "epoch2": 0.02092847807539834,
    "epoch3": 0.018819365443454847,
    "epoch4": 0.016943357781403594,
    "epoch5": 0.015071714400417276,
    "epoch6": 0.013290256675746705,
    "epoch7": 0.01170699991699722,
    "epoch8": 0.010507686632788844,
    "epoch9": 0.009335072141968541,
    "epoch10": 0.008491151034832,
    "epoch11": 0.007778869941830635,
    "epoch12": 0.007198949499676625,
    "epoch13": 0.0067265644255611635,
    "epoch14": 0.006276873716463645,
    "epoch15": 0.0059005557042029165,
    "epoch16": 0.005561695304802722,
    "epoch17": 0.0053727666899147965,
    "epoch18": 0.0049407284758571125,
    "epoch19": 0.004669998048080338,
    "epoch20": 0.004430074917359484,
    "epoch21": 0.0042070692870765924,
    "epoch22": 0.004009976801979873,
    "epoch23": 0.0037475852554457057,
    "epoch24": 0.0035611590267055565,
    "epoch25": 0.003382465491692225,
    "epoch26": 0.003194874669942591,
    "epoch27": 0.003009066347860628,
    "epoch28": 0.0028615475037238663,
    "epoch29": 0.002727812660547594,
    "epoch30": 0.0025314748701122072
}