{
    "epoch1": 7216.529560810811,
    "epoch2": 5250.280405405405,
    "epoch3": 5058.782516891892,
    "epoch4": 4966.205236486487,
    "epoch5": 4825.950591216216,
    "epoch6": 4665.163429054054,
    "epoch7": 4488.97972972973,
    "epoch8": 4193.407939189189,
    "epoch9": 4051.5033783783783,
    "epoch10": 3964.6013513513512,
    "epoch11": 3876.001689189189,
    "epoch12": 3919.8842905405404,
    "epoch13": 3866.5033783783783,
    "epoch14": 3803.4282094594596,
    "epoch15": 3738.3716216216217,
    "epoch16": 3702.0962837837837,
    "epoch17": 3616.566722972973,
    "epoch18": 3618.139358108108,
    "epoch19": 3544.433699324324,
    "epoch20": 3501.2364864864867,
    "epoch21": 3456.870777027027,
    "epoch22": 3427.7576013513512,
    "epoch23": 3387.326858108108,
    "epoch24": 3365.3505067567567,
    "epoch25": 3315.7333192567567,
    "epoch26": 3277.6431587837837,
    "epoch27": 3237.6235219594596,
    "epoch28": 3177.267314189189,
    "epoch29": 3157.1488597972975,
    "epoch30": 3100.8859797297296
}