{
    "epoch1": 0.009494805945669886,
    "epoch2": 0.004153669893707114,
    "epoch3": 0.0022811464473812115,
    "epoch4": 0.0012837625970994985,
    "epoch5": 0.0007763506156927044,
    "epoch6": 0.0005039476258119706,
    "epoch7": 0.00035691299422911405,
    "epoch8": 0.00027999240598917285,
    "epoch9": 0.00023319031027279347,
    "epoch10": 0.0002304140712281137,
    "epoch11": 0.0001959950107751259,
    "epoch12": 0.0001639355606231321,
    "epoch13": 0.0001525023314941252,
    "epoch14": 0.00014896827256220772,
    "epoch15": 0.00012911206417980052,
    "epoch16": 0.00011375059902665844,
    "epoch17": 0.00012955348736593604,
    "epoch18": 0.00010042676324330926,
    "epoch19": 0.00010516889960854314,
    "epoch20": 9.284081311812365e-05,
    "epoch21": 0.00010126857671787514,
    "epoch22": 0.00010137699515595429,
    "epoch23": 8.020847582412427e-05,
    "epoch24": 8.629200285078561e-05,
    "epoch25": 7.349594738183509e-05,
    "epoch26": 7.246111551837573e-05,
    "epoch27": 7.069639758372903e-05,
    "epoch28": 6.796085620374436e-05,
    "epoch29": 6.72900657971493e-05,
    "epoch30": 6.495846870772463e-05
}