{
    "epoch1": 73.0814192108295,
    "epoch2": 54.06800835253456,
    "epoch3": 46.57451576900922,
    "epoch4": 41.0331536218318,
    "epoch5": 36.22308377736175,
    "epoch6": 32.41775273617512,
    "epoch7": 29.627304147465438,
    "epoch8": 27.486609393001153,
    "epoch9": 26.008512294786865,
    "epoch10": 24.67153747839862,
    "epoch11": 23.85084920434908,
    "epoch12": 22.78156277001728,
    "epoch13": 21.84179462485599,
    "epoch14": 21.196478074596776,
    "epoch15": 20.300648491503456,
    "epoch16": 19.47811059907834,
    "epoch17": 18.93807153657834,
    "epoch18": 18.751773113479263,
    "epoch19": 18.208461216517858,
    "epoch20": 17.696409445204495,
    "epoch21": 17.244529899913594,
    "epoch22": 17.264724942396313,
    "epoch23": 16.59332022249424,
    "epoch24": 16.09849780385945,
    "epoch25": 15.911094560051843,
    "epoch26": 15.967712683611751,
    "epoch27": 15.402037730414747,
    "epoch28": 14.714696365567397,
    "epoch29": 14.613426384288594,
    "epoch30": 14.556917392713133
}