{
    "epoch1": 200.0,
    "epoch2": 200.0,
    "epoch3": 200.0,
    "epoch4": 186.49929355053192,
    "epoch5": 155.4289498836436,
    "epoch6": 146.48394905252658,
    "epoch7": 142.35581158577128,
    "epoch8": 139.88462017952128,
    "epoch9": 137.38837059507978,
    "epoch10": 134.2243288730053,
    "epoch11": 131.27049742353722,
    "epoch12": 129.12538439162233,
    "epoch13": 126.43175490359043,
    "epoch14": 123.54951379654256,
    "epoch15": 122.38319689162235,
    "epoch16": 120.99365234375,
    "epoch17": 118.77374916888297,
    "epoch18": 118.88823553856383,
    "epoch19": 114.83330909242021,
    "epoch20": 114.53325506981383,
    "epoch21": 113.14323262965425,
    "epoch22": 111.5965550199468,
    "epoch23": 113.09243060172872,
    "epoch24": 112.39614153922872,
    "epoch25": 112.73261926529256,
    "epoch26": 109.52250249335107,
    "epoch27": 108.47480676529256,
    "epoch28": 108.81910738031915,
    "epoch29": 109.3895861037234,
    "epoch30": 108.98989153922872
}