{
    "epoch1": 199.64677083333333,
    "epoch2": 168.5670625,
    "epoch3": 144.19535416666668,
    "epoch4": 135.97009375,
    "epoch5": 128.53742708333334,
    "epoch6": 121.92392708333334,
    "epoch7": 116.70160416666667,
    "epoch8": 112.61570833333333,
    "epoch9": 109.50279166666667,
    "epoch10": 106.93090625,
    "epoch11": 105.0850625,
    "epoch12": 103.21755208333333,
    "epoch13": 101.85298958333334,
    "epoch14": 100.2533125,
    "epoch15": 99.00459375,
    "epoch16": 97.96290625,
    "epoch17": 96.90801041666667,
    "epoch18": 96.14896875,
    "epoch19": 95.07685416666666,
    "epoch20": 94.53198958333333,
    "epoch21": 93.84123958333333,
    "epoch22": 93.12908333333333,
    "epoch23": 92.42958333333333,
    "epoch24": 91.99929166666666,
    "epoch25": 91.41514583333333,
    "epoch26": 91.05897916666666,
    "epoch27": 90.56521875,
    "epoch28": 90.3333125,
    "epoch29": 89.697375,
    "epoch30": 89.50630208333334
}