{
    "epoch1": 100.5754765625,
    "epoch2": 75.7231484375,
    "epoch3": 66.707578125,
    "epoch4": 59.21790625,
    "epoch5": 56.224,
    "epoch6": 53.5736171875,
    "epoch7": 50.9153046875,
    "epoch8": 49.27225,
    "epoch9": 47.4575390625,
    "epoch10": 45.2581484375,
    "epoch11": 43.84266796875,
    "epoch12": 41.95905859375,
    "epoch13": 40.11105859375,
    "epoch14": 38.62833984375,
    "epoch15": 36.84866015625,
    "epoch16": 35.1940703125,
    "epoch17": 33.88765234375,
    "epoch18": 32.749548828125,
    "epoch19": 31.766357421875,
    "epoch20": 30.6396640625,
    "epoch21": 29.64424609375,
    "epoch22": 28.950505859375,
    "epoch23": 28.561068359375,
    "epoch24": 27.7559765625,
    "epoch25": 27.117138671875,
    "epoch26": 26.65165625,
    "epoch27": 26.246248046875,
    "epoch28": 25.755380859375,
    "epoch29": 25.562603515625,
    "epoch30": 25.368876953125
}