{
    "epoch1": 80.2019751764113,
    "epoch2": 72.95613344254032,
    "epoch3": 63.27999385710685,
    "epoch4": 58.66413337953629,
    "epoch5": 56.088481287802416,
    "epoch6": 53.682794386340724,
    "epoch7": 50.95463315902218,
    "epoch8": 49.484075730846776,
    "epoch9": 47.30476231728831,
    "epoch10": 45.794980941280244,
    "epoch11": 44.51343954763105,
    "epoch12": 41.83040889616935,
    "epoch13": 40.87333826864919,
    "epoch14": 38.852035030241936,
    "epoch15": 37.555360855594756,
    "epoch16": 35.83898532006048,
    "epoch17": 35.157573084677416,
    "epoch18": 34.35598853326613,
    "epoch19": 32.95366053427419,
    "epoch20": 32.49360115297379,
    "epoch21": 32.0669437531502,
    "epoch22": 30.836697486139112,
    "epoch23": 30.39382048576109,
    "epoch24": 29.502545756678426,
    "epoch25": 28.434647098664314,
    "epoch26": 28.84637254284274,
    "epoch27": 28.03981461063508,
    "epoch28": 27.470165621849798,
    "epoch29": 27.53877701297883,
    "epoch30": 26.902904879662298
}