{
    "epoch1": 62.4410652281746,
    "epoch2": 45.67735072544643,
    "epoch3": 40.519112723214285,
    "epoch4": 35.707484654017854,
    "epoch5": 32.45721338665675,
    "epoch6": 31.219912574404763,
    "epoch7": 30.690359933035715,
    "epoch8": 30.06525142609127,
    "epoch9": 29.708999875992063,
    "epoch10": 29.27557857452877,
    "epoch11": 29.1065673828125,
    "epoch12": 28.96399894593254,
    "epoch13": 28.717856755332342,
    "epoch14": 28.508231026785715,
    "epoch15": 28.27479964967758,
    "epoch16": 28.072399321056547,
    "epoch17": 28.23560539124504,
    "epoch18": 27.972489614335316,
    "epoch19": 27.643754262772816,
    "epoch20": 27.496864924355158,
    "epoch21": 27.514964270213294,
    "epoch22": 27.327718098958332,
    "epoch23": 27.3411128937252,
    "epoch24": 27.008484855530753,
    "epoch25": 26.904199993799605,
    "epoch26": 26.82290310329861,
    "epoch27": 26.93777126736111,
    "epoch28": 26.865164620535715,
    "epoch29": 26.810448056175595,
    "epoch30": 26.446178617931547,
    "epoch31": 26.377284458705358,
    "epoch32": 26.19945320250496,
    "epoch33": 26.023658389136905,
    "epoch34": 26.089039636036706,
    "epoch35": 26.48320855034722,
    "epoch36": 26.04709007626488,
    "epoch37": 25.641878642733136,
    "epoch38": 25.796316964285715,
    "epoch39": 25.658631339905753,
    "epoch40": 25.498519655257937,
    "epoch41": 25.672768244667658,
    "epoch42": 25.4744136749752,
    "epoch43": 25.419327024429563,
    "epoch44": 25.404515826512895,
    "epoch45": 25.217814127604168,
    "epoch46": 25.25718277219742,
    "epoch47": 25.281263563368057,
    "epoch48": 24.9319583953373,
    "epoch49": 25.07568553137401,
    "epoch50": 24.78064933655754,
    "epoch51": 24.956680540054563,
    "epoch52": 24.922012571304563,
    "epoch53": 24.7544681609623,
    "epoch54": 24.966758122519842,
    "epoch55": 24.683022150917658,
    "epoch56": 24.373558407738095,
    "epoch57": 24.813784644717263,
    "epoch58": 24.467025514632937,
    "epoch59": 24.400495256696427,
    "epoch60": 24.549638051835316,
    "epoch61": 24.60020035032242,
    "epoch62": 24.48871334015377,
    "epoch63": 24.487046983506943,
    "epoch64": 24.33571467323909,
    "epoch65": 24.522055974082342,
    "epoch66": 24.222090463789684,
    "epoch67": 24.361719525049605,
    "epoch68": 24.405453636532737,
    "epoch69": 24.18649437313988,
    "epoch70": 24.43017771887401,
    "epoch71": 24.457860553075395,
    "epoch72": 24.417273142981152,
    "epoch73": 24.266737196180557,
    "epoch74": 24.04316638764881,
    "epoch75": 23.96812996031746,
    "epoch76": 24.039959619915674,
    "epoch77": 23.92651173425099,
    "epoch78": 23.92739529079861,
    "epoch79": 24.02998279389881,
    "epoch80": 24.10080101376488,
    "epoch81": 23.97021484375,
    "epoch82": 23.964434911334326,
    "epoch83": 23.805092463417658,
    "epoch84": 23.918179951016864,
    "epoch85": 24.01030040922619,
    "epoch86": 24.02810329861111,
    "epoch87": 24.465392097594247,
    "epoch88": 23.9158199249752,
    "epoch89": 23.893775576636905,
    "epoch90": 23.763683500744047,
    "epoch91": 23.66906544518849,
    "epoch92": 23.642552935887895,
    "epoch93": 23.670576791914684,
    "epoch94": 23.818456256200395,
    "epoch95": 23.625889369419642,
    "epoch96": 23.8086421906002,
    "epoch97": 23.912566654265873,
    "epoch98": 23.481137230282737,
    "epoch99": 23.927430168030753,
    "epoch100": 24.02770802331349
}