{
    "epoch1": 48.39837646484375,
    "epoch2": 42.7806510925293,
    "epoch3": 38.429046630859375,
    "epoch4": 33.9398307800293,
    "epoch5": 31.210384368896484,
    "epoch6": 30.456897735595703,
    "epoch7": 29.89476776123047,
    "epoch8": 29.199085235595703,
    "epoch9": 29.449155807495117,
    "epoch10": 29.275474548339844,
    "epoch11": 28.703746795654297,
    "epoch12": 29.522991180419922,
    "epoch13": 29.1417293548584,
    "epoch14": 29.789325714111328,
    "epoch15": 28.59367561340332,
    "epoch16": 27.8435115814209,
    "epoch17": 27.514202117919922,
    "epoch18": 27.367130279541016,
    "epoch19": 27.609148025512695,
    "epoch20": 28.845075607299805,
    "epoch21": 27.2775821685791,
    "epoch22": 27.413301467895508,
    "epoch23": 27.028484344482422,
    "epoch24": 27.034887313842773,
    "epoch25": 28.871511459350586,
    "epoch26": 27.096309661865234,
    "epoch27": 28.18251609802246,
    "epoch28": 28.72137451171875,
    "epoch29": 26.697872161865234,
    "epoch30": 26.453678131103516,
    "epoch31": 26.430278778076172,
    "epoch32": 27.155675888061523,
    "epoch33": 26.79987907409668,
    "epoch34": 26.16490936279297,
    "epoch35": 26.3813533782959,
    "epoch36": 26.27433967590332,
    "epoch37": 25.905555725097656,
    "epoch38": 25.913402557373047,
    "epoch39": 25.960289001464844,
    "epoch40": 27.21002197265625,
    "epoch41": 27.66531753540039,
    "epoch42": 26.297306060791016,
    "epoch43": 25.571090698242188,
    "epoch44": 26.842391967773438,
    "epoch45": 25.731279373168945,
    "epoch46": 26.296112060546875,
    "epoch47": 26.079038619995117,
    "epoch48": 25.88402557373047,
    "epoch49": 26.259700775146484,
    "epoch50": 25.945161819458008,
    "epoch51": 24.982505798339844,
    "epoch52": 24.757694244384766,
    "epoch53": 25.217138290405273,
    "epoch54": 25.24439239501953,
    "epoch55": 24.665943145751953,
    "epoch56": 25.403247833251953,
    "epoch57": 25.58945083618164,
    "epoch58": 24.812355041503906,
    "epoch59": 25.392723083496094,
    "epoch60": 24.63843536376953,
    "epoch61": 24.45458221435547,
    "epoch62": 24.786840438842773,
    "epoch63": 24.53898811340332,
    "epoch64": 25.01162338256836,
    "epoch65": 24.51365089416504,
    "epoch66": 24.1953067779541,
    "epoch67": 24.818199157714844,
    "epoch68": 24.251789093017578,
    "epoch69": 25.89345359802246,
    "epoch70": 24.628280639648438,
    "epoch71": 24.23683738708496,
    "epoch72": 24.49836540222168,
    "epoch73": 24.097997665405273,
    "epoch74": 24.639862060546875,
    "epoch75": 24.41895866394043,
    "epoch76": 24.340049743652344,
    "epoch77": 24.245153427124023,
    "epoch78": 26.23552131652832,
    "epoch79": 23.8825626373291,
    "epoch80": 24.73569107055664,
    "epoch81": 24.236679077148438,
    "epoch82": 23.8918399810791,
    "epoch83": 24.029592514038086,
    "epoch84": 23.897382736206055,
    "epoch85": 24.563217163085938,
    "epoch86": 24.147708892822266,
    "epoch87": 25.339059829711914,
    "epoch88": 23.723602294921875,
    "epoch89": 24.056474685668945,
    "epoch90": 24.517303466796875,
    "epoch91": 24.33816146850586,
    "epoch92": 23.669063568115234,
    "epoch93": 23.55620765686035,
    "epoch94": 23.677928924560547,
    "epoch95": 24.280261993408203,
    "epoch96": 25.155567169189453,
    "epoch97": 24.246742248535156,
    "epoch98": 23.842254638671875,
    "epoch99": 24.889604568481445,
    "epoch100": 24.21845054626465
}