{
    "epoch1": 0.0755017205244965,
    "epoch2": 0.058141566812992096,
    "epoch3": 0.05511438556843334,
    "epoch4": 0.05108830953637759,
    "epoch5": 0.04708874887890286,
    "epoch6": 0.0428310941076941,
    "epoch7": 0.03907634918060568,
    "epoch8": 0.036061754243241415,
    "epoch9": 0.033659768394298024,
    "epoch10": 0.03217996242973539,
    "epoch11": 0.03151195506668753,
    "epoch12": 0.03076608499719037,
    "epoch13": 0.030148754103316203,
    "epoch14": 0.029491297900676727,
    "epoch15": 0.029042115848925378,
    "epoch16": 0.02873990601963467,
    "epoch17": 0.02855292262716426,
    "epoch18": 0.028609782664312258,
    "epoch19": 0.028907631420426898,
    "epoch20": 0.028054557740688324,
    "epoch21": 0.02750246226787567,
    "epoch22": 0.02738457338677512,
    "epoch23": 0.027182301299439535,
    "epoch24": 0.027343709642688434,
    "epoch25": 0.02712101737658183,
    "epoch26": 0.02685682920532094,
    "epoch27": 0.026722256715099018,
    "epoch28": 0.026884968082110088,
    "epoch29": 0.02670777526994546,
    "epoch30": 0.02639600241349803,
    "epoch31": 0.026359031804733805,
    "epoch32": 0.02650500854684247,
    "epoch33": 0.02608803856290049,
    "epoch34": 0.025964989740815427,
    "epoch35": 0.025970120810800128,
    "epoch36": 0.02596248945014344,
    "epoch37": 0.02587983477860689,
    "epoch38": 0.025752364968260128,
    "epoch39": 0.025607206548253696,
    "epoch40": 0.025718079776399665,
    "epoch41": 0.02570932213630941,
    "epoch42": 0.02622250695195463,
    "epoch43": 0.025526307109329436,
    "epoch44": 0.02548742087350951,
    "epoch45": 0.025470297680132918,
    "epoch46": 0.025512419330577057,
    "epoch47": 0.025322569120261405,
    "epoch48": 0.025340393496056397,
    "epoch49": 0.025265302509069443,
    "epoch50": 0.025314528288112745,
    "epoch51": 0.026290188646978803,
    "epoch52": 0.0256074575914277,
    "epoch53": 0.02533291145745251,
    "epoch54": 0.025058769517474704,
    "epoch55": 0.025698453084462218,
    "epoch56": 0.02510476764291525,
    "epoch57": 0.024978644111090235,
    "epoch58": 0.02547482970274157,
    "epoch59": 0.025287996874087386,
    "epoch60": 0.02514785931756099,
    "epoch61": 0.024998083400229614,
    "epoch62": 0.02525484489483966,
    "epoch63": 0.025133184674713347,
    "epoch64": 0.02519671805202961,
    "epoch65": 0.02518878121756845,
    "epoch66": 0.024696416842440765,
    "epoch67": 0.024862770094639726,
    "epoch68": 0.024703013710677624,
    "epoch69": 0.02471216943942838,
    "epoch70": 0.024696016270253394,
    "epoch71": 0.02482278272509575,
    "epoch72": 0.024878966208133433,
    "epoch73": 0.024950005010598235,
    "epoch74": 0.024815948059161503,
    "epoch75": 0.0248287757858634,
    "epoch76": 0.024490377865731716,
    "epoch77": 0.02490489785042074,
    "epoch78": 0.024831433677011065,
    "epoch79": 0.024664727763997182,
    "epoch80": 0.024505529552698135,
    "epoch81": 0.02469705231487751,
    "epoch82": 0.024887897074222565,
    "epoch83": 0.024669294038580522,
    "epoch84": 0.024705999737812415,
    "epoch85": 0.024654788689480886,
    "epoch86": 0.024981517241232924,
    "epoch87": 0.024511682180066902,
    "epoch88": 0.02458881980015172,
    "epoch89": 0.024337880209916167,
    "epoch90": 0.02461696271267202,
    "epoch91": 0.02427056110981438,
    "epoch92": 0.024516168153948255,
    "epoch93": 0.024866827867097326,
    "epoch94": 0.024427650289403066,
    "epoch95": 0.024430757905873988,
    "epoch96": 0.024795767644213304,
    "epoch97": 0.024315206437475152,
    "epoch98": 0.024148464513321716,
    "epoch99": 0.024199632824295096,
    "epoch100": 0.023953665151364274
}