{
    "epoch1": 0.058704148357113205,
    "epoch2": 0.05324358555177847,
    "epoch3": 0.04626204508046309,
    "epoch4": 0.03967076741779844,
    "epoch5": 0.034016962007929884,
    "epoch6": 0.02991370561843117,
    "epoch7": 0.027602718987812597,
    "epoch8": 0.02620224344233672,
    "epoch9": 0.02541107249756654,
    "epoch10": 0.024869666434824467,
    "epoch11": 0.024444325361400843,
    "epoch12": 0.024046326366563637,
    "epoch13": 0.02352501987479627,
    "epoch14": 0.023203796086211998,
    "epoch15": 0.0229678339480112,
    "epoch16": 0.02283090236596763,
    "epoch17": 0.022727432660758495,
    "epoch18": 0.023355709078411262,
    "epoch19": 0.02242844031813244,
    "epoch20": 0.021903331313903134,
    "epoch21": 0.021754612137253087,
    "epoch22": 0.021793336995566886,
    "epoch23": 0.021728008597468335,
    "epoch24": 0.021428671199828386,
    "epoch25": 0.021209823433309793,
    "epoch26": 0.02123994946790238,
    "epoch27": 0.021117822189504903,
    "epoch28": 0.020956966172282893,
    "epoch29": 0.02105925666789214,
    "epoch30": 0.020716239310180146,
    "epoch31": 0.020655201515182853,
    "epoch32": 0.020469085158159334,
    "epoch33": 0.020431112498044968,
    "epoch34": 0.02040825691074133,
    "epoch35": 0.02027278719469905,
    "epoch36": 0.020339504970858496,
    "epoch37": 0.020095139198626082,
    "epoch38": 0.020049491819615167,
    "epoch39": 0.02043681110565861,
    "epoch40": 0.01986931140224139,
    "epoch41": 0.02001753736597796,
    "epoch42": 0.019814481027424335,
    "epoch43": 0.020280086901038885,
    "epoch44": 0.01961151820917924,
    "epoch45": 0.020387153917302687,
    "epoch46": 0.01952273251178364,
    "epoch47": 0.019576900561029714,
    "epoch48": 0.019561857528363664,
    "epoch49": 0.019320441720386345,
    "epoch50": 0.019297216553241014,
    "epoch51": 0.019237752848615248,
    "epoch52": 0.019172476371750236,
    "epoch53": 0.01980608981102705,
    "epoch54": 0.019193546768898766,
    "epoch55": 0.019020357945313055,
    "epoch56": 0.01903525460511446,
    "epoch57": 0.018952427664771676,
    "epoch58": 0.018817536843319733,
    "epoch59": 0.01884370925836265,
    "epoch60": 0.018866079704215128,
    "epoch61": 0.01942947180941701,
    "epoch62": 0.018826405129705865,
    "epoch63": 0.018561518983915448,
    "epoch64": 0.018685181935628254,
    "epoch65": 0.018481403589248657,
    "epoch66": 0.01865586987696588,
    "epoch67": 0.018593235407024622,
    "epoch68": 0.018535998029013474,
    "epoch69": 0.019180458116655547,
    "epoch70": 0.018629861064255238,
    "epoch71": 0.01877147820778191,
    "epoch72": 0.018423009120548766,
    "epoch73": 0.01834429878120621,
    "epoch74": 0.018157365964725614,
    "epoch75": 0.0181835584808141,
    "epoch76": 0.01927370671182871,
    "epoch77": 0.01815327590641876,
    "epoch78": 0.018124698661267757,
    "epoch79": 0.01837777136825025,
    "epoch80": 0.018039570655673742,
    "epoch81": 0.018253583072995145,
    "epoch82": 0.01794657747571667,
    "epoch83": 0.017852302873507142,
    "epoch84": 0.018247616244480014,
    "epoch85": 0.018117740439871948,
    "epoch86": 0.017908513313159347,
    "epoch87": 0.017782298382371664,
    "epoch88": 0.018310664144034188,
    "epoch89": 0.017827389761805534,
    "epoch90": 0.017718582258870203,
    "epoch91": 0.017897672873611253,
    "epoch92": 0.01787936865972976,
    "epoch93": 0.017697303788736463,
    "epoch94": 0.018074430835743744,
    "epoch95": 0.01766451067912082,
    "epoch96": 0.017720053360487025,
    "epoch97": 0.01758763287216425,
    "epoch98": 0.01755486715895434,
    "epoch99": 0.018036543391644955,
    "epoch100": 0.017375162104144692
}