{
    "epoch1": 75.95668402777778,
    "epoch2": 49.52308485243056,
    "epoch3": 46.54733072916667,
    "epoch4": 43.92097439236111,
    "epoch5": 40.784627278645836,
    "epoch6": 38.337215169270834,
    "epoch7": 35.915011935763886,
    "epoch8": 34.475116644965276,
    "epoch9": 33.355900065104166,
    "epoch10": 32.929606119791664,
    "epoch11": 32.65902777777778,
    "epoch12": 32.27548285590278,
    "epoch13": 32.19529893663194,
    "epoch14": 31.98976779513889,
    "epoch15": 31.707337782118056,
    "epoch16": 31.683194986979167,
    "epoch17": 31.552528211805555,
    "epoch18": 31.769452582465277,
    "epoch19": 31.31101345486111,
    "epoch20": 31.129237196180554,
    "epoch21": 30.920705837673612,
    "epoch22": 30.92485080295139,
    "epoch23": 30.7048095703125,
    "epoch24": 30.50888943142361,
    "epoch25": 30.3731689453125,
    "epoch26": 30.30976019965278,
    "epoch27": 30.47861328125,
    "epoch28": 30.16387261284722,
    "epoch29": 29.957796223958333,
    "epoch30": 30.058121744791666,
    "epoch31": 29.992887369791667,
    "epoch32": 30.1701171875,
    "epoch33": 29.755056423611112,
    "epoch34": 29.699156358506944,
    "epoch35": 29.658151584201388,
    "epoch36": 29.54690212673611,
    "epoch37": 29.336111111111112,
    "epoch38": 29.39582790798611,
    "epoch39": 29.54779730902778,
    "epoch40": 29.22319878472222,
    "epoch41": 29.386051432291666,
    "epoch42": 28.791490342881943,
    "epoch43": 28.883732096354166,
    "epoch44": 28.873396809895834,
    "epoch45": 28.791631401909722,
    "epoch46": 28.680498589409723,
    "epoch47": 28.6955810546875,
    "epoch48": 28.40632595486111,
    "epoch49": 28.50575900607639,
    "epoch50": 28.260625542534722,
    "epoch51": 28.245225694444443,
    "epoch52": 28.132942708333335,
    "epoch53": 28.315022786458332,
    "epoch54": 28.01674533420139,
    "epoch55": 27.958802625868056,
    "epoch56": 27.884320746527777,
    "epoch57": 27.7592529296875,
    "epoch58": 27.800447591145833,
    "epoch59": 27.8337890625,
    "epoch60": 27.7579833984375,
    "epoch61": 27.517534722222223,
    "epoch62": 27.49037543402778,
    "epoch63": 27.61423882378472,
    "epoch64": 27.8132568359375,
    "epoch65": 27.251866319444446,
    "epoch66": 27.27851019965278,
    "epoch67": 27.3091064453125,
    "epoch68": 27.067426215277777,
    "epoch69": 27.415578884548612,
    "epoch70": 27.005384657118057,
    "epoch71": 27.298269314236112,
    "epoch72": 26.705040147569445,
    "epoch73": 26.915934244791668,
    "epoch74": 26.82803005642361,
    "epoch75": 26.50759006076389,
    "epoch76": 26.888248697916666,
    "epoch77": 26.677501085069444,
    "epoch78": 26.652517361111112,
    "epoch79": 26.576055230034722,
    "epoch80": 26.648011610243056,
    "epoch81": 26.431407335069444,
    "epoch82": 26.266083441840276,
    "epoch83": 26.383707682291668,
    "epoch84": 26.2730224609375,
    "epoch85": 26.14797092013889,
    "epoch86": 26.319691297743056,
    "epoch87": 26.298209635416665,
    "epoch88": 26.156941731770832,
    "epoch89": 26.141796875,
    "epoch90": 26.04638671875,
    "epoch91": 26.012369791666668,
    "epoch92": 26.238636610243056,
    "epoch93": 26.340104166666666,
    "epoch94": 26.1701416015625,
    "epoch95": 26.074107530381944,
    "epoch96": 25.75400119357639,
    "epoch97": 25.82871365017361,
    "epoch98": 25.792716471354165,
    "epoch99": 25.972054036458335,
    "epoch100": 26.01112738715278
}