{
    "epoch0": {
        "layer1": {
            "max_length": 1.1176154613494873,
            "mean_length": 0.26653645936437326,
            "median_length": 0.21344886720180511,
            "stdev_length": 0.17497296869481993,
            "sum_length": 26.387109477072954,
            "ratio_2_1": 16.962186669773182,
            "ratio_3_1": 16.65622080322661,
            "h": 4.419515862398851,
            "normh": 1.35034641834198,
            "snr": Infinity,
            "mean_birth": 0.0,
            "stdev_birth": 0.0,
            "mean_death": 0.26653645936437326,
            "stdev_death": 0.17497296869481993
        },
        "layer2": {
            "max_length": 0.5095124244689941,
            "mean_length": 0.11710672001495506,
            "median_length": 0.09462016075849533,
            "stdev_length": 0.07673246604531361,
            "sum_length": 11.59356528148055,
            "ratio_2_1": 17.255857559271664,
            "ratio_3_1": 15.927568167300546,
            "h": 4.421201291656594,
            "normh": 1.8042403974529795,
            "snr": Infinity,
            "mean_birth": 0.0,
            "stdev_birth": 0.0,
            "mean_death": 0.11710672001495506,
            "stdev_death": 0.07673246604531361
        },
        "layer3": {
            "max_length": 0.015037313103675842,
            "mean_length": 0.0007425203467860366,
            "median_length": 0.0003631711006164551,
            "stdev_length": 0.0016315166353802857,
            "sum_length": 0.07350951433181763,
            "ratio_2_1": 3247.7994186046512,
            "ratio_3_1": 3029.2529069767443,
            "h": 3.7054201245029654,
            "normh": -1.4195160430422864,
            "snr": Infinity,
            "mean_birth": 0.0,
            "stdev_birth": 0.0,
            "mean_death": 0.0007425203467860366,
            "stdev_death": 0.0016315166353802857
        }
    }
}