{
    "epoch1": 0.04148131562396884,
    "epoch2": 0.03505109824861089,
    "epoch3": 0.031153627826521795,
    "epoch4": 0.028681002091616392,
    "epoch5": 0.026774687692523003,
    "epoch6": 0.025029899862905342,
    "epoch7": 0.02318347943946719,
    "epoch8": 0.021332415596892435,
    "epoch9": 0.01964200202686091,
    "epoch10": 0.018020618241280317,
    "epoch11": 0.016518380260095,
    "epoch12": 0.015133971037964026,
    "epoch13": 0.013897762827885648,
    "epoch14": 0.012773622021389505,
    "epoch15": 0.011698654658781985,
    "epoch16": 0.010820622478301326,
    "epoch17": 0.010087865598810216,
    "epoch18": 0.009427908264721433,
    "epoch19": 0.008839641426069042,
    "epoch20": 0.008298502420075238,
    "epoch21": 0.007797915488481522,
    "epoch22": 0.007319374824874103,
    "epoch23": 0.006930283658827345,
    "epoch24": 0.006453090386154751,
    "epoch25": 0.0060413408985671895,
    "epoch26": 0.005660274201848854,
    "epoch27": 0.0053200666249419255,
    "epoch28": 0.004981826020715137,
    "epoch29": 0.0046437044511549175,
    "epoch30": 0.004355265894749512
}