{
    "epoch1": 98.455361328125,
    "epoch2": 88.676689453125,
    "epoch3": 84.637412109375,
    "epoch4": 82.90123046875,
    "epoch5": 81.5981396484375,
    "epoch6": 80.1696875,
    "epoch7": 78.657998046875,
    "epoch8": 76.90466796875,
    "epoch9": 75.213017578125,
    "epoch10": 72.8569873046875,
    "epoch11": 70.9896240234375,
    "epoch12": 68.4118310546875,
    "epoch13": 67.293681640625,
    "epoch14": 65.6505029296875,
    "epoch15": 64.3269775390625,
    "epoch16": 63.1473974609375,
    "epoch17": 62.5442724609375,
    "epoch18": 61.3938134765625,
    "epoch19": 60.4292529296875,
    "epoch20": 59.496943359375,
    "epoch21": 59.0597705078125,
    "epoch22": 58.2103662109375,
    "epoch23": 57.3970849609375,
    "epoch24": 56.090283203125,
    "epoch25": 55.1901806640625,
    "epoch26": 54.29921875,
    "epoch27": 53.2116943359375,
    "epoch28": 52.0417431640625,
    "epoch29": 51.4621533203125,
    "epoch30": 50.992626953125
}