{
    "epoch1": 91.726318359375,
    "epoch2": 85.62889607747395,
    "epoch3": 83.73208109537761,
    "epoch4": 82.65872192382812,
    "epoch5": 81.5266825358073,
    "epoch6": 80.07308451334636,
    "epoch7": 78.63250732421875,
    "epoch8": 76.84959920247395,
    "epoch9": 74.99129740397136,
    "epoch10": 72.70357259114583,
    "epoch11": 70.10217793782552,
    "epoch12": 69.2774149576823,
    "epoch13": 67.0586446126302,
    "epoch14": 65.61395263671875,
    "epoch15": 63.99803161621094,
    "epoch16": 63.11339314778646,
    "epoch17": 62.17378234863281,
    "epoch18": 61.04139200846354,
    "epoch19": 59.61866760253906,
    "epoch20": 58.92371114095052,
    "epoch21": 58.229777018229164,
    "epoch22": 56.575520833333336,
    "epoch23": 55.583414713541664,
    "epoch24": 54.316792805989586,
    "epoch25": 53.43668111165365,
    "epoch26": 52.244832356770836,
    "epoch27": 51.62140401204427,
    "epoch28": 50.664093017578125,
    "epoch29": 49.971405029296875,
    "epoch30": 49.71699015299479
}