{
    "epoch1": 0.8046723069896301,
    "epoch2": 0.9150668291221062,
    "epoch3": 0.9389673836191496,
    "epoch4": 0.9525287324011326,
    "epoch5": 0.9594239701956511,
    "epoch6": 0.9664134936283032,
    "epoch7": 0.9696296046872934,
    "epoch8": 0.9742887313644091,
    "epoch9": 0.9766144456207753,
    "epoch10": 0.9793776994566122,
    "epoch11": 0.9806425406287114,
    "epoch12": 0.9828251595159372,
    "epoch13": 0.9849991276880106,
    "epoch14": 0.986719921296835,
    "epoch15": 0.9865844451228778,
    "epoch16": 0.9891215878248215,
    "epoch17": 0.9898977783004442,
    "epoch18": 0.9912354766825835,
    "epoch19": 0.9913444448550542,
    "epoch20": 0.9921176988244057,
    "epoch21": 0.9929461908102035,
    "epoch22": 0.9933922225515047,
    "epoch23": 0.993537143154939,
    "epoch24": 0.9940655558427175,
    "epoch25": 0.9943794447441896,
    "epoch26": 0.9946682542006174,
    "epoch27": 0.9948688891251882,
    "epoch28": 0.9953314287781715,
    "epoch29": 0.9956655557235082,
    "epoch30": 0.9955666668454806,
    "epoch31": 0.9961123017807801,
    "epoch32": 0.99670666680336,
    "epoch33": 0.9961366668343544,
    "epoch34": 0.9967766668558121,
    "epoch35": 0.9967684128840765,
    "epoch36": 0.9964866668581963,
    "epoch37": 0.9973677779197693,
    "epoch38": 0.9971900001446407,
    "epoch39": 0.9974593652009964,
    "epoch40": 0.997481587433815,
    "epoch41": 0.9976976191759109,
    "epoch42": 0.9975666667819023,
    "epoch43": 0.997836666782697,
    "epoch44": 0.99775047630469,
    "epoch45": 0.9977944445490837,
    "epoch46": 0.9977567461530368,
    "epoch47": 0.9980366667668025,
    "epoch48": 0.9978233334302902,
    "epoch49": 0.9980444445530573,
    "epoch50": 0.9982611111958821
}