{
    "epoch1": 0.9138628601074219,
    "epoch2": 0.9397533355116844,
    "epoch3": 0.9537133350849152,
    "epoch4": 0.9607800015926361,
    "epoch5": 0.9663666680335998,
    "epoch6": 0.9702600011587142,
    "epoch7": 0.9732433343291282,
    "epoch8": 0.9736000010967255,
    "epoch9": 0.9759838104963302,
    "epoch10": 0.9764904772043228,
    "epoch11": 0.9794600009441375,
    "epoch12": 0.980160000872612,
    "epoch13": 0.9797666675567627,
    "epoch14": 0.9811200008153915,
    "epoch15": 0.9796266674995422,
    "epoch16": 0.9819933341503143,
    "epoch17": 0.9822533340454102,
    "epoch18": 0.9815200008153916,
    "epoch19": 0.9811933341264725,
    "epoch20": 0.981166667509079,
    "epoch21": 0.983246667432785,
    "epoch22": 0.9824333341121674,
    "epoch23": 0.9814200007677079,
    "epoch24": 0.9809333341121673,
    "epoch25": 0.9826666674852371,
    "epoch26": 0.9821933340311051,
    "epoch27": 0.9836733340263367,
    "epoch28": 0.9821666674137115,
    "epoch29": 0.9820666675567626,
    "epoch30": 0.9819600007772445,
    "epoch31": 0.9826133341789246,
    "epoch32": 0.9832333340406418,
    "epoch33": 0.9825933340787888,
    "epoch34": 0.9823266674280167,
    "epoch35": 0.9818000007629395,
    "epoch36": 0.9824000007629394,
    "epoch37": 0.9836000007629394,
    "epoch38": 0.982460000705719,
    "epoch39": 0.9834533340454101,
    "epoch40": 0.9812800006866456,
    "epoch41": 0.9835200006246567,
    "epoch42": 0.982826667380333,
    "epoch43": 0.9835600006341935,
    "epoch44": 0.9832800007581711,
    "epoch45": 0.9827600007295608,
    "epoch46": 0.9831866673469544,
    "epoch47": 0.9833333340644836,
    "epoch48": 0.9840666673660279,
    "epoch49": 0.9838600006818772,
    "epoch50": 0.9827533340215683
}