{
    "epoch1": 51.96954345703125,
    "epoch2": 51.7218994140625,
    "epoch3": 49.565789794921876,
    "epoch4": 47.45083312988281,
    "epoch5": 44.553158569335935,
    "epoch6": 43.17864990234375,
    "epoch7": 38.36194763183594,
    "epoch8": 36.610162353515626,
    "epoch9": 36.13151245117187,
    "epoch10": 33.5954345703125,
    "epoch11": 33.394140625,
    "epoch12": 31.8651123046875,
    "epoch13": 32.05667724609375,
    "epoch14": 32.091192626953124,
    "epoch15": 31.17957458496094,
    "epoch16": 32.14474792480469,
    "epoch17": 30.494473266601563,
    "epoch18": 30.238723754882812,
    "epoch19": 30.611923217773438,
    "epoch20": 29.78980712890625,
    "epoch21": 29.232278442382814,
    "epoch22": 30.374227905273436,
    "epoch23": 29.300665283203124,
    "epoch24": 29.59534912109375,
    "epoch25": 28.856442260742188,
    "epoch26": 30.380633544921874,
    "epoch27": 29.306146240234376,
    "epoch28": 28.724676513671874,
    "epoch29": 27.958908081054688,
    "epoch30": 29.31756591796875,
    "epoch31": 29.16564025878906,
    "epoch32": 30.36201171875,
    "epoch33": 27.7774169921875,
    "epoch34": 28.677197265625,
    "epoch35": 29.390164184570313,
    "epoch36": 28.2920166015625,
    "epoch37": 28.46922912597656,
    "epoch38": 28.34482421875,
    "epoch39": 28.178652954101562,
    "epoch40": 28.672607421875,
    "epoch41": 27.802578735351563,
    "epoch42": 29.953607177734376,
    "epoch43": 29.634353637695312,
    "epoch44": 27.600918579101563,
    "epoch45": 28.053753662109376,
    "epoch46": 28.553070068359375,
    "epoch47": 28.277243041992186,
    "epoch48": 29.316177368164062,
    "epoch49": 28.469781494140626,
    "epoch50": 27.451278686523438,
    "epoch51": 27.68369140625,
    "epoch52": 28.194729614257813,
    "epoch53": 27.6219482421875,
    "epoch54": 27.127862548828126,
    "epoch55": 27.320281982421875,
    "epoch56": 27.545526123046876,
    "epoch57": 27.296353149414063,
    "epoch58": 27.761773681640626,
    "epoch59": 27.032711791992188,
    "epoch60": 27.850714111328124,
    "epoch61": 28.191921997070313,
    "epoch62": 27.9027099609375,
    "epoch63": 28.048236083984374,
    "epoch64": 28.006771850585938,
    "epoch65": 27.186050415039062,
    "epoch66": 27.172787475585938,
    "epoch67": 26.852615356445312,
    "epoch68": 26.869879150390624,
    "epoch69": 26.883633422851563,
    "epoch70": 26.92772216796875,
    "epoch71": 26.69422607421875,
    "epoch72": 27.823834228515626,
    "epoch73": 27.515560913085938,
    "epoch74": 28.568121337890624,
    "epoch75": 27.66973876953125,
    "epoch76": 26.94779052734375,
    "epoch77": 26.62860107421875,
    "epoch78": 26.850567626953126,
    "epoch79": 26.8388916015625,
    "epoch80": 27.704541015625,
    "epoch81": 26.548812866210938,
    "epoch82": 26.8506591796875,
    "epoch83": 26.702603149414063,
    "epoch84": 27.186810302734376,
    "epoch85": 28.449749755859376,
    "epoch86": 26.4780517578125,
    "epoch87": 28.56842956542969,
    "epoch88": 27.013250732421874,
    "epoch89": 28.11966552734375,
    "epoch90": 27.256192016601563,
    "epoch91": 27.008633422851563,
    "epoch92": 26.36689147949219,
    "epoch93": 27.888800048828124,
    "epoch94": 27.13558349609375,
    "epoch95": 27.42860107421875,
    "epoch96": 26.344366455078124,
    "epoch97": 27.27110595703125,
    "epoch98": 28.128860473632812,
    "epoch99": 26.858258056640626,
    "epoch100": 28.500381469726562
}