{
    "epoch1": 90.25044555664063,
    "epoch2": 52.03509521484375,
    "epoch3": 49.70842590332031,
    "epoch4": 47.892608642578125,
    "epoch5": 45.78875732421875,
    "epoch6": 42.94654541015625,
    "epoch7": 40.8751708984375,
    "epoch8": 38.20968933105469,
    "epoch9": 36.428436279296875,
    "epoch10": 35.81878662109375,
    "epoch11": 35.44017333984375,
    "epoch12": 35.45421142578125,
    "epoch13": 34.9435791015625,
    "epoch14": 34.9627197265625,
    "epoch15": 34.579217529296876,
    "epoch16": 34.388858032226565,
    "epoch17": 34.41563415527344,
    "epoch18": 33.834066772460936,
    "epoch19": 33.78007202148437,
    "epoch20": 33.700836181640625,
    "epoch21": 33.252166748046875,
    "epoch22": 33.171224975585936,
    "epoch23": 32.86239013671875,
    "epoch24": 32.7369140625,
    "epoch25": 32.777099609375,
    "epoch26": 32.47174072265625,
    "epoch27": 32.517984008789064,
    "epoch28": 32.13587951660156,
    "epoch29": 32.23127136230469,
    "epoch30": 31.7053955078125,
    "epoch31": 31.651882934570313,
    "epoch32": 31.844644165039064,
    "epoch33": 31.595819091796876,
    "epoch34": 31.72460021972656,
    "epoch35": 31.282064819335936,
    "epoch36": 31.441448974609376,
    "epoch37": 31.202346801757812,
    "epoch38": 30.923135375976564,
    "epoch39": 31.104855346679688,
    "epoch40": 31.064312744140626,
    "epoch41": 30.815505981445312,
    "epoch42": 30.4911865234375,
    "epoch43": 30.811474609375,
    "epoch44": 30.647396850585938,
    "epoch45": 30.490505981445313,
    "epoch46": 30.40762939453125,
    "epoch47": 30.477883911132814,
    "epoch48": 30.705838012695313,
    "epoch49": 30.3331787109375,
    "epoch50": 30.429083251953124,
    "epoch51": 30.389080810546876,
    "epoch52": 30.23646240234375,
    "epoch53": 30.282046508789062,
    "epoch54": 30.2433349609375,
    "epoch55": 30.267254638671876,
    "epoch56": 29.814862060546876,
    "epoch57": 29.665798950195313,
    "epoch58": 29.643344116210937,
    "epoch59": 29.743533325195312,
    "epoch60": 29.394049072265624,
    "epoch61": 29.713677978515626,
    "epoch62": 29.643527221679687,
    "epoch63": 29.22587890625,
    "epoch64": 29.126373291015625,
    "epoch65": 29.218399047851562,
    "epoch66": 29.180126953125,
    "epoch67": 29.298422241210936,
    "epoch68": 29.284869384765624,
    "epoch69": 29.697970581054687,
    "epoch70": 29.007156372070312,
    "epoch71": 29.20714111328125,
    "epoch72": 28.76661071777344,
    "epoch73": 28.882626342773438,
    "epoch74": 28.804537963867187,
    "epoch75": 28.803985595703125,
    "epoch76": 28.677337646484375,
    "epoch77": 28.579269409179688,
    "epoch78": 28.85645446777344,
    "epoch79": 28.416671752929688,
    "epoch80": 28.61567077636719,
    "epoch81": 28.63056640625,
    "epoch82": 28.823959350585938,
    "epoch83": 28.3088623046875,
    "epoch84": 28.153955078125,
    "epoch85": 28.704327392578126,
    "epoch86": 28.592208862304688,
    "epoch87": 28.186703491210938,
    "epoch88": 28.34027099609375,
    "epoch89": 28.052536010742188,
    "epoch90": 28.025088500976562,
    "epoch91": 28.423355102539062,
    "epoch92": 28.10399169921875,
    "epoch93": 28.019882202148438,
    "epoch94": 28.219244384765624,
    "epoch95": 27.839349365234376,
    "epoch96": 27.85404052734375,
    "epoch97": 27.768283081054687,
    "epoch98": 28.22762451171875,
    "epoch99": 27.921380615234376,
    "epoch100": 27.679071044921876
}