{
    "epoch1": 0.02645239984849468,
    "epoch2": 0.0216133744106628,
    "epoch3": 0.020253838156349957,
    "epoch4": 0.019344298110809177,
    "epoch5": 0.018724646273767576,
    "epoch6": 0.017741258023306727,
    "epoch7": 0.016956024570390582,
    "epoch8": 0.01672542598680593,
    "epoch9": 0.01632249157410115,
    "epoch10": 0.016670397511916235,
    "epoch11": 0.017710924323182553,
    "epoch12": 0.015215952662401833,
    "epoch13": 0.01572979371121619,
    "epoch14": 0.015018197809695266,
    "epoch15": 0.015028815862024203,
    "epoch16": 0.01553451395011507,
    "epoch17": 0.014736867262399755,
    "epoch18": 0.014635069193900563,
    "epoch19": 0.014519428033963777,
    "epoch20": 0.015145197306992486,
    "epoch21": 0.014681003522127867,
    "epoch22": 0.014425459419726394,
    "epoch23": 0.01570171571802348,
    "epoch24": 0.014500822013360448,
    "epoch25": 0.014948217518394813,
    "epoch26": 0.014130249415757135,
    "epoch27": 0.014091737306443974,
    "epoch28": 0.015790424746228382,
    "epoch29": 0.014833962603006512,
    "epoch30": 0.014438237820286304,
    "epoch31": 0.017241363937500864,
    "epoch32": 0.014350377226946875,
    "epoch33": 0.013658751777256839,
    "epoch34": 0.013803645328152925,
    "epoch35": 0.014347371979965828,
    "epoch36": 0.013905789237469435,
    "epoch37": 0.014133005504845642,
    "epoch38": 0.013655250484589487,
    "epoch39": 0.013450646656565368,
    "epoch40": 0.013344052116735838,
    "epoch41": 0.013846857589669526,
    "epoch42": 0.013433378320769407,
    "epoch43": 0.013341049401788041,
    "epoch44": 0.013720622257096693,
    "epoch45": 0.01423807122046128,
    "epoch46": 0.01319716198486276,
    "epoch47": 0.01326979068107903,
    "epoch48": 0.013093991001369432,
    "epoch49": 0.013119064518832602,
    "epoch50": 0.013187031028792262,
    "epoch51": 0.01298882249102462,
    "epoch52": 0.013293571799295023,
    "epoch53": 0.013747789154876955,
    "epoch54": 0.013147138204658404,
    "epoch55": 0.014268153958255425,
    "epoch56": 0.013836894606356509,
    "epoch57": 0.013016326745855622,
    "epoch58": 0.012741672937409021,
    "epoch59": 0.012781305704265833,
    "epoch60": 0.012656329039600678,
    "epoch61": 0.01290392578812316,
    "epoch62": 0.012544822457130067,
    "epoch63": 0.012581128015881404,
    "epoch64": 0.013776776992017403,
    "epoch65": 0.013311116577824578,
    "epoch66": 0.012458621393307112,
    "epoch67": 0.012639835244044662,
    "epoch68": 0.012312171093071811,
    "epoch69": 0.012690754432696849,
    "epoch70": 0.01228389322932344,
    "epoch71": 0.01225602081103716,
    "epoch72": 0.014367429219419137,
    "epoch73": 0.012242157012224197,
    "epoch74": 0.012354203849099576,
    "epoch75": 0.012434837903128937,
    "epoch76": 0.012125351116992533,
    "epoch77": 0.01250730773608666,
    "epoch78": 0.01200566416082438,
    "epoch79": 0.01223007270891685,
    "epoch80": 0.012019374858937226,
    "epoch81": 0.012746563763357699,
    "epoch82": 0.012521743119577877,
    "epoch83": 0.01188684586668387,
    "epoch84": 0.013492026511812583,
    "epoch85": 0.012168278626631945,
    "epoch86": 0.011877296783495694,
    "epoch87": 0.012041783324093558,
    "epoch88": 0.011777632214943878,
    "epoch89": 0.011987056815996766,
    "epoch90": 0.011680896976031363,
    "epoch91": 0.011843371990835294,
    "epoch92": 0.011738862638594583,
    "epoch93": 0.011867643857840449,
    "epoch94": 0.012652957171667367,
    "epoch95": 0.012302529386943206,
    "epoch96": 0.011763734088162892,
    "epoch97": 0.011933310219319537,
    "epoch98": 0.011662594799418002,
    "epoch99": 0.011802023858763278,
    "epoch100": 0.0117464749928331
}