{
    "epoch1": 45.0434140625,
    "epoch2": 32.678916015625,
    "epoch3": 30.66184375,
    "epoch4": 29.614787109375,
    "epoch5": 28.958046875,
    "epoch6": 27.96896484375,
    "epoch7": 27.07183203125,
    "epoch8": 26.917310546875,
    "epoch9": 26.33008984375,
    "epoch10": 26.16580859375,
    "epoch11": 25.427283203125,
    "epoch12": 25.239162109375,
    "epoch13": 24.597857421875,
    "epoch14": 25.08132421875,
    "epoch15": 24.669017578125,
    "epoch16": 24.400974609375,
    "epoch17": 24.2125859375,
    "epoch18": 24.157375,
    "epoch19": 23.860232421875,
    "epoch20": 24.00894140625,
    "epoch21": 23.979505859375,
    "epoch22": 24.195359375,
    "epoch23": 23.7240078125,
    "epoch24": 23.759359375,
    "epoch25": 23.9233359375,
    "epoch26": 23.483021484375,
    "epoch27": 23.44604296875,
    "epoch28": 23.58536328125,
    "epoch29": 23.105720703125,
    "epoch30": 23.181544921875,
    "epoch31": 23.193560546875,
    "epoch32": 23.422853515625,
    "epoch33": 23.338859375,
    "epoch34": 22.97488671875,
    "epoch35": 23.069990234375,
    "epoch36": 23.056798828125,
    "epoch37": 22.752853515625,
    "epoch38": 22.85165234375,
    "epoch39": 22.56284765625,
    "epoch40": 22.66238671875,
    "epoch41": 22.44053125,
    "epoch42": 22.530333984375,
    "epoch43": 22.262421875,
    "epoch44": 22.35790625,
    "epoch45": 22.579439453125,
    "epoch46": 22.04052734375,
    "epoch47": 22.731208984375,
    "epoch48": 22.111796875,
    "epoch49": 22.440595703125,
    "epoch50": 22.19210546875,
    "epoch51": 22.2426015625,
    "epoch52": 21.831330078125,
    "epoch53": 21.854958984375,
    "epoch54": 21.816943359375,
    "epoch55": 21.654625,
    "epoch56": 21.81003125,
    "epoch57": 22.007296875,
    "epoch58": 21.369251953125,
    "epoch59": 21.18886328125,
    "epoch60": 21.647611328125,
    "epoch61": 21.364154296875,
    "epoch62": 21.29731640625,
    "epoch63": 21.714697265625,
    "epoch64": 21.6951015625,
    "epoch65": 21.60134375,
    "epoch66": 21.443732421875,
    "epoch67": 20.92568359375,
    "epoch68": 21.007611328125,
    "epoch69": 21.06194140625,
    "epoch70": 20.98026953125,
    "epoch71": 20.998658203125,
    "epoch72": 20.840580078125,
    "epoch73": 20.731400390625,
    "epoch74": 20.852861328125,
    "epoch75": 20.473853515625,
    "epoch76": 20.8543515625,
    "epoch77": 20.563189453125,
    "epoch78": 20.9924609375,
    "epoch79": 20.9729453125,
    "epoch80": 20.35171875,
    "epoch81": 20.74836328125,
    "epoch82": 20.4229140625,
    "epoch83": 20.694052734375,
    "epoch84": 20.7970625,
    "epoch85": 20.4897109375,
    "epoch86": 20.511314453125,
    "epoch87": 20.161302734375,
    "epoch88": 20.237546875,
    "epoch89": 20.473208984375,
    "epoch90": 20.38317578125,
    "epoch91": 20.488408203125,
    "epoch92": 20.030576171875,
    "epoch93": 20.514080078125,
    "epoch94": 20.52497265625,
    "epoch95": 20.490740234375,
    "epoch96": 20.018841796875,
    "epoch97": 20.186802734375,
    "epoch98": 19.76801953125,
    "epoch99": 20.43569140625,
    "epoch100": 19.988728515625
}