{
    "epoch1": 0.0008760879118926824,
    "epoch2": 0.0007143572031054646,
    "epoch3": 0.0005768034188076853,
    "epoch4": 0.0004618690331699327,
    "epoch5": 0.000367742232629098,
    "epoch6": 0.00029266475874464956,
    "epoch7": 0.00023571545665618032,
    "epoch8": 0.00019409222746617161,
    "epoch9": 0.00016559045383473858,
    "epoch10": 0.0001474577652334119,
    "epoch11": 0.00013656954857651726,
    "epoch12": 0.0001307297078164993,
    "epoch13": 0.00012796502876881278,
    "epoch14": 0.00012676641774305607,
    "epoch15": 0.00012636600593395996,
    "epoch16": 0.00012625684328668285,
    "epoch17": 0.00012624482453247766,
    "epoch18": 0.00012624587638129014,
    "epoch19": 0.00012626969793927856,
    "epoch20": 0.0001262030561338179,
    "epoch21": 0.00012603328985278495,
    "epoch22": 0.00012593937783094588,
    "epoch23": 0.00012586770382768008,
    "epoch24": 0.0001257388514932245,
    "epoch25": 0.0001255758599290857,
    "epoch26": 0.00012557546579046176,
    "epoch27": 0.0001254592731856974,
    "epoch28": 0.00012528397026471795,
    "epoch29": 0.00012524282181402668,
    "epoch30": 0.00012501875949965323
}