{
    "epoch1": 200.0,
    "epoch2": 200.0,
    "epoch3": 200.0,
    "epoch4": 200.0,
    "epoch5": 200.0,
    "epoch6": 199.97875,
    "epoch7": 198.7090234375,
    "epoch8": 183.09833984375,
    "epoch9": 140.4817578125,
    "epoch10": 101.73615234375,
    "epoch11": 81.8836474609375,
    "epoch12": 74.21330078125,
    "epoch13": 73.216572265625,
    "epoch14": 74.075478515625,
    "epoch15": 75.0458251953125,
    "epoch16": 75.8847216796875,
    "epoch17": 76.7908251953125,
    "epoch18": 77.3813671875,
    "epoch19": 77.3838916015625,
    "epoch20": 77.91154296875,
    "epoch21": 77.852080078125,
    "epoch22": 78.0236669921875,
    "epoch23": 77.78166015625,
    "epoch24": 78.3138330078125,
    "epoch25": 77.6604931640625,
    "epoch26": 78.0747509765625,
    "epoch27": 77.500283203125,
    "epoch28": 77.649033203125,
    "epoch29": 78.126484375,
    "epoch30": 77.9427978515625
}