{
    "epoch1": 0.000357015072950162,
    "epoch2": 0.00032446552417241036,
    "epoch3": 0.0002959573670523241,
    "epoch4": 0.00027071753342170266,
    "epoch5": 0.0002489775978028774,
    "epoch6": 0.0002296520321397111,
    "epoch7": 0.00021297171188052743,
    "epoch8": 0.0001987493591150269,
    "epoch9": 0.00018687121453695,
    "epoch10": 0.0001766833249712363,
    "epoch11": 0.0001680649013724178,
    "epoch12": 0.0001609317964175716,
    "epoch13": 0.00015506343508604913,
    "epoch14": 0.00015046304484712893,
    "epoch15": 0.00014648539552581497,
    "epoch16": 0.00014344206181704066,
    "epoch17": 0.00014097388135269283,
    "epoch18": 0.00013907727363402956,
    "epoch19": 0.00013737762099481188,
    "epoch20": 0.00013626965010189452,
    "epoch21": 0.0001352492190198973,
    "epoch22": 0.00013447148579871283,
    "epoch23": 0.0001339291178737767,
    "epoch24": 0.0001334680880245287,
    "epoch25": 0.00013309555462910793,
    "epoch26": 0.00013271869080199394,
    "epoch27": 0.0001324782758456422,
    "epoch28": 0.00013226876719272696,
    "epoch29": 0.00013210110599175097,
    "epoch30": 0.00013194683924666606
}