{
    "epoch1": 1959.611875,
    "epoch2": 1922.9503125,
    "epoch3": 1886.20578125,
    "epoch4": 1849.2034375,
    "epoch5": 1811.71296875,
    "epoch6": 1774.703125,
    "epoch7": 1736.73484375,
    "epoch8": 1700.24765625,
    "epoch9": 1664.69421875,
    "epoch10": 1629.69578125,
    "epoch11": 1596.98671875,
    "epoch12": 1562.729375,
    "epoch13": 1531.45328125,
    "epoch14": 1504.10375,
    "epoch15": 1476.03890625,
    "epoch16": 1451.17390625,
    "epoch17": 1428.12984375,
    "epoch18": 1409.03734375,
    "epoch19": 1391.3009375,
    "epoch20": 1376.1096875,
    "epoch21": 1361.300625,
    "epoch22": 1347.46,
    "epoch23": 1340.0321875,
    "epoch24": 1332.47296875,
    "epoch25": 1326.09984375,
    "epoch26": 1319.53640625,
    "epoch27": 1314.14875,
    "epoch28": 1312.27640625,
    "epoch29": 1307.954609375,
    "epoch30": 1304.742734375
}