{
    "epoch1": 0.028680970487387283,
    "epoch2": 0.02189441409933826,
    "epoch3": 0.01597748174453559,
    "epoch4": 0.011840361545024358,
    "epoch5": 0.009452108243156386,
    "epoch6": 0.00780163186541556,
    "epoch7": 0.006433528782192456,
    "epoch8": 0.005281461762142894,
    "epoch9": 0.004341268390619561,
    "epoch10": 0.0036069896001287775,
    "epoch11": 0.003034286137731017,
    "epoch12": 0.0025761019661212745,
    "epoch13": 0.002213725539268521,
    "epoch14": 0.0019102862671665523,
    "epoch15": 0.0016561499455154103,
    "epoch16": 0.0013917482144239805,
    "epoch17": 0.0012136996690811509,
    "epoch18": 0.0010610753480527226,
    "epoch19": 0.0009284174087477605,
    "epoch20": 0.0008293844382379851,
    "epoch21": 0.0007476329495978501,
    "epoch22": 0.0006730639819896011,
    "epoch23": 0.000604954234364888,
    "epoch24": 0.0005480971664402877,
    "epoch25": 0.0004991362973511139,
    "epoch26": 0.0004536415742578633,
    "epoch27": 0.00042245574181636226,
    "epoch28": 0.0003908212023341785,
    "epoch29": 0.0003571637460718984,
    "epoch30": 0.0003267423719238571
}