{
    "epoch1": 59.124498697916664,
    "epoch2": 44.805729166666666,
    "epoch3": 40.17622395833333,
    "epoch4": 35.412112630208334,
    "epoch5": 32.005068359375,
    "epoch6": 31.061458333333334,
    "epoch7": 30.711318359375,
    "epoch8": 30.605833333333333,
    "epoch9": 30.508880208333334,
    "epoch10": 30.042841796875,
    "epoch11": 30.126305338541666,
    "epoch12": 29.928580729166665,
    "epoch13": 29.739925130208334,
    "epoch14": 29.678883463541666,
    "epoch15": 29.407275390625,
    "epoch16": 29.270826822916668,
    "epoch17": 29.238850911458332,
    "epoch18": 29.016451822916668,
    "epoch19": 28.925677083333333,
    "epoch20": 28.868336588541666,
    "epoch21": 28.540009765625,
    "epoch22": 28.390452473958334,
    "epoch23": 28.302939453125,
    "epoch24": 28.068694661458334,
    "epoch25": 28.013896484375,
    "epoch26": 27.902493489583332,
    "epoch27": 27.86407552083333,
    "epoch28": 27.616575520833333,
    "epoch29": 27.608385416666668,
    "epoch30": 27.2659130859375,
    "epoch31": 27.4795703125,
    "epoch32": 27.1710791015625,
    "epoch33": 27.365647786458332,
    "epoch34": 27.069510091145833,
    "epoch35": 26.714957682291665,
    "epoch36": 26.7485546875,
    "epoch37": 26.532786458333334,
    "epoch38": 26.541943359375,
    "epoch39": 26.3930419921875,
    "epoch40": 26.452120768229168,
    "epoch41": 26.8939453125,
    "epoch42": 26.248974609375,
    "epoch43": 26.125032552083333,
    "epoch44": 26.2090234375,
    "epoch45": 26.369959309895833,
    "epoch46": 26.183566080729168,
    "epoch47": 26.033994140625,
    "epoch48": 25.8682080078125,
    "epoch49": 25.910148111979165,
    "epoch50": 25.833160807291666,
    "epoch51": 25.8690869140625,
    "epoch52": 25.482459309895834,
    "epoch53": 25.550201822916666,
    "epoch54": 25.389088541666666,
    "epoch55": 25.397444661458334,
    "epoch56": 25.454705403645832,
    "epoch57": 25.3404931640625,
    "epoch58": 25.308190104166666,
    "epoch59": 25.25619954427083,
    "epoch60": 25.288855794270834,
    "epoch61": 25.361725260416666,
    "epoch62": 25.124856770833333,
    "epoch63": 24.82494140625,
    "epoch64": 25.104869791666665,
    "epoch65": 24.944921875,
    "epoch66": 25.000872395833333,
    "epoch67": 24.968225911458333,
    "epoch68": 24.839142252604166,
    "epoch69": 24.652332356770835,
    "epoch70": 24.518642578125,
    "epoch71": 24.976525065104166,
    "epoch72": 24.443167317708333,
    "epoch73": 24.503338216145835,
    "epoch74": 24.409755859375,
    "epoch75": 24.287154947916665,
    "epoch76": 24.4837109375,
    "epoch77": 24.357843424479167,
    "epoch78": 24.344005533854165,
    "epoch79": 24.384716796875,
    "epoch80": 24.212884114583332,
    "epoch81": 24.130133463541668,
    "epoch82": 24.28354329427083,
    "epoch83": 24.265333658854168,
    "epoch84": 24.26271484375,
    "epoch85": 24.26552734375,
    "epoch86": 24.122373046875,
    "epoch87": 24.11130859375,
    "epoch88": 24.0462060546875,
    "epoch89": 23.993126627604166,
    "epoch90": 24.002410481770834,
    "epoch91": 23.995769856770835,
    "epoch92": 24.074132486979167,
    "epoch93": 24.139085286458332,
    "epoch94": 24.159197591145833,
    "epoch95": 24.319366861979166,
    "epoch96": 23.952447916666667,
    "epoch97": 23.962041015625,
    "epoch98": 23.742674153645833,
    "epoch99": 23.7207763671875,
    "epoch100": 23.854775390625
}