{
    "epoch1": 0.0526533592492342,
    "epoch2": 0.048665755738814674,
    "epoch3": 0.0453467903037866,
    "epoch4": 0.04267849835256735,
    "epoch5": 0.040597181456784405,
    "epoch6": 0.038938205068310104,
    "epoch7": 0.037548783545692764,
    "epoch8": 0.03639579378068447,
    "epoch9": 0.03536295766631762,
    "epoch10": 0.03435951999078194,
    "epoch11": 0.033356127639611564,
    "epoch12": 0.03237178393950065,
    "epoch13": 0.03135974829395612,
    "epoch14": 0.03035109831641118,
    "epoch15": 0.029298955264190834,
    "epoch16": 0.028247497975826263,
    "epoch17": 0.027196709687511127,
    "epoch18": 0.026138220292826492,
    "epoch19": 0.025101297224561375,
    "epoch20": 0.024057299519578617,
    "epoch21": 0.023008011902372043,
    "epoch22": 0.02202020864933729,
    "epoch23": 0.021067291187743347,
    "epoch24": 0.020112744222084682,
    "epoch25": 0.01926083443686366,
    "epoch26": 0.0184310469776392,
    "epoch27": 0.017652129133542378,
    "epoch28": 0.016911780461668968,
    "epoch29": 0.016226644938190777,
    "epoch30": 0.015604695305228233
}