{
    "epoch1": 0.044611028861254454,
    "epoch2": 0.036659989350785814,
    "epoch3": 0.03163786418735981,
    "epoch4": 0.028592292219400406,
    "epoch5": 0.02650296362116933,
    "epoch6": 0.024700249390055735,
    "epoch7": 0.02293374071208139,
    "epoch8": 0.0213577370159328,
    "epoch9": 0.019762514469524223,
    "epoch10": 0.018251087904597323,
    "epoch11": 0.016835088065514963,
    "epoch12": 0.015539523136491576,
    "epoch13": 0.014307023957371712,
    "epoch14": 0.013318722990031043,
    "epoch15": 0.012385417513238886,
    "epoch16": 0.011595272614310185,
    "epoch17": 0.010924879151086012,
    "epoch18": 0.01025038988639911,
    "epoch19": 0.009688026815031966,
    "epoch20": 0.009090234486696621,
    "epoch21": 0.008611396692382792,
    "epoch22": 0.008171661097245911,
    "epoch23": 0.00773602828849107,
    "epoch24": 0.007342770385245482,
    "epoch25": 0.006960317453679939,
    "epoch26": 0.006611566059291363,
    "epoch27": 0.006276224895069997,
    "epoch28": 0.0059934648452326655,
    "epoch29": 0.005671746485556166,
    "epoch30": 0.005404231701201449
}