{
    "epoch1": 95.84850056966145,
    "epoch2": 85.99754842122395,
    "epoch3": 82.55656433105469,
    "epoch4": 81.36457824707031,
    "epoch5": 80.4707743326823,
    "epoch6": 79.39854939778645,
    "epoch7": 77.73593648274739,
    "epoch8": 75.95443216959636,
    "epoch9": 74.19390869140625,
    "epoch10": 71.71510823567708,
    "epoch11": 69.1691182454427,
    "epoch12": 67.25984700520833,
    "epoch13": 65.63382466634114,
    "epoch14": 64.12058512369792,
    "epoch15": 64.44891866048177,
    "epoch16": 63.7392323811849,
    "epoch17": 61.80458068847656,
    "epoch18": 60.87604777018229,
    "epoch19": 60.04179382324219,
    "epoch20": 59.538675944010414,
    "epoch21": 58.89481099446615,
    "epoch22": 58.58565775553385,
    "epoch23": 58.07811991373698,
    "epoch24": 57.62249755859375,
    "epoch25": 56.77919006347656,
    "epoch26": 56.235310872395836,
    "epoch27": 56.0278065999349,
    "epoch28": 54.75151570638021,
    "epoch29": 53.861328125,
    "epoch30": 53.18211873372396
}