{
    "epoch1": 7.675436363206245e-05,
    "epoch2": 9.693273051501213e-06,
    "epoch3": 8.62502857853542e-06,
    "epoch4": 8.135285838610193e-06,
    "epoch5": 7.76066769397706e-06,
    "epoch6": 7.474521663577131e-06,
    "epoch7": 7.284586523079876e-06,
    "epoch8": 7.159958080895497e-06,
    "epoch9": 7.09348445654238e-06,
    "epoch10": 7.006310016928789e-06,
    "epoch11": 6.983881155520066e-06,
    "epoch12": 6.925687438448828e-06,
    "epoch13": 6.888998397850325e-06,
    "epoch14": 6.863096130018675e-06,
    "epoch15": 6.919245471863178e-06,
    "epoch16": 6.846835886714567e-06,
    "epoch17": 6.796743827559718e-06,
    "epoch18": 6.773941316093139e-06,
    "epoch19": 6.765350280299268e-06,
    "epoch20": 6.7642609498079766e-06,
    "epoch21": 6.76397541580324e-06,
    "epoch22": 6.751698726058445e-06,
    "epoch23": 6.710886323844533e-06,
    "epoch24": 6.704309636499299e-06,
    "epoch25": 6.693663921737425e-06,
    "epoch26": 6.702545221022168e-06,
    "epoch27": 6.6837690853086925e-06,
    "epoch28": 6.698823984455278e-06,
    "epoch29": 6.678431556338182e-06,
    "epoch30": 6.666089065220149e-06
}