{
    "epoch0": {
        "layer1": {
            "max_length": 11.624106407165527,
            "mean_length": 8.703818446457989,
            "median_length": 8.738017082214355,
            "stdev_length": 1.1979815119680979,
            "sum_length": 861.6780261993408,
            "ratio_2_1": 1.9635434437430963,
            "ratio_3_1": 1.9299219182242116,
            "h": 4.58543667705063,
            "normh": 0.6784312691360004,
            "snr": Infinity,
            "mean_birth": 0.0,
            "stdev_birth": 0.0,
            "mean_death": 8.703818446457989,
            "stdev_death": 1.1979815119680979
        },
        "layer2": {
            "max_length": 5.290534019470215,
            "mean_length": 3.9745741372156624,
            "median_length": 3.974932909011841,
            "stdev_length": 0.5133677867774098,
            "sum_length": 393.4828395843506,
            "ratio_2_1": 1.6866350585952659,
            "ratio_3_1": 1.6840010977952018,
            "h": 4.586765488350958,
            "normh": 0.7676546835394806,
            "snr": Infinity,
            "mean_birth": 0.0,
            "stdev_birth": 0.0,
            "mean_death": 3.9745741372156624,
            "stdev_death": 0.5133677867774098
        },
        "layer3": {
            "max_length": 0.3240458369255066,
            "mean_length": 0.20207330945766333,
            "median_length": 0.19967836141586304,
            "stdev_length": 0.04502556763608226,
            "sum_length": 20.00525763630867,
            "ratio_2_1": 2.5043634233154544,
            "ratio_3_1": 2.4638401061261423,
            "h": 4.570508448209253,
            "normh": 1.5255393496619503,
            "snr": Infinity,
            "mean_birth": 0.0,
            "stdev_birth": 0.0,
            "mean_death": 0.20207330945766333,
            "stdev_death": 0.04502556763608226
        }
    }
}