{
    "epoch1": 200.0,
    "epoch2": 199.9114375,
    "epoch3": 196.646734375,
    "epoch4": 176.371765625,
    "epoch5": 152.56640625,
    "epoch6": 142.683453125,
    "epoch7": 137.488796875,
    "epoch8": 134.96740625,
    "epoch9": 132.453625,
    "epoch10": 129.97115625,
    "epoch11": 127.6186171875,
    "epoch12": 125.09575,
    "epoch13": 123.1603671875,
    "epoch14": 120.4799296875,
    "epoch15": 119.1262890625,
    "epoch16": 117.2297265625,
    "epoch17": 116.256234375,
    "epoch18": 114.6407265625,
    "epoch19": 113.427859375,
    "epoch20": 111.5595859375,
    "epoch21": 111.19153125,
    "epoch22": 110.3008671875,
    "epoch23": 109.3405859375,
    "epoch24": 108.8831015625,
    "epoch25": 107.6456484375,
    "epoch26": 107.6665234375,
    "epoch27": 106.236265625,
    "epoch28": 105.874515625,
    "epoch29": 104.9483984375,
    "epoch30": 104.844484375
}