{
    "epoch1": 0.4075764052271843,
    "epoch2": 0.4512218896150589,
    "epoch3": 0.45600946456193925,
    "epoch4": 0.4990280991792679,
    "epoch5": 0.512343813419342,
    "epoch6": 0.5098362348079681,
    "epoch7": 0.5161736470460891,
    "epoch8": 0.5226137657165527,
    "epoch9": 0.5385783214569092,
    "epoch10": 0.5477255940437317,
    "epoch11": 0.5421339687108994,
    "epoch12": 0.5458228443861007,
    "epoch13": 0.5514235816001892,
    "epoch14": 0.5545321487188339,
    "epoch15": 0.551476373910904,
    "epoch16": 0.5520521317720413,
    "epoch17": 0.557909353017807,
    "epoch18": 0.555660701751709,
    "epoch19": 0.5619760575294495,
    "epoch20": 0.5617970964312553
}