{
    "epoch1": 0.03585906197818426,
    "epoch2": 0.02969018627817814,
    "epoch3": 0.02442360332665535,
    "epoch4": 0.019778190538860284,
    "epoch5": 0.01619044949228947,
    "epoch6": 0.014168315352155613,
    "epoch7": 0.01318403512526017,
    "epoch8": 0.012683892837510658,
    "epoch9": 0.012344819207030993,
    "epoch10": 0.012060268925359616,
    "epoch11": 0.011905566789209843,
    "epoch12": 0.011742004838127356,
    "epoch13": 0.011552951441934476,
    "epoch14": 0.011541492054955317,
    "epoch15": 0.01128982759725589,
    "epoch16": 0.011211846847660266,
    "epoch17": 0.010958377450991135,
    "epoch18": 0.010814201158399765,
    "epoch19": 0.010749730353172008,
    "epoch20": 0.010563060283087768,
    "epoch21": 0.010886253789067268,
    "epoch22": 0.010356832725497393,
    "epoch23": 0.01033356051462201,
    "epoch24": 0.01022749963717965,
    "epoch25": 0.010038533570388189,
    "epoch26": 0.010299622905082427,
    "epoch27": 0.010094094985666184,
    "epoch28": 0.009900711620083222,
    "epoch29": 0.00981336566977776,
    "epoch30": 0.009876990225166082,
    "epoch31": 0.009960546695555631,
    "epoch32": 0.009575091839696351,
    "epoch33": 0.009464325992247233,
    "epoch34": 0.009451586108368177,
    "epoch35": 0.009415351499158602,
    "epoch36": 0.00926623002697642,
    "epoch37": 0.00930391882474606,
    "epoch38": 0.009275947912381245,
    "epoch39": 0.009222966654656025,
    "epoch40": 0.009087573271244764,
    "epoch41": 0.009021998311464604,
    "epoch42": 0.009010407894563217,
    "epoch43": 0.008986133401497053,
    "epoch44": 0.008880649191828875,
    "epoch45": 0.00895812100945757,
    "epoch46": 0.008898976187293347,
    "epoch47": 0.008768649592709083,
    "epoch48": 0.008744100753504496,
    "epoch49": 0.008786967346588006,
    "epoch50": 0.00871066777751996,
    "epoch51": 0.008721963000985293,
    "epoch52": 0.00865103524679748,
    "epoch53": 0.008568522144252291,
    "epoch54": 0.008633802322527537,
    "epoch55": 0.008543257780659657,
    "epoch56": 0.00846055164360083,
    "epoch57": 0.008636614701782282,
    "epoch58": 0.008429305610032035,
    "epoch59": 0.008390877521238647,
    "epoch60": 0.008355641988320993,
    "epoch61": 0.008577839399759587,
    "epoch62": 0.008344239035907846,
    "epoch63": 0.008509986926443301,
    "epoch64": 0.00837555925290172,
    "epoch65": 0.008277814853220032,
    "epoch66": 0.00829979207796546,
    "epoch67": 0.008527814553907285,
    "epoch68": 0.008557456276881007,
    "epoch69": 0.00820705366249268,
    "epoch70": 0.008430045957748707,
    "epoch71": 0.008145014397226848,
    "epoch72": 0.008298621996520804,
    "epoch73": 0.008263735118536996,
    "epoch74": 0.008143329634689368,
    "epoch75": 0.00803276407532394,
    "epoch76": 0.008334303346390907,
    "epoch77": 0.00831366704705243,
    "epoch78": 0.008410240774257826,
    "epoch79": 0.008283036366964761,
    "epoch80": 0.008095495205802413,
    "epoch81": 0.008042841487062665,
    "epoch82": 0.008039058204023885,
    "epoch83": 0.008053346501233486,
    "epoch84": 0.008095523503680643,
    "epoch85": 0.00791891932917329,
    "epoch86": 0.007941744970874144,
    "epoch87": 0.007976081061105315,
    "epoch88": 0.008126957109197974,
    "epoch89": 0.00800375251744229,
    "epoch90": 0.007976582184290657,
    "epoch91": 0.008207073291906944,
    "epoch92": 0.007897755023665153,
    "epoch93": 0.007918789678324874,
    "epoch94": 0.008032364949870568,
    "epoch95": 0.007967147277668118,
    "epoch96": 0.008011779228511911,
    "epoch97": 0.007912665336894302,
    "epoch98": 0.007814850783548676,
    "epoch99": 0.007909595823058715,
    "epoch100": 0.007872427383867594
}