{
    "epoch1": 74.79634765625,
    "epoch2": 53.1173681640625,
    "epoch3": 48.958466796875,
    "epoch4": 43.9485205078125,
    "epoch5": 39.37879638671875,
    "epoch6": 35.18748046875,
    "epoch7": 32.91140625,
    "epoch8": 31.50073486328125,
    "epoch9": 30.73692626953125,
    "epoch10": 29.92962158203125,
    "epoch11": 29.54428955078125,
    "epoch12": 29.164130859375,
    "epoch13": 28.97119873046875,
    "epoch14": 28.49934814453125,
    "epoch15": 28.45333251953125,
    "epoch16": 27.7937646484375,
    "epoch17": 27.8672265625,
    "epoch18": 27.4198974609375,
    "epoch19": 27.1968310546875,
    "epoch20": 26.83593017578125,
    "epoch21": 26.75942138671875,
    "epoch22": 26.5727978515625,
    "epoch23": 26.435390625,
    "epoch24": 26.1132763671875,
    "epoch25": 25.81078369140625,
    "epoch26": 25.59916259765625,
    "epoch27": 25.49353759765625,
    "epoch28": 25.45101318359375,
    "epoch29": 25.09978271484375,
    "epoch30": 25.114736328125,
    "epoch31": 25.131748046875,
    "epoch32": 24.92843994140625,
    "epoch33": 24.708857421875,
    "epoch34": 24.3877734375,
    "epoch35": 24.2168408203125,
    "epoch36": 24.23317138671875,
    "epoch37": 24.18833984375,
    "epoch38": 23.92534912109375,
    "epoch39": 23.94737548828125,
    "epoch40": 24.14905029296875,
    "epoch41": 23.64690185546875,
    "epoch42": 23.4830419921875,
    "epoch43": 23.5161767578125,
    "epoch44": 23.4962158203125,
    "epoch45": 23.4159130859375,
    "epoch46": 24.07455078125,
    "epoch47": 23.50533203125,
    "epoch48": 23.34054443359375,
    "epoch49": 23.11787841796875,
    "epoch50": 23.124765625,
    "epoch51": 22.99693115234375,
    "epoch52": 22.8137939453125,
    "epoch53": 22.8231591796875,
    "epoch54": 22.4476806640625,
    "epoch55": 22.54935302734375,
    "epoch56": 22.69363037109375,
    "epoch57": 22.40787841796875,
    "epoch58": 22.524462890625,
    "epoch59": 22.33722900390625,
    "epoch60": 22.22486572265625,
    "epoch61": 22.47826171875,
    "epoch62": 22.451533203125,
    "epoch63": 22.0869775390625,
    "epoch64": 22.38802734375,
    "epoch65": 22.06708740234375,
    "epoch66": 21.907392578125,
    "epoch67": 22.25564697265625,
    "epoch68": 22.067607421875,
    "epoch69": 22.401005859375,
    "epoch70": 21.756787109375,
    "epoch71": 22.074169921875,
    "epoch72": 22.006484375,
    "epoch73": 21.56565185546875,
    "epoch74": 21.678544921875,
    "epoch75": 21.64285400390625,
    "epoch76": 21.658056640625,
    "epoch77": 21.77486328125,
    "epoch78": 21.6684521484375,
    "epoch79": 21.62435791015625,
    "epoch80": 21.439091796875,
    "epoch81": 21.64460693359375,
    "epoch82": 21.31574462890625,
    "epoch83": 21.2875341796875,
    "epoch84": 21.212451171875,
    "epoch85": 21.42579833984375,
    "epoch86": 21.31593017578125,
    "epoch87": 21.14142578125,
    "epoch88": 21.299951171875,
    "epoch89": 21.00078125,
    "epoch90": 21.0160888671875,
    "epoch91": 21.35131591796875,
    "epoch92": 20.97644287109375,
    "epoch93": 20.93317138671875,
    "epoch94": 21.17697998046875,
    "epoch95": 20.82352294921875,
    "epoch96": 20.89628173828125,
    "epoch97": 20.7523388671875,
    "epoch98": 21.07898193359375,
    "epoch99": 20.81960205078125,
    "epoch100": 20.62210205078125
}