{
    "epoch1": 53.78926438551683,
    "epoch2": 49.05869704026442,
    "epoch3": 45.15148456280048,
    "epoch4": 40.95787635216346,
    "epoch5": 36.580282358022835,
    "epoch6": 34.42846210186298,
    "epoch7": 31.388390174278847,
    "epoch8": 30.28705772986779,
    "epoch9": 30.254307673527645,
    "epoch10": 29.37492957481971,
    "epoch11": 29.39934833233173,
    "epoch12": 28.644925631009617,
    "epoch13": 28.64233867938702,
    "epoch14": 29.26518132136418,
    "epoch15": 27.473043588491585,
    "epoch16": 28.855255126953125,
    "epoch17": 27.356398362379807,
    "epoch18": 26.807819073016827,
    "epoch19": 26.742213322566105,
    "epoch20": 27.11708186222957,
    "epoch21": 28.763883150540867,
    "epoch22": 26.78050818810096,
    "epoch23": 25.97588407076322,
    "epoch24": 26.37672541691707,
    "epoch25": 25.49213585486779,
    "epoch26": 27.332078200120193,
    "epoch27": 26.822833721454327,
    "epoch28": 25.57066697340745,
    "epoch29": 24.823570838341347,
    "epoch30": 25.0209467961238,
    "epoch31": 26.957118107722355,
    "epoch32": 24.875201885516827,
    "epoch33": 24.535921536959133,
    "epoch34": 24.399022028996395,
    "epoch35": 24.305875338040867,
    "epoch36": 24.4854243351863,
    "epoch37": 24.16168682391827,
    "epoch38": 25.181004450871395,
    "epoch39": 24.34686983548678,
    "epoch40": 23.983295147235577,
    "epoch41": 23.740323580228367,
    "epoch42": 23.882178673377403,
    "epoch43": 23.712564321664665,
    "epoch44": 23.801405686598557,
    "epoch45": 23.802694467397835,
    "epoch46": 23.333045372596153,
    "epoch47": 23.23457453801082,
    "epoch48": 23.568331204927883,
    "epoch49": 24.27288114107572,
    "epoch50": 23.396761380709133,
    "epoch51": 23.895106388972355,
    "epoch52": 23.515164888822117,
    "epoch53": 22.833510178786057,
    "epoch54": 24.038433368389423,
    "epoch55": 22.718843900240383,
    "epoch56": 22.870563213641827,
    "epoch57": 22.81864811823918,
    "epoch58": 22.466400146484375,
    "epoch59": 22.430894118088943,
    "epoch60": 22.723158616286057,
    "epoch61": 23.93243642953726,
    "epoch62": 22.60645235501803,
    "epoch63": 23.769200251652645,
    "epoch64": 23.33874746469351,
    "epoch65": 22.3746337890625,
    "epoch66": 23.06160090519832,
    "epoch67": 23.78507878230168,
    "epoch68": 22.461773212139423,
    "epoch69": 22.30145498422476,
    "epoch70": 22.56744619516226,
    "epoch71": 22.119046724759617,
    "epoch72": 22.6854741023137,
    "epoch73": 21.913423978365383,
    "epoch74": 22.183067908653847,
    "epoch75": 22.05883084810697,
    "epoch76": 22.100722092848557,
    "epoch77": 22.02678739107572,
    "epoch78": 22.6382328913762,
    "epoch79": 22.83582012469952,
    "epoch80": 21.891981858473557,
    "epoch81": 21.82072331355168,
    "epoch82": 21.965533916766827,
    "epoch83": 21.77430842472957,
    "epoch84": 22.049147385817307,
    "epoch85": 21.762709397536057,
    "epoch86": 21.678725022536057,
    "epoch87": 21.54160954402043,
    "epoch88": 21.523414024939903,
    "epoch89": 21.65741201547476,
    "epoch90": 21.62586153470553,
    "epoch91": 21.97877150315505,
    "epoch92": 21.42052283653846,
    "epoch93": 21.9426997258113,
    "epoch94": 21.3979985163762,
    "epoch95": 21.601792555588943,
    "epoch96": 22.915123572716347,
    "epoch97": 22.186753493088943,
    "epoch98": 21.489605243389423,
    "epoch99": 21.449462890625,
    "epoch100": 21.25456824669471
}