{
    "epoch1": 198.739009796627,
    "epoch2": 192.87548053075398,
    "epoch3": 177.10664682539684,
    "epoch4": 160.9935050843254,
    "epoch5": 146.491939484127,
    "epoch6": 137.56736731150792,
    "epoch7": 131.21963355654762,
    "epoch8": 127.39032273065476,
    "epoch9": 125.12410094246032,
    "epoch10": 124.05508277529762,
    "epoch11": 122.77651444692461,
    "epoch12": 121.72398158482143,
    "epoch13": 120.35229879712301,
    "epoch14": 119.1547619047619,
    "epoch15": 117.68917410714286,
    "epoch16": 115.93114459325396,
    "epoch17": 114.52873108878968,
    "epoch18": 113.32143632192461,
    "epoch19": 111.99347408234127,
    "epoch20": 110.99092416914682,
    "epoch21": 110.27724299355158,
    "epoch22": 109.66095455109127,
    "epoch23": 108.59536985367063,
    "epoch24": 107.49397786458333,
    "epoch25": 106.97224547371032,
    "epoch26": 105.59025452628968,
    "epoch27": 104.32237413194444,
    "epoch28": 104.2488529265873,
    "epoch29": 102.6458255828373,
    "epoch30": 102.02908761160714
}