{
    "epoch1": 31.598081588745117,
    "epoch2": 31.33167266845703,
    "epoch3": 28.31015968322754,
    "epoch4": 26.614913940429688,
    "epoch5": 26.643484115600586,
    "epoch6": 27.584470748901367,
    "epoch7": 25.071598052978516,
    "epoch8": 26.660751342773438,
    "epoch9": 24.365575790405273,
    "epoch10": 24.231895446777344,
    "epoch11": 24.377485275268555,
    "epoch12": 24.002653121948242,
    "epoch13": 25.712575912475586,
    "epoch14": 23.983266830444336,
    "epoch15": 25.823848724365234,
    "epoch16": 27.063941955566406,
    "epoch17": 25.518598556518555,
    "epoch18": 23.591594696044922,
    "epoch19": 23.478742599487305,
    "epoch20": 24.58316993713379,
    "epoch21": 23.47835922241211,
    "epoch22": 25.19366455078125,
    "epoch23": 23.45417594909668,
    "epoch24": 23.379924774169922,
    "epoch25": 23.25899314880371,
    "epoch26": 25.20290756225586,
    "epoch27": 23.486770629882812,
    "epoch28": 23.00147819519043,
    "epoch29": 24.021989822387695,
    "epoch30": 22.903339385986328,
    "epoch31": 22.472654342651367,
    "epoch32": 22.58814239501953,
    "epoch33": 22.41849136352539,
    "epoch34": 22.216672897338867,
    "epoch35": 22.806413650512695,
    "epoch36": 24.3409423828125,
    "epoch37": 22.215669631958008,
    "epoch38": 22.46221351623535,
    "epoch39": 25.253101348876953,
    "epoch40": 25.465551376342773,
    "epoch41": 22.29277992248535,
    "epoch42": 21.961956024169922,
    "epoch43": 22.510026931762695,
    "epoch44": 21.856725692749023,
    "epoch45": 24.1102294921875,
    "epoch46": 22.191539764404297,
    "epoch47": 21.64740753173828,
    "epoch48": 22.224851608276367,
    "epoch49": 21.84025001525879,
    "epoch50": 22.081619262695312,
    "epoch51": 21.735414505004883,
    "epoch52": 22.819255828857422,
    "epoch53": 22.0621395111084,
    "epoch54": 23.32636070251465,
    "epoch55": 24.353599548339844,
    "epoch56": 22.11073112487793,
    "epoch57": 21.56522560119629,
    "epoch58": 21.82779884338379,
    "epoch59": 24.252859115600586,
    "epoch60": 21.885021209716797,
    "epoch61": 21.584726333618164,
    "epoch62": 22.92354965209961,
    "epoch63": 23.270097732543945,
    "epoch64": 21.907270431518555,
    "epoch65": 22.307376861572266,
    "epoch66": 21.650495529174805,
    "epoch67": 21.566219329833984,
    "epoch68": 22.708629608154297,
    "epoch69": 22.071401596069336,
    "epoch70": 21.50136947631836,
    "epoch71": 22.867952346801758,
    "epoch72": 22.32674789428711,
    "epoch73": 21.285232543945312,
    "epoch74": 21.303720474243164,
    "epoch75": 23.230480194091797,
    "epoch76": 21.426305770874023,
    "epoch77": 21.546968460083008,
    "epoch78": 20.975872039794922,
    "epoch79": 21.433034896850586,
    "epoch80": 21.021276473999023,
    "epoch81": 21.35696792602539,
    "epoch82": 21.22367286682129,
    "epoch83": 21.052175521850586,
    "epoch84": 21.375272750854492,
    "epoch85": 20.974550247192383,
    "epoch86": 20.907896041870117,
    "epoch87": 21.977262496948242,
    "epoch88": 21.41189956665039,
    "epoch89": 20.878271102905273,
    "epoch90": 20.823774337768555,
    "epoch91": 21.05389404296875,
    "epoch92": 21.298755645751953,
    "epoch93": 21.419057846069336,
    "epoch94": 21.140764236450195,
    "epoch95": 21.453561782836914,
    "epoch96": 20.649084091186523,
    "epoch97": 21.22434425354004,
    "epoch98": 20.86472511291504,
    "epoch99": 20.84839630126953,
    "epoch100": 21.67424201965332
}