{
    "epoch1": 0.02210998168635753,
    "epoch2": 0.009517572684994629,
    "epoch3": 0.00555466063651106,
    "epoch4": 0.0035848033261455356,
    "epoch5": 0.0023982943629004784,
    "epoch6": 0.0015992480574265843,
    "epoch7": 0.0011224834147029587,
    "epoch8": 0.0008359043577295397,
    "epoch9": 0.0006606085920676349,
    "epoch10": 0.0005338773893703135,
    "epoch11": 0.00042395281085308884,
    "epoch12": 0.0003573872522646261,
    "epoch13": 0.0003044239696933918,
    "epoch14": 0.0002566267080950521,
    "epoch15": 0.00022507617165589886,
    "epoch16": 0.00020250984215958704,
    "epoch17": 0.00018739638917688881,
    "epoch18": 0.0001688527181320223,
    "epoch19": 0.00015442646784527648,
    "epoch20": 0.00013680490965564405,
    "epoch21": 0.0001231868500913298,
    "epoch22": 0.00011459609501593326,
    "epoch23": 0.00010991502800137706,
    "epoch24": 0.00012787972880159355,
    "epoch25": 0.00010099833091390469,
    "epoch26": 8.639675035092589e-05,
    "epoch27": 8.230778668451333e-05,
    "epoch28": 7.897221111042816e-05,
    "epoch29": 7.6749365102695e-05,
    "epoch30": 7.94719092101009e-05
}