{
    "epoch1": 72.61154076360887,
    "epoch2": 57.42320989793347,
    "epoch3": 51.584984564012096,
    "epoch4": 47.761777816280244,
    "epoch5": 44.38015845514113,
    "epoch6": 41.10419685609879,
    "epoch7": 37.49565665952621,
    "epoch8": 34.84699864541331,
    "epoch9": 32.8886226530998,
    "epoch10": 31.047902753276208,
    "epoch11": 28.972110871345766,
    "epoch12": 28.666009718371974,
    "epoch13": 26.146919496597782,
    "epoch14": 26.205460086945564,
    "epoch15": 24.05476822391633,
    "epoch16": 23.72554459110383,
    "epoch17": 22.748174851940526,
    "epoch18": 23.19584015877016,
    "epoch19": 21.323452857232862,
    "epoch20": 21.55466584236391,
    "epoch21": 21.652371314264112,
    "epoch22": 19.358611076108872,
    "epoch23": 19.08658722908266,
    "epoch24": 22.82686491935484,
    "epoch25": 18.168734642767138,
    "epoch26": 17.447830692414314,
    "epoch27": 17.597323509954638,
    "epoch28": 16.415458433089718,
    "epoch29": 16.342715355657763,
    "epoch30": 16.271124070690526
}