{
    "epoch1": 0.7498457202017307,
    "epoch2": 0.8977778614521027,
    "epoch3": 0.9242075032666326,
    "epoch4": 0.9367201219633222,
    "epoch5": 0.9470325023144484,
    "epoch6": 0.9550222640752792,
    "epoch7": 0.9624941683620214,
    "epoch8": 0.9648691683650017,
    "epoch9": 0.9694541681349278,
    "epoch10": 0.9729490489244461,
    "epoch11": 0.9760514297947288,
    "epoch12": 0.9780165486127138,
    "epoch13": 0.9801559533387423,
    "epoch14": 0.9819632151514291,
    "epoch15": 0.9841233341142536,
    "epoch16": 0.9856883341193199,
    "epoch17": 0.986196429157257,
    "epoch18": 0.9875826196193696,
    "epoch19": 0.9893507147848606,
    "epoch20": 0.9896007147431374,
    "epoch21": 0.9909633337795735,
    "epoch22": 0.9924307146668434,
    "epoch23": 0.9922957146763801,
    "epoch24": 0.9926742860734463,
    "epoch25": 0.9938159526795148,
    "epoch26": 0.9935809526622296,
    "epoch27": 0.9948383336305618,
    "epoch28": 0.9946066669106484,
    "epoch29": 0.9953966668963432,
    "epoch30": 0.9952616668879986,
    "epoch31": 0.9959916668951512,
    "epoch32": 0.995478333556652,
    "epoch33": 0.9962183335065842,
    "epoch34": 0.9967723811268806,
    "epoch35": 0.9961733335018158,
    "epoch36": 0.9967026191949845,
    "epoch37": 0.9973142858445644,
    "epoch38": 0.9969642858326435,
    "epoch39": 0.997240000128746,
    "epoch40": 0.9975833334565163,
    "epoch41": 0.9973083334565163,
    "epoch42": 0.9975683334529399,
    "epoch43": 0.9978700001180172,
    "epoch44": 0.9977900000810623,
    "epoch45": 0.997998333454132,
    "epoch46": 0.9980083334386348,
    "epoch47": 0.9980666667699813,
    "epoch48": 0.9980000001251698,
    "epoch49": 0.9983833334267139,
    "epoch50": 0.9980066667735576
}