{
    "epoch1": 0.02630705970029036,
    "epoch2": 0.015741686212519805,
    "epoch3": 0.009805125029136738,
    "epoch4": 0.00702178922171394,
    "epoch5": 0.005408209546779593,
    "epoch6": 0.0041248624057819445,
    "epoch7": 0.003192819592853387,
    "epoch8": 0.0025146316892157,
    "epoch9": 0.0019441330572590233,
    "epoch10": 0.0014916909819779297,
    "epoch11": 0.0011983569439811012,
    "epoch12": 0.0009574727155268192,
    "epoch13": 0.0007939677122825136,
    "epoch14": 0.0006770504832578202,
    "epoch15": 0.0005850635895815989,
    "epoch16": 0.000513380958000198,
    "epoch17": 0.00045118035244134567,
    "epoch18": 0.00040602464772139985,
    "epoch19": 0.0003568391635781154,
    "epoch20": 0.0003317451570183039,
    "epoch21": 0.0002995960462916022,
    "epoch22": 0.00027058796210136887,
    "epoch23": 0.0002582525815038631,
    "epoch24": 0.00022733555767141903,
    "epoch25": 0.000220262972288765,
    "epoch26": 0.00020170178807651004,
    "epoch27": 0.00018892992666224017,
    "epoch28": 0.00018194789639286075,
    "epoch29": 0.00016220327185389276,
    "epoch30": 0.00016040047727680455
}