{
    "epoch1": 86.03408518145162,
    "epoch2": 71.25813539566532,
    "epoch3": 60.8873291015625,
    "epoch4": 57.029883600050404,
    "epoch5": 54.37564972908266,
    "epoch6": 50.733859154485884,
    "epoch7": 48.268534998739916,
    "epoch8": 45.09453361265121,
    "epoch9": 42.12073147681452,
    "epoch10": 38.89257024949597,
    "epoch11": 36.671808058215724,
    "epoch12": 35.395968529485884,
    "epoch13": 32.80406533518145,
    "epoch14": 31.382452195690526,
    "epoch15": 30.694306404359878,
    "epoch16": 29.064185357862904,
    "epoch17": 28.27565445438508,
    "epoch18": 27.444652926537298,
    "epoch19": 26.544766333795362,
    "epoch20": 26.070542858492942,
    "epoch21": 25.386905793220766,
    "epoch22": 24.705899146295362,
    "epoch23": 24.472831479964718,
    "epoch24": 24.130666425151208,
    "epoch25": 23.41835661857359,
    "epoch26": 23.067044165826612,
    "epoch27": 22.52516814201109,
    "epoch28": 22.39058562247984,
    "epoch29": 21.458726452242942,
    "epoch30": 21.798001197076612
}