{
    "epoch1": 77.63663519385027,
    "epoch2": 55.69942764037433,
    "epoch3": 47.96362174131016,
    "epoch4": 42.45978076955214,
    "epoch5": 37.27786075367647,
    "epoch6": 33.60016554562166,
    "epoch7": 30.49072004512032,
    "epoch8": 28.04259796958556,
    "epoch9": 26.349136760528076,
    "epoch10": 24.81705119903075,
    "epoch11": 23.617077832553477,
    "epoch12": 22.484270554812834,
    "epoch13": 21.611901267964573,
    "epoch14": 20.675034466911764,
    "epoch15": 19.925706832804146,
    "epoch16": 19.254183029745988,
    "epoch17": 19.051599839154413,
    "epoch18": 18.321269479027407,
    "epoch19": 17.920121626420453,
    "epoch20": 17.528401257520052,
    "epoch21": 16.994561016878343,
    "epoch22": 16.524671258773395,
    "epoch23": 16.16037427932821,
    "epoch24": 16.253654275985962,
    "epoch25": 15.561657910678475,
    "epoch26": 15.800745999749331,
    "epoch27": 15.889477408506016,
    "epoch28": 15.196004449364974,
    "epoch29": 14.855535333806818,
    "epoch30": 14.978449041193182
}