{
    "epoch1": 0.7418798367968567,
    "epoch2": 0.834702719244168,
    "epoch3": 0.8573312832297181,
    "epoch4": 0.877215375288499,
    "epoch5": 0.8814548409099487,
    "epoch6": 0.884509539647068,
    "epoch7": 0.8927657915819749,
    "epoch8": 0.9026378937047734,
    "epoch9": 0.904136694306664,
    "epoch10": 0.9073940887868547,
    "epoch11": 0.9139288606689416,
    "epoch12": 0.9137689884332159,
    "epoch13": 0.9192645919265793,
    "epoch14": 0.9160271819403989,
    "epoch15": 0.9214228656795099,
    "epoch16": 0.9212629933008473,
    "epoch17": 0.9207034414048961,
    "epoch18": 0.9253397316669675,
    "epoch19": 0.9302557988418377,
    "epoch20": 0.9340527612242482,
    "epoch21": 0.9346922495954042,
    "epoch22": 0.9291366940493778,
    "epoch23": 0.9319944077973171,
    "epoch24": 0.9350919297559084,
    "epoch25": 0.9385291801082144,
    "epoch26": 0.9373301394837652,
    "epoch27": 0.9419264619013102,
    "epoch28": 0.9420463654348891,
    "epoch29": 0.935131898029245,
    "epoch30": 0.9449240635339019,
    "epoch31": 0.9439248631326415,
    "epoch32": 0.9426458862473924,
    "epoch33": 0.9432853749044222,
    "epoch34": 0.9397282203038534,
    "epoch35": 0.9450839357696277,
    "epoch36": 0.9431255023828228,
    "epoch37": 0.9448441277019126,
    "epoch38": 0.9446842556091235,
    "epoch39": 0.9460831361708881,
    "epoch40": 0.9480815374022193,
    "epoch41": 0.9480415694147563,
    "epoch42": 0.9526378924040486,
    "epoch43": 0.9480016012843564,
    "epoch44": 0.9437250230523894,
    "epoch45": 0.9496402906285202,
    "epoch46": 0.9512390112705368,
    "epoch47": 0.947442049174,
    "epoch48": 0.9496402904855833,
    "epoch49": 0.9484812178485971,
    "epoch50": 0.9490807385181638
}