{
    "epoch1": 0.5110771486490965,
    "epoch2": 0.815043339306116,
    "epoch3": 0.8636423860996961,
    "epoch4": 0.8828071471989155,
    "epoch5": 0.8957038138747215,
    "epoch6": 0.9075800039112568,
    "epoch7": 0.914842860531807,
    "epoch8": 0.9200733366131782,
    "epoch9": 0.9280533365786076,
    "epoch10": 0.9307333361923694,
    "epoch11": 0.9376333362817765,
    "epoch12": 0.9392628597974777,
    "epoch13": 0.9481300026416779,
    "epoch14": 0.9496500021338463,
    "epoch15": 0.9526133356332779,
    "epoch16": 0.9574438115477562,
    "epoch17": 0.9610066685795784,
    "epoch18": 0.9650666682004928,
    "epoch19": 0.9659761921644211,
    "epoch20": 0.9694071443200112,
    "epoch21": 0.969713334596157,
    "epoch22": 0.9730066679954529,
    "epoch23": 0.9751566678285599,
    "epoch24": 0.9767400010585785,
    "epoch25": 0.9792761915206909,
    "epoch26": 0.9807371439397335,
    "epoch27": 0.9831466674804688,
    "epoch28": 0.9814533343553543,
    "epoch29": 0.9843471436500549,
    "epoch30": 0.9846933341503143,
    "epoch31": 0.9855333339452743,
    "epoch32": 0.9878238101243972,
    "epoch33": 0.9891400004863738,
    "epoch34": 0.9906561909794808,
    "epoch35": 0.9910800004005432,
    "epoch36": 0.9911761909723282,
    "epoch37": 0.9932400003910065,
    "epoch38": 0.9923800003528594,
    "epoch39": 0.9931866668701171,
    "epoch40": 0.9930733336210251,
    "epoch41": 0.9942666669368744,
    "epoch42": 0.994300000333786,
    "epoch43": 0.9957171430587769,
    "epoch44": 0.9958533335208892,
    "epoch45": 0.9949761907339096,
    "epoch46": 0.9955800003051758,
    "epoch47": 0.9960333335399628,
    "epoch48": 0.995433333492279,
    "epoch49": 0.9973866667509079,
    "epoch50": 0.9970666668415069
}