{
    "epoch1": 0.05900694727897644,
    "epoch2": 0.05443504340946674,
    "epoch3": 0.04860277324914932,
    "epoch4": 0.042833210155367854,
    "epoch5": 0.03709437176585197,
    "epoch6": 0.03223712556064129,
    "epoch7": 0.027387960255146025,
    "epoch8": 0.02521086148917675,
    "epoch9": 0.022552452702075242,
    "epoch10": 0.021596904564648866,
    "epoch11": 0.020600296556949615,
    "epoch12": 0.020026352163404225,
    "epoch13": 0.019587508495897056,
    "epoch14": 0.01922476477921009,
    "epoch15": 0.019309034617617727,
    "epoch16": 0.018653211044147612,
    "epoch17": 0.01855783211067319,
    "epoch18": 0.01821145638823509,
    "epoch19": 0.018477908289059996,
    "epoch20": 0.0178044649772346,
    "epoch21": 0.017614168766885995,
    "epoch22": 0.017446094145998358,
    "epoch23": 0.017302315402776002,
    "epoch24": 0.017237442219629882,
    "epoch25": 0.017002455377951264,
    "epoch26": 0.017201797384768725,
    "epoch27": 0.016742435516789556,
    "epoch28": 0.01666126186028123,
    "epoch29": 0.016552756913006304,
    "epoch30": 0.016443709703162314,
    "epoch31": 0.016348431911319496,
    "epoch32": 0.01636677198112011,
    "epoch33": 0.01646632351912558,
    "epoch34": 0.016142959287390114,
    "epoch35": 0.016033147973939777,
    "epoch36": 0.015892011905089022,
    "epoch37": 0.01592361256480217,
    "epoch38": 0.016019240766763688,
    "epoch39": 0.01578326029703021,
    "epoch40": 0.01571739432401955,
    "epoch41": 0.015581306768581271,
    "epoch42": 0.01545785558409989,
    "epoch43": 0.015433039795607329,
    "epoch44": 0.015479394467547536,
    "epoch45": 0.015576402144506573,
    "epoch46": 0.015363720711320639,
    "epoch47": 0.015269857319071888,
    "epoch48": 0.015178425004705787,
    "epoch49": 0.015257889730855822,
    "epoch50": 0.01508374884724617,
    "epoch51": 0.014986919751390815,
    "epoch52": 0.01493694786913693,
    "epoch53": 0.014921977231279016,
    "epoch54": 0.014917521690949797,
    "epoch55": 0.014948550262488425,
    "epoch56": 0.014971004659309983,
    "epoch57": 0.014803927624598145,
    "epoch58": 0.014719531359151005,
    "epoch59": 0.015077936323359608,
    "epoch60": 0.014785771118476987,
    "epoch61": 0.014658166794106364,
    "epoch62": 0.014696391113102437,
    "epoch63": 0.014658128190785647,
    "epoch64": 0.014523450331762434,
    "epoch65": 0.014999632607214153,
    "epoch66": 0.014542088797315954,
    "epoch67": 0.014443701971322298,
    "epoch68": 0.01448220144957304,
    "epoch69": 0.014757468295283616,
    "epoch70": 0.014470702223479747,
    "epoch71": 0.014369712630286812,
    "epoch72": 0.014520008768886327,
    "epoch73": 0.014741992764174938,
    "epoch74": 0.01424828083254397,
    "epoch75": 0.014260249119251967,
    "epoch76": 0.01445993585512042,
    "epoch77": 0.01417937590740621,
    "epoch78": 0.014550954522565007,
    "epoch79": 0.014133307011798024,
    "epoch80": 0.014213437773287296,
    "epoch81": 0.014240006310865283,
    "epoch82": 0.014080163789913058,
    "epoch83": 0.014993316470645368,
    "epoch84": 0.014054115721955895,
    "epoch85": 0.014228513650596141,
    "epoch86": 0.014078162098303437,
    "epoch87": 0.01394407213665545,
    "epoch88": 0.014124504057690501,
    "epoch89": 0.013996149133890867,
    "epoch90": 0.014051929325796663,
    "epoch91": 0.013977913651615381,
    "epoch92": 0.01411107238382101,
    "epoch93": 0.015054495818912984,
    "epoch94": 0.014486240409314632,
    "epoch95": 0.013809983083046973,
    "epoch96": 0.01391475428827107,
    "epoch97": 0.013933967286720871,
    "epoch98": 0.01429193108342588,
    "epoch99": 0.01379686282016337,
    "epoch100": 0.013769533880986274
}