{
    "epoch1": 0.03604722938810786,
    "epoch2": 0.027005402681728203,
    "epoch3": 0.023059904885788757,
    "epoch4": 0.0195721675020953,
    "epoch5": 0.016564949648454785,
    "epoch6": 0.01413167524151504,
    "epoch7": 0.011983660437787572,
    "epoch8": 0.010242108449650308,
    "epoch9": 0.008986762608401477,
    "epoch10": 0.008003790979273617,
    "epoch11": 0.007210766430944204,
    "epoch12": 0.00652906143416961,
    "epoch13": 0.00597270861423264,
    "epoch14": 0.005514703399967402,
    "epoch15": 0.0050060582580044866,
    "epoch16": 0.0045856225381915765,
    "epoch17": 0.004224882325312744,
    "epoch18": 0.003937892771015565,
    "epoch19": 0.0035524596848214665,
    "epoch20": 0.003333814830208818,
    "epoch21": 0.0029982441725830236,
    "epoch22": 0.002748386924698328,
    "epoch23": 0.002541532701191803,
    "epoch24": 0.0023208278871607035,
    "epoch25": 0.00215382551929603,
    "epoch26": 0.0019895862690949193,
    "epoch27": 0.0018821294167234253,
    "epoch28": 0.0016819567147952814,
    "epoch29": 0.0015431777719641104,
    "epoch30": 0.0014126772827391203
}