{
    "epoch1": 0.00014445907188928686,
    "epoch2": 0.0001372379212989472,
    "epoch3": 0.000134304224193329,
    "epoch4": 0.0001327864579798188,
    "epoch5": 0.00013188201817683875,
    "epoch6": 0.00013125023266184144,
    "epoch7": 0.00013080412638373672,
    "epoch8": 0.0001304012459149817,
    "epoch9": 0.00013005739034269937,
    "epoch10": 0.00012960880827449727,
    "epoch11": 0.00012940645377966574,
    "epoch12": 0.00012901175105071161,
    "epoch13": 0.00012879256522865034,
    "epoch14": 0.0001284855423728004,
    "epoch15": 0.00012824262790672947,
    "epoch16": 0.00012798383409972302,
    "epoch17": 0.00012777200892742259,
    "epoch18": 0.00012759335550072137,
    "epoch19": 0.00012733105606457684,
    "epoch20": 0.0001271322257525753,
    "epoch21": 0.0001268796614021994,
    "epoch22": 0.00012676993748755194,
    "epoch23": 0.00012656147649977355,
    "epoch24": 0.0001263742661831202,
    "epoch25": 0.00012622147136426065,
    "epoch26": 0.00012595071639225351,
    "epoch27": 0.00012587957600771916,
    "epoch28": 0.00012574991313158535,
    "epoch29": 0.000125529398501385,
    "epoch30": 0.00012554922621347943
}