{
    "epoch1": 93.902421875,
    "epoch2": 88.242802734375,
    "epoch3": 85.393232421875,
    "epoch4": 82.729697265625,
    "epoch5": 81.7490087890625,
    "epoch6": 80.7240283203125,
    "epoch7": 80.4096240234375,
    "epoch8": 80.7620947265625,
    "epoch9": 80.34494140625,
    "epoch10": 79.9518603515625,
    "epoch11": 80.0707373046875,
    "epoch12": 80.076611328125,
    "epoch13": 79.9743994140625,
    "epoch14": 79.7426904296875,
    "epoch15": 79.409404296875,
    "epoch16": 79.694140625,
    "epoch17": 79.39220703125,
    "epoch18": 79.722646484375,
    "epoch19": 79.11263671875,
    "epoch20": 79.3844775390625,
    "epoch21": 78.9994091796875,
    "epoch22": 79.2222265625,
    "epoch23": 78.8541259765625,
    "epoch24": 79.0842041015625,
    "epoch25": 79.221005859375,
    "epoch26": 78.589658203125,
    "epoch27": 78.67361328125,
    "epoch28": 78.6233837890625,
    "epoch29": 78.789150390625,
    "epoch30": 78.3312255859375
}