{
    "epoch1": 90.620109375,
    "epoch2": 74.011140625,
    "epoch3": 64.93176953125,
    "epoch4": 59.804,
    "epoch5": 57.029171875,
    "epoch6": 53.4787109375,
    "epoch7": 50.28849609375,
    "epoch8": 47.80880859375,
    "epoch9": 45.72848828125,
    "epoch10": 44.33066015625,
    "epoch11": 42.6455625,
    "epoch12": 41.4275859375,
    "epoch13": 39.60330859375,
    "epoch14": 38.23155859375,
    "epoch15": 36.84001171875,
    "epoch16": 35.7775625,
    "epoch17": 34.3769375,
    "epoch18": 33.4105,
    "epoch19": 32.395158203125,
    "epoch20": 31.360447265625,
    "epoch21": 30.45340625,
    "epoch22": 29.566466796875,
    "epoch23": 29.157486328125,
    "epoch24": 28.313998046875,
    "epoch25": 27.521298828125,
    "epoch26": 26.97607421875,
    "epoch27": 26.624943359375,
    "epoch28": 26.06116015625,
    "epoch29": 25.525025390625,
    "epoch30": 24.861013671875
}