{
    "epoch1": 81.83287392893145,
    "epoch2": 72.55699502268145,
    "epoch3": 63.9676513671875,
    "epoch4": 61.55704621345766,
    "epoch5": 58.1302490234375,
    "epoch6": 54.16822076612903,
    "epoch7": 52.35779202368952,
    "epoch8": 49.44149288054435,
    "epoch9": 48.910301946824596,
    "epoch10": 46.72075431577621,
    "epoch11": 45.43795284148185,
    "epoch12": 43.895043157762096,
    "epoch13": 42.47144736013105,
    "epoch14": 40.103858209425404,
    "epoch15": 40.52070076234879,
    "epoch16": 37.81710716985887,
    "epoch17": 37.28084047379032,
    "epoch18": 35.74657021799395,
    "epoch19": 33.774969285534276,
    "epoch20": 33.1143798828125,
    "epoch21": 31.783287786668346,
    "epoch22": 31.60896744266633,
    "epoch23": 30.236572265625,
    "epoch24": 29.73199266003024,
    "epoch25": 29.521350491431452,
    "epoch26": 28.219671433971776,
    "epoch27": 27.34598861202117,
    "epoch28": 27.478123818674394,
    "epoch29": 26.26810775264617,
    "epoch30": 25.952703660534276
}