{
    "epoch1": 0.00026730445271823557,
    "epoch2": 0.0002655199245540037,
    "epoch3": 0.0002648383412209417,
    "epoch4": 0.0002642669705286001,
    "epoch5": 0.00026372205320512876,
    "epoch6": 0.00026325821464221616,
    "epoch7": 0.00026279967923377017,
    "epoch8": 0.00026237682201705564,
    "epoch9": 0.0002619765133325321,
    "epoch10": 0.00026160778434132227,
    "epoch11": 0.000261243929368599,
    "epoch12": 0.0002609258992500448,
    "epoch13": 0.00026062324051357187,
    "epoch14": 0.0002603347325930372,
    "epoch15": 0.0002600435574034539,
    "epoch16": 0.0002598038151821432,
    "epoch17": 0.0002595149657766645,
    "epoch18": 0.00025933185951240983,
    "epoch19": 0.000259084587887628,
    "epoch20": 0.00025888032313863127,
    "epoch21": 0.00025873552561582377,
    "epoch22": 0.0002584957606935253,
    "epoch23": 0.00025831906023086046,
    "epoch24": 0.00025815924285173725,
    "epoch25": 0.000257972012720226,
    "epoch26": 0.00025784445116490434,
    "epoch27": 0.0002577059297861221,
    "epoch28": 0.00025755175408752014,
    "epoch29": 0.0002574297185249937,
    "epoch30": 0.00025728449307886575
}