{
    "epoch1": 78.34737630208333,
    "epoch2": 80.29564453125,
    "epoch3": 82.40653645833333,
    "epoch4": 81.41831380208333,
    "epoch5": 81.65783203125,
    "epoch6": 82.12567057291666,
    "epoch7": 81.51626302083334,
    "epoch8": 81.15694010416667,
    "epoch9": 82.19265625,
    "epoch10": 81.19919270833333,
    "epoch11": 80.87782552083333,
    "epoch12": 81.25231770833334,
    "epoch13": 81.11190104166667,
    "epoch14": 80.71555989583334,
    "epoch15": 81.18077473958333,
    "epoch16": 80.18412109375,
    "epoch17": 81.04244140625,
    "epoch18": 80.33274088541667,
    "epoch19": 80.74223958333333,
    "epoch20": 80.3451953125,
    "epoch21": 79.805234375,
    "epoch22": 81.38184895833334,
    "epoch23": 80.39649739583334,
    "epoch24": 79.55456380208334,
    "epoch25": 79.54091145833333,
    "epoch26": 81.01100911458333,
    "epoch27": 79.40865885416666,
    "epoch28": 79.5369140625,
    "epoch29": 79.26765625,
    "epoch30": 79.91932291666667
}