{
    "epoch1": 59.275146484375,
    "epoch2": 43.9825870289522,
    "epoch3": 39.73617733226103,
    "epoch4": 35.577385397518384,
    "epoch5": 32.535867130055145,
    "epoch6": 31.419627470128678,
    "epoch7": 30.873908547794116,
    "epoch8": 30.652279124540442,
    "epoch9": 30.2303861730239,
    "epoch10": 30.145260081571692,
    "epoch11": 30.0561128504136,
    "epoch12": 29.706090590533087,
    "epoch13": 29.37422987994026,
    "epoch14": 29.377699908088236,
    "epoch15": 29.036359001608457,
    "epoch16": 28.741069120519303,
    "epoch17": 28.806464700137866,
    "epoch18": 28.416074865004596,
    "epoch19": 28.350786994485293,
    "epoch20": 28.173837100758274,
    "epoch21": 27.923720415900736,
    "epoch22": 27.928211885340072,
    "epoch23": 27.728391759535846,
    "epoch24": 27.456462186925553,
    "epoch25": 27.851821001838236,
    "epoch26": 27.280901740579043,
    "epoch27": 27.088351978975183,
    "epoch28": 26.883297190946692,
    "epoch29": 26.76612584731158,
    "epoch30": 26.765301872702207,
    "epoch31": 26.435031666475183,
    "epoch32": 26.239475025850183,
    "epoch33": 26.392267563763788,
    "epoch34": 26.238706700942096,
    "epoch35": 26.39523494944853,
    "epoch36": 25.930662267348346,
    "epoch37": 25.90285536822151,
    "epoch38": 25.745919620289524,
    "epoch39": 25.80510218003217,
    "epoch40": 25.679445154526654,
    "epoch41": 25.622578340418197,
    "epoch42": 25.562219956341913,
    "epoch43": 25.413649615119486,
    "epoch44": 25.634034998276654,
    "epoch45": 25.29774564855239,
    "epoch46": 25.139761532054226,
    "epoch47": 25.31865198471967,
    "epoch48": 25.27525239832261,
    "epoch49": 25.085352280560663,
    "epoch50": 25.075514849494486,
    "epoch51": 24.995973474839154,
    "epoch52": 24.879520191865808,
    "epoch53": 24.95938289866728,
    "epoch54": 24.948235006893384,
    "epoch55": 24.869585822610293,
    "epoch56": 25.094419591567096,
    "epoch57": 24.727363137637866,
    "epoch58": 24.705009909237134,
    "epoch59": 24.811209285960476,
    "epoch60": 24.631245332605697,
    "epoch61": 24.649344051585476,
    "epoch62": 24.614311667049634,
    "epoch63": 24.681820140165442,
    "epoch64": 24.601264504825366,
    "epoch65": 24.55868709788603,
    "epoch66": 24.549343333524817,
    "epoch67": 24.469304701861212,
    "epoch68": 24.398624195772058,
    "epoch69": 24.380604463465072,
    "epoch70": 24.358834659352024,
    "epoch71": 24.572412827435663,
    "epoch72": 24.321149040670957,
    "epoch73": 24.259469424977024,
    "epoch74": 24.30454388786765,
    "epoch75": 24.375132841222428,
    "epoch76": 24.508548512178308,
    "epoch77": 24.259087057674634,
    "epoch78": 24.524546903722428,
    "epoch79": 24.306392894071692,
    "epoch80": 24.05695836684283,
    "epoch81": 24.168431899126837,
    "epoch82": 24.271353328929226,
    "epoch83": 24.55045273724724,
    "epoch84": 24.297964657054226,
    "epoch85": 24.20674223058364,
    "epoch86": 24.264398911420038,
    "epoch87": 24.203864602481616,
    "epoch88": 24.264384550206803,
    "epoch89": 24.052903119255514,
    "epoch90": 24.48674280503217,
    "epoch91": 23.814129997702207,
    "epoch92": 24.159255083869486,
    "epoch93": 23.930987189797793,
    "epoch94": 24.334149528952207,
    "epoch95": 23.80204683191636,
    "epoch96": 23.86379286822151,
    "epoch97": 24.039276123046875,
    "epoch98": 24.09890029009651,
    "epoch99": 24.043904024011947,
    "epoch100": 23.836932014016543
}