{
    "epoch1": 0.11325002275407314,
    "epoch2": 0.08948204107582569,
    "epoch3": 0.06976133491843939,
    "epoch4": 0.05477263033390045,
    "epoch5": 0.044992052949965,
    "epoch6": 0.03979700896888971,
    "epoch7": 0.03827301971614361,
    "epoch8": 0.038441300857812166,
    "epoch9": 0.03858680697157979,
    "epoch10": 0.038273262325674295,
    "epoch11": 0.03720532450824976,
    "epoch12": 0.03618309460580349,
    "epoch13": 0.035324530210345984,
    "epoch14": 0.034408475272357464,
    "epoch15": 0.033797410782426596,
    "epoch16": 0.03314227657392621,
    "epoch17": 0.03219083743169904,
    "epoch18": 0.031274660024791956,
    "epoch19": 0.03068714216351509,
    "epoch20": 0.029936884064227343,
    "epoch21": 0.029180853627622128,
    "epoch22": 0.028147654607892036,
    "epoch23": 0.027094062883406878,
    "epoch24": 0.026588214561343193,
    "epoch25": 0.02572978427633643,
    "epoch26": 0.02463508117944002,
    "epoch27": 0.02410574071109295,
    "epoch28": 0.023599376901984215,
    "epoch29": 0.022770442068576813,
    "epoch30": 0.02242480218410492,
    "epoch31": 0.02138083428144455,
    "epoch32": 0.020964909344911575,
    "epoch33": 0.02041066624224186,
    "epoch34": 0.01999408658593893,
    "epoch35": 0.019226086791604757,
    "epoch36": 0.018806258914992213,
    "epoch37": 0.01828970853239298,
    "epoch38": 0.017865306232124567,
    "epoch39": 0.017552118515595794,
    "epoch40": 0.01711845980025828,
    "epoch41": 0.01663795206695795,
    "epoch42": 0.016498040175065398,
    "epoch43": 0.016259028343483806,
    "epoch44": 0.015721549512818456,
    "epoch45": 0.015608744462952018,
    "epoch46": 0.015241416404023767,
    "epoch47": 0.014956398168578744,
    "epoch48": 0.014810338616371155,
    "epoch49": 0.01480616140179336,
    "epoch50": 0.014501632424071431,
    "epoch51": 0.014368937350809574,
    "epoch52": 0.014191145077347755,
    "epoch53": 0.014241109834983945,
    "epoch54": 0.01390284695662558,
    "epoch55": 0.013850740855559707,
    "epoch56": 0.013851720839738846,
    "epoch57": 0.01363936997950077,
    "epoch58": 0.013755609514191747,
    "epoch59": 0.013507567811757326,
    "epoch60": 0.013457835419103503,
    "epoch61": 0.013431712752208114,
    "epoch62": 0.013505049049854279,
    "epoch63": 0.013218347681686282,
    "epoch64": 0.013328210450708866,
    "epoch65": 0.013226822018623352,
    "epoch66": 0.013135637389495969,
    "epoch67": 0.013056168565526605,
    "epoch68": 0.013152774889022112,
    "epoch69": 0.013068416621536016,
    "epoch70": 0.012935255654156208,
    "epoch71": 0.013004068518057466,
    "epoch72": 0.012834433000534773,
    "epoch73": 0.012833171058446169,
    "epoch74": 0.012798313284292817,
    "epoch75": 0.012916763545945287,
    "epoch76": 0.012812127359211445,
    "epoch77": 0.012702900916337967,
    "epoch78": 0.012753949733451009,
    "epoch79": 0.012730225455015898,
    "epoch80": 0.012706297915428877,
    "epoch81": 0.01260669226758182,
    "epoch82": 0.012571485713124275,
    "epoch83": 0.012567408382892609,
    "epoch84": 0.012596973218023777,
    "epoch85": 0.012526610400527716,
    "epoch86": 0.012570738792419434,
    "epoch87": 0.012590430909767747,
    "epoch88": 0.012415008852258325,
    "epoch89": 0.012495463946834207,
    "epoch90": 0.01241774344816804,
    "epoch91": 0.012416345998644829,
    "epoch92": 0.012312398292124271,
    "epoch93": 0.012385107111185789,
    "epoch94": 0.012446185108274221,
    "epoch95": 0.012210457352921367,
    "epoch96": 0.01240126765333116,
    "epoch97": 0.012282762210816145,
    "epoch98": 0.012295353692024946,
    "epoch99": 0.012346779927611351,
    "epoch100": 0.012152896262705326
}