{
    "epoch1": 151.07711791992188,
    "epoch2": 106.58900451660156,
    "epoch3": 81.5703125,
    "epoch4": 71.47479248046875,
    "epoch5": 65.71401977539062,
    "epoch6": 62.022972106933594,
    "epoch7": 60.13085174560547,
    "epoch8": 59.63662338256836,
    "epoch9": 59.43516540527344,
    "epoch10": 59.19209289550781,
    "epoch11": 58.662841796875,
    "epoch12": 58.17083740234375,
    "epoch13": 57.74834442138672,
    "epoch14": 57.29954147338867,
    "epoch15": 56.96643829345703,
    "epoch16": 56.64129638671875,
    "epoch17": 56.160911560058594,
    "epoch18": 55.682064056396484,
    "epoch19": 55.417057037353516,
    "epoch20": 55.09519958496094,
    "epoch21": 54.710838317871094,
    "epoch22": 54.10513687133789,
    "epoch23": 53.437156677246094,
    "epoch24": 53.18985366821289,
    "epoch25": 52.63058853149414,
    "epoch26": 51.80442810058594,
    "epoch27": 51.49113464355469,
    "epoch28": 51.16930389404297,
    "epoch29": 50.50321960449219,
    "epoch30": 50.308204650878906,
    "epoch31": 49.36632537841797,
    "epoch32": 49.06397247314453,
    "epoch33": 48.59821319580078,
    "epoch34": 48.26887512207031,
    "epoch35": 47.485145568847656,
    "epoch36": 47.12221908569336,
    "epoch37": 46.598548889160156,
    "epoch38": 46.16785430908203,
    "epoch39": 45.8824462890625,
    "epoch40": 45.372711181640625,
    "epoch41": 44.74089813232422,
    "epoch42": 44.636531829833984,
    "epoch43": 44.355506896972656,
    "epoch44": 43.568660736083984,
    "epoch45": 43.46064758300781,
    "epoch46": 42.89006042480469,
    "epoch47": 42.43115997314453,
    "epoch48": 42.24238967895508,
    "epoch49": 42.32752227783203,
    "epoch50": 41.780677795410156,
    "epoch51": 41.58351516723633,
    "epoch52": 41.25902557373047,
    "epoch53": 41.45705032348633,
    "epoch54": 40.71546173095703,
    "epoch55": 40.67253112792969,
    "epoch56": 40.755645751953125,
    "epoch57": 40.273529052734375,
    "epoch58": 40.62825012207031,
    "epoch59": 40.03852462768555,
    "epoch60": 39.99333953857422,
    "epoch61": 39.99577713012695,
    "epoch62": 40.242191314697266,
    "epoch63": 39.4907341003418,
    "epoch64": 39.88080596923828,
    "epoch65": 39.672401428222656,
    "epoch66": 39.460330963134766,
    "epoch67": 39.32075500488281,
    "epoch68": 39.62126159667969,
    "epoch69": 39.42357635498047,
    "epoch70": 39.083717346191406,
    "epoch71": 39.36250305175781,
    "epoch72": 38.874427795410156,
    "epoch73": 38.94394302368164,
    "epoch74": 38.86738586425781,
    "epoch75": 39.291229248046875,
    "epoch76": 39.012210845947266,
    "epoch77": 38.69430923461914,
    "epoch78": 38.935890197753906,
    "epoch79": 38.89057159423828,
    "epoch80": 38.859920501708984,
    "epoch81": 38.55359649658203,
    "epoch82": 38.544410705566406,
    "epoch83": 38.56028366088867,
    "epoch84": 38.65296173095703,
    "epoch85": 38.50543975830078,
    "epoch86": 38.703468322753906,
    "epoch87": 38.7889289855957,
    "epoch88": 38.23958206176758,
    "epoch89": 38.593284606933594,
    "epoch90": 38.35356140136719,
    "epoch91": 38.37711715698242,
    "epoch92": 38.08498001098633,
    "epoch93": 38.417869567871094,
    "epoch94": 38.608489990234375,
    "epoch95": 37.708839416503906,
    "epoch96": 38.54047393798828,
    "epoch97": 38.13909912109375,
    "epoch98": 38.233062744140625,
    "epoch99": 38.47105407714844,
    "epoch100": 37.75630187988281
}