{
    "epoch1": 123.20553125,
    "epoch2": 124.1630703125,
    "epoch3": 121.1391953125,
    "epoch4": 117.134578125,
    "epoch5": 112.656875,
    "epoch6": 109.2436796875,
    "epoch7": 110.091828125,
    "epoch8": 106.0263359375,
    "epoch9": 106.5826328125,
    "epoch10": 108.5922265625,
    "epoch11": 106.2525703125,
    "epoch12": 105.4131640625,
    "epoch13": 104.5111796875,
    "epoch14": 102.3726328125,
    "epoch15": 102.7869609375,
    "epoch16": 102.00996875,
    "epoch17": 103.1160625,
    "epoch18": 103.0766875,
    "epoch19": 100.20290625,
    "epoch20": 100.7694453125,
    "epoch21": 101.4006484375,
    "epoch22": 97.5186171875,
    "epoch23": 101.407671875,
    "epoch24": 96.583734375,
    "epoch25": 97.2586953125,
    "epoch26": 98.8397578125,
    "epoch27": 96.5329375,
    "epoch28": 101.04921875,
    "epoch29": 98.1903046875,
    "epoch30": 98.967671875
}