{
    "epoch1": 6.772372410826696e-05,
    "epoch2": 6.749933627967645e-05,
    "epoch3": 6.725222964936014e-05,
    "epoch4": 6.702249015991886e-05,
    "epoch5": 6.677366171061295e-05,
    "epoch6": 6.650994410544323e-05,
    "epoch7": 6.630351962182127e-05,
    "epoch8": 6.609462656342657e-05,
    "epoch9": 6.588279240531846e-05,
    "epoch10": 6.57009879432735e-05,
    "epoch11": 6.552904229465639e-05,
    "epoch12": 6.538196975573859e-05,
    "epoch13": 6.52164872371941e-05,
    "epoch14": 6.50436125943088e-05,
    "epoch15": 6.490887835752801e-05,
    "epoch16": 6.480767925192292e-05,
    "epoch17": 6.467843652596154e-05,
    "epoch18": 6.452757201865704e-05,
    "epoch19": 6.43921758395057e-05,
    "epoch20": 6.42806694668252e-05,
    "epoch21": 6.42155946358495e-05,
    "epoch22": 6.411880885328476e-05,
    "epoch23": 6.401889958700243e-05,
    "epoch24": 6.39295427693772e-05,
    "epoch25": 6.384764004906174e-05,
    "epoch26": 6.377899558477414e-05,
    "epoch27": 6.370767096086638e-05,
    "epoch28": 6.364242206473136e-05,
    "epoch29": 6.355554129186202e-05,
    "epoch30": 6.34906218086447e-05
}