{
    "epoch1": 62.1728515625,
    "epoch2": 62.397071838378906,
    "epoch3": 59.58498001098633,
    "epoch4": 56.767333984375,
    "epoch5": 55.232940673828125,
    "epoch6": 53.984031677246094,
    "epoch7": 52.842529296875,
    "epoch8": 51.91618347167969,
    "epoch9": 50.203880310058594,
    "epoch10": 49.72233963012695,
    "epoch11": 47.93656921386719,
    "epoch12": 47.00559997558594,
    "epoch13": 45.638004302978516,
    "epoch14": 44.69520568847656,
    "epoch15": 43.419273376464844,
    "epoch16": 42.217018127441406,
    "epoch17": 42.418739318847656,
    "epoch18": 40.56992721557617,
    "epoch19": 40.85504150390625,
    "epoch20": 40.3275146484375,
    "epoch21": 39.93785095214844,
    "epoch22": 38.94527053833008,
    "epoch23": 39.55699157714844,
    "epoch24": 38.78276824951172,
    "epoch25": 37.65135192871094,
    "epoch26": 39.39738845825195,
    "epoch27": 37.74950408935547,
    "epoch28": 37.73343276977539,
    "epoch29": 38.43810272216797,
    "epoch30": 37.53528594970703,
    "epoch31": 38.922943115234375,
    "epoch32": 37.444923400878906,
    "epoch33": 37.04118347167969,
    "epoch34": 38.09894561767578,
    "epoch35": 38.07191467285156,
    "epoch36": 37.53019332885742,
    "epoch37": 37.0518798828125,
    "epoch38": 36.95942687988281,
    "epoch39": 37.40932083129883,
    "epoch40": 37.91933059692383,
    "epoch41": 37.907005310058594,
    "epoch42": 36.7567138671875,
    "epoch43": 37.68521499633789,
    "epoch44": 36.9679069519043,
    "epoch45": 37.75681686401367,
    "epoch46": 37.37197494506836,
    "epoch47": 36.90494155883789,
    "epoch48": 37.49697494506836,
    "epoch49": 36.48073959350586,
    "epoch50": 38.52875518798828,
    "epoch51": 36.682186126708984,
    "epoch52": 38.24922180175781,
    "epoch53": 36.806251525878906,
    "epoch54": 36.6472282409668,
    "epoch55": 37.0631217956543,
    "epoch56": 36.48419952392578,
    "epoch57": 36.62472915649414,
    "epoch58": 37.206600189208984,
    "epoch59": 36.3353157043457,
    "epoch60": 37.47418975830078,
    "epoch61": 36.5046501159668,
    "epoch62": 36.65936279296875,
    "epoch63": 37.575653076171875,
    "epoch64": 36.19390106201172,
    "epoch65": 38.3498649597168,
    "epoch66": 36.182186126708984,
    "epoch67": 37.04857635498047,
    "epoch68": 36.3704833984375,
    "epoch69": 37.410831451416016,
    "epoch70": 36.16499710083008,
    "epoch71": 37.00815963745117,
    "epoch72": 35.97920608520508,
    "epoch73": 38.407859802246094,
    "epoch74": 35.75382995605469,
    "epoch75": 37.947669982910156,
    "epoch76": 36.53327178955078,
    "epoch77": 37.57457733154297,
    "epoch78": 35.47502899169922,
    "epoch79": 36.37071228027344,
    "epoch80": 37.03474426269531,
    "epoch81": 36.41815948486328,
    "epoch82": 36.30207824707031,
    "epoch83": 36.42522430419922,
    "epoch84": 37.089683532714844,
    "epoch85": 37.11129379272461,
    "epoch86": 35.708709716796875,
    "epoch87": 37.075096130371094,
    "epoch88": 35.81928253173828,
    "epoch89": 36.05779266357422,
    "epoch90": 37.07719802856445,
    "epoch91": 35.58594512939453,
    "epoch92": 35.846046447753906,
    "epoch93": 37.58268356323242,
    "epoch94": 35.27402877807617,
    "epoch95": 36.403846740722656,
    "epoch96": 35.87700271606445,
    "epoch97": 37.63630676269531,
    "epoch98": 36.49006652832031,
    "epoch99": 35.781951904296875,
    "epoch100": 36.38541793823242
}