{
    "epoch1": 3889.6565290178573,
    "epoch2": 2811.9592633928573,
    "epoch3": 2715.9093191964284,
    "epoch4": 2595.8200334821427,
    "epoch5": 2501.3772321428573,
    "epoch6": 2382.9079241071427,
    "epoch7": 2253.2666015625,
    "epoch8": 2133.5809151785716,
    "epoch9": 1982.1851283482142,
    "epoch10": 1846.4926060267858,
    "epoch11": 1720.0385044642858,
    "epoch12": 1638.7816685267858,
    "epoch13": 1617.6372767857142,
    "epoch14": 1596.910853794643,
    "epoch15": 1514.2826450892858,
    "epoch16": 1514.3553292410713,
    "epoch17": 1472.9845145089287,
    "epoch18": 1458.603236607143,
    "epoch19": 1447.4676339285713,
    "epoch20": 1450.2613002232142,
    "epoch21": 1429.393833705357,
    "epoch22": 1412.6573660714287,
    "epoch23": 1411.5453404017858,
    "epoch24": 1395.1650390625,
    "epoch25": 1386.526088169643,
    "epoch26": 1376.9949776785713,
    "epoch27": 1380.772739955357,
    "epoch28": 1383.7650669642858,
    "epoch29": 1407.103236607143,
    "epoch30": 1404.5011160714287,
    "epoch31": 1390.2559988839287,
    "epoch32": 1410.9496372767858,
    "epoch33": 1408.506138392857,
    "epoch34": 1398.7967354910713,
    "epoch35": 1343.120814732143,
    "epoch36": 1339.373046875,
    "epoch37": 1333.7724609375,
    "epoch38": 1330.6703404017858,
    "epoch39": 1334.0863560267858,
    "epoch40": 1331.9429408482142,
    "epoch41": 1365.0503627232142,
    "epoch42": 1362.2195870535713,
    "epoch43": 1361.38671875,
    "epoch44": 1342.7085658482142,
    "epoch45": 1321.2431640625,
    "epoch46": 1366.4676339285713,
    "epoch47": 1323.0577566964287,
    "epoch48": 1337.2755301339287,
    "epoch49": 1313.7562779017858,
    "epoch50": 1319.5479910714287,
    "epoch51": 1397.812779017857,
    "epoch52": 1323.1642020089287,
    "epoch53": 1313.7133091517858,
    "epoch54": 1311.33984375,
    "epoch55": 1318.337890625,
    "epoch56": 1340.0365513392858,
    "epoch57": 1321.2374441964287,
    "epoch58": 1317.6328125,
    "epoch59": 1314.9471261160713,
    "epoch60": 1309.9539620535713,
    "epoch61": 1317.583984375,
    "epoch62": 1320.1690848214287,
    "epoch63": 1311.483119419643,
    "epoch64": 1312.1722935267858,
    "epoch65": 1310.1810825892858,
    "epoch66": 1313.3946707589287,
    "epoch67": 1371.9361049107142,
    "epoch68": 1308.140904017857,
    "epoch69": 1332.220424107143,
    "epoch70": 1319.1443917410713,
    "epoch71": 1306.010044642857,
    "epoch72": 1311.755161830357,
    "epoch73": 1311.3563058035713,
    "epoch74": 1313.2021484375,
    "epoch75": 1303.378208705357,
    "epoch76": 1311.0922154017858,
    "epoch77": 1320.1669921875,
    "epoch78": 1309.6435546875,
    "epoch79": 1346.978515625,
    "epoch80": 1350.7149832589287,
    "epoch81": 1347.1378348214287,
    "epoch82": 1313.062220982143,
    "epoch83": 1304.3663504464287,
    "epoch84": 1360.100864955357,
    "epoch85": 1334.1014229910713,
    "epoch86": 1309.029296875,
    "epoch87": 1307.2173549107142,
    "epoch88": 1310.5634765625,
    "epoch89": 1316.1775948660713,
    "epoch90": 1313.203125,
    "epoch91": 1312.508510044643,
    "epoch92": 1306.529017857143,
    "epoch93": 1319.7589285714287,
    "epoch94": 1318.1163504464287,
    "epoch95": 1297.627650669643,
    "epoch96": 1298.0987723214287,
    "epoch97": 1319.7606026785713,
    "epoch98": 1303.2212611607142,
    "epoch99": 1314.8246372767858,
    "epoch100": 1308.7283761160713
}