{
    "epoch1": 9301.880625,
    "epoch2": 3404.7428125,
    "epoch3": 3084.475625,
    "epoch4": 2947.4271875,
    "epoch5": 2821.9553125,
    "epoch6": 2716.685625,
    "epoch7": 2548.64640625,
    "epoch8": 2416.37828125,
    "epoch9": 2258.415625,
    "epoch10": 2104.56234375,
    "epoch11": 1951.83140625,
    "epoch12": 1827.26875,
    "epoch13": 1763.150625,
    "epoch14": 1712.62390625,
    "epoch15": 1717.0725,
    "epoch16": 1665.9209375,
    "epoch17": 1637.165625,
    "epoch18": 1608.1453125,
    "epoch19": 1594.6528125,
    "epoch20": 1579.505,
    "epoch21": 1563.33015625,
    "epoch22": 1558.880625,
    "epoch23": 1541.229375,
    "epoch24": 1542.95046875,
    "epoch25": 1546.680625,
    "epoch26": 1522.700625,
    "epoch27": 1517.74546875,
    "epoch28": 1505.00109375,
    "epoch29": 1502.99734375,
    "epoch30": 1503.12390625,
    "epoch31": 1513.478125,
    "epoch32": 1499.2534375,
    "epoch33": 1482.4996875,
    "epoch34": 1493.64328125,
    "epoch35": 1493.87640625,
    "epoch36": 1476.8821875,
    "epoch37": 1463.5228125,
    "epoch38": 1471.12328125,
    "epoch39": 1467.2628125,
    "epoch40": 1462.63890625,
    "epoch41": 1466.50671875,
    "epoch42": 1460.391875,
    "epoch43": 1458.57375,
    "epoch44": 1447.2865625,
    "epoch45": 1451.5425,
    "epoch46": 1440.76296875,
    "epoch47": 1448.9865625,
    "epoch48": 1451.52375,
    "epoch49": 1458.77734375,
    "epoch50": 1445.30109375,
    "epoch51": 1442.99828125,
    "epoch52": 1457.7378125,
    "epoch53": 1433.90046875,
    "epoch54": 1433.57390625,
    "epoch55": 1434.34078125,
    "epoch56": 1424.476875,
    "epoch57": 1436.0078125,
    "epoch58": 1437.9196875,
    "epoch59": 1433.08265625,
    "epoch60": 1428.17421875,
    "epoch61": 1417.335,
    "epoch62": 1428.5178125,
    "epoch63": 1421.56796875,
    "epoch64": 1426.07015625,
    "epoch65": 1417.88265625,
    "epoch66": 1410.58515625,
    "epoch67": 1424.85796875,
    "epoch68": 1426.80234375,
    "epoch69": 1420.324375,
    "epoch70": 1431.19765625,
    "epoch71": 1425.4903125,
    "epoch72": 1415.55296875,
    "epoch73": 1413.98140625,
    "epoch74": 1421.71296875,
    "epoch75": 1416.54109375,
    "epoch76": 1431.45484375,
    "epoch77": 1406.1746875,
    "epoch78": 1413.9184375,
    "epoch79": 1396.6809375,
    "epoch80": 1413.43140625,
    "epoch81": 1423.43515625,
    "epoch82": 1412.1884375,
    "epoch83": 1412.75765625,
    "epoch84": 1392.895,
    "epoch85": 1424.339375,
    "epoch86": 1398.52140625,
    "epoch87": 1394.58,
    "epoch88": 1392.62140625,
    "epoch89": 1408.27765625,
    "epoch90": 1385.3871875,
    "epoch91": 1395.7021875,
    "epoch92": 1394.4125,
    "epoch93": 1388.16984375,
    "epoch94": 1389.32078125,
    "epoch95": 1392.07890625,
    "epoch96": 1393.02171875,
    "epoch97": 1391.5784375,
    "epoch98": 1399.45875,
    "epoch99": 1401.0778125,
    "epoch100": 1413.06375
}