{
    "epoch1": 52.31089477539062,
    "epoch2": 50.52049255371094,
    "epoch3": 48.34939880371094,
    "epoch4": 45.940643310546875,
    "epoch5": 42.926422119140625,
    "epoch6": 39.98927001953125,
    "epoch7": 36.78288269042969,
    "epoch8": 34.458465576171875,
    "epoch9": 32.93135375976563,
    "epoch10": 32.45179443359375,
    "epoch11": 33.06277770996094,
    "epoch12": 32.70743103027344,
    "epoch13": 31.94512023925781,
    "epoch14": 31.849429321289062,
    "epoch15": 31.637631225585938,
    "epoch16": 31.236297607421875,
    "epoch17": 31.959881591796876,
    "epoch18": 31.096148681640624,
    "epoch19": 31.100677490234375,
    "epoch20": 31.42235107421875,
    "epoch21": 31.024658203125,
    "epoch22": 30.379379272460938,
    "epoch23": 30.678594970703124,
    "epoch24": 30.475857543945313,
    "epoch25": 30.44825439453125,
    "epoch26": 30.480584716796876,
    "epoch27": 29.90992431640625,
    "epoch28": 30.077438354492188,
    "epoch29": 30.832315063476564,
    "epoch30": 29.679339599609374,
    "epoch31": 29.851235961914064,
    "epoch32": 29.750204467773436,
    "epoch33": 29.5720947265625,
    "epoch34": 29.482000732421874,
    "epoch35": 29.998687744140625,
    "epoch36": 29.47337646484375,
    "epoch37": 29.210873413085938,
    "epoch38": 29.086019897460936,
    "epoch39": 29.530917358398437,
    "epoch40": 29.07966003417969,
    "epoch41": 30.578457641601563,
    "epoch42": 29.064053344726563,
    "epoch43": 28.90181884765625,
    "epoch44": 30.110205078125,
    "epoch45": 29.727337646484376,
    "epoch46": 29.206942749023437,
    "epoch47": 29.622702026367186,
    "epoch48": 28.875656127929688,
    "epoch49": 29.820681762695312,
    "epoch50": 29.762814331054688,
    "epoch51": 28.77446594238281,
    "epoch52": 29.062701416015624,
    "epoch53": 29.25955810546875,
    "epoch54": 29.056008911132814,
    "epoch55": 28.674822998046874,
    "epoch56": 28.460992431640626,
    "epoch57": 28.4464111328125,
    "epoch58": 28.507818603515624,
    "epoch59": 28.685012817382812,
    "epoch60": 28.25626220703125,
    "epoch61": 28.60956726074219,
    "epoch62": 28.786312866210938,
    "epoch63": 28.140341186523436,
    "epoch64": 28.57793273925781,
    "epoch65": 29.479373168945312,
    "epoch66": 28.15314636230469,
    "epoch67": 28.099813842773436,
    "epoch68": 28.61673583984375,
    "epoch69": 28.46495666503906,
    "epoch70": 28.490036010742188,
    "epoch71": 28.095736694335937,
    "epoch72": 28.95469970703125,
    "epoch73": 28.08416748046875,
    "epoch74": 27.79111328125,
    "epoch75": 27.534783935546876,
    "epoch76": 27.439456176757812,
    "epoch77": 28.3812255859375,
    "epoch78": 27.324191284179687,
    "epoch79": 27.4825439453125,
    "epoch80": 29.534210205078125,
    "epoch81": 27.526614379882812,
    "epoch82": 27.465817260742188,
    "epoch83": 28.071694946289064,
    "epoch84": 27.196466064453126,
    "epoch85": 27.632965087890625,
    "epoch86": 26.959228515625,
    "epoch87": 27.479183959960938,
    "epoch88": 27.041925048828126,
    "epoch89": 27.086453247070313,
    "epoch90": 27.444656372070312,
    "epoch91": 27.309225463867186,
    "epoch92": 27.876712036132812,
    "epoch93": 26.873880004882814,
    "epoch94": 28.324334716796876,
    "epoch95": 28.26038513183594,
    "epoch96": 28.94806823730469,
    "epoch97": 26.633999633789063,
    "epoch98": 27.841372680664062,
    "epoch99": 26.371414184570312,
    "epoch100": 27.386776733398438
}