{
    "epoch1": 80.13643188476563,
    "epoch2": 51.11188659667969,
    "epoch3": 49.21776123046875,
    "epoch4": 46.772177124023436,
    "epoch5": 44.090570068359376,
    "epoch6": 40.76961975097656,
    "epoch7": 37.70863647460938,
    "epoch8": 35.40605163574219,
    "epoch9": 33.96843566894531,
    "epoch10": 33.27049865722656,
    "epoch11": 33.269961547851565,
    "epoch12": 33.01731872558594,
    "epoch13": 32.561224365234374,
    "epoch14": 32.26957702636719,
    "epoch15": 31.989846801757814,
    "epoch16": 31.7210205078125,
    "epoch17": 31.820358276367188,
    "epoch18": 31.51508483886719,
    "epoch19": 30.90935363769531,
    "epoch20": 30.91666259765625,
    "epoch21": 30.998992919921875,
    "epoch22": 30.406658935546876,
    "epoch23": 30.43681945800781,
    "epoch24": 30.096160888671875,
    "epoch25": 30.112518310546875,
    "epoch26": 29.881854248046874,
    "epoch27": 29.975650024414062,
    "epoch28": 29.573751831054686,
    "epoch29": 29.573895263671876,
    "epoch30": 29.421340942382812,
    "epoch31": 29.26701965332031,
    "epoch32": 29.05951843261719,
    "epoch33": 29.1157958984375,
    "epoch34": 29.00186767578125,
    "epoch35": 28.7327392578125,
    "epoch36": 28.6222900390625,
    "epoch37": 28.713446044921874,
    "epoch38": 28.55347595214844,
    "epoch39": 28.49327697753906,
    "epoch40": 28.423602294921874,
    "epoch41": 28.23492431640625,
    "epoch42": 28.528488159179688,
    "epoch43": 28.264614868164063,
    "epoch44": 28.12720642089844,
    "epoch45": 28.078506469726562,
    "epoch46": 28.06096496582031,
    "epoch47": 27.840072631835938,
    "epoch48": 27.909625244140624,
    "epoch49": 27.8543701171875,
    "epoch50": 28.13392028808594,
    "epoch51": 27.806307983398437,
    "epoch52": 27.660238647460936,
    "epoch53": 27.6106201171875,
    "epoch54": 28.153781127929687,
    "epoch55": 27.77540283203125,
    "epoch56": 27.560958862304688,
    "epoch57": 27.5654296875,
    "epoch58": 27.5108642578125,
    "epoch59": 27.26275634765625,
    "epoch60": 27.310610961914062,
    "epoch61": 27.30705871582031,
    "epoch62": 27.339987182617186,
    "epoch63": 27.41226806640625,
    "epoch64": 27.26112060546875,
    "epoch65": 27.21148681640625,
    "epoch66": 27.221148681640624,
    "epoch67": 27.164169311523438,
    "epoch68": 27.169110107421876,
    "epoch69": 27.01787109375,
    "epoch70": 27.01539306640625,
    "epoch71": 26.84349365234375,
    "epoch72": 26.884674072265625,
    "epoch73": 26.99615478515625,
    "epoch74": 26.744781494140625,
    "epoch75": 26.77734375,
    "epoch76": 26.63147888183594,
    "epoch77": 26.732357788085938,
    "epoch78": 26.6760986328125,
    "epoch79": 26.45184326171875,
    "epoch80": 26.807940673828124,
    "epoch81": 26.493954467773438,
    "epoch82": 26.41715087890625,
    "epoch83": 26.414974975585938,
    "epoch84": 26.688461303710938,
    "epoch85": 26.395596313476563,
    "epoch86": 26.237222290039064,
    "epoch87": 26.190078735351562,
    "epoch88": 26.270242309570314,
    "epoch89": 26.155960083007812,
    "epoch90": 26.107342529296876,
    "epoch91": 26.47388610839844,
    "epoch92": 26.25218505859375,
    "epoch93": 26.12020263671875,
    "epoch94": 26.21702880859375,
    "epoch95": 26.19627685546875,
    "epoch96": 26.2974365234375,
    "epoch97": 26.16211853027344,
    "epoch98": 26.013595581054688,
    "epoch99": 26.0391845703125,
    "epoch100": 25.799282836914063
}