{
    "epoch1": 153.23357291666667,
    "epoch2": 121.37102083333333,
    "epoch3": 119.37160416666667,
    "epoch4": 115.05211458333333,
    "epoch5": 111.06551041666667,
    "epoch6": 108.3741875,
    "epoch7": 105.57884375,
    "epoch8": 104.47425,
    "epoch9": 103.1415625,
    "epoch10": 102.08985416666667,
    "epoch11": 101.565625,
    "epoch12": 100.4770625,
    "epoch13": 99.81796875,
    "epoch14": 98.80985416666667,
    "epoch15": 98.30623958333334,
    "epoch16": 98.10430208333334,
    "epoch17": 97.40682291666667,
    "epoch18": 97.10865625,
    "epoch19": 96.69413541666667,
    "epoch20": 96.41014583333333,
    "epoch21": 96.14857291666667,
    "epoch22": 95.804875,
    "epoch23": 95.51545833333333,
    "epoch24": 95.40203125,
    "epoch25": 94.96408333333333,
    "epoch26": 94.70066666666666,
    "epoch27": 94.45865625,
    "epoch28": 94.20029166666667,
    "epoch29": 93.94560416666667,
    "epoch30": 93.62698958333333
}