{
    "epoch1": 37.519683837890625,
    "epoch2": 31.26782989501953,
    "epoch3": 29.875545501708984,
    "epoch4": 29.64434242248535,
    "epoch5": 30.400409698486328,
    "epoch6": 27.85885238647461,
    "epoch7": 28.437702178955078,
    "epoch8": 26.82000160217285,
    "epoch9": 27.420841217041016,
    "epoch10": 27.128145217895508,
    "epoch11": 25.61216926574707,
    "epoch12": 25.527524948120117,
    "epoch13": 25.218231201171875,
    "epoch14": 26.61264419555664,
    "epoch15": 24.802539825439453,
    "epoch16": 24.84136390686035,
    "epoch17": 24.457387924194336,
    "epoch18": 24.704269409179688,
    "epoch19": 25.18863296508789,
    "epoch20": 24.704429626464844,
    "epoch21": 24.423124313354492,
    "epoch22": 24.1029109954834,
    "epoch23": 24.008052825927734,
    "epoch24": 24.066486358642578,
    "epoch25": 24.03719711303711,
    "epoch26": 25.450214385986328,
    "epoch27": 24.096166610717773,
    "epoch28": 23.85647201538086,
    "epoch29": 23.833513259887695,
    "epoch30": 24.003173828125,
    "epoch31": 23.695865631103516,
    "epoch32": 24.0565128326416,
    "epoch33": 23.75347328186035,
    "epoch34": 23.378238677978516,
    "epoch35": 23.338476181030273,
    "epoch36": 23.254512786865234,
    "epoch37": 23.302106857299805,
    "epoch38": 23.26944351196289,
    "epoch39": 23.66258430480957,
    "epoch40": 23.321393966674805,
    "epoch41": 23.161956787109375,
    "epoch42": 23.561189651489258,
    "epoch43": 24.930307388305664,
    "epoch44": 23.066091537475586,
    "epoch45": 23.068662643432617,
    "epoch46": 22.991464614868164,
    "epoch47": 23.383773803710938,
    "epoch48": 22.784320831298828,
    "epoch49": 23.566308975219727,
    "epoch50": 24.095603942871094,
    "epoch51": 23.31398582458496,
    "epoch52": 22.89899444580078,
    "epoch53": 22.760719299316406,
    "epoch54": 22.92616081237793,
    "epoch55": 23.126283645629883,
    "epoch56": 22.93305015563965,
    "epoch57": 22.650604248046875,
    "epoch58": 23.487287521362305,
    "epoch59": 22.751445770263672,
    "epoch60": 22.55182456970215,
    "epoch61": 22.811302185058594,
    "epoch62": 22.779447555541992,
    "epoch63": 22.37676239013672,
    "epoch64": 23.595584869384766,
    "epoch65": 22.425270080566406,
    "epoch66": 22.59766387939453,
    "epoch67": 22.350929260253906,
    "epoch68": 22.435270309448242,
    "epoch69": 22.951953887939453,
    "epoch70": 23.149860382080078,
    "epoch71": 22.286022186279297,
    "epoch72": 23.268571853637695,
    "epoch73": 22.13337516784668,
    "epoch74": 22.222585678100586,
    "epoch75": 22.154014587402344,
    "epoch76": 22.076171875,
    "epoch77": 21.950458526611328,
    "epoch78": 22.242891311645508,
    "epoch79": 22.168781280517578,
    "epoch80": 22.574951171875,
    "epoch81": 21.991718292236328,
    "epoch82": 22.31429672241211,
    "epoch83": 23.043781280517578,
    "epoch84": 24.11155128479004,
    "epoch85": 22.494428634643555,
    "epoch86": 22.63218116760254,
    "epoch87": 22.445213317871094,
    "epoch88": 23.134716033935547,
    "epoch89": 22.647815704345703,
    "epoch90": 22.357160568237305,
    "epoch91": 22.377681732177734,
    "epoch92": 21.76117706298828,
    "epoch93": 22.531444549560547,
    "epoch94": 22.126638412475586,
    "epoch95": 21.680648803710938,
    "epoch96": 21.72344970703125,
    "epoch97": 22.261493682861328,
    "epoch98": 22.696840286254883,
    "epoch99": 22.33706283569336,
    "epoch100": 22.288652420043945
}