{
    "epoch1": 41.30493927001953,
    "epoch2": 32.765560150146484,
    "epoch3": 31.00589942932129,
    "epoch4": 29.698434829711914,
    "epoch5": 30.16938591003418,
    "epoch6": 28.142662048339844,
    "epoch7": 27.462251663208008,
    "epoch8": 27.53843116760254,
    "epoch9": 28.94161033630371,
    "epoch10": 27.729780197143555,
    "epoch11": 26.66059112548828,
    "epoch12": 27.284826278686523,
    "epoch13": 26.676807403564453,
    "epoch14": 25.534561157226562,
    "epoch15": 25.255844116210938,
    "epoch16": 26.065824508666992,
    "epoch17": 25.350749969482422,
    "epoch18": 25.37857437133789,
    "epoch19": 26.47035026550293,
    "epoch20": 25.789113998413086,
    "epoch21": 24.826313018798828,
    "epoch22": 24.696653366088867,
    "epoch23": 24.19162940979004,
    "epoch24": 24.177759170532227,
    "epoch25": 25.13231086730957,
    "epoch26": 24.83084487915039,
    "epoch27": 24.676816940307617,
    "epoch28": 25.31354522705078,
    "epoch29": 23.97945785522461,
    "epoch30": 24.029146194458008,
    "epoch31": 24.42858123779297,
    "epoch32": 23.8994140625,
    "epoch33": 23.883163452148438,
    "epoch34": 24.047386169433594,
    "epoch35": 24.539888381958008,
    "epoch36": 24.23267364501953,
    "epoch37": 24.008264541625977,
    "epoch38": 23.64520263671875,
    "epoch39": 24.285688400268555,
    "epoch40": 23.681814193725586,
    "epoch41": 24.006113052368164,
    "epoch42": 24.33696746826172,
    "epoch43": 23.667879104614258,
    "epoch44": 24.321136474609375,
    "epoch45": 23.631860733032227,
    "epoch46": 23.760610580444336,
    "epoch47": 24.59306526184082,
    "epoch48": 23.814226150512695,
    "epoch49": 24.213598251342773,
    "epoch50": 23.539522171020508,
    "epoch51": 23.647335052490234,
    "epoch52": 23.373075485229492,
    "epoch53": 23.157222747802734,
    "epoch54": 23.281522750854492,
    "epoch55": 23.594776153564453,
    "epoch56": 23.21894645690918,
    "epoch57": 22.99491310119629,
    "epoch58": 23.403121948242188,
    "epoch59": 23.039173126220703,
    "epoch60": 22.740966796875,
    "epoch61": 22.962993621826172,
    "epoch62": 23.722232818603516,
    "epoch63": 24.837207794189453,
    "epoch64": 22.698490142822266,
    "epoch65": 22.842409133911133,
    "epoch66": 22.764257431030273,
    "epoch67": 23.113927841186523,
    "epoch68": 22.502946853637695,
    "epoch69": 22.703105926513672,
    "epoch70": 22.396587371826172,
    "epoch71": 22.563949584960938,
    "epoch72": 22.633188247680664,
    "epoch73": 22.118215560913086,
    "epoch74": 22.47810173034668,
    "epoch75": 22.061031341552734,
    "epoch76": 22.67429542541504,
    "epoch77": 22.448627471923828,
    "epoch78": 22.251171112060547,
    "epoch79": 22.178380966186523,
    "epoch80": 21.965999603271484,
    "epoch81": 22.029354095458984,
    "epoch82": 22.689029693603516,
    "epoch83": 21.812000274658203,
    "epoch84": 21.787353515625,
    "epoch85": 21.803346633911133,
    "epoch86": 22.09335708618164,
    "epoch87": 22.130260467529297,
    "epoch88": 23.31052017211914,
    "epoch89": 21.786216735839844,
    "epoch90": 21.718381881713867,
    "epoch91": 21.779687881469727,
    "epoch92": 22.33955192565918,
    "epoch93": 22.37127685546875,
    "epoch94": 23.45067024230957,
    "epoch95": 22.61919403076172,
    "epoch96": 22.736347198486328,
    "epoch97": 22.14009666442871,
    "epoch98": 21.770538330078125,
    "epoch99": 21.436330795288086,
    "epoch100": 21.276121139526367
}