{
    "epoch0": {
        "layer1": {
            "max_length": 1.145180583000183,
            "mean_length": 0.8837008551515714,
            "median_length": 0.9166805148124695,
            "stdev_length": 0.14790639338237346,
            "sum_length": 87.48638466000557,
            "ratio_2_1": 2.298826401688562,
            "ratio_3_1": 2.279658960390914,
            "h": 4.580473217187564,
            "normh": 1.0243744716224747,
            "snr": Infinity,
            "mean_birth": 0.0,
            "stdev_birth": 0.0,
            "mean_death": 0.8837008551515714,
            "stdev_death": 0.14790639338237346
        },
        "layer2": {
            "max_length": 0.4424320161342621,
            "mean_length": 0.33657783766587573,
            "median_length": 0.34858033061027527,
            "stdev_length": 0.05105681359537098,
            "sum_length": 33.3212059289217,
            "ratio_2_1": 2.1034037680903865,
            "ratio_3_1": 2.0786722430338704,
            "h": 4.583210962497498,
            "normh": 1.3071755158865161,
            "snr": Infinity,
            "mean_birth": 0.0,
            "stdev_birth": 0.0,
            "mean_death": 0.33657783766587573,
            "stdev_death": 0.05105681359537098
        },
        "layer3": {
            "max_length": 0.17435322701931,
            "mean_length": 0.12106687267019291,
            "median_length": 0.12130861729383469,
            "stdev_length": 0.018466544665570513,
            "sum_length": 11.985620394349098,
            "ratio_2_1": 2.585750726152036,
            "ratio_3_1": 2.4287341371340156,
            "h": 4.5832549129973765,
            "normh": 1.845327870396789,
            "snr": Infinity,
            "mean_birth": 0.0,
            "stdev_birth": 0.0,
            "mean_death": 0.12106687267019291,
            "stdev_death": 0.018466544665570513
        },
        "layer4": {
            "max_length": 0.002710474655032158,
            "mean_length": 0.00026024055827145626,
            "median_length": 0.00015853345394134521,
            "stdev_length": 0.0003669814557972073,
            "sum_length": 0.02576381526887417,
            "ratio_2_1": 977.1028248587571,
            "ratio_3_1": 845.9389830508475,
            "h": 3.995903088936212,
            "normh": -1.0921395694981075,
            "snr": Infinity,
            "mean_birth": 0.0,
            "stdev_birth": 0.0,
            "mean_death": 0.00026024055827145626,
            "stdev_death": 0.0003669814557972073
        }
    }
}