{
    "epoch1": 200.0,
    "epoch2": 192.53729838709677,
    "epoch3": 125.08585086945564,
    "epoch4": 91.90768334173387,
    "epoch5": 80.70804719002017,
    "epoch6": 78.52909998739919,
    "epoch7": 77.30917653729838,
    "epoch8": 75.60781565020162,
    "epoch9": 73.79741053427419,
    "epoch10": 71.29337827620968,
    "epoch11": 68.95528288810483,
    "epoch12": 65.64438161542338,
    "epoch13": 64.74763734879032,
    "epoch14": 64.05412440146169,
    "epoch15": 63.093730311239916,
    "epoch16": 62.487407069052416,
    "epoch17": 62.02583559097782,
    "epoch18": 61.537381079889116,
    "epoch19": 60.889742943548384,
    "epoch20": 60.33141302293347,
    "epoch21": 59.39258206275202,
    "epoch22": 58.989935105846776,
    "epoch23": 58.090477728074596,
    "epoch24": 57.44107547883065,
    "epoch25": 56.781797347530244,
    "epoch26": 55.45679892263105,
    "epoch27": 55.04720183341734,
    "epoch28": 54.56640625,
    "epoch29": 53.43070737777218,
    "epoch30": 52.45362509450605
}