{
    "epoch1": 0.29542111368879437,
    "epoch2": 0.3647988878545307,
    "epoch3": 0.3842327582930762,
    "epoch4": 0.4154780604063518,
    "epoch5": 0.4302303438621854,
    "epoch6": 0.43641747463317143,
    "epoch7": 0.44557085988067446,
    "epoch8": 0.44980605017571224,
    "epoch9": 0.4624715700509056,
    "epoch10": 0.45703970534460886,
    "epoch11": 0.4616669217745463,
    "epoch12": 0.46689107304527644,
    "epoch13": 0.4681428259327298,
    "epoch14": 0.4702380933458843,
    "epoch15": 0.4740031955261079,
    "epoch16": 0.4733005719525473,
    "epoch17": 0.47765715869646225,
    "epoch18": 0.4753922290272183,
    "epoch19": 0.46895771556430393,
    "epoch20": 0.4872001239231655
}