{
    "epoch1": 113.6556484375,
    "epoch2": 108.3632265625,
    "epoch3": 104.0003359375,
    "epoch4": 102.9847734375,
    "epoch5": 101.183125,
    "epoch6": 101.8130078125,
    "epoch7": 100.7554453125,
    "epoch8": 98.9978125,
    "epoch9": 99.96446875,
    "epoch10": 98.0507265625,
    "epoch11": 98.8048671875,
    "epoch12": 97.247125,
    "epoch13": 97.807671875,
    "epoch14": 97.652078125,
    "epoch15": 98.4514609375,
    "epoch16": 96.35409375,
    "epoch17": 95.9864609375,
    "epoch18": 96.6241015625,
    "epoch19": 95.5657109375,
    "epoch20": 97.37921875,
    "epoch21": 95.2358828125,
    "epoch22": 95.1214140625,
    "epoch23": 96.745625,
    "epoch24": 96.18440625,
    "epoch25": 95.9444296875,
    "epoch26": 94.8950390625,
    "epoch27": 93.9426328125,
    "epoch28": 95.160859375,
    "epoch29": 93.8166875,
    "epoch30": 93.6855234375
}