{
    "epoch1": 137.43584375,
    "epoch2": 110.6690859375,
    "epoch3": 105.4359375,
    "epoch4": 102.5437265625,
    "epoch5": 101.4741796875,
    "epoch6": 100.095625,
    "epoch7": 99.2715859375,
    "epoch8": 98.9185,
    "epoch9": 97.8438203125,
    "epoch10": 97.5233671875,
    "epoch11": 96.9149921875,
    "epoch12": 96.2262109375,
    "epoch13": 95.77259375,
    "epoch14": 96.058234375,
    "epoch15": 95.408515625,
    "epoch16": 95.12315625,
    "epoch17": 94.7008359375,
    "epoch18": 94.60603125,
    "epoch19": 94.4741953125,
    "epoch20": 94.341265625,
    "epoch21": 94.1119765625,
    "epoch22": 93.943390625,
    "epoch23": 93.9263203125,
    "epoch24": 93.57328125,
    "epoch25": 93.5566796875,
    "epoch26": 93.304703125,
    "epoch27": 93.40184375,
    "epoch28": 92.6793828125,
    "epoch29": 92.7057421875,
    "epoch30": 93.013671875
}