{
    "epoch1": 0.13433750506863,
    "epoch2": 0.24538567435741424,
    "epoch3": 0.31334932112693786,
    "epoch4": 0.34194494152069094,
    "epoch5": 0.3678519926071167,
    "epoch6": 0.40408082604408263,
    "epoch7": 0.4228252795934677,
    "epoch8": 0.44057507038116456,
    "epoch9": 0.45214004468917846,
    "epoch10": 0.4847401919364929,
    "epoch11": 0.4926444435119629,
    "epoch12": 0.5269237456321716,
    "epoch13": 0.5351706476211547,
    "epoch14": 0.5491230149269104,
    "epoch15": 0.5742141027450561,
    "epoch16": 0.5950794761180878,
    "epoch17": 0.6151139304637909,
    "epoch18": 0.6182047824859619,
    "epoch19": 0.6286368498802185,
    "epoch20": 0.6684123375415802
}