{
    "epoch1": 99.049033203125,
    "epoch2": 86.380673828125,
    "epoch3": 80.6933154296875,
    "epoch4": 78.1650732421875,
    "epoch5": 77.0621435546875,
    "epoch6": 76.10703125,
    "epoch7": 75.024541015625,
    "epoch8": 73.637998046875,
    "epoch9": 72.593701171875,
    "epoch10": 70.79298828125,
    "epoch11": 69.7492626953125,
    "epoch12": 66.8567431640625,
    "epoch13": 66.2196142578125,
    "epoch14": 63.6081005859375,
    "epoch15": 61.3332958984375,
    "epoch16": 59.737568359375,
    "epoch17": 58.930634765625,
    "epoch18": 58.0146240234375,
    "epoch19": 58.3803662109375,
    "epoch20": 58.0798681640625,
    "epoch21": 57.617431640625,
    "epoch22": 57.64025390625,
    "epoch23": 57.392646484375,
    "epoch24": 57.1263623046875,
    "epoch25": 56.287060546875,
    "epoch26": 56.742861328125,
    "epoch27": 56.762314453125,
    "epoch28": 56.1966259765625,
    "epoch29": 55.6123583984375,
    "epoch30": 55.31916015625
}