{
    "epoch1": 91.90882364908855,
    "epoch2": 85.53328450520833,
    "epoch3": 83.23986307779948,
    "epoch4": 82.30184936523438,
    "epoch5": 81.53495788574219,
    "epoch6": 80.58343505859375,
    "epoch7": 79.1156717936198,
    "epoch8": 77.60684204101562,
    "epoch9": 76.37272135416667,
    "epoch10": 73.99319966634114,
    "epoch11": 72.31882222493489,
    "epoch12": 69.64674886067708,
    "epoch13": 67.49700419108073,
    "epoch14": 64.42479960123698,
    "epoch15": 62.08518981933594,
    "epoch16": 62.26166280110677,
    "epoch17": 59.179728190104164,
    "epoch18": 59.09582010904948,
    "epoch19": 59.1231689453125,
    "epoch20": 58.91357421875,
    "epoch21": 57.67450459798177,
    "epoch22": 58.54559326171875,
    "epoch23": 58.20185343424479,
    "epoch24": 56.68676249186198,
    "epoch25": 56.80614725748698,
    "epoch26": 56.82471211751302,
    "epoch27": 56.72833760579427,
    "epoch28": 56.33655802408854,
    "epoch29": 55.43699645996094,
    "epoch30": 56.09254455566406
}