{
    "epoch1": 49.85323486328125,
    "epoch2": 48.01514587402344,
    "epoch3": 45.77649841308594,
    "epoch4": 43.3793701171875,
    "epoch5": 42.14052734375,
    "epoch6": 39.02747497558594,
    "epoch7": 36.12019653320313,
    "epoch8": 34.51351318359375,
    "epoch9": 33.13918762207031,
    "epoch10": 31.92750244140625,
    "epoch11": 31.29303894042969,
    "epoch12": 29.90906982421875,
    "epoch13": 29.47225341796875,
    "epoch14": 28.946185302734374,
    "epoch15": 29.246429443359375,
    "epoch16": 29.603814697265626,
    "epoch17": 29.035415649414062,
    "epoch18": 28.916253662109376,
    "epoch19": 30.084075927734375,
    "epoch20": 30.24970703125,
    "epoch21": 27.78595886230469,
    "epoch22": 27.639605712890624,
    "epoch23": 29.70557861328125,
    "epoch24": 28.028802490234376,
    "epoch25": 28.082958984375,
    "epoch26": 28.514913940429686,
    "epoch27": 27.691119384765624,
    "epoch28": 28.16839599609375,
    "epoch29": 28.244879150390624,
    "epoch30": 28.267510986328126,
    "epoch31": 27.94815673828125,
    "epoch32": 28.18902587890625,
    "epoch33": 27.894290161132812,
    "epoch34": 27.74022216796875,
    "epoch35": 28.300640869140626,
    "epoch36": 29.12655029296875,
    "epoch37": 28.1360595703125,
    "epoch38": 27.785968017578124,
    "epoch39": 27.42522277832031,
    "epoch40": 29.813320922851563,
    "epoch41": 28.21460876464844,
    "epoch42": 27.64012451171875,
    "epoch43": 27.69219970703125,
    "epoch44": 27.36402587890625,
    "epoch45": 27.356307983398438,
    "epoch46": 27.611865234375,
    "epoch47": 27.62305908203125,
    "epoch48": 29.16075744628906,
    "epoch49": 27.521063232421874,
    "epoch50": 27.852044677734376,
    "epoch51": 27.904885864257814,
    "epoch52": 27.703546142578126,
    "epoch53": 27.396649169921876,
    "epoch54": 27.708193969726562,
    "epoch55": 27.69488525390625,
    "epoch56": 27.834234619140624,
    "epoch57": 27.76767578125,
    "epoch58": 28.388494873046874,
    "epoch59": 28.29146728515625,
    "epoch60": 29.138406372070314,
    "epoch61": 27.801968383789063,
    "epoch62": 27.80980224609375,
    "epoch63": 28.035400390625,
    "epoch64": 27.792333984375,
    "epoch65": 27.69432373046875,
    "epoch66": 28.35083923339844,
    "epoch67": 28.521697998046875,
    "epoch68": 27.566555786132813,
    "epoch69": 27.981790161132814,
    "epoch70": 27.81846923828125,
    "epoch71": 27.706967163085938,
    "epoch72": 27.3704345703125,
    "epoch73": 27.632650756835936,
    "epoch74": 27.4247314453125,
    "epoch75": 27.357162475585938,
    "epoch76": 28.00908203125,
    "epoch77": 27.324600219726562,
    "epoch78": 27.35606689453125,
    "epoch79": 28.097903442382812,
    "epoch80": 27.500747680664062,
    "epoch81": 28.1529541015625,
    "epoch82": 27.503762817382814,
    "epoch83": 27.364236450195314,
    "epoch84": 27.286883544921874,
    "epoch85": 27.61416015625,
    "epoch86": 27.330184936523438,
    "epoch87": 27.91584167480469,
    "epoch88": 27.33409729003906,
    "epoch89": 27.531576538085936,
    "epoch90": 28.00830078125,
    "epoch91": 27.306198120117188,
    "epoch92": 28.193569946289063,
    "epoch93": 28.249578857421874,
    "epoch94": 28.071502685546875,
    "epoch95": 27.340216064453124,
    "epoch96": 27.426412963867186,
    "epoch97": 27.471859741210938,
    "epoch98": 27.475497436523437,
    "epoch99": 27.428384399414064,
    "epoch100": 27.236871337890626
}