{
    "epoch1": 7.569313334670369e-06,
    "epoch2": 6.624021948937298e-06,
    "epoch3": 6.301027963445449e-06,
    "epoch4": 6.129006621222288e-06,
    "epoch5": 6.0625127055118355e-06,
    "epoch6": 5.976924945912287e-06,
    "epoch7": 5.92567968521962e-06,
    "epoch8": 5.898348169580459e-06,
    "epoch9": 5.853681219150531e-06,
    "epoch10": 5.941744355027367e-06,
    "epoch11": 5.814407584921355e-06,
    "epoch12": 5.795258328816999e-06,
    "epoch13": 5.770136591081609e-06,
    "epoch14": 5.807679924487274e-06,
    "epoch15": 5.7774585602601295e-06,
    "epoch16": 5.793900380240302e-06,
    "epoch17": 5.798679922349947e-06,
    "epoch18": 5.712779043960836e-06,
    "epoch19": 5.70460916594584e-06,
    "epoch20": 5.703622597138747e-06,
    "epoch21": 5.708327421643844e-06,
    "epoch22": 5.766426489003607e-06,
    "epoch23": 5.702090461568332e-06,
    "epoch24": 5.6907245043476e-06,
    "epoch25": 5.732653832524193e-06,
    "epoch26": 5.7089058576593745e-06,
    "epoch27": 5.799930293164834e-06,
    "epoch28": 5.6742560207112546e-06,
    "epoch29": 5.691814645160775e-06,
    "epoch30": 5.693855911317769e-06
}