{
    "epoch1": 49.94914627075195,
    "epoch2": 46.416175842285156,
    "epoch3": 43.086830139160156,
    "epoch4": 38.08900833129883,
    "epoch5": 34.295021057128906,
    "epoch6": 31.891324996948242,
    "epoch7": 30.629671096801758,
    "epoch8": 30.69727325439453,
    "epoch9": 29.621715545654297,
    "epoch10": 29.389469146728516,
    "epoch11": 30.374256134033203,
    "epoch12": 29.117441177368164,
    "epoch13": 28.978940963745117,
    "epoch14": 29.75227928161621,
    "epoch15": 28.2490234375,
    "epoch16": 28.036542892456055,
    "epoch17": 28.010971069335938,
    "epoch18": 27.910709381103516,
    "epoch19": 27.5461368560791,
    "epoch20": 27.305130004882812,
    "epoch21": 27.34404182434082,
    "epoch22": 27.312801361083984,
    "epoch23": 27.819164276123047,
    "epoch24": 27.54374122619629,
    "epoch25": 27.6235294342041,
    "epoch26": 26.875606536865234,
    "epoch27": 27.14861488342285,
    "epoch28": 27.00956153869629,
    "epoch29": 26.478160858154297,
    "epoch30": 26.75986099243164,
    "epoch31": 26.580087661743164,
    "epoch32": 26.363418579101562,
    "epoch33": 26.5677433013916,
    "epoch34": 26.197650909423828,
    "epoch35": 26.06850242614746,
    "epoch36": 25.785503387451172,
    "epoch37": 25.792308807373047,
    "epoch38": 26.572080612182617,
    "epoch39": 25.62375259399414,
    "epoch40": 25.75334358215332,
    "epoch41": 25.4898624420166,
    "epoch42": 26.021800994873047,
    "epoch43": 25.76216697692871,
    "epoch44": 25.330507278442383,
    "epoch45": 26.254852294921875,
    "epoch46": 25.87275505065918,
    "epoch47": 25.041210174560547,
    "epoch48": 24.924156188964844,
    "epoch49": 24.816232681274414,
    "epoch50": 24.719194412231445,
    "epoch51": 24.801664352416992,
    "epoch52": 24.761293411254883,
    "epoch53": 25.54888153076172,
    "epoch54": 25.170913696289062,
    "epoch55": 24.797382354736328,
    "epoch56": 24.974214553833008,
    "epoch57": 25.779420852661133,
    "epoch58": 24.323862075805664,
    "epoch59": 24.267885208129883,
    "epoch60": 24.065689086914062,
    "epoch61": 25.347509384155273,
    "epoch62": 23.899187088012695,
    "epoch63": 23.852336883544922,
    "epoch64": 23.915332794189453,
    "epoch65": 23.747676849365234,
    "epoch66": 23.680992126464844,
    "epoch67": 23.558870315551758,
    "epoch68": 23.9262752532959,
    "epoch69": 23.923583984375,
    "epoch70": 24.016992568969727,
    "epoch71": 24.40044403076172,
    "epoch72": 23.325702667236328,
    "epoch73": 24.856266021728516,
    "epoch74": 23.460973739624023,
    "epoch75": 23.29997444152832,
    "epoch76": 23.80291748046875,
    "epoch77": 22.97161865234375,
    "epoch78": 23.470211029052734,
    "epoch79": 23.56185531616211,
    "epoch80": 23.581941604614258,
    "epoch81": 22.942115783691406,
    "epoch82": 23.103790283203125,
    "epoch83": 24.457149505615234,
    "epoch84": 23.205989837646484,
    "epoch85": 23.02285385131836,
    "epoch86": 23.150205612182617,
    "epoch87": 22.83231544494629,
    "epoch88": 23.467370986938477,
    "epoch89": 22.826004028320312,
    "epoch90": 22.588254928588867,
    "epoch91": 23.22705078125,
    "epoch92": 22.671375274658203,
    "epoch93": 24.84710121154785,
    "epoch94": 22.474712371826172,
    "epoch95": 22.94678497314453,
    "epoch96": 22.83295440673828,
    "epoch97": 22.44428825378418,
    "epoch98": 23.197837829589844,
    "epoch99": 22.508831024169922,
    "epoch100": 22.596263885498047
}