{
    "epoch1": 0.35135429046750066,
    "epoch2": 0.6815342930555344,
    "epoch3": 0.8057990538179874,
    "epoch4": 0.8506933389306068,
    "epoch5": 0.8641400054574013,
    "epoch6": 0.8796800049066543,
    "epoch7": 0.8878923854589462,
    "epoch8": 0.8971409567594528,
    "epoch9": 0.9037266704082489,
    "epoch10": 0.9119857186317444,
    "epoch11": 0.9138866706490517,
    "epoch12": 0.9209666700363159,
    "epoch13": 0.9179666700482368,
    "epoch14": 0.9270733365535736,
    "epoch15": 0.9335276225566864,
    "epoch16": 0.9358533357381821,
    "epoch17": 0.9385133363485336,
    "epoch18": 0.9423066696405411,
    "epoch19": 0.9456123834609985,
    "epoch20": 0.9479133362174034,
    "epoch21": 0.9540333354473114,
    "epoch22": 0.9538933356285095,
    "epoch23": 0.957554287815094,
    "epoch24": 0.9566333353996277,
    "epoch25": 0.9605066687583923,
    "epoch26": 0.963260953950882,
    "epoch27": 0.9631466681241989,
    "epoch28": 0.9669000016689301,
    "epoch29": 0.9704923827171326,
    "epoch30": 0.9703200015544892,
    "epoch31": 0.9724666677474976,
    "epoch32": 0.9746923822641372,
    "epoch33": 0.9767733345031738,
    "epoch34": 0.9786400012016296,
    "epoch35": 0.9791866674423217,
    "epoch36": 0.9818666675567627,
    "epoch37": 0.9814666677951813,
    "epoch38": 0.9852266675233841,
    "epoch39": 0.9820800010204315,
    "epoch40": 0.9869790481090546,
    "epoch41": 0.9846666673660278,
    "epoch42": 0.9867790482997895,
    "epoch43": 0.9892533338546753,
    "epoch44": 0.9904933340072631,
    "epoch45": 0.9899066672801972,
    "epoch46": 0.9902933337211609,
    "epoch47": 0.9914266670227051,
    "epoch48": 0.9916133337974549,
    "epoch49": 0.9955466669082642,
    "epoch50": 0.9945866669654846
}