{
    "epoch1": 155.77359375,
    "epoch2": 57.9859619140625,
    "epoch3": 46.7559716796875,
    "epoch4": 44.7338720703125,
    "epoch5": 42.452939453125,
    "epoch6": 39.65594482421875,
    "epoch7": 37.23535888671875,
    "epoch8": 34.13616455078125,
    "epoch9": 31.26010986328125,
    "epoch10": 29.0750244140625,
    "epoch11": 27.48603271484375,
    "epoch12": 26.723525390625,
    "epoch13": 26.44332275390625,
    "epoch14": 25.744921875,
    "epoch15": 25.671728515625,
    "epoch16": 25.280615234375,
    "epoch17": 25.1435107421875,
    "epoch18": 24.74760498046875,
    "epoch19": 24.65530029296875,
    "epoch20": 24.628330078125,
    "epoch21": 24.3871240234375,
    "epoch22": 24.442890625,
    "epoch23": 24.29490966796875,
    "epoch24": 24.2710546875,
    "epoch25": 24.0433837890625,
    "epoch26": 23.79875,
    "epoch27": 23.9023583984375,
    "epoch28": 23.8386767578125,
    "epoch29": 23.87185791015625,
    "epoch30": 23.658232421875,
    "epoch31": 23.5413037109375,
    "epoch32": 23.72423095703125,
    "epoch33": 23.5473046875,
    "epoch34": 23.5168896484375,
    "epoch35": 23.2479345703125,
    "epoch36": 23.1905810546875,
    "epoch37": 23.51276611328125,
    "epoch38": 23.200322265625,
    "epoch39": 23.19584228515625,
    "epoch40": 23.0496240234375,
    "epoch41": 23.05695068359375,
    "epoch42": 23.10259521484375,
    "epoch43": 22.96728759765625,
    "epoch44": 22.768681640625,
    "epoch45": 22.92939453125,
    "epoch46": 22.87369873046875,
    "epoch47": 22.9541748046875,
    "epoch48": 22.64029296875,
    "epoch49": 22.68702880859375,
    "epoch50": 22.79193115234375,
    "epoch51": 22.66300048828125,
    "epoch52": 22.547119140625,
    "epoch53": 22.67431396484375,
    "epoch54": 22.52576904296875,
    "epoch55": 22.48160888671875,
    "epoch56": 22.4721923828125,
    "epoch57": 22.5030810546875,
    "epoch58": 22.4205419921875,
    "epoch59": 22.31736572265625,
    "epoch60": 22.3078466796875,
    "epoch61": 22.39998291015625,
    "epoch62": 22.217568359375,
    "epoch63": 22.211025390625,
    "epoch64": 22.2709765625,
    "epoch65": 22.2853466796875,
    "epoch66": 22.2071044921875,
    "epoch67": 22.19318359375,
    "epoch68": 22.16986572265625,
    "epoch69": 22.437353515625,
    "epoch70": 22.2827880859375,
    "epoch71": 22.07385498046875,
    "epoch72": 22.0120849609375,
    "epoch73": 22.16170166015625,
    "epoch74": 22.11299072265625,
    "epoch75": 22.012607421875,
    "epoch76": 22.07519775390625,
    "epoch77": 21.964658203125,
    "epoch78": 22.0137109375,
    "epoch79": 21.78755859375,
    "epoch80": 21.8594091796875,
    "epoch81": 22.049228515625,
    "epoch82": 22.00345947265625,
    "epoch83": 22.0028369140625,
    "epoch84": 21.84650390625,
    "epoch85": 21.9678759765625,
    "epoch86": 21.68101806640625,
    "epoch87": 21.88818359375,
    "epoch88": 21.93849853515625,
    "epoch89": 21.72701904296875,
    "epoch90": 21.89652099609375,
    "epoch91": 21.571865234375,
    "epoch92": 21.6323828125,
    "epoch93": 21.71591064453125,
    "epoch94": 21.6625927734375,
    "epoch95": 21.7141552734375,
    "epoch96": 21.9640869140625,
    "epoch97": 21.6559423828125,
    "epoch98": 21.52437744140625,
    "epoch99": 21.59835205078125,
    "epoch100": 21.77251953125
}