{
    "epoch1": 84.05745152064732,
    "epoch2": 46.820037841796875,
    "epoch3": 44.62742396763393,
    "epoch4": 42.470511300223215,
    "epoch5": 40.094451904296875,
    "epoch6": 37.852369035993306,
    "epoch7": 35.04564339773996,
    "epoch8": 32.41901070731027,
    "epoch9": 30.517671857561385,
    "epoch10": 28.506587437220983,
    "epoch11": 28.620771135602677,
    "epoch12": 27.191146850585938,
    "epoch13": 26.827244349888392,
    "epoch14": 26.695369175502233,
    "epoch15": 26.26407732282366,
    "epoch16": 25.934971400669642,
    "epoch17": 25.821690150669642,
    "epoch18": 25.72544206891741,
    "epoch19": 25.563871111188615,
    "epoch20": 25.554410661969865,
    "epoch21": 25.628308977399552,
    "epoch22": 25.347865513392858,
    "epoch23": 25.111620221819198,
    "epoch24": 25.12945556640625,
    "epoch25": 25.220454624720983,
    "epoch26": 25.235525948660715,
    "epoch27": 24.738150460379465,
    "epoch28": 24.661719185965403,
    "epoch29": 24.846032278878347,
    "epoch30": 24.539053780691965,
    "epoch31": 24.550340924944198,
    "epoch32": 24.696297781808035,
    "epoch33": 24.303665161132812,
    "epoch34": 24.282302856445312,
    "epoch35": 24.905528477260045,
    "epoch36": 25.258348737444198,
    "epoch37": 24.361751011439733,
    "epoch38": 24.446315220424108,
    "epoch39": 24.24796404157366,
    "epoch40": 24.02868434361049,
    "epoch41": 24.22782244001116,
    "epoch42": 24.097887311662948,
    "epoch43": 24.293855939592635,
    "epoch44": 24.05621337890625,
    "epoch45": 24.016387939453125,
    "epoch46": 23.92165265764509,
    "epoch47": 23.946668352399552,
    "epoch48": 23.81640407017299,
    "epoch49": 23.934494018554688,
    "epoch50": 24.405249459402903,
    "epoch51": 23.868573869977677,
    "epoch52": 23.835235595703125,
    "epoch53": 23.992871965680802,
    "epoch54": 23.814640590122767,
    "epoch55": 23.755126953125,
    "epoch56": 24.044104439871653,
    "epoch57": 23.882152012416295,
    "epoch58": 23.83416748046875,
    "epoch59": 23.84051295689174,
    "epoch60": 23.812861851283483,
    "epoch61": 23.910234723772323,
    "epoch62": 24.075509207589285,
    "epoch63": 23.864571707589285,
    "epoch64": 24.30912344796317,
    "epoch65": 23.89412580217634,
    "epoch66": 23.793186732700892,
    "epoch67": 23.76696995326451,
    "epoch68": 23.71163068498884,
    "epoch69": 24.175888061523438,
    "epoch70": 23.7508544921875,
    "epoch71": 23.687268938337052,
    "epoch72": 23.664563860212052,
    "epoch73": 23.935767037527903,
    "epoch74": 23.917578560965403,
    "epoch75": 23.641381399972097,
    "epoch76": 24.044274466378347,
    "epoch77": 23.932726178850448,
    "epoch78": 23.911414010184153,
    "epoch79": 23.76961190359933,
    "epoch80": 24.054813929966517,
    "epoch81": 23.739972795758927,
    "epoch82": 23.86403547014509,
    "epoch83": 23.766656058175222,
    "epoch84": 23.81288800920759,
    "epoch85": 23.629961286272323,
    "epoch86": 23.704554966517858,
    "epoch87": 23.678240094866073,
    "epoch88": 23.886642456054688,
    "epoch89": 24.188873291015625,
    "epoch90": 23.727190290178573,
    "epoch91": 23.73897225516183,
    "epoch92": 23.69881330217634,
    "epoch93": 23.73325674874442,
    "epoch94": 24.18330819266183,
    "epoch95": 23.977103097098215,
    "epoch96": 23.703543526785715,
    "epoch97": 23.755896432059153,
    "epoch98": 23.61143057686942,
    "epoch99": 23.935217721121653,
    "epoch100": 23.699879237583705
}