{
    "epoch1": 54.14345189144737,
    "epoch2": 39.24839059930099,
    "epoch3": 32.786184210526315,
    "epoch4": 29.436915347450658,
    "epoch5": 27.370120399876644,
    "epoch6": 26.6051025390625,
    "epoch7": 25.74001753957648,
    "epoch8": 25.612322355571546,
    "epoch9": 25.128952829461348,
    "epoch10": 23.749855443050986,
    "epoch11": 23.467832866467926,
    "epoch12": 23.28957166169819,
    "epoch13": 22.78980295281661,
    "epoch14": 22.816970022101152,
    "epoch15": 23.072350752981084,
    "epoch16": 22.52373464483964,
    "epoch17": 22.975499203330592,
    "epoch18": 22.03793656198602,
    "epoch19": 22.707196687397204,
    "epoch20": 21.491063168174342,
    "epoch21": 22.692162764699834,
    "epoch22": 22.58001708984375,
    "epoch23": 22.512451171875,
    "epoch24": 22.1144730417352,
    "epoch25": 21.83385427374589,
    "epoch26": 21.242897435238486,
    "epoch27": 21.996342709189967,
    "epoch28": 21.39609888980263,
    "epoch29": 21.08570139031661,
    "epoch30": 21.63646657843339,
    "epoch31": 21.389047723067435,
    "epoch32": 21.732757568359375,
    "epoch33": 21.819326300370065,
    "epoch34": 22.238022653680098,
    "epoch35": 21.278175755550986,
    "epoch36": 21.368433902138158,
    "epoch37": 20.705568012438324,
    "epoch38": 21.161129600123356,
    "epoch39": 21.528871235094574,
    "epoch40": 20.472773501747533,
    "epoch41": 20.879417017886514,
    "epoch42": 21.272009598581416,
    "epoch43": 20.534494500411185,
    "epoch44": 20.647085089432565,
    "epoch45": 20.69941470497533,
    "epoch46": 20.340992174650495,
    "epoch47": 21.02419722707648,
    "epoch48": 20.67244359066612,
    "epoch49": 20.66249486019737,
    "epoch50": 20.888010125411185,
    "epoch51": 20.45713404605263,
    "epoch52": 20.70779097707648,
    "epoch53": 20.483816046463815,
    "epoch54": 21.050962749280426,
    "epoch55": 20.75678132709704,
    "epoch56": 20.486257452713815,
    "epoch57": 21.31124556692023,
    "epoch58": 20.549984580592106,
    "epoch59": 19.96211001747533,
    "epoch60": 20.212893837376644,
    "epoch61": 20.7705367238898,
    "epoch62": 20.264211554276315,
    "epoch63": 20.346091822574014,
    "epoch64": 20.446753250925166,
    "epoch65": 20.097516511615954,
    "epoch66": 19.84722257915296,
    "epoch67": 20.223976536800986,
    "epoch68": 20.875465794613486,
    "epoch69": 20.420994808799342,
    "epoch70": 19.520957545230264,
    "epoch71": 20.4953902395148,
    "epoch72": 19.6808792917352,
    "epoch73": 19.78832365337171,
    "epoch74": 20.153195029810856,
    "epoch75": 19.821083470394736,
    "epoch76": 20.184459485505755,
    "epoch77": 19.7148726613898,
    "epoch78": 20.125795063219574,
    "epoch79": 20.14851941560444,
    "epoch80": 19.87499196905839,
    "epoch81": 22.546534488075658,
    "epoch82": 20.4775390625,
    "epoch83": 20.69710179379112,
    "epoch84": 19.587649696751644,
    "epoch85": 19.303009033203125,
    "epoch86": 19.783970883018092,
    "epoch87": 19.923723722759046,
    "epoch88": 19.474789268092106,
    "epoch89": 20.02564761513158,
    "epoch90": 19.556100945723685,
    "epoch91": 19.70177419562089,
    "epoch92": 19.71641138980263,
    "epoch93": 19.66348587839227,
    "epoch94": 19.910471062911185,
    "epoch95": 19.961888363486842,
    "epoch96": 19.015771163137334,
    "epoch97": 21.26287199321546,
    "epoch98": 19.9489456979852,
    "epoch99": 19.096087004009046,
    "epoch100": 19.27009984066612
}