{
    "epoch1": 44.89364929199219,
    "epoch2": 36.694775390625,
    "epoch3": 32.00223083496094,
    "epoch4": 28.773431396484376,
    "epoch5": 27.219049072265626,
    "epoch6": 26.07953796386719,
    "epoch7": 26.30224609375,
    "epoch8": 25.17378387451172,
    "epoch9": 25.5797607421875,
    "epoch10": 23.639749145507814,
    "epoch11": 23.634255981445314,
    "epoch12": 22.756808471679687,
    "epoch13": 22.686854553222656,
    "epoch14": 23.048281860351562,
    "epoch15": 22.716343688964844,
    "epoch16": 25.784518432617187,
    "epoch17": 23.744790649414064,
    "epoch18": 23.040254211425783,
    "epoch19": 22.922787475585938,
    "epoch20": 24.270309448242188,
    "epoch21": 22.19291534423828,
    "epoch22": 25.818057250976562,
    "epoch23": 23.331483459472658,
    "epoch24": 21.81342468261719,
    "epoch25": 21.695950317382813,
    "epoch26": 22.541468811035156,
    "epoch27": 21.662779235839842,
    "epoch28": 22.34172668457031,
    "epoch29": 21.780728149414063,
    "epoch30": 21.550767517089845,
    "epoch31": 25.834027099609376,
    "epoch32": 23.52702178955078,
    "epoch33": 22.248149108886718,
    "epoch34": 21.755282592773437,
    "epoch35": 21.764682006835937,
    "epoch36": 22.771453857421875,
    "epoch37": 21.5118408203125,
    "epoch38": 21.58301696777344,
    "epoch39": 22.11443328857422,
    "epoch40": 23.273316955566408,
    "epoch41": 21.820843505859376,
    "epoch42": 21.506745910644533,
    "epoch43": 21.737094116210937,
    "epoch44": 22.767662048339844,
    "epoch45": 21.824806213378906,
    "epoch46": 21.989297485351564,
    "epoch47": 21.68284454345703,
    "epoch48": 21.689459228515624,
    "epoch49": 25.051873779296876,
    "epoch50": 22.992184448242188,
    "epoch51": 21.680348205566407,
    "epoch52": 21.880567932128905,
    "epoch53": 21.49652099609375,
    "epoch54": 22.81856689453125,
    "epoch55": 22.406150817871094,
    "epoch56": 22.128024291992187,
    "epoch57": 22.287030029296876,
    "epoch58": 21.63458251953125,
    "epoch59": 21.065951538085937,
    "epoch60": 23.598226928710936,
    "epoch61": 22.0046142578125,
    "epoch62": 21.082070922851564,
    "epoch63": 21.710060119628906,
    "epoch64": 21.572454833984374,
    "epoch65": 22.70940399169922,
    "epoch66": 21.607637023925783,
    "epoch67": 28.667303466796874,
    "epoch68": 21.966506958007812,
    "epoch69": 23.345591735839843,
    "epoch70": 24.336691284179686,
    "epoch71": 21.81940155029297,
    "epoch72": 23.976620483398438,
    "epoch73": 22.254660034179686,
    "epoch74": 23.24022674560547,
    "epoch75": 23.788003540039064,
    "epoch76": 21.580674743652345,
    "epoch77": 22.69457244873047,
    "epoch78": 21.217208862304688,
    "epoch79": 21.48399963378906,
    "epoch80": 21.484869384765624,
    "epoch81": 26.714382934570313,
    "epoch82": 22.331394958496094,
    "epoch83": 21.407066345214844,
    "epoch84": 21.776765441894533,
    "epoch85": 22.485296630859374,
    "epoch86": 22.808168029785158,
    "epoch87": 21.267227172851562,
    "epoch88": 21.714794921875,
    "epoch89": 21.67911376953125,
    "epoch90": 21.019281005859376,
    "epoch91": 21.524429321289062,
    "epoch92": 22.638584899902344,
    "epoch93": 24.295567321777344,
    "epoch94": 21.244911193847656,
    "epoch95": 20.948187255859374,
    "epoch96": 21.098355102539063,
    "epoch97": 22.254867553710938,
    "epoch98": 22.232012939453124,
    "epoch99": 22.42108917236328,
    "epoch100": 23.921737670898438
}