{
    "epoch1": 0.02675651156998895,
    "epoch2": 0.020387490004025125,
    "epoch3": 0.015087024972739595,
    "epoch4": 0.011472698413180533,
    "epoch5": 0.009217213089060452,
    "epoch6": 0.007461959539257266,
    "epoch7": 0.006000987055745942,
    "epoch8": 0.0048498377479888775,
    "epoch9": 0.003894274752518093,
    "epoch10": 0.003133093392804127,
    "epoch11": 0.0025582141242921352,
    "epoch12": 0.0020536625352515665,
    "epoch13": 0.001686682768329909,
    "epoch14": 0.0013972500142969053,
    "epoch15": 0.0011657773715409417,
    "epoch16": 0.000995364876601983,
    "epoch17": 0.0008690628499068596,
    "epoch18": 0.0007559034371903787,
    "epoch19": 0.0006716528797470448,
    "epoch20": 0.0006114931295289554,
    "epoch21": 0.0005476522244323321,
    "epoch22": 0.000502558697243566,
    "epoch23": 0.0004581260700770481,
    "epoch24": 0.0004191414296251929,
    "epoch25": 0.0003937130486183041,
    "epoch26": 0.0003650304880230343,
    "epoch27": 0.0003370370727174708,
    "epoch28": 0.00032151960719299194,
    "epoch29": 0.00029679381960131987,
    "epoch30": 0.0002818107745110023
}