{
    "epoch1": 79.4480613425926,
    "epoch2": 72.96621817129629,
    "epoch3": 66.30052354600694,
    "epoch4": 63.294718424479164,
    "epoch5": 60.225680881076386,
    "epoch6": 56.5106517650463,
    "epoch7": 53.81706633391204,
    "epoch8": 51.721232096354164,
    "epoch9": 49.758888527199076,
    "epoch10": 47.52284523292824,
    "epoch11": 45.39772316261574,
    "epoch12": 43.520376699942126,
    "epoch13": 42.04942039207176,
    "epoch14": 40.888350875289355,
    "epoch15": 39.40281846788194,
    "epoch16": 38.3140869140625,
    "epoch17": 37.180015281394674,
    "epoch18": 35.88953314887153,
    "epoch19": 34.77959526909722,
    "epoch20": 33.273019296151624,
    "epoch21": 32.369979293258105,
    "epoch22": 31.44586181640625,
    "epoch23": 30.98187255859375,
    "epoch24": 30.00481273509838,
    "epoch25": 29.917154947916668,
    "epoch26": 29.2174072265625,
    "epoch27": 28.70941840277778,
    "epoch28": 28.2696374963831,
    "epoch29": 27.60024685329861,
    "epoch30": 27.041045012297452
}