{
    "epoch1": 134.90203125,
    "epoch2": 129.5498046875,
    "epoch3": 124.163125,
    "epoch4": 120.556703125,
    "epoch5": 116.1927890625,
    "epoch6": 112.561375,
    "epoch7": 108.492046875,
    "epoch8": 106.4715703125,
    "epoch9": 103.44390625,
    "epoch10": 102.4306015625,
    "epoch11": 101.6777578125,
    "epoch12": 99.8605703125,
    "epoch13": 99.803484375,
    "epoch14": 98.579953125,
    "epoch15": 98.0251875,
    "epoch16": 97.93059375,
    "epoch17": 97.6861953125,
    "epoch18": 96.9552109375,
    "epoch19": 97.0628671875,
    "epoch20": 96.21034375,
    "epoch21": 96.735,
    "epoch22": 95.9083984375,
    "epoch23": 95.6677734375,
    "epoch24": 95.2362421875,
    "epoch25": 94.7360078125,
    "epoch26": 94.85421875,
    "epoch27": 94.6431484375,
    "epoch28": 94.3128671875,
    "epoch29": 94.0057109375,
    "epoch30": 94.5034296875
}