{
    "epoch1": 8283.037109375,
    "epoch2": 7324.738932291667,
    "epoch3": 6629.373697916667,
    "epoch4": 6129.9375,
    "epoch5": 5759.989583333333,
    "epoch6": 5498.365885416667,
    "epoch7": 5324.764322916667,
    "epoch8": 5233.4423828125,
    "epoch9": 5193.022786458333,
    "epoch10": 5185.64453125,
    "epoch11": 5178.264973958333,
    "epoch12": 5169.768880208333,
    "epoch13": 5150.033203125,
    "epoch14": 5134.184244791667,
    "epoch15": 5105.519856770833,
    "epoch16": 5082.992513020833,
    "epoch17": 5050.291015625,
    "epoch18": 5022.525065104167,
    "epoch19": 4993.178385416667,
    "epoch20": 4947.19921875,
    "epoch21": 4920.227213541667,
    "epoch22": 4898.66015625,
    "epoch23": 4873.786458333333,
    "epoch24": 4821.021158854167,
    "epoch25": 4795.389322916667,
    "epoch26": 4739.269205729167,
    "epoch27": 4693.361979166667,
    "epoch28": 4665.203776041667,
    "epoch29": 4614.968098958333,
    "epoch30": 4560.2939453125
}