{
    "epoch1": 3337.0,
    "epoch2": 2212.410904255319,
    "epoch3": 1964.1961436170213,
    "epoch4": 1914.7381981382978,
    "epoch5": 1876.462765957447,
    "epoch6": 1853.034408244681,
    "epoch7": 1812.7712765957447,
    "epoch8": 1789.4102393617022,
    "epoch9": 1761.7348736702127,
    "epoch10": 1743.4803856382978,
    "epoch11": 1711.681017287234,
    "epoch12": 1686.2225731382978,
    "epoch13": 1676.3759973404256,
    "epoch14": 1660.7061170212767,
    "epoch15": 1640.623670212766,
    "epoch16": 1627.7132646276596,
    "epoch17": 1610.3173204787233,
    "epoch18": 1598.7230718085107,
    "epoch19": 1586.4370013297873,
    "epoch20": 1571.893783244681,
    "epoch21": 1564.0561835106382,
    "epoch22": 1562.202460106383,
    "epoch23": 1562.837932180851,
    "epoch24": 1545.7280585106382,
    "epoch25": 1543.1924867021276,
    "epoch26": 1528.499335106383,
    "epoch27": 1536.114527925532,
    "epoch28": 1527.2724401595744,
    "epoch29": 1518.8442486702127,
    "epoch30": 1516.645279255319,
    "epoch31": 1512.3583776595744,
    "epoch32": 1504.1043882978724,
    "epoch33": 1504.5420545212767,
    "epoch34": 1508.1043882978724,
    "epoch35": 1499.974734042553,
    "epoch36": 1496.5940824468084,
    "epoch37": 1488.8525598404256,
    "epoch38": 1486.4024268617022,
    "epoch39": 1485.1863364361702,
    "epoch40": 1477.9961768617022,
    "epoch41": 1464.1444481382978,
    "epoch42": 1468.0664893617022,
    "epoch43": 1471.9360039893618,
    "epoch44": 1457.9601063829787,
    "epoch45": 1464.596908244681,
    "epoch46": 1454.345578457447,
    "epoch47": 1460.1579122340424,
    "epoch48": 1461.376329787234,
    "epoch49": 1447.219414893617,
    "epoch50": 1444.7915558510638,
    "epoch51": 1441.1858377659576,
    "epoch52": 1439.001994680851,
    "epoch53": 1438.081449468085,
    "epoch54": 1434.8683510638298,
    "epoch55": 1450.9943484042553,
    "epoch56": 1434.7041223404256,
    "epoch57": 1432.8648603723404,
    "epoch58": 1423.8877992021276,
    "epoch59": 1418.0418882978724,
    "epoch60": 1415.846409574468,
    "epoch61": 1416.967420212766,
    "epoch62": 1410.051529255319,
    "epoch63": 1405.6057180851064,
    "epoch64": 1406.5726396276596,
    "epoch65": 1408.545545212766,
    "epoch66": 1401.465425531915,
    "epoch67": 1406.6304853723404,
    "epoch68": 1401.877659574468,
    "epoch69": 1404.9295212765958,
    "epoch70": 1400.530585106383,
    "epoch71": 1396.6956449468084,
    "epoch72": 1394.5887632978724,
    "epoch73": 1395.9060837765958,
    "epoch74": 1395.7242353723404,
    "epoch75": 1390.9861203457447,
    "epoch76": 1395.9301861702127,
    "epoch77": 1401.5324135638298,
    "epoch78": 1376.811170212766,
    "epoch79": 1382.7255651595744,
    "epoch80": 1389.6918218085107,
    "epoch81": 1375.671210106383,
    "epoch82": 1379.385970744681,
    "epoch83": 1372.4684175531916,
    "epoch84": 1372.0127160904256,
    "epoch85": 1375.34375,
    "epoch86": 1380.194730718085,
    "epoch87": 1369.8063497340424,
    "epoch88": 1366.7456781914893,
    "epoch89": 1379.3114195478724,
    "epoch90": 1362.8999335106382,
    "epoch91": 1358.953789893617,
    "epoch92": 1362.9943484042553,
    "epoch93": 1372.0230219414893,
    "epoch94": 1349.3889627659576,
    "epoch95": 1356.0400598404256,
    "epoch96": 1348.7209940159576,
    "epoch97": 1356.1891622340424,
    "epoch98": 1355.935588430851,
    "epoch99": 1360.5524434840424,
    "epoch100": 1348.1638131648936
}