{
    "epoch1": 0.058698120926107676,
    "epoch2": 0.04741415860397475,
    "epoch3": 0.04463037795254162,
    "epoch4": 0.04186052190405982,
    "epoch5": 0.03920437475400312,
    "epoch6": 0.036165090809975355,
    "epoch7": 0.03314977405326707,
    "epoch8": 0.03020091966858932,
    "epoch9": 0.027574519227658,
    "epoch10": 0.0253546160778829,
    "epoch11": 0.023598644882440567,
    "epoch12": 0.0222904628940991,
    "epoch13": 0.021378293367368833,
    "epoch14": 0.020833802542516162,
    "epoch15": 0.02022538600223405,
    "epoch16": 0.019803208032889024,
    "epoch17": 0.019400172733834813,
    "epoch18": 0.019040457239108428,
    "epoch19": 0.01878933608531952,
    "epoch20": 0.018538923002779484,
    "epoch21": 0.01830417795905045,
    "epoch22": 0.01823248341679573,
    "epoch23": 0.017952632025948594,
    "epoch24": 0.017825708458466188,
    "epoch25": 0.01761919353157282,
    "epoch26": 0.017755764270467416,
    "epoch27": 0.017347540174211775,
    "epoch28": 0.01722978108695575,
    "epoch29": 0.017227196533765112,
    "epoch30": 0.017229973870728697,
    "epoch31": 0.016931650760982717,
    "epoch32": 0.016835997280265604,
    "epoch33": 0.017003001113023077,
    "epoch34": 0.01672646070697478,
    "epoch35": 0.0166931739076972,
    "epoch36": 0.01651927669133459,
    "epoch37": 0.016423308024449006,
    "epoch38": 0.01660465661968504,
    "epoch39": 0.01641752158424684,
    "epoch40": 0.01641679834574461,
    "epoch41": 0.016203797555395534,
    "epoch42": 0.01627314104033368,
    "epoch43": 0.016175791355116025,
    "epoch44": 0.01601399654256446,
    "epoch45": 0.01601238056485142,
    "epoch46": 0.0159562367147633,
    "epoch47": 0.015913014034075395,
    "epoch48": 0.015879315324127674,
    "epoch49": 0.015873060827808722,
    "epoch50": 0.01590778918138572,
    "epoch51": 0.016057616897991726,
    "epoch52": 0.015693657765431062,
    "epoch53": 0.015670207861278738,
    "epoch54": 0.015645182824560573,
    "epoch55": 0.015592923387885094,
    "epoch56": 0.015554969199001789,
    "epoch57": 0.015779854862817695,
    "epoch58": 0.015469771410737718,
    "epoch59": 0.015482623662267412,
    "epoch60": 0.015486502620790685,
    "epoch61": 0.015579297739480222,
    "epoch62": 0.015643568044262274,
    "epoch63": 0.015588137454220228,
    "epoch64": 0.015325116791895457,
    "epoch65": 0.015444796798484666,
    "epoch66": 0.015757137643439428,
    "epoch67": 0.015399978762226445,
    "epoch68": 0.015251788044614452,
    "epoch69": 0.015294218169791358,
    "epoch70": 0.015486088980521475,
    "epoch71": 0.015195906960538455,
    "epoch72": 0.015269915307206767,
    "epoch73": 0.01528709102421999,
    "epoch74": 0.015300658265394824,
    "epoch75": 0.01557432088468756,
    "epoch76": 0.015099898912012577,
    "epoch77": 0.015076804640037673,
    "epoch78": 0.015067403337785177,
    "epoch79": 0.015033813193440437,
    "epoch80": 0.015114005388958114,
    "epoch81": 0.015279285609722137,
    "epoch82": 0.015108679288199969,
    "epoch83": 0.015300832954900605,
    "epoch84": 0.015053703715758664,
    "epoch85": 0.015220848311270987,
    "epoch86": 0.014967344302151884,
    "epoch87": 0.015012135729193687,
    "epoch88": 0.014980180588151728,
    "epoch89": 0.01524873889450516,
    "epoch90": 0.015090202114411764,
    "epoch91": 0.015264612090374743,
    "epoch92": 0.01514751251254763,
    "epoch93": 0.014871462514357907,
    "epoch94": 0.014875965459006173,
    "epoch95": 0.015566229288067137,
    "epoch96": 0.014992467393832547,
    "epoch97": 0.015050906421882766,
    "epoch98": 0.01484888858561005,
    "epoch99": 0.014827035766627108,
    "epoch100": 0.015655614967857088
}