{
    "epoch1": 4754.82370923913,
    "epoch2": 3921.240489130435,
    "epoch3": 3567.3539402173915,
    "epoch4": 3298.101222826087,
    "epoch5": 3073.3692255434785,
    "epoch6": 2918.655910326087,
    "epoch7": 2747.9461616847825,
    "epoch8": 2597.875679347826,
    "epoch9": 2460.51171875,
    "epoch10": 2292.609035326087,
    "epoch11": 2147.739300271739,
    "epoch12": 2081.285835597826,
    "epoch13": 1968.1212635869565,
    "epoch14": 1903.203804347826,
    "epoch15": 1846.3882472826087,
    "epoch16": 1815.5978260869565,
    "epoch17": 1768.077785326087,
    "epoch18": 1737.4442934782608,
    "epoch19": 1672.6616847826087,
    "epoch20": 1631.016304347826,
    "epoch21": 1597.805027173913,
    "epoch22": 1564.5932404891305,
    "epoch23": 1510.1161684782608,
    "epoch24": 1443.6582880434783,
    "epoch25": 1422.095703125,
    "epoch26": 1450.5794836956522,
    "epoch27": 1370.9536345108695,
    "epoch28": 1363.422214673913,
    "epoch29": 1302.059867527174,
    "epoch30": 1231.580078125
}