{
    "epoch1": 5383.0895721925135,
    "epoch2": 4238.299131016042,
    "epoch3": 3625.3054812834225,
    "epoch4": 3308.5902406417113,
    "epoch5": 3090.3342245989306,
    "epoch6": 2917.2032085561495,
    "epoch7": 2733.572526737968,
    "epoch8": 2575.826871657754,
    "epoch9": 2400.4782754010694,
    "epoch10": 2246.062834224599,
    "epoch11": 2128.9542112299464,
    "epoch12": 2012.7541778074867,
    "epoch13": 1908.35310828877,
    "epoch14": 1861.211564171123,
    "epoch15": 1784.6326871657755,
    "epoch16": 1731.3992312834225,
    "epoch17": 1681.6976938502673,
    "epoch18": 1632.3178475935829,
    "epoch19": 1595.1636029411766,
    "epoch20": 1552.9826203208556,
    "epoch21": 1512.6935160427809,
    "epoch22": 1472.889371657754,
    "epoch23": 1445.70939171123,
    "epoch24": 1416.3439171122996,
    "epoch25": 1369.313168449198,
    "epoch26": 1348.0022560160428,
    "epoch27": 1300.4829545454545,
    "epoch28": 1278.6590073529412,
    "epoch29": 1253.9042446524063,
    "epoch30": 1229.9588068181818
}