{
    "epoch1": 0.059385447297245264,
    "epoch2": 0.052827862557023764,
    "epoch3": 0.04479983099736273,
    "epoch4": 0.03684163524303585,
    "epoch5": 0.030844222055748105,
    "epoch6": 0.02768296783324331,
    "epoch7": 0.025805802026297897,
    "epoch8": 0.024944668810348958,
    "epoch9": 0.0240051033324562,
    "epoch10": 0.023401293787173927,
    "epoch11": 0.022926683072000742,
    "epoch12": 0.022714298218488693,
    "epoch13": 0.022093243547715247,
    "epoch14": 0.0219510443857871,
    "epoch15": 0.0217716334736906,
    "epoch16": 0.021184573823120445,
    "epoch17": 0.021040612773504108,
    "epoch18": 0.02081568376161158,
    "epoch19": 0.020521989092230797,
    "epoch20": 0.0207170476205647,
    "epoch21": 0.020198883838020265,
    "epoch22": 0.020340564369689673,
    "epoch23": 0.019962232210673392,
    "epoch24": 0.020446544454898685,
    "epoch25": 0.019641437043901533,
    "epoch26": 0.019386487954761833,
    "epoch27": 0.01920049113687128,
    "epoch28": 0.019139382289722562,
    "epoch29": 0.019220440182834864,
    "epoch30": 0.018810945213772357,
    "epoch31": 0.01871005934663117,
    "epoch32": 0.018716887570917606,
    "epoch33": 0.01897549512796104,
    "epoch34": 0.01839498378103599,
    "epoch35": 0.018403497815597802,
    "epoch36": 0.018312687461730093,
    "epoch37": 0.01820969395339489,
    "epoch38": 0.018105854745954275,
    "epoch39": 0.017949709726963192,
    "epoch40": 0.01783225144026801,
    "epoch41": 0.017810947727411985,
    "epoch42": 0.017741460935212672,
    "epoch43": 0.017558084218762815,
    "epoch44": 0.017797181266359985,
    "epoch45": 0.017530553450342268,
    "epoch46": 0.017736585752572864,
    "epoch47": 0.017274549521971494,
    "epoch48": 0.01731798949185759,
    "epoch49": 0.017178933951072395,
    "epoch50": 0.017083325772546232,
    "epoch51": 0.017031619208864868,
    "epoch52": 0.017082713602576405,
    "epoch53": 0.017774814972653985,
    "epoch54": 0.017310602124780416,
    "epoch55": 0.017580309242475778,
    "epoch56": 0.01705235562985763,
    "epoch57": 0.01702689443482086,
    "epoch58": 0.017027086461894214,
    "epoch59": 0.016739733167923987,
    "epoch60": 0.016859098395798355,
    "epoch61": 0.016550098487641662,
    "epoch62": 0.016491858812514693,
    "epoch63": 0.017060542770195752,
    "epoch64": 0.016451599076390266,
    "epoch65": 0.01655746909091249,
    "epoch66": 0.016955551283899695,
    "epoch67": 0.01633499894523993,
    "epoch68": 0.016475329583045095,
    "epoch69": 0.01636016962584108,
    "epoch70": 0.016189038928132504,
    "epoch71": 0.016438684542663395,
    "epoch72": 0.01615046663209796,
    "epoch73": 0.016087459749542177,
    "epoch74": 0.01665376202436164,
    "epoch75": 0.0160374931874685,
    "epoch76": 0.01637360791210085,
    "epoch77": 0.016104791779071093,
    "epoch78": 0.015998676302842796,
    "epoch79": 0.016372193058487028,
    "epoch80": 0.016095437575131655,
    "epoch81": 0.016279520001262426,
    "epoch82": 0.015812607831321657,
    "epoch83": 0.016099629341624677,
    "epoch84": 0.016079801658634096,
    "epoch85": 0.015966842765919864,
    "epoch86": 0.015787357173394412,
    "epoch87": 0.01580137253040448,
    "epoch88": 0.015725266537629068,
    "epoch89": 0.015710373816546053,
    "epoch90": 0.015999180788639933,
    "epoch91": 0.015727187390439212,
    "epoch92": 0.01597255188971758,
    "epoch93": 0.015824563917703927,
    "epoch94": 0.015532121527940035,
    "epoch95": 0.015784458606503904,
    "epoch96": 0.01566660829121247,
    "epoch97": 0.01590864430181682,
    "epoch98": 0.0157626363215968,
    "epoch99": 0.01581276423530653,
    "epoch100": 0.015519826440140605
}