{
    "epoch1": 49.91025924682617,
    "epoch2": 47.72316360473633,
    "epoch3": 43.80381774902344,
    "epoch4": 40.66802215576172,
    "epoch5": 37.27272033691406,
    "epoch6": 35.555931091308594,
    "epoch7": 32.81198501586914,
    "epoch8": 31.494220733642578,
    "epoch9": 31.357769012451172,
    "epoch10": 31.053455352783203,
    "epoch11": 30.557353973388672,
    "epoch12": 30.106430053710938,
    "epoch13": 30.39312744140625,
    "epoch14": 30.772830963134766,
    "epoch15": 29.484228134155273,
    "epoch16": 29.871030807495117,
    "epoch17": 29.462810516357422,
    "epoch18": 29.374530792236328,
    "epoch19": 29.174713134765625,
    "epoch20": 28.19330596923828,
    "epoch21": 28.559431076049805,
    "epoch22": 28.091394424438477,
    "epoch23": 29.09918785095215,
    "epoch24": 27.85823631286621,
    "epoch25": 28.755821228027344,
    "epoch26": 27.806713104248047,
    "epoch27": 28.089580535888672,
    "epoch28": 27.546083450317383,
    "epoch29": 27.31711196899414,
    "epoch30": 27.451007843017578,
    "epoch31": 27.550687789916992,
    "epoch32": 26.778377532958984,
    "epoch33": 26.705360412597656,
    "epoch34": 27.154930114746094,
    "epoch35": 27.382545471191406,
    "epoch36": 26.580169677734375,
    "epoch37": 26.965801239013672,
    "epoch38": 26.90410041809082,
    "epoch39": 26.967618942260742,
    "epoch40": 26.906417846679688,
    "epoch41": 26.894777297973633,
    "epoch42": 26.252994537353516,
    "epoch43": 26.515260696411133,
    "epoch44": 25.817930221557617,
    "epoch45": 25.866947174072266,
    "epoch46": 25.852859497070312,
    "epoch47": 25.87100601196289,
    "epoch48": 26.20074462890625,
    "epoch49": 25.831430435180664,
    "epoch50": 25.906957626342773,
    "epoch51": 25.624723434448242,
    "epoch52": 25.97959327697754,
    "epoch53": 25.359619140625,
    "epoch54": 25.37773895263672,
    "epoch55": 25.360353469848633,
    "epoch56": 25.16259002685547,
    "epoch57": 26.781875610351562,
    "epoch58": 25.117891311645508,
    "epoch59": 25.97113037109375,
    "epoch60": 25.02466583251953,
    "epoch61": 25.30738067626953,
    "epoch62": 25.441211700439453,
    "epoch63": 24.89121437072754,
    "epoch64": 25.561185836791992,
    "epoch65": 26.20140838623047,
    "epoch66": 27.56498908996582,
    "epoch67": 25.484928131103516,
    "epoch68": 24.81885528564453,
    "epoch69": 25.30294418334961,
    "epoch70": 25.41823959350586,
    "epoch71": 26.474365234375,
    "epoch72": 25.259178161621094,
    "epoch73": 24.82406234741211,
    "epoch74": 27.15085792541504,
    "epoch75": 25.166460037231445,
    "epoch76": 26.678499221801758,
    "epoch77": 25.871105194091797,
    "epoch78": 24.436004638671875,
    "epoch79": 26.40808868408203,
    "epoch80": 25.9669246673584,
    "epoch81": 26.506986618041992,
    "epoch82": 24.61310386657715,
    "epoch83": 26.174592971801758,
    "epoch84": 25.56916046142578,
    "epoch85": 24.16806983947754,
    "epoch86": 25.04128646850586,
    "epoch87": 25.3111572265625,
    "epoch88": 24.82131576538086,
    "epoch89": 24.049331665039062,
    "epoch90": 24.55425453186035,
    "epoch91": 24.326200485229492,
    "epoch92": 24.07535743713379,
    "epoch93": 25.727006912231445,
    "epoch94": 24.57696533203125,
    "epoch95": 25.474334716796875,
    "epoch96": 24.37940216064453,
    "epoch97": 26.306827545166016,
    "epoch98": 25.85196876525879,
    "epoch99": 26.059473037719727,
    "epoch100": 24.308500289916992
}