{
    "epoch1": 0.046629238092610915,
    "epoch2": 0.034704331428773945,
    "epoch3": 0.029256646130834858,
    "epoch4": 0.024176375219418157,
    "epoch5": 0.01943435604053159,
    "epoch6": 0.01514935166004204,
    "epoch7": 0.012054680471098232,
    "epoch8": 0.009862781592434453,
    "epoch9": 0.008337136470682679,
    "epoch10": 0.007145198339956903,
    "epoch11": 0.006189793205609725,
    "epoch12": 0.005373671410545226,
    "epoch13": 0.004677989813048513,
    "epoch14": 0.004057117279679064,
    "epoch15": 0.0035937102586631815,
    "epoch16": 0.00305921777016333,
    "epoch17": 0.0026576629907433544,
    "epoch18": 0.0023145255099441256,
    "epoch19": 0.0019927798965645414,
    "epoch20": 0.0017393484501348388,
    "epoch21": 0.0015315807409464351,
    "epoch22": 0.0013576611940328393,
    "epoch23": 0.0012241343370518617,
    "epoch24": 0.001101714326068759,
    "epoch25": 0.0009899130297614442,
    "epoch26": 0.0009109024784617847,
    "epoch27": 0.000834168343346626,
    "epoch28": 0.0007769230071590432,
    "epoch29": 0.0007178097270474198,
    "epoch30": 0.000672336618017946
}