{
    "epoch1": 89.1942650579637,
    "epoch2": 81.28050182711694,
    "epoch3": 78.19599766885081,
    "epoch4": 74.59200163810483,
    "epoch5": 69.9585669732863,
    "epoch6": 64.2273461126512,
    "epoch7": 59.11714812247984,
    "epoch8": 56.36384041078629,
    "epoch9": 55.42565524193548,
    "epoch10": 54.34033203125,
    "epoch11": 53.2559814453125,
    "epoch12": 51.954400831653224,
    "epoch13": 50.701601089969756,
    "epoch14": 48.780619959677416,
    "epoch15": 47.89859501008065,
    "epoch16": 46.142479681199596,
    "epoch17": 44.65756127142137,
    "epoch18": 43.34586457283266,
    "epoch19": 41.635033392137096,
    "epoch20": 40.79923765120968,
    "epoch21": 39.757308467741936,
    "epoch22": 38.77418173513105,
    "epoch23": 37.54918252268145,
    "epoch24": 36.69865958921371,
    "epoch25": 35.82124180947581,
    "epoch26": 35.15873865927419,
    "epoch27": 34.37552765877016,
    "epoch28": 33.86059964087702,
    "epoch29": 33.26724341607863,
    "epoch30": 32.78065146169355
}