{
    "epoch1": 101.34109375,
    "epoch2": 82.32759375,
    "epoch3": 78.005546875,
    "epoch4": 74.6081328125,
    "epoch5": 70.5956640625,
    "epoch6": 64.48995703125,
    "epoch7": 58.4827421875,
    "epoch8": 55.10083984375,
    "epoch9": 54.04963671875,
    "epoch10": 53.16517578125,
    "epoch11": 52.18978515625,
    "epoch12": 51.270203125,
    "epoch13": 49.354046875,
    "epoch14": 47.69259765625,
    "epoch15": 45.65768359375,
    "epoch16": 43.83146875,
    "epoch17": 42.2510625,
    "epoch18": 40.76728515625,
    "epoch19": 39.20966015625,
    "epoch20": 38.02990234375,
    "epoch21": 36.87771875,
    "epoch22": 36.03392578125,
    "epoch23": 35.19066015625,
    "epoch24": 34.156921875,
    "epoch25": 33.529453125,
    "epoch26": 32.91845703125,
    "epoch27": 32.487091796875,
    "epoch28": 31.903833984375,
    "epoch29": 31.451732421875,
    "epoch30": 31.00442578125
}