{
    "epoch1": 0.00015833315515192226,
    "epoch2": 0.00013138996390625834,
    "epoch3": 0.00011379648905131035,
    "epoch4": 0.00010345797314948868,
    "epoch5": 9.800518058364105e-05,
    "epoch6": 9.546368091469048e-05,
    "epoch7": 9.434817406327056e-05,
    "epoch8": 9.38086127389397e-05,
    "epoch9": 9.350560774146289e-05,
    "epoch10": 9.327762984321452e-05,
    "epoch11": 9.307334326604178e-05,
    "epoch12": 9.288555484545214e-05,
    "epoch13": 9.268611290553963e-05,
    "epoch14": 9.253770812756556e-05,
    "epoch15": 9.238537126020674e-05,
    "epoch16": 9.222048912761238e-05,
    "epoch17": 9.212426763770054e-05,
    "epoch18": 9.199581826305802e-05,
    "epoch19": 9.181897400867456e-05,
    "epoch20": 9.170510905005358e-05,
    "epoch21": 9.162156432194025e-05,
    "epoch22": 9.158639724682871e-05,
    "epoch23": 9.150503264845611e-05,
    "epoch24": 9.138574607368355e-05,
    "epoch25": 9.132739704364212e-05,
    "epoch26": 9.129210826085909e-05,
    "epoch27": 9.121846640027797e-05,
    "epoch28": 9.112793122494622e-05,
    "epoch29": 9.108023233147833e-05,
    "epoch30": 9.102917857853754e-05
}