{
    "epoch1": 112.07601436491936,
    "epoch2": 104.8862540952621,
    "epoch3": 102.22500315020162,
    "epoch4": 98.3735587827621,
    "epoch5": 99.74384135584677,
    "epoch6": 97.819091796875,
    "epoch7": 95.82858177923387,
    "epoch8": 93.76368762600806,
    "epoch9": 93.406005859375,
    "epoch10": 92.4669701360887,
    "epoch11": 93.06896578881049,
    "epoch12": 91.76176600302419,
    "epoch13": 92.21110288558468,
    "epoch14": 93.00670992943549,
    "epoch15": 91.50085055443549,
    "epoch16": 90.78450258316532,
    "epoch17": 90.63365517893145,
    "epoch18": 90.7561271421371,
    "epoch19": 90.6163841985887,
    "epoch20": 89.85190902217742,
    "epoch21": 90.00428427419355,
    "epoch22": 89.39009734122983,
    "epoch23": 89.12894562752017,
    "epoch24": 89.24763734879032,
    "epoch25": 88.97640498991936,
    "epoch26": 89.49888167842742,
    "epoch27": 90.12332251764113,
    "epoch28": 88.50897019909274,
    "epoch29": 91.00885206653226,
    "epoch30": 88.5758568548387
}