{
    "epoch1": 0.056444619264867574,
    "epoch2": 0.04503006053467592,
    "epoch3": 0.03617792514463266,
    "epoch4": 0.029623485687706206,
    "epoch5": 0.02530884018374814,
    "epoch6": 0.022766780625614855,
    "epoch7": 0.021319886359075706,
    "epoch8": 0.02039865114622646,
    "epoch9": 0.019648708817031648,
    "epoch10": 0.01891396753489971,
    "epoch11": 0.01812232792791393,
    "epoch12": 0.017359042540192604,
    "epoch13": 0.016605256746212643,
    "epoch14": 0.015862151980400085,
    "epoch15": 0.01511343340906832,
    "epoch16": 0.01433548993534512,
    "epoch17": 0.013563469776676761,
    "epoch18": 0.012816369016137388,
    "epoch19": 0.012121495583819019,
    "epoch20": 0.011482796528273158,
    "epoch21": 0.010887195407930348,
    "epoch22": 0.010354515113350417,
    "epoch23": 0.009843430326630672,
    "epoch24": 0.009346776227984164,
    "epoch25": 0.00894811630455984,
    "epoch26": 0.008566267374489043,
    "epoch27": 0.008203671520782841,
    "epoch28": 0.00787108489829633,
    "epoch29": 0.007554950865192546,
    "epoch30": 0.007300570917626222
}