{
    "epoch1": 0.02764592420023221,
    "epoch2": 0.019018196142636813,
    "epoch3": 0.014426569239451336,
    "epoch4": 0.012835798104508566,
    "epoch5": 0.012178897929306213,
    "epoch6": 0.011894947562653285,
    "epoch7": 0.011586470421976768,
    "epoch8": 0.010976620197582703,
    "epoch9": 0.010691051801236777,
    "epoch10": 0.010556882712990046,
    "epoch11": 0.010309877948692212,
    "epoch12": 0.010126711191752782,
    "epoch13": 0.010063925793824287,
    "epoch14": 0.009796700511987392,
    "epoch15": 0.009592697060165497,
    "epoch16": 0.009991033540035669,
    "epoch17": 0.00956886949447485,
    "epoch18": 0.009328534110234333,
    "epoch19": 0.009193946643231006,
    "epoch20": 0.009063070066846333,
    "epoch21": 0.009144549616254292,
    "epoch22": 0.009289619512856007,
    "epoch23": 0.008754536509513855,
    "epoch24": 0.00912219973710867,
    "epoch25": 0.008963600589105716,
    "epoch26": 0.008851085180559983,
    "epoch27": 0.008676434132771997,
    "epoch28": 0.008564188915233199,
    "epoch29": 0.008360785306789555,
    "epoch30": 0.008912443469923276,
    "epoch31": 0.008378330868883775,
    "epoch32": 0.008209269117707243,
    "epoch33": 0.008166842377529694,
    "epoch34": 0.00820062284429486,
    "epoch35": 0.009326127608521627,
    "epoch36": 0.009022444164237151,
    "epoch37": 0.008159762140936576,
    "epoch38": 0.008373882012585035,
    "epoch39": 0.008058603709706893,
    "epoch40": 0.008024434738147717,
    "epoch41": 0.008252671669022394,
    "epoch42": 0.008176732432240477,
    "epoch43": 0.00948932061258417,
    "epoch44": 0.008004148365356602,
    "epoch45": 0.008121641370682763,
    "epoch46": 0.007934128131287603,
    "epoch47": 0.007993425887364607,
    "epoch48": 0.007981873726328978,
    "epoch49": 0.008086509805602523,
    "epoch50": 0.007744420427255905,
    "epoch51": 0.007841771325239768,
    "epoch52": 0.007921735326258035,
    "epoch53": 0.00797762401187076,
    "epoch54": 0.008139137250299636,
    "epoch55": 0.007712291840177316,
    "epoch56": 0.007887023859299146,
    "epoch57": 0.00803157022724358,
    "epoch58": 0.007701890775933862,
    "epoch59": 0.007632168959109829,
    "epoch60": 0.007844916759775234,
    "epoch61": 0.007541078501022779,
    "epoch62": 0.007843896030233456,
    "epoch63": 0.007828534724047551,
    "epoch64": 0.0077172109785561376,
    "epoch65": 0.007713151021072498,
    "epoch66": 0.007868118512515839,
    "epoch67": 0.00821630828655683,
    "epoch68": 0.007885084953159094,
    "epoch69": 0.0076740175091589875,
    "epoch70": 0.007626789138437464,
    "epoch71": 0.0075680780797623675,
    "epoch72": 0.007595665555877181,
    "epoch73": 0.007556183568130319,
    "epoch74": 0.007730927210874283,
    "epoch75": 0.007495500845834613,
    "epoch76": 0.007558436723999106,
    "epoch77": 0.007462486732178009,
    "epoch78": 0.007865711957072983,
    "epoch79": 0.00767398623821254,
    "epoch80": 0.007796842336224822,
    "epoch81": 0.00759473260348806,
    "epoch82": 0.007512879307166888,
    "epoch83": 0.007710450543807103,
    "epoch84": 0.007932914743343225,
    "epoch85": 0.007590453462818494,
    "epoch86": 0.007699047680944204,
    "epoch87": 0.007763253847280374,
    "epoch88": 0.007477688871753903,
    "epoch89": 0.007469019798848491,
    "epoch90": 0.00846870530110139,
    "epoch91": 0.007425080053508282,
    "epoch92": 0.007578116250582612,
    "epoch93": 0.007508050256337111,
    "epoch94": 0.007570234718374335,
    "epoch95": 0.007972823473839806,
    "epoch96": 0.007354579615191772,
    "epoch97": 0.008574273043240491,
    "epoch98": 0.00736168553479589,
    "epoch99": 0.007846807595342398,
    "epoch100": 0.007439719692159157
}