{
    "epoch1": 47.89418381911058,
    "epoch2": 41.26216008112981,
    "epoch3": 35.18482853816106,
    "epoch4": 31.12280038686899,
    "epoch5": 29.828782301682693,
    "epoch6": 28.593111478365383,
    "epoch7": 27.888218806340145,
    "epoch8": 27.45012958233173,
    "epoch9": 27.73511446439303,
    "epoch10": 26.94807551457332,
    "epoch11": 26.410426213191105,
    "epoch12": 26.03197772686298,
    "epoch13": 26.03369610126202,
    "epoch14": 25.165550818810097,
    "epoch15": 25.09075692983774,
    "epoch16": 27.44202599158654,
    "epoch17": 25.220487154447117,
    "epoch18": 24.37853534405048,
    "epoch19": 24.312697190504807,
    "epoch20": 24.21338594876803,
    "epoch21": 24.969571627103367,
    "epoch22": 24.459984412560097,
    "epoch23": 23.72828087439904,
    "epoch24": 25.759922907902645,
    "epoch25": 25.04206965519832,
    "epoch26": 23.77556668795072,
    "epoch27": 23.79216590294471,
    "epoch28": 22.84217951847957,
    "epoch29": 22.852186936598557,
    "epoch30": 25.707789494441105,
    "epoch31": 22.76484797551082,
    "epoch32": 23.02348914513221,
    "epoch33": 22.54078322190505,
    "epoch34": 22.75139911358173,
    "epoch35": 26.908921461838943,
    "epoch36": 26.44715294471154,
    "epoch37": 21.881737342247597,
    "epoch38": 22.79278799203726,
    "epoch39": 22.03967989408053,
    "epoch40": 21.80469454251803,
    "epoch41": 23.64135976938101,
    "epoch42": 22.254657451923077,
    "epoch43": 25.90845665564904,
    "epoch44": 21.95203340970553,
    "epoch45": 22.838723989633415,
    "epoch46": 21.572678786057693,
    "epoch47": 21.87858464167668,
    "epoch48": 21.46112764798678,
    "epoch49": 21.86956317608173,
    "epoch50": 21.56048818734976,
    "epoch51": 21.95197002704327,
    "epoch52": 21.19580312875601,
    "epoch53": 22.10973416841947,
    "epoch54": 21.88153310922476,
    "epoch55": 21.1886479304387,
    "epoch56": 21.780677208533653,
    "epoch57": 22.66136052058293,
    "epoch58": 20.835158128004807,
    "epoch59": 21.685213529146633,
    "epoch60": 21.86875798152043,
    "epoch61": 20.903456467848557,
    "epoch62": 20.9581298828125,
    "epoch63": 20.90038592998798,
    "epoch64": 21.343902587890625,
    "epoch65": 21.516580434945915,
    "epoch66": 21.787250225360577,
    "epoch67": 21.782008244441105,
    "epoch68": 23.189981313852165,
    "epoch69": 20.923316368689903,
    "epoch70": 22.381382868840145,
    "epoch71": 21.013284536508415,
    "epoch72": 21.056077223557693,
    "epoch73": 21.73567317082332,
    "epoch74": 20.88008235051082,
    "epoch75": 20.57105665940505,
    "epoch76": 21.1171875,
    "epoch77": 21.192110501802883,
    "epoch78": 21.9326664851262,
    "epoch79": 20.532738318810097,
    "epoch80": 21.31707294170673,
    "epoch81": 20.739354060246395,
    "epoch82": 20.193077674278847,
    "epoch83": 21.18604219876803,
    "epoch84": 20.5342524601863,
    "epoch85": 21.3053471491887,
    "epoch86": 21.4447749211238,
    "epoch87": 20.48650418795072,
    "epoch88": 20.75390625,
    "epoch89": 20.904684213491585,
    "epoch90": 24.387364314152645,
    "epoch91": 20.679288423978367,
    "epoch92": 21.21661376953125,
    "epoch93": 20.84313025841346,
    "epoch94": 20.51545832707332,
    "epoch95": 21.163959209735577,
    "epoch96": 20.1637690617488,
    "epoch97": 24.75658475435697,
    "epoch98": 20.31188025841346,
    "epoch99": 21.509620079627403,
    "epoch100": 21.692359337439903
}