{
    "epoch1": 0.0434917249949649,
    "epoch2": 0.03618457855191082,
    "epoch3": 0.028303478728048503,
    "epoch4": 0.022269922134000808,
    "epoch5": 0.019619991653598845,
    "epoch6": 0.017996182141359895,
    "epoch7": 0.017348576511722058,
    "epoch8": 0.01692153891781345,
    "epoch9": 0.016612156352493912,
    "epoch10": 0.016347625816706568,
    "epoch11": 0.016076518106274307,
    "epoch12": 0.015886797453276813,
    "epoch13": 0.015573692275211215,
    "epoch14": 0.015364600578323007,
    "epoch15": 0.015115845279069617,
    "epoch16": 0.01503297925228253,
    "epoch17": 0.01471178000792861,
    "epoch18": 0.014595874934457242,
    "epoch19": 0.01437973923748359,
    "epoch20": 0.014265433768741786,
    "epoch21": 0.01421405072323978,
    "epoch22": 0.013988181308377534,
    "epoch23": 0.013911764894146472,
    "epoch24": 0.014060738903935999,
    "epoch25": 0.013855564931873232,
    "epoch26": 0.013564610329922289,
    "epoch27": 0.013489690405549482,
    "epoch28": 0.013234806421678513,
    "epoch29": 0.01349596818909049,
    "epoch30": 0.01298615091945976,
    "epoch31": 0.012952362943906337,
    "epoch32": 0.012979223858565092,
    "epoch33": 0.01299626610125415,
    "epoch34": 0.012672102340729907,
    "epoch35": 0.012724767613690346,
    "epoch36": 0.012597784749232233,
    "epoch37": 0.012522009521489963,
    "epoch38": 0.0124675847182516,
    "epoch39": 0.012400215317029506,
    "epoch40": 0.0125212122220546,
    "epoch41": 0.01249267760431394,
    "epoch42": 0.012245535559486598,
    "epoch43": 0.012447142333257943,
    "epoch44": 0.01234178658341989,
    "epoch45": 0.012153550836956128,
    "epoch46": 0.012188265973236412,
    "epoch47": 0.01213422289583832,
    "epoch48": 0.012262340896995738,
    "epoch49": 0.011990804894594476,
    "epoch50": 0.012370260141324252,
    "epoch51": 0.012030829821014777,
    "epoch52": 0.012117189646232873,
    "epoch53": 0.01213580829789862,
    "epoch54": 0.011899055272806436,
    "epoch55": 0.012088473449693993,
    "epoch56": 0.011800615291576833,
    "epoch57": 0.011959321942413226,
    "epoch58": 0.011724653741111979,
    "epoch59": 0.011880639824084938,
    "epoch60": 0.011731091333786026,
    "epoch61": 0.011921161989448592,
    "epoch62": 0.011855675984406844,
    "epoch63": 0.011802588298451155,
    "epoch64": 0.011993564141448587,
    "epoch65": 0.011644430865999311,
    "epoch66": 0.012217114039231092,
    "epoch67": 0.011576618620892987,
    "epoch68": 0.011483539419714361,
    "epoch69": 0.011557535908650607,
    "epoch70": 0.01156263446318917,
    "epoch71": 0.011617513868259266,
    "epoch72": 0.01159823828493245,
    "epoch73": 0.011685204837704077,
    "epoch74": 0.01154078496620059,
    "epoch75": 0.011509135452797636,
    "epoch76": 0.011628158012172207,
    "epoch77": 0.011563680454855785,
    "epoch78": 0.011413556698244065,
    "epoch79": 0.011496642779093236,
    "epoch80": 0.011456217180239037,
    "epoch81": 0.01171618836815469,
    "epoch82": 0.011330527137033641,
    "epoch83": 0.011371464323019609,
    "epoch84": 0.011991305596893653,
    "epoch85": 0.011326529900543392,
    "epoch86": 0.011333009111694992,
    "epoch87": 0.011263988009886816,
    "epoch88": 0.01165619248058647,
    "epoch89": 0.011341515026288107,
    "epoch90": 0.01124557710136287,
    "epoch91": 0.011274692660663277,
    "epoch92": 0.011270870425505564,
    "epoch93": 0.011481909110443667,
    "epoch94": 0.011265207111136988,
    "epoch95": 0.011413244646973908,
    "epoch96": 0.011216057377168909,
    "epoch97": 0.011318907578242943,
    "epoch98": 0.011540585866896436,
    "epoch99": 0.011202504654647782,
    "epoch100": 0.011178550368640572
}