{
    "epoch1": 199.350453125,
    "epoch2": 187.6474375,
    "epoch3": 164.29646875,
    "epoch4": 144.934140625,
    "epoch5": 136.862328125,
    "epoch6": 131.0149609375,
    "epoch7": 127.744875,
    "epoch8": 125.7435234375,
    "epoch9": 123.785921875,
    "epoch10": 121.9983515625,
    "epoch11": 120.2561640625,
    "epoch12": 118.19975,
    "epoch13": 116.37634375,
    "epoch14": 114.1600390625,
    "epoch15": 112.4822109375,
    "epoch16": 110.480546875,
    "epoch17": 109.0692734375,
    "epoch18": 107.3164296875,
    "epoch19": 105.7404375,
    "epoch20": 104.6414921875,
    "epoch21": 103.33278125,
    "epoch22": 102.103734375,
    "epoch23": 101.2433984375,
    "epoch24": 99.9845078125,
    "epoch25": 99.187109375,
    "epoch26": 97.975421875,
    "epoch27": 97.2754140625,
    "epoch28": 96.4924765625,
    "epoch29": 95.9748828125,
    "epoch30": 95.7581640625
}