{
    "epoch1": 0.43034680597127056,
    "epoch2": 0.4661496110236683,
    "epoch3": 0.4969310014963912,
    "epoch4": 0.5115499228905565,
    "epoch5": 0.5190275260053885,
    "epoch6": 0.5223965956665837,
    "epoch7": 0.5297673513142827,
    "epoch8": 0.5431977792288929,
    "epoch9": 0.5518916017902545,
    "epoch10": 0.5468624895944382,
    "epoch11": 0.5539401220247007,
    "epoch12": 0.5535385681036562,
    "epoch13": 0.5570198238467257,
    "epoch14": 0.5604953784912158,
    "epoch15": 0.5642050152388625,
    "epoch16": 0.5594862543355924,
    "epoch17": 0.5676758775886256,
    "epoch18": 0.563474276195319,
    "epoch19": 0.5676355285766407,
    "epoch20": 0.5655895037868153
}