{
    "epoch1": 0.3245667802558417,
    "epoch2": 0.42103239962555855,
    "epoch3": 0.4559738032057433,
    "epoch4": 0.48136315561034937,
    "epoch5": 0.49744116813802447,
    "epoch6": 0.5136238019377165,
    "epoch7": 0.5297647123430603,
    "epoch8": 0.5400476285798078,
    "epoch9": 0.553503465038496,
    "epoch10": 0.5600214674163154,
    "epoch11": 0.5714044866085968,
    "epoch12": 0.5814364371071697,
    "epoch13": 0.5879686119765406,
    "epoch14": 0.5995778114995511,
    "epoch15": 0.605057063921857,
    "epoch16": 0.6151595850137282,
    "epoch17": 0.6199286366531045,
    "epoch18": 0.6297284933671079,
    "epoch19": 0.6362676776835954,
    "epoch20": 0.6404028859988131
}