{
    "epoch1": 0.0006096167315263301,
    "epoch2": 0.0005665976228192448,
    "epoch3": 0.0005259973549982533,
    "epoch4": 0.00048744945554062723,
    "epoch5": 0.0004509551852243021,
    "epoch6": 0.0004161699418909848,
    "epoch7": 0.00038309708004817365,
    "epoch8": 0.00035169649869203567,
    "epoch9": 0.00032184604904614386,
    "epoch10": 0.00029320156027097256,
    "epoch11": 0.0002660184496198781,
    "epoch12": 0.00024021465273108334,
    "epoch13": 0.00021561915462370963,
    "epoch14": 0.00019229487923439593,
    "epoch15": 0.00017031573952408507,
    "epoch16": 0.00014974144854932092,
    "epoch17": 0.00013047666609054432,
    "epoch18": 0.00011270616188994608,
    "epoch19": 9.64027205191087e-05,
    "epoch20": 8.16363964258926e-05,
    "epoch21": 6.846968710306101e-05,
    "epoch22": 5.687479868356604e-05,
    "epoch23": 4.688717363023898e-05,
    "epoch24": 3.841836860374315e-05,
    "epoch25": 3.145788219626411e-05,
    "epoch26": 2.5849490921245888e-05,
    "epoch27": 2.145050186300068e-05,
    "epoch28": 1.810260920137807e-05,
    "epoch29": 1.5621462589479053e-05,
    "epoch30": 1.3869888425688259e-05
}