{
    "epoch1": 200.0,
    "epoch2": 200.0,
    "epoch3": 200.0,
    "epoch4": 200.0,
    "epoch5": 200.0,
    "epoch6": 200.0,
    "epoch7": 200.0,
    "epoch8": 200.0,
    "epoch9": 200.0,
    "epoch10": 200.0,
    "epoch11": 200.0,
    "epoch12": 200.0,
    "epoch13": 200.0,
    "epoch14": 200.0,
    "epoch15": 200.0,
    "epoch16": 200.0,
    "epoch17": 200.0,
    "epoch18": 200.0,
    "epoch19": 200.0,
    "epoch20": 199.86646484375,
    "epoch21": 199.64396484375,
    "epoch22": 198.83125,
    "epoch23": 197.75626953125,
    "epoch24": 194.71244140625,
    "epoch25": 191.89169921875,
    "epoch26": 188.4137109375,
    "epoch27": 183.06380859375,
    "epoch28": 178.20296875,
    "epoch29": 171.0167578125,
    "epoch30": 164.8978515625
}