{
    "epoch1": 0.0001548407862719614,
    "epoch2": 0.0001487227536563296,
    "epoch3": 0.00014426147856283933,
    "epoch4": 0.0001414177216065582,
    "epoch5": 0.00013948230582172983,
    "epoch6": 0.00013802421934087762,
    "epoch7": 0.0001370828101062216,
    "epoch8": 0.00013624800951220095,
    "epoch9": 0.00013571783631050494,
    "epoch10": 0.00013529932475648821,
    "epoch11": 0.00013486716539773625,
    "epoch12": 0.00013466722768498585,
    "epoch13": 0.00013441029994282872,
    "epoch14": 0.0001341992626839783,
    "epoch15": 0.00013392224784183781,
    "epoch16": 0.00013373233276070095,
    "epoch17": 0.00013360833429032937,
    "epoch18": 0.00013341182777367065,
    "epoch19": 0.00013322013146535027,
    "epoch20": 0.00013303026906214655,
    "epoch21": 0.0001329366555728484,
    "epoch22": 0.00013274636563437525,
    "epoch23": 0.00013262661726912484,
    "epoch24": 0.00013242116932815406,
    "epoch25": 0.00013235537036962341,
    "epoch26": 0.0001321535571332788,
    "epoch27": 0.00013200265020714143,
    "epoch28": 0.00013183452014345676,
    "epoch29": 0.0001316939267417183,
    "epoch30": 0.00013152919549611397
}