{
    "epoch1": 1530.926875,
    "epoch2": 1487.9315625,
    "epoch3": 1446.1528125,
    "epoch4": 1416.79734375,
    "epoch5": 1394.13296875,
    "epoch6": 1374.31640625,
    "epoch7": 1358.3553125,
    "epoch8": 1344.54875,
    "epoch9": 1334.49609375,
    "epoch10": 1327.15125,
    "epoch11": 1318.28328125,
    "epoch12": 1316.15546875,
    "epoch13": 1312.39828125,
    "epoch14": 1309.156875,
    "epoch15": 1305.270703125,
    "epoch16": 1300.8084375,
    "epoch17": 1305.03640625,
    "epoch18": 1300.53390625,
    "epoch19": 1298.80828125,
    "epoch20": 1295.497109375,
    "epoch21": 1295.9303125,
    "epoch22": 1293.013203125,
    "epoch23": 1292.635,
    "epoch24": 1291.372265625,
    "epoch25": 1293.439375,
    "epoch26": 1294.32875,
    "epoch27": 1293.722265625,
    "epoch28": 1290.56984375,
    "epoch29": 1288.65125,
    "epoch30": 1286.375703125
}