{
    "epoch1": 1473.044375,
    "epoch2": 1429.5575,
    "epoch3": 1389.90375,
    "epoch4": 1358.6271875,
    "epoch5": 1332.78453125,
    "epoch6": 1310.9371875,
    "epoch7": 1296.08875,
    "epoch8": 1281.68484375,
    "epoch9": 1272.36609375,
    "epoch10": 1264.78,
    "epoch11": 1256.18625,
    "epoch12": 1253.874375,
    "epoch13": 1249.74859375,
    "epoch14": 1247.37609375,
    "epoch15": 1241.815,
    "epoch16": 1239.935390625,
    "epoch17": 1240.483515625,
    "epoch18": 1238.048046875,
    "epoch19": 1235.45953125,
    "epoch20": 1233.054765625,
    "epoch21": 1234.719609375,
    "epoch22": 1232.083046875,
    "epoch23": 1232.76984375,
    "epoch24": 1229.940234375,
    "epoch25": 1232.68671875,
    "epoch26": 1229.600078125,
    "epoch27": 1228.892265625,
    "epoch28": 1226.84375,
    "epoch29": 1226.27296875,
    "epoch30": 1223.77859375
}