{
    "epoch1": 0.03444957497219245,
    "epoch2": 0.027417384336392084,
    "epoch3": 0.023678514485557873,
    "epoch4": 0.019909382859865824,
    "epoch5": 0.016729174181818962,
    "epoch6": 0.014220304787158966,
    "epoch7": 0.01228778442988793,
    "epoch8": 0.010578327098240454,
    "epoch9": 0.00918762544170022,
    "epoch10": 0.007913007494062185,
    "epoch11": 0.006962391920387745,
    "epoch12": 0.006107675346235434,
    "epoch13": 0.005383147858083248,
    "epoch14": 0.004778512784590324,
    "epoch15": 0.004301829884449641,
    "epoch16": 0.003856071177870035,
    "epoch17": 0.0034869071561843155,
    "epoch18": 0.0031767945969477297,
    "epoch19": 0.002948804455809295,
    "epoch20": 0.002636334028405448,
    "epoch21": 0.002399978848795096,
    "epoch22": 0.0021917905580873293,
    "epoch23": 0.00202766724396497,
    "epoch24": 0.0018607171640420952,
    "epoch25": 0.0016995317807110648,
    "epoch26": 0.0015666591818444431,
    "epoch27": 0.0014513214079973598,
    "epoch28": 0.0013422166851038734,
    "epoch29": 0.0012366953073069454,
    "epoch30": 0.0011413225477250914
}