{
    "epoch1": 87.50542805989583,
    "epoch2": 83.06526692708333,
    "epoch3": 80.39972330729167,
    "epoch4": 76.45791829427084,
    "epoch5": 71.7857177734375,
    "epoch6": 68.3638671875,
    "epoch7": 63.692692057291666,
    "epoch8": 63.12876790364583,
    "epoch9": 61.623433430989586,
    "epoch10": 57.312251790364584,
    "epoch11": 57.61339518229167,
    "epoch12": 56.74881184895833,
    "epoch13": 54.80927734375,
    "epoch14": 53.97586669921875,
    "epoch15": 53.40030110677083,
    "epoch16": 52.5999755859375,
    "epoch17": 51.84532470703125,
    "epoch18": 51.84003499348958,
    "epoch19": 50.716121419270834,
    "epoch20": 49.294091796875,
    "epoch21": 48.54209798177083,
    "epoch22": 47.57260335286458,
    "epoch23": 46.32682698567708,
    "epoch24": 45.925394694010414,
    "epoch25": 44.98649495442708,
    "epoch26": 43.73454182942708,
    "epoch27": 43.94520670572917,
    "epoch28": 43.03214925130208,
    "epoch29": 41.164432779947916,
    "epoch30": 40.163203938802084
}