{
    "epoch1": 3056.123291015625,
    "epoch2": 2832.516357421875,
    "epoch3": 2611.7119140625,
    "epoch4": 2352.12451171875,
    "epoch5": 2116.02099609375,
    "epoch6": 2150.04443359375,
    "epoch7": 2003.132080078125,
    "epoch8": 2003.6536865234375,
    "epoch9": 2043.125732421875,
    "epoch10": 1946.1043701171875,
    "epoch11": 1916.386474609375,
    "epoch12": 1925.7757568359375,
    "epoch13": 1808.9810791015625,
    "epoch14": 1835.3548583984375,
    "epoch15": 1849.761962890625,
    "epoch16": 1771.8338623046875,
    "epoch17": 1819.9853515625,
    "epoch18": 1723.9029541015625,
    "epoch19": 1740.878173828125,
    "epoch20": 1722.9407958984375,
    "epoch21": 1718.66796875,
    "epoch22": 1698.519775390625,
    "epoch23": 1716.502685546875,
    "epoch24": 1670.1341552734375,
    "epoch25": 1679.834716796875,
    "epoch26": 1669.662841796875,
    "epoch27": 1663.7418212890625,
    "epoch28": 1635.0501708984375,
    "epoch29": 1633.392333984375,
    "epoch30": 1617.785400390625,
    "epoch31": 1621.6624755859375,
    "epoch32": 1622.4296875,
    "epoch33": 1677.774169921875,
    "epoch34": 1665.83544921875,
    "epoch35": 1588.4801025390625,
    "epoch36": 1663.243896484375,
    "epoch37": 1589.98291015625,
    "epoch38": 1583.1964111328125,
    "epoch39": 1552.1793212890625,
    "epoch40": 1582.091796875,
    "epoch41": 1538.2354736328125,
    "epoch42": 1559.7845458984375,
    "epoch43": 1556.9002685546875,
    "epoch44": 1557.396484375,
    "epoch45": 1535.086181640625,
    "epoch46": 1646.2906494140625,
    "epoch47": 1549.5567626953125,
    "epoch48": 1559.703369140625,
    "epoch49": 1537.6793212890625,
    "epoch50": 1522.8271484375,
    "epoch51": 1542.3201904296875,
    "epoch52": 1502.073974609375,
    "epoch53": 1559.19287109375,
    "epoch54": 1597.8612060546875,
    "epoch55": 1538.8291015625,
    "epoch56": 1491.330322265625,
    "epoch57": 1483.2593994140625,
    "epoch58": 1479.7506103515625,
    "epoch59": 1504.1754150390625,
    "epoch60": 1569.75048828125,
    "epoch61": 1517.718994140625,
    "epoch62": 1485.861328125,
    "epoch63": 1488.5689697265625,
    "epoch64": 1469.7392578125,
    "epoch65": 1474.3514404296875,
    "epoch66": 1473.8084716796875,
    "epoch67": 1489.09619140625,
    "epoch68": 1478.917236328125,
    "epoch69": 1506.783203125,
    "epoch70": 1470.9915771484375,
    "epoch71": 1464.88037109375,
    "epoch72": 1477.77490234375,
    "epoch73": 1509.37548828125,
    "epoch74": 1461.8970947265625,
    "epoch75": 1509.0252685546875,
    "epoch76": 1454.4752197265625,
    "epoch77": 1454.2979736328125,
    "epoch78": 1560.2401123046875,
    "epoch79": 1500.009033203125,
    "epoch80": 1467.33447265625,
    "epoch81": 1462.6268310546875,
    "epoch82": 1449.170654296875,
    "epoch83": 1445.294921875,
    "epoch84": 1445.33203125,
    "epoch85": 1553.665283203125,
    "epoch86": 1507.76025390625,
    "epoch87": 1492.90087890625,
    "epoch88": 1456.792724609375,
    "epoch89": 1450.9404296875,
    "epoch90": 1463.514404296875,
    "epoch91": 1436.38330078125,
    "epoch92": 1433.7747802734375,
    "epoch93": 1500.9293212890625,
    "epoch94": 1465.521728515625,
    "epoch95": 1463.359619140625,
    "epoch96": 1463.227294921875,
    "epoch97": 1500.696533203125,
    "epoch98": 1446.966552734375,
    "epoch99": 1456.7213134765625,
    "epoch100": 1455.4925537109375
}