{
    "epoch1": 4049.565972222222,
    "epoch2": 3128.363839285714,
    "epoch3": 2871.0491071428573,
    "epoch4": 2600.2752976190477,
    "epoch5": 2361.032242063492,
    "epoch6": 2224.624007936508,
    "epoch7": 2166.7180059523807,
    "epoch8": 2109.920882936508,
    "epoch9": 2074.0057043650795,
    "epoch10": 2050.774925595238,
    "epoch11": 2023.091765873016,
    "epoch12": 1986.118675595238,
    "epoch13": 1975.0469990079366,
    "epoch14": 1934.0048363095239,
    "epoch15": 1906.2068452380952,
    "epoch16": 1889.5809771825398,
    "epoch17": 1859.1377728174602,
    "epoch18": 1843.2256944444443,
    "epoch19": 1809.4759424603174,
    "epoch20": 1803.9361359126983,
    "epoch21": 1774.5967261904761,
    "epoch22": 1760.7860863095239,
    "epoch23": 1740.1941964285713,
    "epoch24": 1729.8633432539682,
    "epoch25": 1713.010044642857,
    "epoch26": 1708.951636904762,
    "epoch27": 1704.8327132936508,
    "epoch28": 1708.974330357143,
    "epoch29": 1681.8980654761904,
    "epoch30": 1672.4558531746031,
    "epoch31": 1665.7734375,
    "epoch32": 1652.7228422619048,
    "epoch33": 1643.8924851190477,
    "epoch34": 1643.249007936508,
    "epoch35": 1644.1527777777778,
    "epoch36": 1628.773685515873,
    "epoch37": 1637.8466021825398,
    "epoch38": 1618.810515873016,
    "epoch39": 1624.1607142857142,
    "epoch40": 1629.5500992063492,
    "epoch41": 1605.7178819444443,
    "epoch42": 1592.789310515873,
    "epoch43": 1614.126984126984,
    "epoch44": 1602.8839285714287,
    "epoch45": 1621.961929563492,
    "epoch46": 1587.4949156746031,
    "epoch47": 1574.5443948412699,
    "epoch48": 1569.9476686507937,
    "epoch49": 1562.3116319444443,
    "epoch50": 1561.9799107142858,
    "epoch51": 1551.9864831349207,
    "epoch52": 1570.6205357142858,
    "epoch53": 1543.7782738095239,
    "epoch54": 1565.655505952381,
    "epoch55": 1552.3716517857142,
    "epoch56": 1562.375744047619,
    "epoch57": 1538.3792162698412,
    "epoch58": 1593.4258432539682,
    "epoch59": 1527.430927579365,
    "epoch60": 1529.899925595238,
    "epoch61": 1537.3736359126983,
    "epoch62": 1515.860863095238,
    "epoch63": 1537.665054563492,
    "epoch64": 1541.5054563492063,
    "epoch65": 1519.1031746031747,
    "epoch66": 1514.1603422619048,
    "epoch67": 1497.1925843253969,
    "epoch68": 1496.765376984127,
    "epoch69": 1520.6546378968253,
    "epoch70": 1495.8516865079366,
    "epoch71": 1487.8788442460318,
    "epoch72": 1492.219494047619,
    "epoch73": 1502.7073412698412,
    "epoch74": 1490.4884672619048,
    "epoch75": 1518.2977430555557,
    "epoch76": 1492.2284226190477,
    "epoch77": 1494.9885912698412,
    "epoch78": 1472.2929067460318,
    "epoch79": 1480.3485863095239,
    "epoch80": 1495.5721726190477,
    "epoch81": 1471.078125,
    "epoch82": 1460.8696676587301,
    "epoch83": 1478.8692956349207,
    "epoch84": 1482.6934523809523,
    "epoch85": 1493.062748015873,
    "epoch86": 1467.8955853174602,
    "epoch87": 1449.0503472222222,
    "epoch88": 1457.314732142857,
    "epoch89": 1451.1163194444443,
    "epoch90": 1450.546626984127,
    "epoch91": 1465.6861359126983,
    "epoch92": 1449.515625,
    "epoch93": 1453.1204117063492,
    "epoch94": 1467.3005952380952,
    "epoch95": 1475.6651785714287,
    "epoch96": 1445.6185515873017,
    "epoch97": 1464.4559771825398,
    "epoch98": 1453.2926587301588,
    "epoch99": 1478.271205357143,
    "epoch100": 1422.5807291666667
}