{
    "epoch1": 0.047450891509652135,
    "epoch2": 0.044222472608089446,
    "epoch3": 0.04032107014209032,
    "epoch4": 0.03642812594771385,
    "epoch5": 0.032657365500926974,
    "epoch6": 0.029071850702166557,
    "epoch7": 0.026428728923201562,
    "epoch8": 0.024719299376010896,
    "epoch9": 0.02354659028351307,
    "epoch10": 0.022637931071221827,
    "epoch11": 0.02216926943510771,
    "epoch12": 0.021914047189056873,
    "epoch13": 0.02155385762453079,
    "epoch14": 0.02137415446341038,
    "epoch15": 0.020919513329863547,
    "epoch16": 0.0208104545250535,
    "epoch17": 0.02060776613652706,
    "epoch18": 0.020608974527567624,
    "epoch19": 0.020375142525881528,
    "epoch20": 0.019742382504045964,
    "epoch21": 0.019600003212690353,
    "epoch22": 0.019594811741262673,
    "epoch23": 0.01921305721625686,
    "epoch24": 0.019315046817064287,
    "epoch25": 0.018863746244460345,
    "epoch26": 0.01883186660706997,
    "epoch27": 0.018674819730222225,
    "epoch28": 0.018538494221866132,
    "epoch29": 0.018359813001006843,
    "epoch30": 0.01841421127319336,
    "epoch31": 0.018321056477725507,
    "epoch32": 0.01811071429401636,
    "epoch33": 0.017981756199151277,
    "epoch34": 0.018346892111003398,
    "epoch35": 0.017916507460176943,
    "epoch36": 0.017854765336960555,
    "epoch37": 0.01766944881528616,
    "epoch38": 0.01758386678993702,
    "epoch39": 0.017472430318593978,
    "epoch40": 0.017784232366830112,
    "epoch41": 0.017515658959746362,
    "epoch42": 0.01726121352985501,
    "epoch43": 0.0172077726572752,
    "epoch44": 0.017176791653037073,
    "epoch45": 0.017519687488675117,
    "epoch46": 0.017205132730305196,
    "epoch47": 0.01721455864608288,
    "epoch48": 0.01701877564191818,
    "epoch49": 0.01737669510766864,
    "epoch50": 0.01693950966000557,
    "epoch51": 0.01702601322904229,
    "epoch52": 0.016815793700516224,
    "epoch53": 0.01659661754965782,
    "epoch54": 0.016629963554441927,
    "epoch55": 0.016649395134299992,
    "epoch56": 0.016677451319992542,
    "epoch57": 0.016442298144102096,
    "epoch58": 0.01671614097431302,
    "epoch59": 0.016324899345636367,
    "epoch60": 0.016357855033129455,
    "epoch61": 0.016260518692433834,
    "epoch62": 0.016210395842790604,
    "epoch63": 0.016153697203844786,
    "epoch64": 0.016844524815678597,
    "epoch65": 0.01609581960365176,
    "epoch66": 0.01615096190944314,
    "epoch67": 0.016017670184373854,
    "epoch68": 0.015963693056255578,
    "epoch69": 0.015987820085138084,
    "epoch70": 0.016072216164320707,
    "epoch71": 0.01588885337114334,
    "epoch72": 0.015905553102493288,
    "epoch73": 0.016071368101984264,
    "epoch74": 0.015904792863875628,
    "epoch75": 0.01570329898968339,
    "epoch76": 0.015713386237621307,
    "epoch77": 0.015670124813914298,
    "epoch78": 0.0156251878477633,
    "epoch79": 0.015573847480118275,
    "epoch80": 0.01554711041972041,
    "epoch81": 0.015552740730345248,
    "epoch82": 0.01552876438945532,
    "epoch83": 0.015550072584301234,
    "epoch84": 0.015581545513123274,
    "epoch85": 0.015675452910363673,
    "epoch86": 0.015466129966080188,
    "epoch87": 0.015625433623790742,
    "epoch88": 0.015484376437962055,
    "epoch89": 0.015655693504959343,
    "epoch90": 0.015606294851750135,
    "epoch91": 0.016030107159167528,
    "epoch92": 0.015079848561435938,
    "epoch93": 0.015211782231926919,
    "epoch94": 0.01534495446830988,
    "epoch95": 0.015080342162400484,
    "epoch96": 0.015237695816904307,
    "epoch97": 0.015029553975909948,
    "epoch98": 0.015070233028382063,
    "epoch99": 0.014891511015594005,
    "epoch100": 0.01489521488547325
}