{
    "epoch1": 45.02021179199219,
    "epoch2": 44.564981079101564,
    "epoch3": 42.79447937011719,
    "epoch4": 40.7171875,
    "epoch5": 39.49196166992188,
    "epoch6": 37.52029113769531,
    "epoch7": 36.278375244140626,
    "epoch8": 35.218020629882815,
    "epoch9": 34.1969970703125,
    "epoch10": 32.193267822265625,
    "epoch11": 31.61968994140625,
    "epoch12": 32.094992065429686,
    "epoch13": 31.105804443359375,
    "epoch14": 30.644342041015626,
    "epoch15": 30.99825439453125,
    "epoch16": 30.421524047851562,
    "epoch17": 31.19515380859375,
    "epoch18": 31.58544921875,
    "epoch19": 29.896755981445313,
    "epoch20": 29.99320068359375,
    "epoch21": 30.079318237304687,
    "epoch22": 30.51572265625,
    "epoch23": 29.16431579589844,
    "epoch24": 30.342559814453125,
    "epoch25": 28.8392822265625,
    "epoch26": 28.666156005859374,
    "epoch27": 29.49791259765625,
    "epoch28": 28.752117919921876,
    "epoch29": 28.93468322753906,
    "epoch30": 29.500827026367187,
    "epoch31": 29.392916870117187,
    "epoch32": 28.41282958984375,
    "epoch33": 28.365383911132813,
    "epoch34": 29.89046630859375,
    "epoch35": 28.203182983398438,
    "epoch36": 29.062066650390626,
    "epoch37": 28.19683837890625,
    "epoch38": 28.353146362304688,
    "epoch39": 28.156515502929686,
    "epoch40": 28.0342041015625,
    "epoch41": 27.92200927734375,
    "epoch42": 28.09957275390625,
    "epoch43": 28.209994506835937,
    "epoch44": 28.452334594726562,
    "epoch45": 29.1966796875,
    "epoch46": 27.819964599609374,
    "epoch47": 28.791644287109374,
    "epoch48": 28.437652587890625,
    "epoch49": 29.205828857421874,
    "epoch50": 28.472174072265624,
    "epoch51": 28.747332763671874,
    "epoch52": 28.373590087890626,
    "epoch53": 27.660482788085936,
    "epoch54": 28.258148193359375,
    "epoch55": 28.181698608398438,
    "epoch56": 28.430303955078124,
    "epoch57": 27.762857055664064,
    "epoch58": 27.60484619140625,
    "epoch59": 27.7922607421875,
    "epoch60": 27.9745849609375,
    "epoch61": 27.726394653320312,
    "epoch62": 27.724102783203126,
    "epoch63": 27.571630859375,
    "epoch64": 27.857077026367186,
    "epoch65": 27.752093505859374,
    "epoch66": 27.923028564453126,
    "epoch67": 27.74739990234375,
    "epoch68": 27.52139892578125,
    "epoch69": 27.813314819335936,
    "epoch70": 27.34869384765625,
    "epoch71": 27.643710327148437,
    "epoch72": 27.762432861328126,
    "epoch73": 28.10225830078125,
    "epoch74": 27.848052978515625,
    "epoch75": 27.343429565429688,
    "epoch76": 27.524435424804686,
    "epoch77": 27.53773193359375,
    "epoch78": 27.149227905273438,
    "epoch79": 27.443731689453124,
    "epoch80": 27.2696044921875,
    "epoch81": 26.892977905273437,
    "epoch82": 27.4377685546875,
    "epoch83": 27.492800903320312,
    "epoch84": 26.944189453125,
    "epoch85": 27.105615234375,
    "epoch86": 27.44371643066406,
    "epoch87": 27.001123046875,
    "epoch88": 27.497686767578124,
    "epoch89": 27.8354248046875,
    "epoch90": 27.795477294921874,
    "epoch91": 28.321820068359376,
    "epoch92": 26.7594482421875,
    "epoch93": 26.80584716796875,
    "epoch94": 26.77188720703125,
    "epoch95": 26.810879516601563,
    "epoch96": 27.26581726074219,
    "epoch97": 26.845782470703124,
    "epoch98": 26.98660888671875,
    "epoch99": 26.586370849609374,
    "epoch100": 26.540435791015625
}