{
    "epoch1": 71.90997635690789,
    "epoch2": 45.30355031866776,
    "epoch3": 43.45717580694901,
    "epoch4": 41.78628058182566,
    "epoch5": 39.57164242393092,
    "epoch6": 37.18375115645559,
    "epoch7": 35.204011615953945,
    "epoch8": 33.411283794202305,
    "epoch9": 31.92423609683388,
    "epoch10": 31.242020456414473,
    "epoch11": 30.496810109991777,
    "epoch12": 30.122542531866777,
    "epoch13": 30.01381321957237,
    "epoch14": 29.747330515008223,
    "epoch15": 29.57322291324013,
    "epoch16": 29.233475534539473,
    "epoch17": 29.16583894428454,
    "epoch18": 28.636490671258223,
    "epoch19": 29.17695376747533,
    "epoch20": 29.02224892064145,
    "epoch21": 28.122969777960527,
    "epoch22": 28.385861045435856,
    "epoch23": 28.21335963199013,
    "epoch24": 28.30537173622533,
    "epoch25": 27.939102975945723,
    "epoch26": 27.86091372841283,
    "epoch27": 28.006967644942435,
    "epoch28": 27.642722681949014,
    "epoch29": 27.593380576685856,
    "epoch30": 27.39473362972862,
    "epoch31": 27.450278834292764,
    "epoch32": 27.38114527652138,
    "epoch33": 27.131913034539473,
    "epoch34": 27.28529116981908,
    "epoch35": 27.31559994346217,
    "epoch36": 27.375404759457236,
    "epoch37": 26.981856496710527,
    "epoch38": 27.03666285464638,
    "epoch39": 26.99676513671875,
    "epoch40": 27.064295718544408,
    "epoch41": 27.093480160361842,
    "epoch42": 27.07971833881579,
    "epoch43": 26.82631482576069,
    "epoch44": 26.970455771998356,
    "epoch45": 26.79666298314145,
    "epoch46": 26.823931242290296,
    "epoch47": 26.724707352487666,
    "epoch48": 26.88764070209704,
    "epoch49": 26.51566676089638,
    "epoch50": 26.525421142578125,
    "epoch51": 26.73100521689967,
    "epoch52": 26.64382613332648,
    "epoch53": 26.49744455437911,
    "epoch54": 26.505971808182565,
    "epoch55": 26.372299997430098,
    "epoch56": 26.367510343852796,
    "epoch57": 26.55448512027138,
    "epoch58": 26.324766460217926,
    "epoch59": 26.18614437705592,
    "epoch60": 26.193383467824834,
    "epoch61": 26.061791670949834,
    "epoch62": 26.24757144325658,
    "epoch63": 26.239736456620065,
    "epoch64": 26.241268760279606,
    "epoch65": 26.20804957339638,
    "epoch66": 26.20980513723273,
    "epoch67": 25.80464573910362,
    "epoch68": 26.0655806692023,
    "epoch69": 25.90413464997944,
    "epoch70": 25.937050267269736,
    "epoch71": 25.87434788754112,
    "epoch72": 25.78451216848273,
    "epoch73": 25.75337620785362,
    "epoch74": 25.88452951531661,
    "epoch75": 25.60873091848273,
    "epoch76": 25.68834646124589,
    "epoch77": 25.54446571751645,
    "epoch78": 25.527796695106908,
    "epoch79": 25.81424271432977,
    "epoch80": 25.59835654810855,
    "epoch81": 25.65283203125,
    "epoch82": 25.496204576994245,
    "epoch83": 25.52044035259046,
    "epoch84": 25.54694245990954,
    "epoch85": 25.7336714895148,
    "epoch86": 25.256161338404606,
    "epoch87": 25.544423956620065,
    "epoch88": 25.588571648848685,
    "epoch89": 25.732140792043584,
    "epoch90": 25.368838661595394,
    "epoch91": 25.967730070415296,
    "epoch92": 25.361684698807565,
    "epoch93": 25.156931023848685,
    "epoch94": 25.216257195723685,
    "epoch95": 24.98803068462171,
    "epoch96": 24.974911338404606,
    "epoch97": 25.24016691509046,
    "epoch98": 24.983054713199014,
    "epoch99": 25.32049560546875,
    "epoch100": 24.940302798622533
}