{
    "epoch1": 197.3991015625,
    "epoch2": 133.008994140625,
    "epoch3": 99.4516796875,
    "epoch4": 87.36072265625,
    "epoch5": 82.629326171875,
    "epoch6": 80.8552294921875,
    "epoch7": 79.4711962890625,
    "epoch8": 78.037509765625,
    "epoch9": 76.07548828125,
    "epoch10": 74.35484375,
    "epoch11": 71.41728515625,
    "epoch12": 69.8004443359375,
    "epoch13": 66.8403271484375,
    "epoch14": 64.8132958984375,
    "epoch15": 61.914658203125,
    "epoch16": 60.7385400390625,
    "epoch17": 59.686865234375,
    "epoch18": 57.9446728515625,
    "epoch19": 57.293681640625,
    "epoch20": 57.4772119140625,
    "epoch21": 57.029638671875,
    "epoch22": 57.1587158203125,
    "epoch23": 56.75572265625,
    "epoch24": 56.3817529296875,
    "epoch25": 56.020537109375,
    "epoch26": 55.470556640625,
    "epoch27": 54.498994140625,
    "epoch28": 53.7431982421875,
    "epoch29": 53.0562548828125,
    "epoch30": 52.782587890625
}