{
    "epoch0": {
        "layer1": {
            "max_length": 1.555344820022583,
            "mean_length": 0.666590657423843,
            "median_length": 0.5984083414077759,
            "stdev_length": 0.3053967410920999,
            "sum_length": 65.99247508496046,
            "ratio_2_1": 16.47707168155676,
            "ratio_3_1": 16.44208512244613,
            "h": 4.495675934428188,
            "normh": 1.07307130616566,
            "snr": Infinity,
            "mean_birth": 0.0,
            "stdev_birth": 0.0,
            "mean_death": 0.666590657423843,
            "stdev_death": 0.3053967410920999
        },
        "layer2": {
            "max_length": 0.579171895980835,
            "mean_length": 0.26642911783372514,
            "median_length": 0.24800626933574677,
            "stdev_length": 0.11153928010728621,
            "sum_length": 26.376482665538788,
            "ratio_2_1": 13.121142969369464,
            "ratio_3_1": 13.02554474397363,
            "h": 4.508310875938439,
            "normh": 1.377646551872937,
            "snr": Infinity,
            "mean_birth": 0.0,
            "stdev_birth": 0.0,
            "mean_death": 0.26642911783372514,
            "stdev_death": 0.11153928010728621
        },
        "layer3": {
            "max_length": 0.20630857348442078,
            "mean_length": 0.10614242916456376,
            "median_length": 0.1001449003815651,
            "stdev_length": 0.04215124487714365,
            "sum_length": 10.508100487291813,
            "ratio_2_1": 12.817753639743394,
            "ratio_3_1": 12.081705225955057,
            "h": 4.514932046911371,
            "normh": 1.9194944584597773,
            "snr": Infinity,
            "mean_birth": 0.0,
            "stdev_birth": 0.0,
            "mean_death": 0.10614242916456376,
            "stdev_death": 0.04215124487714365
        },
        "layer4": {
            "max_length": 0.003267493098974228,
            "mean_length": 0.0003286803686859632,
            "median_length": 0.00015553832054138184,
            "stdev_length": 0.00047842188581065636,
            "sum_length": 0.032539356499910355,
            "ratio_2_1": 1184.5729847494554,
            "ratio_3_1": 910.5098039215686,
            "h": 3.9073870560599717,
            "normh": -1.1407413674453735,
            "snr": Infinity,
            "mean_birth": 0.0,
            "stdev_birth": 0.0,
            "mean_death": 0.0003286803686859632,
            "stdev_death": 0.00047842188581065636
        }
    }
}