{
    "epoch1": 0.00020488350157393142,
    "epoch2": 0.00019086643325863406,
    "epoch3": 0.0001794582128059119,
    "epoch4": 0.0001700641171191819,
    "epoch5": 0.00016287002494209447,
    "epoch6": 0.0001567095327482093,
    "epoch7": 0.0001520982274087146,
    "epoch8": 0.00014850551160634496,
    "epoch9": 0.0001457297068554908,
    "epoch10": 0.0001436364371329546,
    "epoch11": 0.00014188650471623986,
    "epoch12": 0.0001406480908917729,
    "epoch13": 0.0001396470885083545,
    "epoch14": 0.00013891003123717383,
    "epoch15": 0.00013826417329255492,
    "epoch16": 0.00013769655881333166,
    "epoch17": 0.0001372307541896589,
    "epoch18": 0.00013690325897186995,
    "epoch19": 0.00013651349880092312,
    "epoch20": 0.00013622416241560132,
    "epoch21": 0.00013595496224297677,
    "epoch22": 0.00013569167917012236,
    "epoch23": 0.00013545527508540545,
    "epoch24": 0.0001352251119533321,
    "epoch25": 0.00013501920984708703,
    "epoch26": 0.00013478923981892875,
    "epoch27": 0.0001345964128995547,
    "epoch28": 0.00013442756971926428,
    "epoch29": 0.00013424227843643167,
    "epoch30": 0.00013401308380707632
}