{
    "epoch1": 106.4516015625,
    "epoch2": 103.77357421875,
    "epoch3": 101.265263671875,
    "epoch4": 98.803740234375,
    "epoch5": 96.564208984375,
    "epoch6": 94.305869140625,
    "epoch7": 92.27955078125,
    "epoch8": 90.40763671875,
    "epoch9": 88.94919921875,
    "epoch10": 87.5957421875,
    "epoch11": 86.20423828125,
    "epoch12": 85.33529296875,
    "epoch13": 84.339990234375,
    "epoch14": 83.751962890625,
    "epoch15": 83.1715625,
    "epoch16": 82.79640625,
    "epoch17": 82.3630859375,
    "epoch18": 81.980810546875,
    "epoch19": 81.7758447265625,
    "epoch20": 81.4952734375,
    "epoch21": 81.3040185546875,
    "epoch22": 81.150859375,
    "epoch23": 80.9751904296875,
    "epoch24": 80.8768505859375,
    "epoch25": 80.7425732421875,
    "epoch26": 80.6881201171875,
    "epoch27": 80.5011962890625,
    "epoch28": 80.4209375,
    "epoch29": 80.362919921875,
    "epoch30": 80.25787109375
}