{
    "epoch1": 45.215584891183035,
    "epoch2": 43.24305943080357,
    "epoch3": 40.334302629743306,
    "epoch4": 37.94187709263393,
    "epoch5": 35.44684927804129,
    "epoch6": 32.42976815359933,
    "epoch7": 30.63454328264509,
    "epoch8": 29.054741995675222,
    "epoch9": 27.046057564871653,
    "epoch10": 26.65358625139509,
    "epoch11": 26.24594988141741,
    "epoch12": 26.050177437918528,
    "epoch13": 26.235772269112722,
    "epoch14": 26.14461190359933,
    "epoch15": 26.222673688616073,
    "epoch16": 25.588762555803573,
    "epoch17": 25.407745361328125,
    "epoch18": 25.41637965611049,
    "epoch19": 25.368055071149552,
    "epoch20": 25.222743443080358,
    "epoch21": 25.284615652901785,
    "epoch22": 24.999075753348215,
    "epoch23": 24.93406023297991,
    "epoch24": 25.008132934570312,
    "epoch25": 24.895167759486608,
    "epoch26": 25.154708862304688,
    "epoch27": 24.88205827985491,
    "epoch28": 24.66098894391741,
    "epoch29": 24.954511369977677,
    "epoch30": 24.906032017299108,
    "epoch31": 24.276192801339285,
    "epoch32": 24.725125994001115,
    "epoch33": 25.105638776506698,
    "epoch34": 24.293995448521205,
    "epoch35": 24.15320042201451,
    "epoch36": 24.765912737165177,
    "epoch37": 24.156016758510045,
    "epoch38": 24.136322021484375,
    "epoch39": 24.255996704101562,
    "epoch40": 23.980320521763392,
    "epoch41": 24.19004167829241,
    "epoch42": 23.78604997907366,
    "epoch43": 24.610011509486608,
    "epoch44": 23.827584402901785,
    "epoch45": 23.93933323451451,
    "epoch46": 24.320214407784597,
    "epoch47": 23.837306431361608,
    "epoch48": 23.99188014439174,
    "epoch49": 23.969556535993302,
    "epoch50": 23.777936662946427,
    "epoch51": 24.170172555106028,
    "epoch52": 23.996629987444198,
    "epoch53": 23.864148821149552,
    "epoch54": 24.393489292689733,
    "epoch55": 23.93475341796875,
    "epoch56": 23.814544677734375,
    "epoch57": 23.97674778529576,
    "epoch58": 23.973406110491073,
    "epoch59": 23.928449358258927,
    "epoch60": 23.831403459821427,
    "epoch61": 23.860547746930802,
    "epoch62": 23.72717067173549,
    "epoch63": 24.348342895507812,
    "epoch64": 23.69869123186384,
    "epoch65": 24.18448965890067,
    "epoch66": 24.366651262555802,
    "epoch67": 23.917707170758927,
    "epoch68": 23.669854300362722,
    "epoch69": 24.290191650390625,
    "epoch70": 23.948765345982142,
    "epoch71": 23.654272896902903,
    "epoch72": 24.064684186662948,
    "epoch73": 23.918077741350448,
    "epoch74": 23.69091578892299,
    "epoch75": 23.839442661830358,
    "epoch76": 23.790355137416295,
    "epoch77": 23.906051635742188,
    "epoch78": 23.681566510881698,
    "epoch79": 23.696541922433035,
    "epoch80": 23.980946132114955,
    "epoch81": 23.83258274623326,
    "epoch82": 24.13659449986049,
    "epoch83": 24.34958975655692,
    "epoch84": 23.861646379743302,
    "epoch85": 24.739347185407365,
    "epoch86": 24.315802437918528,
    "epoch87": 23.717904227120535,
    "epoch88": 23.977068219866073,
    "epoch89": 23.833716256277903,
    "epoch90": 23.74430193219866,
    "epoch91": 23.719007219587052,
    "epoch92": 23.760814121791295,
    "epoch93": 23.663720267159597,
    "epoch94": 23.912017822265625,
    "epoch95": 24.031428745814733,
    "epoch96": 23.740389142717635,
    "epoch97": 24.02288600376674,
    "epoch98": 24.055498395647323,
    "epoch99": 24.456736973353795,
    "epoch100": 23.86427961077009
}