{
    "epoch1": 0.022811735773252115,
    "epoch2": 0.01917585140715043,
    "epoch3": 0.01717990543693304,
    "epoch4": 0.015394590174158415,
    "epoch5": 0.01377067259616322,
    "epoch6": 0.01221231474644608,
    "epoch7": 0.010910657907111777,
    "epoch8": 0.009781105806016259,
    "epoch9": 0.008857307645181814,
    "epoch10": 0.00808710822214683,
    "epoch11": 0.007372431250082122,
    "epoch12": 0.006782122680710422,
    "epoch13": 0.006260196316159434,
    "epoch14": 0.005826716052575244,
    "epoch15": 0.005426817004465395,
    "epoch16": 0.00506634086680909,
    "epoch17": 0.004855522006336186,
    "epoch18": 0.004669054954623182,
    "epoch19": 0.004313074957786335,
    "epoch20": 0.004040175660823782,
    "epoch21": 0.003815513000720077,
    "epoch22": 0.0036431618500500917,
    "epoch23": 0.003391916604919566,
    "epoch24": 0.003232560068782833,
    "epoch25": 0.00304052849403686,
    "epoch26": 0.0028883464272237485,
    "epoch27": 0.0027237143238178557,
    "epoch28": 0.002587764097067217,
    "epoch29": 0.0024368790650947224,
    "epoch30": 0.0022717457419882217
}