{
    "epoch1": 91.79581265836148,
    "epoch2": 79.67541173986487,
    "epoch3": 78.14728278082771,
    "epoch4": 75.29407068201013,
    "epoch5": 72.7988083298142,
    "epoch6": 70.44533889358108,
    "epoch7": 67.43637827280405,
    "epoch8": 64.99985483530405,
    "epoch9": 63.0293628589527,
    "epoch10": 61.54721151815878,
    "epoch11": 60.2799171241554,
    "epoch12": 58.93200353673986,
    "epoch13": 57.8485668285473,
    "epoch14": 57.54546294341216,
    "epoch15": 56.882871885557435,
    "epoch16": 56.400707347972975,
    "epoch17": 55.47440482474662,
    "epoch18": 54.84419869087838,
    "epoch19": 54.82130225929054,
    "epoch20": 53.989779085726354,
    "epoch21": 53.20596230996622,
    "epoch22": 53.024595518369935,
    "epoch23": 52.458136481207774,
    "epoch24": 51.070213524070944,
    "epoch25": 50.468050570101354,
    "epoch26": 49.99538772170608,
    "epoch27": 49.210280959670605,
    "epoch28": 48.572829787795605,
    "epoch29": 47.25460897909628,
    "epoch30": 47.29952095650338
}