{
    "epoch1": 84.5433349609375,
    "epoch2": 82.25044759114583,
    "epoch3": 80.32465277777777,
    "epoch4": 78.01321750217014,
    "epoch5": 75.33757188585069,
    "epoch6": 72.60422092013889,
    "epoch7": 71.06838650173611,
    "epoch8": 69.13735622829861,
    "epoch9": 65.89975314670139,
    "epoch10": 65.30600314670139,
    "epoch11": 65.48499891493056,
    "epoch12": 64.36627197265625,
    "epoch13": 63.53362358940972,
    "epoch14": 61.75787353515625,
    "epoch15": 61.56828477647569,
    "epoch16": 60.78729926215278,
    "epoch17": 61.111002604166664,
    "epoch18": 60.69798448350694,
    "epoch19": 59.909450954861114,
    "epoch20": 59.235575358072914,
    "epoch21": 57.55333794487847,
    "epoch22": 56.72660658094618,
    "epoch23": 55.466023763020836,
    "epoch24": 54.993367513020836,
    "epoch25": 54.59111870659722,
    "epoch26": 53.71699015299479,
    "epoch27": 52.785552978515625,
    "epoch28": 52.328826904296875,
    "epoch29": 51.14539930555556,
    "epoch30": 50.070153130425346
}