{
    "epoch1": 199.96720703125,
    "epoch2": 196.21298828125,
    "epoch3": 177.41390625,
    "epoch4": 154.191708984375,
    "epoch5": 143.096513671875,
    "epoch6": 138.94169921875,
    "epoch7": 137.463095703125,
    "epoch8": 134.8104296875,
    "epoch9": 132.24859375,
    "epoch10": 129.37123046875,
    "epoch11": 127.06505859375,
    "epoch12": 124.333232421875,
    "epoch13": 122.01845703125,
    "epoch14": 120.96345703125,
    "epoch15": 117.710078125,
    "epoch16": 116.05703125,
    "epoch17": 114.510615234375,
    "epoch18": 111.787353515625,
    "epoch19": 110.75576171875,
    "epoch20": 109.479228515625,
    "epoch21": 108.0828125,
    "epoch22": 107.617841796875,
    "epoch23": 107.0716015625,
    "epoch24": 105.41400390625,
    "epoch25": 105.576015625,
    "epoch26": 103.923359375,
    "epoch27": 104.203876953125,
    "epoch28": 102.34359375,
    "epoch29": 102.802392578125,
    "epoch30": 102.01451171875
}