{
    "epoch1": 200.0,
    "epoch2": 188.6395703125,
    "epoch3": 164.64638671875,
    "epoch4": 148.73478515625,
    "epoch5": 142.519609375,
    "epoch6": 140.323876953125,
    "epoch7": 137.839375,
    "epoch8": 135.301376953125,
    "epoch9": 133.17837890625,
    "epoch10": 131.69326171875,
    "epoch11": 129.7025390625,
    "epoch12": 127.883916015625,
    "epoch13": 125.3051171875,
    "epoch14": 121.291494140625,
    "epoch15": 120.6162890625,
    "epoch16": 119.958994140625,
    "epoch17": 118.20580078125,
    "epoch18": 117.247001953125,
    "epoch19": 115.857109375,
    "epoch20": 115.74744140625,
    "epoch21": 113.9728515625,
    "epoch22": 112.57078125,
    "epoch23": 109.13025390625,
    "epoch24": 110.91658203125,
    "epoch25": 108.707890625,
    "epoch26": 109.614169921875,
    "epoch27": 106.046259765625,
    "epoch28": 110.669208984375,
    "epoch29": 108.131728515625,
    "epoch30": 109.524208984375
}