{
    "epoch1": 138.62454166666666,
    "epoch2": 132.32985416666668,
    "epoch3": 127.06872916666667,
    "epoch4": 122.99609375,
    "epoch5": 119.32038541666667,
    "epoch6": 116.03669791666667,
    "epoch7": 113.4301875,
    "epoch8": 111.26636458333333,
    "epoch9": 109.39047916666667,
    "epoch10": 107.48872916666667,
    "epoch11": 106.45245833333334,
    "epoch12": 104.71198958333333,
    "epoch13": 103.88691666666666,
    "epoch14": 102.41184375,
    "epoch15": 101.43514583333334,
    "epoch16": 100.31234375,
    "epoch17": 99.32852083333333,
    "epoch18": 98.58733333333333,
    "epoch19": 97.83639583333333,
    "epoch20": 96.99951041666667,
    "epoch21": 96.44153125,
    "epoch22": 96.02595833333334,
    "epoch23": 95.00679166666667,
    "epoch24": 94.45953125,
    "epoch25": 93.84807291666667,
    "epoch26": 93.42655208333333,
    "epoch27": 93.02271875,
    "epoch28": 92.57813541666667,
    "epoch29": 91.89158333333333,
    "epoch30": 91.57434375
}