{
    "epoch1": 136.21140625,
    "epoch2": 131.05610416666667,
    "epoch3": 126.02419791666667,
    "epoch4": 121.67975,
    "epoch5": 118.42646875,
    "epoch6": 115.49213541666667,
    "epoch7": 113.64201041666666,
    "epoch8": 110.66571875,
    "epoch9": 108.06494791666667,
    "epoch10": 107.93686458333333,
    "epoch11": 105.37833333333333,
    "epoch12": 105.46807291666667,
    "epoch13": 103.27626041666667,
    "epoch14": 102.80323958333334,
    "epoch15": 100.95051041666666,
    "epoch16": 99.87511458333333,
    "epoch17": 99.38305208333334,
    "epoch18": 98.05708333333334,
    "epoch19": 97.28330208333334,
    "epoch20": 96.83602083333334,
    "epoch21": 96.19065625,
    "epoch22": 95.35525,
    "epoch23": 94.63803125,
    "epoch24": 94.19779166666666,
    "epoch25": 94.101625,
    "epoch26": 93.41969791666666,
    "epoch27": 92.9086875,
    "epoch28": 92.42553125,
    "epoch29": 92.25735416666667,
    "epoch30": 91.55821875
}