{
    "epoch1": 0.13149341825395822,
    "epoch2": 0.2404549383223057,
    "epoch3": 0.30719186782836916,
    "epoch4": 0.3375595433712006,
    "epoch5": 0.36807773423194884,
    "epoch6": 0.394403789639473,
    "epoch7": 0.4138862978219986,
    "epoch8": 0.43971352410316467,
    "epoch9": 0.4629429267644882,
    "epoch10": 0.4706093771457672,
    "epoch11": 0.49311861443519595,
    "epoch12": 0.5147413008213043,
    "epoch13": 0.5354516732692719,
    "epoch14": 0.556082418680191,
    "epoch15": 0.5783552992343902,
    "epoch16": 0.5917550923824311,
    "epoch17": 0.6123525991439819,
    "epoch18": 0.6187949228286743,
    "epoch19": 0.6480054895877838,
    "epoch20": 0.6598874843120575
}