{
    "epoch1": 147.492470703125,
    "epoch2": 73.712939453125,
    "epoch3": 52.5899267578125,
    "epoch4": 47.2319970703125,
    "epoch5": 46.4164111328125,
    "epoch6": 45.448818359375,
    "epoch7": 44.4958203125,
    "epoch8": 43.5621826171875,
    "epoch9": 42.5952685546875,
    "epoch10": 41.5837255859375,
    "epoch11": 40.2593798828125,
    "epoch12": 38.93418212890625,
    "epoch13": 37.3562060546875,
    "epoch14": 35.9180126953125,
    "epoch15": 33.9286474609375,
    "epoch16": 32.37664794921875,
    "epoch17": 30.87168212890625,
    "epoch18": 30.0543017578125,
    "epoch19": 28.47806640625,
    "epoch20": 28.07504150390625,
    "epoch21": 27.3047265625,
    "epoch22": 26.8772021484375,
    "epoch23": 26.86839599609375,
    "epoch24": 26.39314697265625,
    "epoch25": 26.2838037109375,
    "epoch26": 26.425693359375,
    "epoch27": 26.0696728515625,
    "epoch28": 25.80398681640625,
    "epoch29": 25.80718017578125,
    "epoch30": 25.65031982421875,
    "epoch31": 25.578720703125,
    "epoch32": 25.45075439453125,
    "epoch33": 25.25475830078125,
    "epoch34": 25.0538037109375,
    "epoch35": 25.274091796875,
    "epoch36": 24.96352783203125,
    "epoch37": 24.80582275390625,
    "epoch38": 24.7684716796875,
    "epoch39": 24.62931884765625,
    "epoch40": 24.5348486328125,
    "epoch41": 24.4021826171875,
    "epoch42": 24.41469482421875,
    "epoch43": 24.232763671875,
    "epoch44": 24.4689013671875,
    "epoch45": 24.3497314453125,
    "epoch46": 24.22791259765625,
    "epoch47": 24.0133642578125,
    "epoch48": 24.14630126953125,
    "epoch49": 23.9614453125,
    "epoch50": 23.97815185546875,
    "epoch51": 24.0587353515625,
    "epoch52": 23.86375732421875,
    "epoch53": 23.89904296875,
    "epoch54": 23.774873046875,
    "epoch55": 23.63984130859375,
    "epoch56": 23.791474609375,
    "epoch57": 23.7015087890625,
    "epoch58": 23.7712158203125,
    "epoch59": 23.70304931640625,
    "epoch60": 23.6181494140625,
    "epoch61": 23.6964404296875,
    "epoch62": 23.6948974609375,
    "epoch63": 23.60062255859375,
    "epoch64": 23.5140283203125,
    "epoch65": 23.51696533203125,
    "epoch66": 23.55427490234375,
    "epoch67": 23.49327880859375,
    "epoch68": 23.58551025390625,
    "epoch69": 23.51597412109375,
    "epoch70": 23.3761083984375,
    "epoch71": 23.46200927734375,
    "epoch72": 23.4817529296875,
    "epoch73": 23.4307470703125,
    "epoch74": 23.366220703125,
    "epoch75": 23.37851318359375,
    "epoch76": 23.3274609375,
    "epoch77": 23.27901611328125,
    "epoch78": 23.39702392578125,
    "epoch79": 23.3832861328125,
    "epoch80": 23.28554931640625,
    "epoch81": 23.26982177734375,
    "epoch82": 23.5210888671875,
    "epoch83": 23.47932861328125,
    "epoch84": 23.22103515625,
    "epoch85": 23.1812353515625,
    "epoch86": 23.21568603515625,
    "epoch87": 23.18060302734375,
    "epoch88": 23.116171875,
    "epoch89": 23.07783447265625,
    "epoch90": 23.26005859375,
    "epoch91": 23.056279296875,
    "epoch92": 23.08453857421875,
    "epoch93": 23.1310400390625,
    "epoch94": 23.3219775390625,
    "epoch95": 23.1788330078125,
    "epoch96": 22.9785400390625,
    "epoch97": 22.9594677734375,
    "epoch98": 23.02802001953125,
    "epoch99": 22.961552734375,
    "epoch100": 22.94994140625
}