{
    "epoch1": 101.87840053013393,
    "epoch2": 60.74540492466518,
    "epoch3": 48.83819580078125,
    "epoch4": 46.068250383649556,
    "epoch5": 45.11147199358259,
    "epoch6": 44.1488037109375,
    "epoch7": 43.227408272879465,
    "epoch8": 42.28912353515625,
    "epoch9": 41.26923043387277,
    "epoch10": 40.12684849330357,
    "epoch11": 38.841282435825896,
    "epoch12": 37.41207013811384,
    "epoch13": 36.08677237374442,
    "epoch14": 34.55746241978237,
    "epoch15": 33.35703822544643,
    "epoch16": 31.874444144112722,
    "epoch17": 31.220960344587052,
    "epoch18": 29.99650137765067,
    "epoch19": 29.163794381277903,
    "epoch20": 28.51409694126674,
    "epoch21": 28.030341012137278,
    "epoch22": 27.930655343191965,
    "epoch23": 27.413260323660715,
    "epoch24": 27.44054957798549,
    "epoch25": 27.253160749162948,
    "epoch26": 26.912301199776785,
    "epoch27": 26.751129150390625,
    "epoch28": 26.611587524414062,
    "epoch29": 26.543310982840403,
    "epoch30": 26.63340105329241,
    "epoch31": 26.298230852399552,
    "epoch32": 26.119859967912948,
    "epoch33": 26.101043701171875,
    "epoch34": 26.004586356026785,
    "epoch35": 25.98484148297991,
    "epoch36": 25.75956290108817,
    "epoch37": 25.82566179547991,
    "epoch38": 25.69372776576451,
    "epoch39": 25.546757289341517,
    "epoch40": 25.645050048828125,
    "epoch41": 25.402193341936385,
    "epoch42": 25.35630144391741,
    "epoch43": 25.271580287388392,
    "epoch44": 25.19824436732701,
    "epoch45": 25.037789481026785,
    "epoch46": 25.027454921177455,
    "epoch47": 25.27583748953683,
    "epoch48": 25.226516723632812,
    "epoch49": 24.87575204031808,
    "epoch50": 24.86476571219308,
    "epoch51": 25.109656197684153,
    "epoch52": 24.9609375,
    "epoch53": 24.73604474748884,
    "epoch54": 24.753269740513392,
    "epoch55": 24.816741943359375,
    "epoch56": 24.786503383091517,
    "epoch57": 24.817855834960938,
    "epoch58": 24.681937081473215,
    "epoch59": 24.573287963867188,
    "epoch60": 24.791512625558035,
    "epoch61": 24.433912004743302,
    "epoch62": 24.487463814871653,
    "epoch63": 24.68900408063616,
    "epoch64": 24.413284301757812,
    "epoch65": 24.439599173409597,
    "epoch66": 24.48231942313058,
    "epoch67": 25.033756801060267,
    "epoch68": 24.47670636858259,
    "epoch69": 24.520647321428573,
    "epoch70": 24.423010689871653,
    "epoch71": 24.51544189453125,
    "epoch72": 24.544093540736608,
    "epoch73": 24.403734479631698,
    "epoch74": 24.433009556361608,
    "epoch75": 24.500333513532365,
    "epoch76": 24.397288731166295,
    "epoch77": 24.661865234375,
    "epoch78": 24.747918265206472,
    "epoch79": 24.440486363002233,
    "epoch80": 24.523369925362722,
    "epoch81": 24.381559099469865,
    "epoch82": 24.469142368861608,
    "epoch83": 24.855845860072545,
    "epoch84": 24.37911115373884,
    "epoch85": 24.32859148297991,
    "epoch86": 24.38008771623884,
    "epoch87": 24.340478079659597,
    "epoch88": 24.421986171177455,
    "epoch89": 24.500732421875,
    "epoch90": 24.344105311802455,
    "epoch91": 24.351739065987722,
    "epoch92": 24.355994088309153,
    "epoch93": 24.361153738839285,
    "epoch94": 24.419294084821427,
    "epoch95": 24.368233816964285,
    "epoch96": 24.30680193219866,
    "epoch97": 24.271427699497767,
    "epoch98": 24.327429635184153,
    "epoch99": 24.28959001813616,
    "epoch100": 24.304724557059153
}