{
    "epoch1": 0.00010778742260299623,
    "epoch2": 0.00010750806613941677,
    "epoch3": 0.00010750022891443223,
    "epoch4": 0.00010749294102424756,
    "epoch5": 0.00010728702240157872,
    "epoch6": 0.00010739291174104438,
    "epoch7": 0.00010730604859418235,
    "epoch8": 0.00010721945625846274,
    "epoch9": 0.00010719007317675278,
    "epoch10": 0.00010723663130193018,
    "epoch11": 0.00010706092638429254,
    "epoch12": 0.00010700771381380036,
    "epoch13": 0.00010702861021854915,
    "epoch14": 0.00010699092206778004,
    "epoch15": 0.0001069645956158638,
    "epoch16": 0.00010689898917917162,
    "epoch17": 0.00010686842593713663,
    "epoch18": 0.00010695127333747223,
    "epoch19": 0.00010688822600059211,
    "epoch20": 0.00010691431089071557,
    "epoch21": 0.00010683059532311745,
    "epoch22": 0.00010683008236810565,
    "epoch23": 0.00010684549415600486,
    "epoch24": 0.00010686254972824827,
    "epoch25": 0.00010678991980967112,
    "epoch26": 0.00010672836971934884,
    "epoch27": 0.00010676496618543752,
    "epoch28": 0.00010677170881535858,
    "epoch29": 0.000106793935992755,
    "epoch30": 0.00010679482293198816
}