{
    "epoch1": 125.002828125,
    "epoch2": 113.2518125,
    "epoch3": 108.1008671875,
    "epoch4": 106.2361953125,
    "epoch5": 104.05028125,
    "epoch6": 103.289453125,
    "epoch7": 102.5800703125,
    "epoch8": 102.659859375,
    "epoch9": 100.6175078125,
    "epoch10": 100.7702734375,
    "epoch11": 100.47871875,
    "epoch12": 99.5155390625,
    "epoch13": 98.9944453125,
    "epoch14": 98.544109375,
    "epoch15": 97.8344453125,
    "epoch16": 97.3030859375,
    "epoch17": 97.68159375,
    "epoch18": 97.47278125,
    "epoch19": 97.5071015625,
    "epoch20": 95.977328125,
    "epoch21": 97.1077578125,
    "epoch22": 95.5562421875,
    "epoch23": 95.5931484375,
    "epoch24": 97.1494140625,
    "epoch25": 95.5647265625,
    "epoch26": 95.9138046875,
    "epoch27": 95.1334765625,
    "epoch28": 96.107375,
    "epoch29": 94.447953125,
    "epoch30": 93.86409375
}