{
    "epoch1": 113.71303304036458,
    "epoch2": 99.57670084635417,
    "epoch3": 90.46368408203125,
    "epoch4": 83.32129923502605,
    "epoch5": 79.15186055501302,
    "epoch6": 77.32834879557292,
    "epoch7": 75.87985738118489,
    "epoch8": 74.04149373372395,
    "epoch9": 73.63484191894531,
    "epoch10": 72.72682698567708,
    "epoch11": 72.63595072428386,
    "epoch12": 72.78167215983073,
    "epoch13": 71.78326416015625,
    "epoch14": 71.23109944661458,
    "epoch15": 71.28390502929688,
    "epoch16": 69.39013671875,
    "epoch17": 68.5375467936198,
    "epoch18": 68.93635559082031,
    "epoch19": 68.23521931966145,
    "epoch20": 66.8967997233073,
    "epoch21": 66.54789225260417,
    "epoch22": 66.56374104817708,
    "epoch23": 65.90821838378906,
    "epoch24": 64.51930236816406,
    "epoch25": 64.19199625651042,
    "epoch26": 63.6758066813151,
    "epoch27": 62.66407267252604,
    "epoch28": 62.18235778808594,
    "epoch29": 61.46098327636719,
    "epoch30": 60.73595174153646
}