{
    "epoch1": 109.1005859375,
    "epoch2": 98.67587280273438,
    "epoch3": 91.2184346516927,
    "epoch4": 86.30916341145833,
    "epoch5": 83.39013671875,
    "epoch6": 81.86817423502605,
    "epoch7": 81.22723388671875,
    "epoch8": 80.97896321614583,
    "epoch9": 80.81583658854167,
    "epoch10": 80.53706359863281,
    "epoch11": 80.18200174967448,
    "epoch12": 79.74195353190105,
    "epoch13": 79.119384765625,
    "epoch14": 78.44517008463542,
    "epoch15": 77.52396647135417,
    "epoch16": 76.98526000976562,
    "epoch17": 76.35411580403645,
    "epoch18": 75.63546244303386,
    "epoch19": 74.85537719726562,
    "epoch20": 74.15648396809895,
    "epoch21": 73.45641072591145,
    "epoch22": 72.77583821614583,
    "epoch23": 71.77943420410156,
    "epoch24": 71.14905293782552,
    "epoch25": 70.21265665690105,
    "epoch26": 68.70609029134114,
    "epoch27": 67.6230977376302,
    "epoch28": 66.90625508626302,
    "epoch29": 66.2914530436198,
    "epoch30": 65.85653686523438
}