{
    "epoch1": 0.0325725571019575,
    "epoch2": 0.022782060608733445,
    "epoch3": 0.01917737041367218,
    "epoch4": 0.017800839559640735,
    "epoch5": 0.016940839763265103,
    "epoch6": 0.016303274023812264,
    "epoch7": 0.015780383779201657,
    "epoch8": 0.015257145278155804,
    "epoch9": 0.01544919132720679,
    "epoch10": 0.015122668584808707,
    "epoch11": 0.014022557181306183,
    "epoch12": 0.013634967297548428,
    "epoch13": 0.013669837499037385,
    "epoch14": 0.01329979335423559,
    "epoch15": 0.013312940805917606,
    "epoch16": 0.01330933440476656,
    "epoch17": 0.01286589860683307,
    "epoch18": 0.012656137783778831,
    "epoch19": 0.012417330202879384,
    "epoch20": 0.01243641015025787,
    "epoch21": 0.012167055800091475,
    "epoch22": 0.012239761068485677,
    "epoch23": 0.011979920993326232,
    "epoch24": 0.011984230310190469,
    "epoch25": 0.011881416197866201,
    "epoch26": 0.011856569006340578,
    "epoch27": 0.012913505837786943,
    "epoch28": 0.01173418469261378,
    "epoch29": 0.011958824790781364,
    "epoch30": 0.01158493774710223,
    "epoch31": 0.011700002913130447,
    "epoch32": 0.011409203318180516,
    "epoch33": 0.011414505454013124,
    "epoch34": 0.011493352707475424,
    "epoch35": 0.013056529045570642,
    "epoch36": 0.012041208043228835,
    "epoch37": 0.011587862827582285,
    "epoch38": 0.011614261253271252,
    "epoch39": 0.011223253823118284,
    "epoch40": 0.011569221183890477,
    "epoch41": 0.011233274068217725,
    "epoch42": 0.011202086723642424,
    "epoch43": 0.011454980645794421,
    "epoch44": 0.0110926840279717,
    "epoch45": 0.01116978406207636,
    "epoch46": 0.011052738933358341,
    "epoch47": 0.011259280901867896,
    "epoch48": 0.011353013454936445,
    "epoch49": 0.011037607182515785,
    "epoch50": 0.011086734622949734,
    "epoch51": 0.011435176245868206,
    "epoch52": 0.011010180547600612,
    "epoch53": 0.011214990343432873,
    "epoch54": 0.011073863628553227,
    "epoch55": 0.011168919852934778,
    "epoch56": 0.011212090350454673,
    "epoch57": 0.011012505186954513,
    "epoch58": 0.01091867926879786,
    "epoch59": 0.011895834584720433,
    "epoch60": 0.010976161051075906,
    "epoch61": 0.011210343742277473,
    "epoch62": 0.011060326971346512,
    "epoch63": 0.0109236839634832,
    "epoch64": 0.011374623340088874,
    "epoch65": 0.010758341843029484,
    "epoch66": 0.01101004792144522,
    "epoch67": 0.011024588602595031,
    "epoch68": 0.010720479243900627,
    "epoch69": 0.011382464115740731,
    "epoch70": 0.010733001952758059,
    "epoch71": 0.010896713443798944,
    "epoch72": 0.011048195156035945,
    "epoch73": 0.011104607256129384,
    "epoch74": 0.011262071377132088,
    "epoch75": 0.01074589733616449,
    "epoch76": 0.01093200480681844,
    "epoch77": 0.010704128595534712,
    "epoch78": 0.01212540446431376,
    "epoch79": 0.011064855032600462,
    "epoch80": 0.01068129250779748,
    "epoch81": 0.010696055338485166,
    "epoch82": 0.010809688072185963,
    "epoch83": 0.010719118698034436,
    "epoch84": 0.01063891252852045,
    "epoch85": 0.010853378422325477,
    "epoch86": 0.010638497624313459,
    "epoch87": 0.010729046713095158,
    "epoch88": 0.010746934422058985,
    "epoch89": 0.011077692557591945,
    "epoch90": 0.010654976998921484,
    "epoch91": 0.010869357705814764,
    "epoch92": 0.010587281489279121,
    "epoch93": 0.010607741918647662,
    "epoch94": 0.010808897350216284,
    "epoch95": 0.01070934793096967,
    "epoch96": 0.010604317852994427,
    "epoch97": 0.010804986086441204,
    "epoch98": 0.010551297338679433,
    "epoch99": 0.010764937876956537,
    "epoch100": 0.01098391501000151
}