{
    "epoch1": 44.87196350097656,
    "epoch2": 37.95088577270508,
    "epoch3": 32.74650955200195,
    "epoch4": 31.034414291381836,
    "epoch5": 30.708890914916992,
    "epoch6": 30.093772888183594,
    "epoch7": 29.595516204833984,
    "epoch8": 28.79766845703125,
    "epoch9": 28.073013305664062,
    "epoch10": 29.88544273376465,
    "epoch11": 27.336933135986328,
    "epoch12": 26.49771499633789,
    "epoch13": 26.639371871948242,
    "epoch14": 26.561376571655273,
    "epoch15": 25.92064094543457,
    "epoch16": 27.420848846435547,
    "epoch17": 26.523452758789062,
    "epoch18": 25.667892456054688,
    "epoch19": 25.103914260864258,
    "epoch20": 25.05740737915039,
    "epoch21": 25.214937210083008,
    "epoch22": 25.098098754882812,
    "epoch23": 24.48405647277832,
    "epoch24": 25.030786514282227,
    "epoch25": 23.961963653564453,
    "epoch26": 24.681936264038086,
    "epoch27": 27.34510040283203,
    "epoch28": 24.686887741088867,
    "epoch29": 25.104713439941406,
    "epoch30": 24.029788970947266,
    "epoch31": 24.580589294433594,
    "epoch32": 23.44464683532715,
    "epoch33": 23.377920150756836,
    "epoch34": 24.19137191772461,
    "epoch35": 27.55514907836914,
    "epoch36": 24.27733039855957,
    "epoch37": 24.115528106689453,
    "epoch38": 24.9305419921875,
    "epoch39": 23.248897552490234,
    "epoch40": 24.72457504272461,
    "epoch41": 23.16006088256836,
    "epoch42": 23.309873580932617,
    "epoch43": 24.168928146362305,
    "epoch44": 22.934722900390625,
    "epoch45": 22.849637985229492,
    "epoch46": 23.108078002929688,
    "epoch47": 23.394489288330078,
    "epoch48": 23.381153106689453,
    "epoch49": 22.366491317749023,
    "epoch50": 23.369001388549805,
    "epoch51": 23.41816520690918,
    "epoch52": 22.337539672851562,
    "epoch53": 23.686521530151367,
    "epoch54": 23.353090286254883,
    "epoch55": 22.51403045654297,
    "epoch56": 23.717470169067383,
    "epoch57": 22.90957260131836,
    "epoch58": 22.698823928833008,
    "epoch59": 26.753564834594727,
    "epoch60": 23.136219024658203,
    "epoch61": 22.649925231933594,
    "epoch62": 23.581392288208008,
    "epoch63": 22.90273094177246,
    "epoch64": 23.98017692565918,
    "epoch65": 22.645069122314453,
    "epoch66": 23.855512619018555,
    "epoch67": 23.22984504699707,
    "epoch68": 22.08933448791504,
    "epoch69": 23.94803237915039,
    "epoch70": 22.536951065063477,
    "epoch71": 23.059904098510742,
    "epoch72": 22.607097625732422,
    "epoch73": 23.654930114746094,
    "epoch74": 24.517616271972656,
    "epoch75": 22.734464645385742,
    "epoch76": 22.55884552001953,
    "epoch77": 22.28276252746582,
    "epoch78": 25.74176597595215,
    "epoch79": 23.26675796508789,
    "epoch80": 22.40604591369629,
    "epoch81": 22.211015701293945,
    "epoch82": 22.394739151000977,
    "epoch83": 22.869413375854492,
    "epoch84": 22.01753807067871,
    "epoch85": 22.154340744018555,
    "epoch86": 22.191944122314453,
    "epoch87": 22.082904815673828,
    "epoch88": 22.22494125366211,
    "epoch89": 22.77812957763672,
    "epoch90": 21.6292781829834,
    "epoch91": 22.725984573364258,
    "epoch92": 21.903438568115234,
    "epoch93": 21.519306182861328,
    "epoch94": 22.361473083496094,
    "epoch95": 22.487558364868164,
    "epoch96": 21.880159378051758,
    "epoch97": 22.34058380126953,
    "epoch98": 21.993282318115234,
    "epoch99": 22.342731475830078,
    "epoch100": 23.090435028076172
}