{
    "epoch1": 55.666171459441486,
    "epoch2": 37.310676737034576,
    "epoch3": 32.386960293384305,
    "epoch4": 31.19429957613032,
    "epoch5": 30.50929292719415,
    "epoch6": 29.91395861037234,
    "epoch7": 29.69578000332447,
    "epoch8": 29.31418820644947,
    "epoch9": 28.91214573636968,
    "epoch10": 28.43749740275931,
    "epoch11": 28.29469591505984,
    "epoch12": 27.949161610704788,
    "epoch13": 27.664052111037233,
    "epoch14": 27.366582342918882,
    "epoch15": 27.24220827792553,
    "epoch16": 26.813972635472073,
    "epoch17": 26.55596014793883,
    "epoch18": 26.57528102144282,
    "epoch19": 26.40795638713431,
    "epoch20": 26.14726874168883,
    "epoch21": 26.013993932845743,
    "epoch22": 25.73214397024601,
    "epoch23": 25.63013993932846,
    "epoch24": 25.4285888671875,
    "epoch25": 25.18797010056516,
    "epoch26": 25.18351063829787,
    "epoch27": 25.094248670212767,
    "epoch28": 25.029237138464097,
    "epoch29": 24.769287109375,
    "epoch30": 24.832909117353722,
    "epoch31": 24.524437437666222,
    "epoch32": 24.514744535405587,
    "epoch33": 24.450410883477392,
    "epoch34": 24.33580244348404,
    "epoch35": 24.204475565159573,
    "epoch36": 24.15599027593085,
    "epoch37": 23.98407891456117,
    "epoch38": 23.86819782662899,
    "epoch39": 23.928269406582448,
    "epoch40": 23.885890230219413,
    "epoch41": 23.78208631150266,
    "epoch42": 23.72000446725399,
    "epoch43": 23.69983169880319,
    "epoch44": 23.591544942652927,
    "epoch45": 23.540937707779257,
    "epoch46": 23.558653486535903,
    "epoch47": 23.46604627244016,
    "epoch48": 23.384373441655587,
    "epoch49": 23.291880506150267,
    "epoch50": 23.264588700964097,
    "epoch51": 23.30475762549867,
    "epoch52": 23.087114050033243,
    "epoch53": 23.362800760472073,
    "epoch54": 23.152408681017288,
    "epoch55": 23.076145902593087,
    "epoch56": 23.056565305019948,
    "epoch57": 22.888508248836438,
    "epoch58": 22.959745366522608,
    "epoch59": 22.86729658410904,
    "epoch60": 22.942167241522608,
    "epoch61": 22.78377451795213,
    "epoch62": 22.81757500831117,
    "epoch63": 22.88778102144282,
    "epoch64": 22.936411756150267,
    "epoch65": 22.8018798828125,
    "epoch66": 22.90076982214096,
    "epoch67": 22.7347723778258,
    "epoch68": 22.79669838763298,
    "epoch69": 22.67490857712766,
    "epoch70": 22.43929729055851,
    "epoch71": 22.70218479886968,
    "epoch72": 22.927659055019948,
    "epoch73": 22.538387217420212,
    "epoch74": 22.4989922706117,
    "epoch75": 22.29561793550532,
    "epoch76": 22.428734312666222,
    "epoch77": 22.420890645777927,
    "epoch78": 22.38382542386968,
    "epoch79": 22.42955244348404,
    "epoch80": 22.41578966505984,
    "epoch81": 22.350559965093087,
    "epoch82": 22.252308946974733,
    "epoch83": 22.20341848819814,
    "epoch84": 22.271372693650267,
    "epoch85": 22.17548776180186,
    "epoch86": 22.371361265791222,
    "epoch87": 22.128776387965427,
    "epoch88": 22.15409169298537,
    "epoch89": 22.20380287982048,
    "epoch90": 22.14078602892287,
    "epoch91": 22.1174004737367,
    "epoch92": 22.27662950880984,
    "epoch93": 22.263038148271278,
    "epoch94": 22.00276865857713,
    "epoch95": 22.126685609208778,
    "epoch96": 22.072655211103722,
    "epoch97": 21.97938310339096,
    "epoch98": 21.90361899517952,
    "epoch99": 22.160527655418882,
    "epoch100": 21.974824945977392
}