{
    "epoch1": 77.7078369140625,
    "epoch2": 48.5884912109375,
    "epoch3": 45.9866650390625,
    "epoch4": 43.364599609375,
    "epoch5": 39.99617431640625,
    "epoch6": 36.35876708984375,
    "epoch7": 33.5080126953125,
    "epoch8": 31.661787109375,
    "epoch9": 30.58247314453125,
    "epoch10": 29.88517333984375,
    "epoch11": 29.57230224609375,
    "epoch12": 29.2263818359375,
    "epoch13": 29.1611962890625,
    "epoch14": 29.07703857421875,
    "epoch15": 28.649560546875,
    "epoch16": 28.6650048828125,
    "epoch17": 28.51427734375,
    "epoch18": 28.3249755859375,
    "epoch19": 28.44172119140625,
    "epoch20": 28.09309814453125,
    "epoch21": 28.1034033203125,
    "epoch22": 27.85708740234375,
    "epoch23": 27.90929931640625,
    "epoch24": 27.90829833984375,
    "epoch25": 27.78188232421875,
    "epoch26": 27.65857666015625,
    "epoch27": 27.54191650390625,
    "epoch28": 27.43151123046875,
    "epoch29": 27.45672607421875,
    "epoch30": 27.4331689453125,
    "epoch31": 27.27874267578125,
    "epoch32": 27.3384375,
    "epoch33": 27.571533203125,
    "epoch34": 27.2247607421875,
    "epoch35": 27.04026611328125,
    "epoch36": 27.19030517578125,
    "epoch37": 26.917333984375,
    "epoch38": 27.03602783203125,
    "epoch39": 26.85828857421875,
    "epoch40": 26.682119140625,
    "epoch41": 26.81310546875,
    "epoch42": 26.54695556640625,
    "epoch43": 26.57976318359375,
    "epoch44": 26.61314208984375,
    "epoch45": 26.58719482421875,
    "epoch46": 26.334912109375,
    "epoch47": 26.4464208984375,
    "epoch48": 26.32135009765625,
    "epoch49": 26.90240234375,
    "epoch50": 26.12607666015625,
    "epoch51": 26.46656982421875,
    "epoch52": 26.00923828125,
    "epoch53": 26.03426025390625,
    "epoch54": 25.86790771484375,
    "epoch55": 25.89619140625,
    "epoch56": 25.8885595703125,
    "epoch57": 25.69620361328125,
    "epoch58": 25.90866943359375,
    "epoch59": 25.8747314453125,
    "epoch60": 25.34486083984375,
    "epoch61": 25.54201904296875,
    "epoch62": 25.5276708984375,
    "epoch63": 25.4460791015625,
    "epoch64": 25.2869482421875,
    "epoch65": 25.61504150390625,
    "epoch66": 25.087861328125,
    "epoch67": 25.24886962890625,
    "epoch68": 25.2464599609375,
    "epoch69": 24.88109130859375,
    "epoch70": 25.15784912109375,
    "epoch71": 25.22818115234375,
    "epoch72": 24.856513671875,
    "epoch73": 24.8720458984375,
    "epoch74": 24.854736328125,
    "epoch75": 24.99195556640625,
    "epoch76": 25.111279296875,
    "epoch77": 24.57648193359375,
    "epoch78": 24.87981201171875,
    "epoch79": 24.96038330078125,
    "epoch80": 24.55458740234375,
    "epoch81": 24.75802490234375,
    "epoch82": 24.401171875,
    "epoch83": 24.66476318359375,
    "epoch84": 24.61772216796875,
    "epoch85": 24.54324462890625,
    "epoch86": 24.6831103515625,
    "epoch87": 24.845498046875,
    "epoch88": 24.69250732421875,
    "epoch89": 24.32787841796875,
    "epoch90": 24.348564453125,
    "epoch91": 24.132939453125,
    "epoch92": 24.39799560546875,
    "epoch93": 24.57570068359375,
    "epoch94": 24.4769189453125,
    "epoch95": 24.28588134765625,
    "epoch96": 24.19171875,
    "epoch97": 24.1250048828125,
    "epoch98": 24.107802734375,
    "epoch99": 24.15178466796875,
    "epoch100": 23.9598046875
}