{
    "epoch1": 0.05930472289522489,
    "epoch2": 0.0468889195472002,
    "epoch3": 0.03929642618944248,
    "epoch4": 0.035136823542416096,
    "epoch5": 0.033052305690944195,
    "epoch6": 0.03146561700850725,
    "epoch7": 0.029914692975580692,
    "epoch8": 0.028326875219742458,
    "epoch9": 0.026819301458696525,
    "epoch10": 0.025330883761246998,
    "epoch11": 0.023824448697268963,
    "epoch12": 0.02238608741511901,
    "epoch13": 0.021007999777793884,
    "epoch14": 0.019791553107400734,
    "epoch15": 0.01863054217149814,
    "epoch16": 0.017539035218457382,
    "epoch17": 0.016549828151861828,
    "epoch18": 0.015633293893188238,
    "epoch19": 0.014783060643821955,
    "epoch20": 0.014055328288426002,
    "epoch21": 0.013415666141857704,
    "epoch22": 0.01280840781206886,
    "epoch23": 0.012240914162248373,
    "epoch24": 0.011770829403152069,
    "epoch25": 0.011329132287452618,
    "epoch26": 0.010855215135961771,
    "epoch27": 0.010519555459419886,
    "epoch28": 0.010058301268145442,
    "epoch29": 0.009711618768051267,
    "epoch30": 0.00937167244652907
}