{
    "epoch1": 127.872548828125,
    "epoch2": 98.10708984375,
    "epoch3": 84.740498046875,
    "epoch4": 78.903330078125,
    "epoch5": 76.81859375,
    "epoch6": 76.26216796875,
    "epoch7": 75.4216064453125,
    "epoch8": 74.782060546875,
    "epoch9": 73.5525341796875,
    "epoch10": 72.6083349609375,
    "epoch11": 71.6428369140625,
    "epoch12": 70.3380078125,
    "epoch13": 69.7105517578125,
    "epoch14": 66.8336865234375,
    "epoch15": 66.4005517578125,
    "epoch16": 64.1216162109375,
    "epoch17": 62.4441943359375,
    "epoch18": 60.77689453125,
    "epoch19": 60.21779296875,
    "epoch20": 58.946630859375,
    "epoch21": 58.636162109375,
    "epoch22": 59.042236328125,
    "epoch23": 59.3024755859375,
    "epoch24": 58.5680908203125,
    "epoch25": 58.7757568359375,
    "epoch26": 59.0030615234375,
    "epoch27": 58.64666015625,
    "epoch28": 57.9497900390625,
    "epoch29": 58.002431640625,
    "epoch30": 57.5327734375
}