{
    "epoch1": 0.05938096516407453,
    "epoch2": 0.052327438042714045,
    "epoch3": 0.04486508352252153,
    "epoch4": 0.03655966772482945,
    "epoch5": 0.029872942429322463,
    "epoch6": 0.025880502966734078,
    "epoch7": 0.02402436933838404,
    "epoch8": 0.023204733044482194,
    "epoch9": 0.022342625217368968,
    "epoch10": 0.021890086909899346,
    "epoch11": 0.021492257427710753,
    "epoch12": 0.02121335855470254,
    "epoch13": 0.02106914583307046,
    "epoch14": 0.020459828181908682,
    "epoch15": 0.02097654500259803,
    "epoch16": 0.020358563114244204,
    "epoch17": 0.01992689101741864,
    "epoch18": 0.019777455223867528,
    "epoch19": 0.01953138024188005,
    "epoch20": 0.01950519109288087,
    "epoch21": 0.01951700305709472,
    "epoch22": 0.019238665771599,
    "epoch23": 0.01914326552874767,
    "epoch24": 0.019045309521831,
    "epoch25": 0.0189109852967354,
    "epoch26": 0.01890959755445902,
    "epoch27": 0.018910672443990525,
    "epoch28": 0.018586141558793876,
    "epoch29": 0.01860491566073436,
    "epoch30": 0.01849517348007514,
    "epoch31": 0.01862982288002968,
    "epoch32": 0.018534430875801124,
    "epoch33": 0.01847491513651151,
    "epoch34": 0.01821796581722223,
    "epoch35": 0.018189667294231746,
    "epoch36": 0.018885938450694084,
    "epoch37": 0.018164286246666543,
    "epoch38": 0.018200730403455403,
    "epoch39": 0.018095643187944706,
    "epoch40": 0.01812312716188339,
    "epoch41": 0.01792783297311801,
    "epoch42": 0.018154936627699778,
    "epoch43": 0.017945217040295783,
    "epoch44": 0.01795941576934778,
    "epoch45": 0.017859283118293837,
    "epoch46": 0.018097641662909433,
    "epoch47": 0.018510008302445594,
    "epoch48": 0.017845031447135486,
    "epoch49": 0.017822323438639823,
    "epoch50": 0.017953461251006678,
    "epoch51": 0.017866685699958067,
    "epoch52": 0.01786973040837508,
    "epoch53": 0.01811970046793039,
    "epoch54": 0.017853654276293058,
    "epoch55": 0.017788234166800976,
    "epoch56": 0.017950544133782387,
    "epoch57": 0.018097236967430666,
    "epoch58": 0.01773815580572073,
    "epoch59": 0.018160842645626802,
    "epoch60": 0.017763003563651673,
    "epoch61": 0.017996959531536467,
    "epoch62": 0.01773735164449765,
    "epoch63": 0.017872135656384323,
    "epoch64": 0.017732030568787686,
    "epoch65": 0.017699998087034777,
    "epoch66": 0.018762449662272748,
    "epoch67": 0.017746952648919363,
    "epoch68": 0.017918179742991924,
    "epoch69": 0.017759686550841883,
    "epoch70": 0.01806429007018988,
    "epoch71": 0.01810833990860444,
    "epoch72": 0.017777716526045248,
    "epoch73": 0.017918375607293386,
    "epoch74": 0.017820057889016774,
    "epoch75": 0.017778026943023387,
    "epoch76": 0.017964382799198993,
    "epoch77": 0.017857357286489926,
    "epoch78": 0.017761058532274686,
    "epoch79": 0.017832856625318527,
    "epoch80": 0.01771027150635536,
    "epoch81": 0.017881242988201287,
    "epoch82": 0.017994792917026922,
    "epoch83": 0.017796112439380243,
    "epoch84": 0.017895401598742373,
    "epoch85": 0.01793769747018814,
    "epoch86": 0.018677441761470757,
    "epoch87": 0.01786197815090418,
    "epoch88": 0.018026446708692953,
    "epoch89": 0.017861714944816552,
    "epoch90": 0.017716083102501355,
    "epoch91": 0.01823595682015786,
    "epoch92": 0.018031811628204126,
    "epoch93": 0.01789835890611777,
    "epoch94": 0.018569230173642818,
    "epoch95": 0.017823193293924514,
    "epoch96": 0.01778229669882701,
    "epoch97": 0.018237568724613924,
    "epoch98": 0.017991535150660917,
    "epoch99": 0.018398721917317465,
    "epoch100": 0.01784123036150749
}