{
    "epoch1": 54.51440899188702,
    "epoch2": 51.27525916466346,
    "epoch3": 48.54232553335336,
    "epoch4": 44.64350304236779,
    "epoch5": 39.95084791917067,
    "epoch6": 36.86019193209135,
    "epoch7": 35.36426720252404,
    "epoch8": 35.434408334585335,
    "epoch9": 34.37613149789664,
    "epoch10": 34.45914870042067,
    "epoch11": 34.36946223332332,
    "epoch12": 34.35811908428486,
    "epoch13": 34.29433030348558,
    "epoch14": 32.77073786808894,
    "epoch15": 34.68609149639423,
    "epoch16": 33.57544180063101,
    "epoch17": 32.45561100886418,
    "epoch18": 31.90678288386418,
    "epoch19": 32.18553748497596,
    "epoch20": 31.524568997896633,
    "epoch21": 31.439251239483173,
    "epoch22": 31.591576209435097,
    "epoch23": 31.511624849759617,
    "epoch24": 32.36414043719952,
    "epoch25": 31.96227088341346,
    "epoch26": 31.318072979266827,
    "epoch27": 32.43621591421274,
    "epoch28": 31.352801983173077,
    "epoch29": 31.348557692307693,
    "epoch30": 31.30022958608774,
    "epoch31": 31.98578115609976,
    "epoch32": 30.95899376502404,
    "epoch33": 31.767672025240383,
    "epoch34": 30.756699782151443,
    "epoch35": 31.335190993088943,
    "epoch36": 32.6697998046875,
    "epoch37": 31.041848989633415,
    "epoch38": 30.09899432842548,
    "epoch39": 30.18304912860577,
    "epoch40": 30.104478102463943,
    "epoch41": 30.34772667518029,
    "epoch42": 31.192037729116585,
    "epoch43": 29.823770376352165,
    "epoch44": 30.247699444110577,
    "epoch45": 30.315284142127403,
    "epoch46": 30.789949857271633,
    "epoch47": 29.52815363957332,
    "epoch48": 29.602870060847355,
    "epoch49": 29.709742619441105,
    "epoch50": 29.30000422551082,
    "epoch51": 29.40552227313702,
    "epoch52": 29.775491567758415,
    "epoch53": 30.728492149939903,
    "epoch54": 30.07806396484375,
    "epoch55": 28.948167067307693,
    "epoch56": 28.8768310546875,
    "epoch57": 30.61012385441707,
    "epoch58": 29.0393794133113,
    "epoch59": 30.44013155423678,
    "epoch60": 28.961639404296875,
    "epoch61": 30.142197829026443,
    "epoch62": 29.464512751652645,
    "epoch63": 28.998671311598557,
    "epoch64": 28.961395263671875,
    "epoch65": 29.073873666616585,
    "epoch66": 28.86662879356971,
    "epoch67": 28.558509239783653,
    "epoch68": 28.94556368314303,
    "epoch69": 28.704176682692307,
    "epoch70": 28.11639873798077,
    "epoch71": 28.111229529747597,
    "epoch72": 28.625575138972355,
    "epoch73": 28.361478365384617,
    "epoch74": 28.85491708608774,
    "epoch75": 29.06883122370793,
    "epoch76": 28.28727604792668,
    "epoch77": 28.136699969951923,
    "epoch78": 28.20128690279447,
    "epoch79": 28.323462853064903,
    "epoch80": 28.63902869591346,
    "epoch81": 28.209078275240383,
    "epoch82": 27.943638728215145,
    "epoch83": 28.05407949594351,
    "epoch84": 28.076096754807693,
    "epoch85": 28.157388540414665,
    "epoch86": 28.12983820988582,
    "epoch87": 28.88127723106971,
    "epoch88": 27.75902146559495,
    "epoch89": 28.84992394080529,
    "epoch90": 28.197242149939903,
    "epoch91": 29.53990760216346,
    "epoch92": 28.9652592585637,
    "epoch93": 27.62413611778846,
    "epoch94": 28.205970177283653,
    "epoch95": 28.16394277719351,
    "epoch96": 27.88238055889423,
    "epoch97": 27.66852041391226,
    "epoch98": 27.730010986328125,
    "epoch99": 27.732872596153847,
    "epoch100": 28.42438448392428
}