{
    "epoch1": 1.9073318919254234e-05,
    "epoch2": 1.82686600528541e-05,
    "epoch3": 1.7866288020741193e-05,
    "epoch4": 1.76784232717182e-05,
    "epoch5": 1.7531312696519308e-05,
    "epoch6": 1.7376657830027397e-05,
    "epoch7": 1.727399330411572e-05,
    "epoch8": 1.71431520175247e-05,
    "epoch9": 1.7029336415362194e-05,
    "epoch10": 1.6966549372227746e-05,
    "epoch11": 1.688783556164708e-05,
    "epoch12": 1.6864940878804192e-05,
    "epoch13": 1.6731497722503264e-05,
    "epoch14": 1.6699059999154998e-05,
    "epoch15": 1.6593340536928736e-05,
    "epoch16": 1.6572299093240873e-05,
    "epoch17": 1.6495424366439694e-05,
    "epoch18": 1.645916652705637e-05,
    "epoch19": 1.64429449250747e-05,
    "epoch20": 1.6374182187064435e-05,
    "epoch21": 1.6338519173586973e-05,
    "epoch22": 1.635837031972187e-05,
    "epoch23": 1.635046585033706e-05,
    "epoch24": 1.6280607369481003e-05,
    "epoch25": 1.6214036682868027e-05,
    "epoch26": 1.6246749511992676e-05,
    "epoch27": 1.6205487430852372e-05,
    "epoch28": 1.6227716510911704e-05,
    "epoch29": 1.6145588080689775e-05,
    "epoch30": 1.6176271312360767e-05
}