{
    "epoch1": 166.62425,
    "epoch2": 150.199828125,
    "epoch3": 127.57359375,
    "epoch4": 120.1473671875,
    "epoch5": 119.9479296875,
    "epoch6": 118.00209375,
    "epoch7": 115.7383203125,
    "epoch8": 113.6786015625,
    "epoch9": 111.648921875,
    "epoch10": 109.7663203125,
    "epoch11": 108.20278125,
    "epoch12": 106.39571875,
    "epoch13": 105.7088203125,
    "epoch14": 104.325515625,
    "epoch15": 103.516328125,
    "epoch16": 102.682734375,
    "epoch17": 101.9881328125,
    "epoch18": 101.339640625,
    "epoch19": 100.6958046875,
    "epoch20": 100.1587109375,
    "epoch21": 99.6637734375,
    "epoch22": 99.2320390625,
    "epoch23": 98.810875,
    "epoch24": 98.51775,
    "epoch25": 98.0881953125,
    "epoch26": 97.75140625,
    "epoch27": 97.58625,
    "epoch28": 97.180515625,
    "epoch29": 97.0097734375,
    "epoch30": 96.776046875
}