{
    "epoch1": 2874.99365234375,
    "epoch2": 2336.95849609375,
    "epoch3": 2006.8017578125,
    "epoch4": 2010.5972900390625,
    "epoch5": 1899.2762451171875,
    "epoch6": 1901.13037109375,
    "epoch7": 1880.4818115234375,
    "epoch8": 1786.2784423828125,
    "epoch9": 1785.8099365234375,
    "epoch10": 1754.9661865234375,
    "epoch11": 1759.2093505859375,
    "epoch12": 1684.833251953125,
    "epoch13": 1719.0859375,
    "epoch14": 1713.435791015625,
    "epoch15": 1616.7911376953125,
    "epoch16": 1738.4178466796875,
    "epoch17": 1624.49853515625,
    "epoch18": 1602.576904296875,
    "epoch19": 1631.9356689453125,
    "epoch20": 1608.6605224609375,
    "epoch21": 1585.228759765625,
    "epoch22": 1576.2496337890625,
    "epoch23": 1572.4935302734375,
    "epoch24": 1560.9208984375,
    "epoch25": 1564.6217041015625,
    "epoch26": 1763.5382080078125,
    "epoch27": 1596.524169921875,
    "epoch28": 1589.5465087890625,
    "epoch29": 1540.73486328125,
    "epoch30": 1659.1109619140625,
    "epoch31": 1558.726318359375,
    "epoch32": 1531.3173828125,
    "epoch33": 1521.8597412109375,
    "epoch34": 1568.332763671875,
    "epoch35": 1517.8446044921875,
    "epoch36": 1694.205322265625,
    "epoch37": 1534.2769775390625,
    "epoch38": 1517.120849609375,
    "epoch39": 1561.4239501953125,
    "epoch40": 1632.50537109375,
    "epoch41": 1510.690185546875,
    "epoch42": 1513.8646240234375,
    "epoch43": 1554.6954345703125,
    "epoch44": 1513.2591552734375,
    "epoch45": 1494.1180419921875,
    "epoch46": 1552.251953125,
    "epoch47": 1498.7193603515625,
    "epoch48": 1498.40283203125,
    "epoch49": 1491.134033203125,
    "epoch50": 1490.2392578125,
    "epoch51": 1492.4085693359375,
    "epoch52": 1498.7528076171875,
    "epoch53": 1497.408447265625,
    "epoch54": 1477.6712646484375,
    "epoch55": 1478.6552734375,
    "epoch56": 1483.1932373046875,
    "epoch57": 1469.4913330078125,
    "epoch58": 1480.264404296875,
    "epoch59": 1462.958740234375,
    "epoch60": 1485.5767822265625,
    "epoch61": 1501.9490966796875,
    "epoch62": 1452.922607421875,
    "epoch63": 1447.539794921875,
    "epoch64": 1484.3819580078125,
    "epoch65": 1558.181884765625,
    "epoch66": 1506.6142578125,
    "epoch67": 1453.1405029296875,
    "epoch68": 1468.911865234375,
    "epoch69": 1550.13525390625,
    "epoch70": 1448.7684326171875,
    "epoch71": 1442.935791015625,
    "epoch72": 1424.8455810546875,
    "epoch73": 1424.4764404296875,
    "epoch74": 1491.76513671875,
    "epoch75": 1454.305908203125,
    "epoch76": 1422.312744140625,
    "epoch77": 1433.8731689453125,
    "epoch78": 1413.11767578125,
    "epoch79": 1468.777099609375,
    "epoch80": 1466.5987548828125,
    "epoch81": 1399.419921875,
    "epoch82": 1448.560546875,
    "epoch83": 1415.65771484375,
    "epoch84": 1392.9180908203125,
    "epoch85": 1412.64892578125,
    "epoch86": 1403.34521484375,
    "epoch87": 1398.382568359375,
    "epoch88": 1397.154296875,
    "epoch89": 1443.49365234375,
    "epoch90": 1397.815673828125,
    "epoch91": 1389.6259765625,
    "epoch92": 1396.755859375,
    "epoch93": 1416.2554931640625,
    "epoch94": 1381.9554443359375,
    "epoch95": 1398.3345947265625,
    "epoch96": 1375.271728515625,
    "epoch97": 1430.76416015625,
    "epoch98": 1365.554443359375,
    "epoch99": 1370.2325439453125,
    "epoch100": 1463.1268310546875
}