{
    "epoch1": 0.00016639253590255976,
    "epoch2": 0.00014919658889994025,
    "epoch3": 0.00013604490988655015,
    "epoch4": 0.00012569876562338323,
    "epoch5": 0.00011797955790825654,
    "epoch6": 0.00011271602212218567,
    "epoch7": 0.00010842458395927679,
    "epoch8": 0.00010590749661787413,
    "epoch9": 0.00010411621726234443,
    "epoch10": 0.00010326556744985282,
    "epoch11": 0.00010284993404638954,
    "epoch12": 0.00010274227694026194,
    "epoch13": 0.00010294356397935189,
    "epoch14": 0.00010318172906409017,
    "epoch15": 0.00010352018667617812,
    "epoch16": 0.00010384740016888827,
    "epoch17": 0.00010438450364745222,
    "epoch18": 0.00010460514298756607,
    "epoch19": 0.00010514430876355618,
    "epoch20": 0.00010517284375964664,
    "epoch21": 0.00010531987354625016,
    "epoch22": 0.00010539527342189103,
    "epoch23": 0.00010570679951342754,
    "epoch24": 0.00010600268637062981,
    "epoch25": 0.00010611426056129858,
    "epoch26": 0.00010584047937300057,
    "epoch27": 0.00010610882745822891,
    "epoch28": 0.0001062377414200455,
    "epoch29": 0.00010614368176902644,
    "epoch30": 0.00010636190156219527
}