{
    "epoch1": 142.964091796875,
    "epoch2": 114.12451171875,
    "epoch3": 91.96875,
    "epoch4": 78.6871240234375,
    "epoch5": 72.4876220703125,
    "epoch6": 70.018046875,
    "epoch7": 69.9117919921875,
    "epoch8": 70.4077880859375,
    "epoch9": 71.525771484375,
    "epoch10": 72.492890625,
    "epoch11": 73.8000244140625,
    "epoch12": 74.7539892578125,
    "epoch13": 76.16962890625,
    "epoch14": 76.9000927734375,
    "epoch15": 77.754736328125,
    "epoch16": 78.097880859375,
    "epoch17": 78.9508837890625,
    "epoch18": 79.389130859375,
    "epoch19": 79.958876953125,
    "epoch20": 80.0432958984375,
    "epoch21": 80.322314453125,
    "epoch22": 80.3624951171875,
    "epoch23": 80.512998046875,
    "epoch24": 80.7313623046875,
    "epoch25": 80.9536474609375,
    "epoch26": 80.7227490234375,
    "epoch27": 81.1067138671875,
    "epoch28": 81.1490087890625,
    "epoch29": 81.049130859375,
    "epoch30": 81.1100634765625
}