{
    "epoch1": 0.050124600529670715,
    "epoch2": 0.04496514983475208,
    "epoch3": 0.039925730388079374,
    "epoch4": 0.03392409519957645,
    "epoch5": 0.02812145676996027,
    "epoch6": 0.024088112770446708,
    "epoch7": 0.022020462235169753,
    "epoch8": 0.021042566946042434,
    "epoch9": 0.020667747195277895,
    "epoch10": 0.020109630123312985,
    "epoch11": 0.019615040493330786,
    "epoch12": 0.01933123224547931,
    "epoch13": 0.018954471485423192,
    "epoch14": 0.018650585585939034,
    "epoch15": 0.018276349574859654,
    "epoch16": 0.01806238985487393,
    "epoch17": 0.017800511193594763,
    "epoch18": 0.01755984959059528,
    "epoch19": 0.017306282118495022,
    "epoch20": 0.017297573321099793,
    "epoch21": 0.016885514238051007,
    "epoch22": 0.01671019016898104,
    "epoch23": 0.01671068077640874,
    "epoch24": 0.016401526318596944,
    "epoch25": 0.016283798031508923,
    "epoch26": 0.01665116274463279,
    "epoch27": 0.01605517210971032,
    "epoch28": 0.015924928975956782,
    "epoch29": 0.015897325639213835,
    "epoch30": 0.015719925252986804,
    "epoch31": 0.015700037524636303,
    "epoch32": 0.015650848791535412,
    "epoch33": 0.015507585036435298,
    "epoch34": 0.015427516706820046,
    "epoch35": 0.01601046204034771,
    "epoch36": 0.015405476691999606,
    "epoch37": 0.0152485618101699,
    "epoch38": 0.015209226469908441,
    "epoch39": 0.015171291905322246,
    "epoch40": 0.0150857708150787,
    "epoch41": 0.015240156756980079,
    "epoch42": 0.01519196932869298,
    "epoch43": 0.015246997720428876,
    "epoch44": 0.015013297953243767,
    "epoch45": 0.015320682499025549,
    "epoch46": 0.014912179338612727,
    "epoch47": 0.01472516025283507,
    "epoch48": 0.014624247793108225,
    "epoch49": 0.014576379741941179,
    "epoch50": 0.01460581658674138,
    "epoch51": 0.014504138912473406,
    "epoch52": 0.014704278404159206,
    "epoch53": 0.014471541225378002,
    "epoch54": 0.014359713532030582,
    "epoch55": 0.014299029750483376,
    "epoch56": 0.014427567166941506,
    "epoch57": 0.01432749183316316,
    "epoch58": 0.014619112480431795,
    "epoch59": 0.014224342070519924,
    "epoch60": 0.014210319678698267,
    "epoch61": 0.014076447247394494,
    "epoch62": 0.014061660904969488,
    "epoch63": 0.014093970148158925,
    "epoch64": 0.014136032400918859,
    "epoch65": 0.01413598922746522,
    "epoch66": 0.014005280365901334,
    "epoch67": 0.013849586714059114,
    "epoch68": 0.01389971109373229,
    "epoch69": 0.013800593558698893,
    "epoch70": 0.0137555758867945,
    "epoch71": 0.013834326261920589,
    "epoch72": 0.013766539549188954,
    "epoch73": 0.013726094804172004,
    "epoch74": 0.013760499390108245,
    "epoch75": 0.013734921679965087,
    "epoch76": 0.0136734845915011,
    "epoch77": 0.013580722800855125,
    "epoch78": 0.013633764149355037,
    "epoch79": 0.013571053743362427,
    "epoch80": 0.013589041706706797,
    "epoch81": 0.013568291241036994,
    "epoch82": 0.013521223262484585,
    "epoch83": 0.013497676833399705,
    "epoch84": 0.013446899530078684,
    "epoch85": 0.013375389323170696,
    "epoch86": 0.013364350689308984,
    "epoch87": 0.01384705285142575,
    "epoch88": 0.01330759875210268,
    "epoch89": 0.013319315322275673,
    "epoch90": 0.013320284762552806,
    "epoch91": 0.013460473689649786,
    "epoch92": 0.013234620581247978,
    "epoch93": 0.013409441270466362,
    "epoch94": 0.0133311018081648,
    "epoch95": 0.01314240534390722,
    "epoch96": 0.013443176568086659,
    "epoch97": 0.013117228501609393,
    "epoch98": 0.013245380417044674,
    "epoch99": 0.013226415762411696,
    "epoch100": 0.013145318787012781
}