{
    "epoch1": 47.282845633370535,
    "epoch2": 45.490570068359375,
    "epoch3": 42.677137102399556,
    "epoch4": 40.837942940848215,
    "epoch5": 35.78528485979353,
    "epoch6": 33.941680908203125,
    "epoch7": 30.959446498325892,
    "epoch8": 30.507483346121653,
    "epoch9": 29.50075422014509,
    "epoch10": 30.295726231166295,
    "epoch11": 29.625440325055802,
    "epoch12": 28.63728768484933,
    "epoch13": 29.25612531389509,
    "epoch14": 28.235704694475448,
    "epoch15": 28.37239728655134,
    "epoch16": 28.431453159877233,
    "epoch17": 28.300872802734375,
    "epoch18": 27.668729509626115,
    "epoch19": 27.745040893554688,
    "epoch20": 27.125207083565847,
    "epoch21": 27.553288051060267,
    "epoch22": 27.31746346609933,
    "epoch23": 26.847019740513392,
    "epoch24": 27.059210641043528,
    "epoch25": 27.229740687779017,
    "epoch26": 26.595007760184153,
    "epoch27": 27.100923810686385,
    "epoch28": 26.81819806780134,
    "epoch29": 26.292245047433035,
    "epoch30": 26.525039672851562,
    "epoch31": 26.919634137834823,
    "epoch32": 26.938217163085938,
    "epoch33": 26.609403337751115,
    "epoch34": 26.552788870675222,
    "epoch35": 25.931791033063615,
    "epoch36": 25.863664899553573,
    "epoch37": 26.217235020228795,
    "epoch38": 26.360519409179688,
    "epoch39": 25.73498753138951,
    "epoch40": 26.297415597098215,
    "epoch41": 26.765679495675222,
    "epoch42": 25.51882062639509,
    "epoch43": 26.839013235909597,
    "epoch44": 25.605924333844865,
    "epoch45": 27.114678519112722,
    "epoch46": 25.31835719517299,
    "epoch47": 25.384002685546875,
    "epoch48": 25.693069458007812,
    "epoch49": 25.504207066127233,
    "epoch50": 25.854753766741073,
    "epoch51": 25.242255074637278,
    "epoch52": 26.104544503348215,
    "epoch53": 25.744663783482142,
    "epoch54": 25.16005597795759,
    "epoch55": 25.057865687779017,
    "epoch56": 24.798372541155135,
    "epoch57": 24.914707728794642,
    "epoch58": 26.237583705357142,
    "epoch59": 25.283218383789062,
    "epoch60": 24.614852905273438,
    "epoch61": 25.058975219726562,
    "epoch62": 24.542513166155135,
    "epoch63": 25.35174342564174,
    "epoch64": 24.366304670061385,
    "epoch65": 25.387091500418528,
    "epoch66": 24.985133579799108,
    "epoch67": 24.611912318638392,
    "epoch68": 24.965445382254465,
    "epoch69": 24.471429007393972,
    "epoch70": 24.470511300223215,
    "epoch71": 24.95003182547433,
    "epoch72": 24.169185093470983,
    "epoch73": 24.589220319475448,
    "epoch74": 24.90928213936942,
    "epoch75": 24.915113176618302,
    "epoch76": 24.119707380022323,
    "epoch77": 24.217357090541295,
    "epoch78": 23.99424089704241,
    "epoch79": 23.940782819475448,
    "epoch80": 24.624967302594865,
    "epoch81": 24.513109479631698,
    "epoch82": 23.918705531529017,
    "epoch83": 24.46758815220424,
    "epoch84": 24.244005475725448,
    "epoch85": 23.832059587751115,
    "epoch86": 23.79284885951451,
    "epoch87": 25.231105259486608,
    "epoch88": 24.086680821010045,
    "epoch89": 23.7255859375,
    "epoch90": 23.872796194893972,
    "epoch91": 24.65157209123884,
    "epoch92": 23.923906598772323,
    "epoch93": 23.631683349609375,
    "epoch94": 24.368706839425222,
    "epoch95": 23.825365339006698,
    "epoch96": 23.64617919921875,
    "epoch97": 23.609039306640625,
    "epoch98": 24.291865757533483,
    "epoch99": 23.49233136858259,
    "epoch100": 23.572725568498885
}