{
    "epoch1": 0.05508873197767469,
    "epoch2": 0.05054248207145267,
    "epoch3": 0.045289773390524916,
    "epoch4": 0.04074023601909479,
    "epoch5": 0.036035825912323266,
    "epoch6": 0.032140019453234143,
    "epoch7": 0.028778705435494583,
    "epoch8": 0.02654119746552573,
    "epoch9": 0.024898543229533568,
    "epoch10": 0.023975723319583468,
    "epoch11": 0.023367585924764473,
    "epoch12": 0.02297074378778537,
    "epoch13": 0.023044364630348153,
    "epoch14": 0.022374744527041912,
    "epoch15": 0.02204144259707795,
    "epoch16": 0.021855595004227426,
    "epoch17": 0.021701741239262953,
    "epoch18": 0.02166089808775319,
    "epoch19": 0.02129173573727409,
    "epoch20": 0.021082212113671832,
    "epoch21": 0.02099104949997531,
    "epoch22": 0.02118285455637508,
    "epoch23": 0.020658546023898654,
    "epoch24": 0.020491784024569724,
    "epoch25": 0.02041511160011093,
    "epoch26": 0.020237285022934277,
    "epoch27": 0.020107927525209054,
    "epoch28": 0.019988855967919033,
    "epoch29": 0.019880917802866962,
    "epoch30": 0.019847995808555022,
    "epoch31": 0.01972548042734464,
    "epoch32": 0.01968978510962592,
    "epoch33": 0.020142139142586127,
    "epoch34": 0.01943737832415435,
    "epoch35": 0.01956574639512433,
    "epoch36": 0.019371110583759017,
    "epoch37": 0.01924580552925666,
    "epoch38": 0.019443622169395287,
    "epoch39": 0.019124265035821333,
    "epoch40": 0.019023411596814793,
    "epoch41": 0.018969170128305752,
    "epoch42": 0.0188564739914404,
    "epoch43": 0.018869065162208345,
    "epoch44": 0.018707924263758793,
    "epoch45": 0.018724139107184276,
    "epoch46": 0.01904335142009788,
    "epoch47": 0.01876130115447773,
    "epoch48": 0.018987954697675176,
    "epoch49": 0.01850392281388243,
    "epoch50": 0.018601042011545763,
    "epoch51": 0.018509703429622784,
    "epoch52": 0.01880280849420362,
    "epoch53": 0.01832318042094509,
    "epoch54": 0.01848726176346342,
    "epoch55": 0.01817642736973034,
    "epoch56": 0.018175398672206536,
    "epoch57": 0.018160583968791697,
    "epoch58": 0.01811237048564686,
    "epoch59": 0.018426158361964755,
    "epoch60": 0.01805556146427989,
    "epoch61": 0.017914831017454464,
    "epoch62": 0.017961748513496585,
    "epoch63": 0.017878359649330378,
    "epoch64": 0.017855939817511372,
    "epoch65": 0.01783739195929633,
    "epoch66": 0.01786346174776554,
    "epoch67": 0.017892626838551626,
    "epoch68": 0.018619262665096257,
    "epoch69": 0.017654566663420863,
    "epoch70": 0.01787467792423235,
    "epoch71": 0.01757272348428766,
    "epoch72": 0.017653932846668694,
    "epoch73": 0.01754657919001248,
    "epoch74": 0.017716872247142926,
    "epoch75": 0.017747544062634308,
    "epoch76": 0.017589796437985368,
    "epoch77": 0.017568677715543244,
    "epoch78": 0.017699490094350442,
    "epoch79": 0.01761991980796059,
    "epoch80": 0.017359167337417603,
    "epoch81": 0.017373844515532255,
    "epoch82": 0.017319590629388888,
    "epoch83": 0.017272419140984614,
    "epoch84": 0.01731648865259356,
    "epoch85": 0.017337393170843523,
    "epoch86": 0.017298179264697764,
    "epoch87": 0.017155027456788555,
    "epoch88": 0.017192483672665224,
    "epoch89": 0.01712958851001329,
    "epoch90": 0.017156169439355533,
    "epoch91": 0.017163616242922015,
    "epoch92": 0.016995643679466512,
    "epoch93": 0.017018609473274812,
    "epoch94": 0.016959039649615686,
    "epoch95": 0.016975051826900907,
    "epoch96": 0.017431931104511023,
    "epoch97": 0.0169274657447305,
    "epoch98": 0.017101990162498422,
    "epoch99": 0.016810723528679874,
    "epoch100": 0.016804636171501543
}