{
    "epoch1": 0.00032675473850758864,
    "epoch2": 0.0003251492695926572,
    "epoch3": 0.0003240000950245303,
    "epoch4": 0.00032324171259460853,
    "epoch5": 0.0003227177833650785,
    "epoch6": 0.00032228603984549406,
    "epoch7": 0.00032203405864493105,
    "epoch8": 0.0003218604965513805,
    "epoch9": 0.0003217345861776266,
    "epoch10": 0.00032160908505829866,
    "epoch11": 0.00032161703165911604,
    "epoch12": 0.0003215501659542497,
    "epoch13": 0.0003214565412781667,
    "epoch14": 0.0003213679398140812,
    "epoch15": 0.00032132980364622197,
    "epoch16": 0.0003213823967780627,
    "epoch17": 0.00032133038957908865,
    "epoch18": 0.00032123783810675374,
    "epoch19": 0.0003211692061267968,
    "epoch20": 0.0003212309635819111,
    "epoch21": 0.00032122466236614853,
    "epoch22": 0.0003211789901342854,
    "epoch23": 0.000321055789854654,
    "epoch24": 0.0003210256480087992,
    "epoch25": 0.0003210050220786798,
    "epoch26": 0.0003210579298684024,
    "epoch27": 0.0003209540906937036,
    "epoch28": 0.00032093054494907846,
    "epoch29": 0.00032097541953589825,
    "epoch30": 0.00032090335063003297
}