{
    "epoch1": 154.20085261418268,
    "epoch2": 145.23725773737982,
    "epoch3": 140.84718674879807,
    "epoch4": 134.66084172175482,
    "epoch5": 130.9608154296875,
    "epoch6": 128.23640324519232,
    "epoch7": 126.0528094951923,
    "epoch8": 124.09495192307692,
    "epoch9": 122.76312725360577,
    "epoch10": 121.36394794170673,
    "epoch11": 121.00360576923077,
    "epoch12": 120.38048377403847,
    "epoch13": 119.41548978365384,
    "epoch14": 118.6024639423077,
    "epoch15": 117.99312650240384,
    "epoch16": 117.82958045372597,
    "epoch17": 117.24724872295673,
    "epoch18": 116.29245229867789,
    "epoch19": 115.18565955528847,
    "epoch20": 115.17444786658653,
    "epoch21": 114.51053560697116,
    "epoch22": 113.58529897836539,
    "epoch23": 112.31221829927884,
    "epoch24": 111.69712477463942,
    "epoch25": 111.17979079026442,
    "epoch26": 111.1676025390625,
    "epoch27": 110.28275240384616,
    "epoch28": 109.9078838641827,
    "epoch29": 109.7526104266827,
    "epoch30": 109.43996957632211
}