{
    "epoch1": 148.99224609375,
    "epoch2": 140.504384765625,
    "epoch3": 134.657509765625,
    "epoch4": 130.24435546875,
    "epoch5": 129.00986328125,
    "epoch6": 126.425888671875,
    "epoch7": 124.37794921875,
    "epoch8": 122.75359375,
    "epoch9": 121.85671875,
    "epoch10": 120.584677734375,
    "epoch11": 119.954013671875,
    "epoch12": 119.442734375,
    "epoch13": 118.771513671875,
    "epoch14": 117.623955078125,
    "epoch15": 117.184443359375,
    "epoch16": 116.790693359375,
    "epoch17": 116.36767578125,
    "epoch18": 115.72259765625,
    "epoch19": 114.774853515625,
    "epoch20": 114.982216796875,
    "epoch21": 114.595751953125,
    "epoch22": 114.068837890625,
    "epoch23": 113.54095703125,
    "epoch24": 112.95466796875,
    "epoch25": 112.560146484375,
    "epoch26": 112.667578125,
    "epoch27": 112.07728515625,
    "epoch28": 111.313671875,
    "epoch29": 111.136298828125,
    "epoch30": 110.61587890625
}