{
    "epoch1": 87.07981770833334,
    "epoch2": 86.79245442708333,
    "epoch3": 87.08059895833334,
    "epoch4": 87.01934244791667,
    "epoch5": 86.76275390625,
    "epoch6": 86.29695963541667,
    "epoch7": 86.4293359375,
    "epoch8": 86.63889322916667,
    "epoch9": 86.10544921875,
    "epoch10": 86.15989583333334,
    "epoch11": 85.89455078125,
    "epoch12": 85.41811848958334,
    "epoch13": 85.53401692708333,
    "epoch14": 85.52457682291667,
    "epoch15": 84.9658203125,
    "epoch16": 85.43481119791667,
    "epoch17": 84.94039713541666,
    "epoch18": 85.5034375,
    "epoch19": 84.58093098958334,
    "epoch20": 84.09946614583333,
    "epoch21": 84.22823567708333,
    "epoch22": 84.46986328125,
    "epoch23": 84.60737630208334,
    "epoch24": 84.74448567708333,
    "epoch25": 84.44752604166666,
    "epoch26": 84.07571614583334,
    "epoch27": 84.02521484375,
    "epoch28": 83.79155598958333,
    "epoch29": 83.85083333333333,
    "epoch30": 84.012890625
}