{
    "epoch1": 82.83907277960526,
    "epoch2": 82.65318539268092,
    "epoch3": 82.62155633223684,
    "epoch4": 82.39317562705592,
    "epoch5": 82.33431846217105,
    "epoch6": 82.23415655838816,
    "epoch7": 82.04670795641448,
    "epoch8": 81.93380576685855,
    "epoch9": 81.64577765213816,
    "epoch10": 81.56003289473684,
    "epoch11": 81.27731805098684,
    "epoch12": 81.14566843133224,
    "epoch13": 80.98249897203948,
    "epoch14": 81.01710269325658,
    "epoch15": 80.88871684827302,
    "epoch16": 80.89797491776316,
    "epoch17": 80.69404039884868,
    "epoch18": 80.5692138671875,
    "epoch19": 80.34455951891448,
    "epoch20": 80.53925524259868,
    "epoch21": 80.91673519736842,
    "epoch22": 80.48786364103618,
    "epoch23": 80.50607781661184,
    "epoch24": 80.3953793174342,
    "epoch25": 80.39145379317434,
    "epoch26": 80.50777395148026,
    "epoch27": 80.32071083470395,
    "epoch28": 80.42431640625,
    "epoch29": 80.54263466282895,
    "epoch30": 80.30184775904605
}