{
    "epoch0": {
        "layer1": {
            "max_length": 1.1449389457702637,
            "mean_length": 0.29668352621221783,
            "median_length": 0.23716339468955994,
            "stdev_length": 0.1938875690698524,
            "sum_length": 29.371669095009565,
            "ratio_2_1": 20.311216683363263,
            "ratio_3_1": 17.401621996174054,
            "h": 4.421570811774943,
            "normh": 1.3081452121790316,
            "snr": Infinity,
            "mean_birth": 0.0,
            "stdev_birth": 0.0,
            "mean_death": 0.29668352621221783,
            "stdev_death": 0.1938875690698524
        },
        "layer2": {
            "max_length": 0.46774473786354065,
            "mean_length": 0.11482270426972947,
            "median_length": 0.09014607220888138,
            "stdev_length": 0.08016379413207414,
            "sum_length": 11.367447722703218,
            "ratio_2_1": 23.533620226533294,
            "ratio_3_1": 19.81296183927576,
            "h": 4.403609469632076,
            "normh": 1.8116229851737067,
            "snr": Infinity,
            "mean_birth": 0.0,
            "stdev_birth": 0.0,
            "mean_death": 0.11482270426972947,
            "stdev_death": 0.08016379413207414
        },
        "layer3": {
            "max_length": 0.006332609802484512,
            "mean_length": 0.00034971290616073994,
            "median_length": 0.00011885538697242737,
            "stdev_length": 0.0007741004274870856,
            "sum_length": 0.034621577709913254,
            "ratio_2_1": 7066.730434782608,
            "ratio_3_1": 5875.191304347826,
            "h": 3.542881711419998,
            "normh": -1.0534013378962097,
            "snr": Infinity,
            "mean_birth": 0.0,
            "stdev_birth": 0.0,
            "mean_death": 0.00034971290616073994,
            "stdev_death": 0.0007741004274870856
        }
    }
}