{
    "epoch1": 189.32166015625,
    "epoch2": 107.091513671875,
    "epoch3": 60.2405517578125,
    "epoch4": 46.4492138671875,
    "epoch5": 43.819443359375,
    "epoch6": 42.9941455078125,
    "epoch7": 41.964404296875,
    "epoch8": 41.0343212890625,
    "epoch9": 40.15225341796875,
    "epoch10": 39.1583740234375,
    "epoch11": 38.21777099609375,
    "epoch12": 37.3764306640625,
    "epoch13": 35.8607275390625,
    "epoch14": 34.7314453125,
    "epoch15": 33.83645263671875,
    "epoch16": 32.09798828125,
    "epoch17": 31.3330517578125,
    "epoch18": 29.60737060546875,
    "epoch19": 28.91103271484375,
    "epoch20": 28.23499267578125,
    "epoch21": 27.38909912109375,
    "epoch22": 26.93448486328125,
    "epoch23": 26.85275390625,
    "epoch24": 26.33834228515625,
    "epoch25": 26.29338134765625,
    "epoch26": 25.956083984375,
    "epoch27": 25.87362060546875,
    "epoch28": 25.76937744140625,
    "epoch29": 25.61040771484375,
    "epoch30": 25.52805908203125,
    "epoch31": 25.5458056640625,
    "epoch32": 25.34982177734375,
    "epoch33": 25.3904541015625,
    "epoch34": 25.223212890625,
    "epoch35": 24.94067138671875,
    "epoch36": 25.1349609375,
    "epoch37": 25.0781396484375,
    "epoch38": 24.8484912109375,
    "epoch39": 24.5691064453125,
    "epoch40": 24.889775390625,
    "epoch41": 24.58298095703125,
    "epoch42": 24.5498828125,
    "epoch43": 24.474775390625,
    "epoch44": 24.43253662109375,
    "epoch45": 24.431220703125,
    "epoch46": 24.2664013671875,
    "epoch47": 24.30184814453125,
    "epoch48": 24.103388671875,
    "epoch49": 24.3052587890625,
    "epoch50": 24.0668115234375,
    "epoch51": 24.046064453125,
    "epoch52": 24.044013671875,
    "epoch53": 23.9649462890625,
    "epoch54": 24.0359130859375,
    "epoch55": 23.6558251953125,
    "epoch56": 23.87440673828125,
    "epoch57": 23.72294189453125,
    "epoch58": 23.797900390625,
    "epoch59": 23.94236083984375,
    "epoch60": 23.8214892578125,
    "epoch61": 23.638330078125,
    "epoch62": 23.47408447265625,
    "epoch63": 23.52894287109375,
    "epoch64": 23.78171142578125,
    "epoch65": 23.64463134765625,
    "epoch66": 23.48240966796875,
    "epoch67": 23.5050830078125,
    "epoch68": 23.5574072265625,
    "epoch69": 23.439921875,
    "epoch70": 23.563916015625,
    "epoch71": 23.302265625,
    "epoch72": 23.2333642578125,
    "epoch73": 23.2146337890625,
    "epoch74": 23.35702880859375,
    "epoch75": 23.2701513671875,
    "epoch76": 23.14048095703125,
    "epoch77": 23.13388427734375,
    "epoch78": 23.16531005859375,
    "epoch79": 23.020302734375,
    "epoch80": 23.14652587890625,
    "epoch81": 23.04196044921875,
    "epoch82": 23.1105126953125,
    "epoch83": 22.9301318359375,
    "epoch84": 22.97182373046875,
    "epoch85": 23.00648681640625,
    "epoch86": 23.03599609375,
    "epoch87": 22.83107177734375,
    "epoch88": 22.90212158203125,
    "epoch89": 22.72501708984375,
    "epoch90": 22.6569091796875,
    "epoch91": 23.1957080078125,
    "epoch92": 22.8658154296875,
    "epoch93": 22.90727294921875,
    "epoch94": 22.75076416015625,
    "epoch95": 22.77012451171875,
    "epoch96": 22.7427978515625,
    "epoch97": 22.59205078125,
    "epoch98": 22.555654296875,
    "epoch99": 22.5545361328125,
    "epoch100": 22.4235400390625
}