{
    "epoch1": 72.66820501512096,
    "epoch2": 57.623550907258064,
    "epoch3": 54.29783974924395,
    "epoch4": 49.11697879914315,
    "epoch5": 44.94375708795363,
    "epoch6": 41.581936743951616,
    "epoch7": 37.034935735887096,
    "epoch8": 33.489596459173384,
    "epoch9": 31.701794039818548,
    "epoch10": 29.955328172253026,
    "epoch11": 28.571013419858872,
    "epoch12": 27.703333700856856,
    "epoch13": 26.235650831653224,
    "epoch14": 25.741045551915324,
    "epoch15": 24.144456432711692,
    "epoch16": 23.693536573840724,
    "epoch17": 24.167777769027218,
    "epoch18": 23.80446304813508,
    "epoch19": 22.224859422253026,
    "epoch20": 21.771618258568548,
    "epoch21": 21.52689681514617,
    "epoch22": 21.08105271862399,
    "epoch23": 20.604724514868952,
    "epoch24": 19.9180908203125,
    "epoch25": 20.346898232736894,
    "epoch26": 19.456793016003026,
    "epoch27": 18.45536361202117,
    "epoch28": 18.015166251890122,
    "epoch29": 17.49106720955141,
    "epoch30": 17.564951250630042
}