{
    "epoch1": 200.0,
    "epoch2": 200.0,
    "epoch3": 200.0,
    "epoch4": 200.0,
    "epoch5": 200.0,
    "epoch6": 200.0,
    "epoch7": 200.0,
    "epoch8": 199.8690234375,
    "epoch9": 197.74337890625,
    "epoch10": 189.06552734375,
    "epoch11": 172.5937109375,
    "epoch12": 152.457119140625,
    "epoch13": 130.6273828125,
    "epoch14": 111.474873046875,
    "epoch15": 98.24966796875,
    "epoch16": 90.725546875,
    "epoch17": 86.76732421875,
    "epoch18": 84.354580078125,
    "epoch19": 83.14767578125,
    "epoch20": 82.56666015625,
    "epoch21": 82.22712890625,
    "epoch22": 81.984140625,
    "epoch23": 81.807744140625,
    "epoch24": 81.6646533203125,
    "epoch25": 81.521396484375,
    "epoch26": 81.3716845703125,
    "epoch27": 81.16599609375,
    "epoch28": 80.9961865234375,
    "epoch29": 80.785341796875,
    "epoch30": 80.5733740234375
}