{
    "epoch1": 65.20685734160959,
    "epoch2": 46.43811536815068,
    "epoch3": 42.29314265839041,
    "epoch4": 37.61686643835616,
    "epoch5": 34.44415199593322,
    "epoch6": 32.48070954623287,
    "epoch7": 31.904036012414384,
    "epoch8": 31.269016213613014,
    "epoch9": 30.874688971532535,
    "epoch10": 30.46151942422945,
    "epoch11": 30.261665239726028,
    "epoch12": 29.92530300192637,
    "epoch13": 29.81423908390411,
    "epoch14": 29.567744006849313,
    "epoch15": 29.50446810787671,
    "epoch16": 29.269484428510275,
    "epoch17": 29.301714335402398,
    "epoch18": 29.063894611515412,
    "epoch19": 28.95851616010274,
    "epoch20": 28.745357983732877,
    "epoch21": 28.820392765410958,
    "epoch22": 28.61268929259418,
    "epoch23": 28.460486007063356,
    "epoch24": 28.252354452054796,
    "epoch25": 28.16770454302226,
    "epoch26": 28.01694770708476,
    "epoch27": 28.066603569135275,
    "epoch28": 27.989050460188356,
    "epoch29": 27.674752849422088,
    "epoch30": 27.55495170697774,
    "epoch31": 27.65196917808219,
    "epoch32": 27.65786534139555,
    "epoch33": 27.094599475599313,
    "epoch34": 27.15691887842466,
    "epoch35": 27.202069844285102,
    "epoch36": 26.887190309289384,
    "epoch37": 26.84105609214469,
    "epoch38": 26.788833409139556,
    "epoch39": 26.81740120665668,
    "epoch40": 26.735490354773116,
    "epoch41": 26.533281718214898,
    "epoch42": 26.39975184610445,
    "epoch43": 26.420405139661813,
    "epoch44": 26.25647975973887,
    "epoch45": 26.368087141481166,
    "epoch46": 26.174803015303937,
    "epoch47": 26.070845930543666,
    "epoch48": 26.332462676583905,
    "epoch49": 25.89180724261558,
    "epoch50": 26.026017698523116,
    "epoch51": 26.060637173587327,
    "epoch52": 25.810871281035958,
    "epoch53": 25.73538166202911,
    "epoch54": 25.585128157106166,
    "epoch55": 25.623856217893834,
    "epoch56": 25.729391855736303,
    "epoch57": 25.476057496789384,
    "epoch58": 25.634620143942637,
    "epoch59": 25.452173520440926,
    "epoch60": 25.298590673159246,
    "epoch61": 25.50196148598031,
    "epoch62": 25.311252541738014,
    "epoch63": 25.222679660744863,
    "epoch64": 25.378322653574486,
    "epoch65": 25.408448937821063,
    "epoch66": 25.004596866973458,
    "epoch67": 24.983371682363014,
    "epoch68": 25.04037517390839,
    "epoch69": 24.80933620505137,
    "epoch70": 25.22930657373716,
    "epoch71": 24.77341743364726,
    "epoch72": 24.794851642765412,
    "epoch73": 24.972586017765412,
    "epoch74": 24.64750943118579,
    "epoch75": 24.755073442851028,
    "epoch76": 24.711271939212327,
    "epoch77": 24.61647347228168,
    "epoch78": 24.610495371361303,
    "epoch79": 24.481674403360444,
    "epoch80": 24.547376658818493,
    "epoch81": 24.515056453339042,
    "epoch82": 24.678199245505137,
    "epoch83": 24.77916477151113,
    "epoch84": 24.533592746682363,
    "epoch85": 24.31947807416524,
    "epoch86": 24.208186737478595,
    "epoch87": 24.265700248822775,
    "epoch88": 24.250300995291095,
    "epoch89": 24.486931787778254,
    "epoch90": 24.522248568600173,
    "epoch91": 24.23965245077055,
    "epoch92": 24.3658447265625,
    "epoch93": 24.153315295911813,
    "epoch94": 24.215741719285102,
    "epoch95": 24.446252274186644,
    "epoch96": 24.222671299764556,
    "epoch97": 24.121730856699486,
    "epoch98": 24.189954783818493,
    "epoch99": 24.033534219820204,
    "epoch100": 24.02828185199058
}