{
    "epoch1": 2856.595947265625,
    "epoch2": 2347.610595703125,
    "epoch3": 1911.1099853515625,
    "epoch4": 1978.6844482421875,
    "epoch5": 1883.8779296875,
    "epoch6": 1880.0343017578125,
    "epoch7": 1821.3680419921875,
    "epoch8": 1930.3145751953125,
    "epoch9": 1877.6224365234375,
    "epoch10": 1790.045166015625,
    "epoch11": 1766.19775390625,
    "epoch12": 1789.04150390625,
    "epoch13": 1796.8216552734375,
    "epoch14": 1748.837890625,
    "epoch15": 1653.516357421875,
    "epoch16": 1625.6934814453125,
    "epoch17": 1663.6392822265625,
    "epoch18": 1686.7696533203125,
    "epoch19": 1573.7451171875,
    "epoch20": 1579.42578125,
    "epoch21": 1560.7724609375,
    "epoch22": 1543.127685546875,
    "epoch23": 1554.2816162109375,
    "epoch24": 1534.996337890625,
    "epoch25": 1533.383544921875,
    "epoch26": 1527.6436767578125,
    "epoch27": 1607.0032958984375,
    "epoch28": 1562.7286376953125,
    "epoch29": 1522.5323486328125,
    "epoch30": 1533.7802734375,
    "epoch31": 1564.792236328125,
    "epoch32": 1514.8629150390625,
    "epoch33": 1559.0433349609375,
    "epoch34": 1498.5238037109375,
    "epoch35": 1509.39111328125,
    "epoch36": 1520.548583984375,
    "epoch37": 1500.0263671875,
    "epoch38": 1499.4344482421875,
    "epoch39": 1492.9022216796875,
    "epoch40": 1546.72265625,
    "epoch41": 1501.111083984375,
    "epoch42": 1499.03369140625,
    "epoch43": 1492.6346435546875,
    "epoch44": 1564.7974853515625,
    "epoch45": 1494.542724609375,
    "epoch46": 1486.995849609375,
    "epoch47": 1500.0987548828125,
    "epoch48": 1493.8460693359375,
    "epoch49": 1501.6768798828125,
    "epoch50": 1535.39013671875,
    "epoch51": 1505.52978515625,
    "epoch52": 1477.0806884765625,
    "epoch53": 1473.494384765625,
    "epoch54": 1575.4111328125,
    "epoch55": 1495.9390869140625,
    "epoch56": 1462.0498046875,
    "epoch57": 1510.4620361328125,
    "epoch58": 1498.348388671875,
    "epoch59": 1462.260498046875,
    "epoch60": 1449.9571533203125,
    "epoch61": 1493.3411865234375,
    "epoch62": 1456.14990234375,
    "epoch63": 1486.8492431640625,
    "epoch64": 1447.3961181640625,
    "epoch65": 1444.977294921875,
    "epoch66": 1448.4708251953125,
    "epoch67": 1435.4547119140625,
    "epoch68": 1469.59033203125,
    "epoch69": 1450.287841796875,
    "epoch70": 1443.712158203125,
    "epoch71": 1446.5430908203125,
    "epoch72": 1422.5123291015625,
    "epoch73": 1435.2098388671875,
    "epoch74": 1489.581787109375,
    "epoch75": 1446.7423095703125,
    "epoch76": 1427.11962890625,
    "epoch77": 1422.163818359375,
    "epoch78": 1424.60302734375,
    "epoch79": 1434.6898193359375,
    "epoch80": 1414.9190673828125,
    "epoch81": 1514.8466796875,
    "epoch82": 1428.748046875,
    "epoch83": 1636.530517578125,
    "epoch84": 1441.29736328125,
    "epoch85": 1408.19091796875,
    "epoch86": 1406.117919921875,
    "epoch87": 1467.5806884765625,
    "epoch88": 1427.6563720703125,
    "epoch89": 1421.19384765625,
    "epoch90": 1398.1873779296875,
    "epoch91": 1405.2371826171875,
    "epoch92": 1407.3880615234375,
    "epoch93": 1469.8525390625,
    "epoch94": 1431.495361328125,
    "epoch95": 1390.7547607421875,
    "epoch96": 1431.955810546875,
    "epoch97": 1428.7508544921875,
    "epoch98": 1390.197265625,
    "epoch99": 1389.209228515625,
    "epoch100": 1402.94189453125
}