{
    "epoch1": 3293.1445,
    "epoch2": 2671.80675,
    "epoch3": 2201.083,
    "epoch4": 2021.709875,
    "epoch5": 1981.17525,
    "epoch6": 1950.32,
    "epoch7": 1927.33,
    "epoch8": 1907.4275,
    "epoch9": 1885.417875,
    "epoch10": 1863.84925,
    "epoch11": 1821.97825,
    "epoch12": 1789.0385,
    "epoch13": 1772.846625,
    "epoch14": 1742.8735,
    "epoch15": 1724.14975,
    "epoch16": 1700.993875,
    "epoch17": 1691.768625,
    "epoch18": 1668.82275,
    "epoch19": 1653.898125,
    "epoch20": 1638.88675,
    "epoch21": 1635.242125,
    "epoch22": 1620.29075,
    "epoch23": 1607.435,
    "epoch24": 1618.975125,
    "epoch25": 1589.957375,
    "epoch26": 1573.170375,
    "epoch27": 1580.606,
    "epoch28": 1567.4055,
    "epoch29": 1564.778125,
    "epoch30": 1555.529,
    "epoch31": 1563.619375,
    "epoch32": 1561.912875,
    "epoch33": 1547.06875,
    "epoch34": 1533.61675,
    "epoch35": 1535.752875,
    "epoch36": 1531.31575,
    "epoch37": 1537.14775,
    "epoch38": 1520.25725,
    "epoch39": 1528.668625,
    "epoch40": 1526.83325,
    "epoch41": 1513.948375,
    "epoch42": 1526.197,
    "epoch43": 1512.211,
    "epoch44": 1507.380375,
    "epoch45": 1509.416125,
    "epoch46": 1504.194875,
    "epoch47": 1504.64325,
    "epoch48": 1509.384125,
    "epoch49": 1493.307,
    "epoch50": 1520.96375,
    "epoch51": 1488.983125,
    "epoch52": 1515.291625,
    "epoch53": 1482.092375,
    "epoch54": 1482.418,
    "epoch55": 1499.803625,
    "epoch56": 1475.481375,
    "epoch57": 1478.3535,
    "epoch58": 1489.52125,
    "epoch59": 1470.575125,
    "epoch60": 1472.01525,
    "epoch61": 1465.987625,
    "epoch62": 1473.89475,
    "epoch63": 1477.89375,
    "epoch64": 1460.000625,
    "epoch65": 1455.9965,
    "epoch66": 1464.76075,
    "epoch67": 1466.968,
    "epoch68": 1454.787125,
    "epoch69": 1462.264125,
    "epoch70": 1453.450875,
    "epoch71": 1450.55,
    "epoch72": 1455.015375,
    "epoch73": 1456.024125,
    "epoch74": 1447.39825,
    "epoch75": 1445.7305,
    "epoch76": 1437.368875,
    "epoch77": 1437.00575,
    "epoch78": 1438.660375,
    "epoch79": 1427.3565,
    "epoch80": 1442.373,
    "epoch81": 1438.4425,
    "epoch82": 1431.436625,
    "epoch83": 1423.282625,
    "epoch84": 1439.884375,
    "epoch85": 1426.207375,
    "epoch86": 1411.5285,
    "epoch87": 1423.59075,
    "epoch88": 1424.730125,
    "epoch89": 1412.311875,
    "epoch90": 1404.214375,
    "epoch91": 1423.27075,
    "epoch92": 1416.316375,
    "epoch93": 1407.3105,
    "epoch94": 1429.475875,
    "epoch95": 1407.95125,
    "epoch96": 1397.990875,
    "epoch97": 1414.035625,
    "epoch98": 1389.101,
    "epoch99": 1400.82375,
    "epoch100": 1409.285125
}