{
    "epoch1": 0.00011043402244104072,
    "epoch2": 8.496874786214903e-05,
    "epoch3": 6.80546963994857e-05,
    "epoch4": 5.768393116886728e-05,
    "epoch5": 5.194711661170004e-05,
    "epoch6": 4.911017769336468e-05,
    "epoch7": 4.784249852673383e-05,
    "epoch8": 4.733322174070054e-05,
    "epoch9": 4.710247241746401e-05,
    "epoch10": 4.696581740063266e-05,
    "epoch11": 4.684534889020142e-05,
    "epoch12": 4.673504336278711e-05,
    "epoch13": 4.663384275045246e-05,
    "epoch14": 4.6534294655430133e-05,
    "epoch15": 4.643951360594656e-05,
    "epoch16": 4.6351884355317455e-05,
    "epoch17": 4.6269713631772904e-05,
    "epoch18": 4.61941155626846e-05,
    "epoch19": 4.6118662494336606e-05,
    "epoch20": 4.6056178105573056e-05,
    "epoch21": 4.598482875735499e-05,
    "epoch22": 4.5928012885269706e-05,
    "epoch23": 4.587964092388575e-05,
    "epoch24": 4.583755932253553e-05,
    "epoch25": 4.579686125907756e-05,
    "epoch26": 4.576321560307406e-05,
    "epoch27": 4.572921532053442e-05,
    "epoch28": 4.569557488230202e-05,
    "epoch29": 4.5664505545573776e-05,
    "epoch30": 4.564541621948592e-05
}