{
    "epoch1": 0.08884610484043758,
    "epoch2": 0.0786113515496254,
    "epoch3": 0.06983023385206859,
    "epoch4": 0.06201937049627304,
    "epoch5": 0.0554285521308581,
    "epoch6": 0.04988983770211538,
    "epoch7": 0.045341222236553826,
    "epoch8": 0.041803246984879174,
    "epoch9": 0.03916450155278047,
    "epoch10": 0.037196229522426925,
    "epoch11": 0.035798744608958565,
    "epoch12": 0.03463457711040974,
    "epoch13": 0.03362811480959257,
    "epoch14": 0.0326746708403031,
    "epoch15": 0.03171521114806334,
    "epoch16": 0.030783405527472496,
    "epoch17": 0.029782005896170933,
    "epoch18": 0.028722409158945084,
    "epoch19": 0.02769157476723194,
    "epoch20": 0.026709863916039467,
    "epoch21": 0.025853822628657024,
    "epoch22": 0.024891250456372898,
    "epoch23": 0.023956782494982082,
    "epoch24": 0.02312403420607249,
    "epoch25": 0.02229820502301057,
    "epoch26": 0.021553386623660725,
    "epoch27": 0.02083505317568779,
    "epoch28": 0.02015842031687498,
    "epoch29": 0.019520914802948635,
    "epoch30": 0.01892411212126414
}