{
    "epoch1": 12614.768229166666,
    "epoch2": 10496.380208333334,
    "epoch3": 8439.344401041666,
    "epoch4": 7302.442708333333,
    "epoch5": 6542.056640625,
    "epoch6": 5956.729817708333,
    "epoch7": 5502.939453125,
    "epoch8": 5201.446940104167,
    "epoch9": 5016.173502604167,
    "epoch10": 4954.0751953125,
    "epoch11": 4820.645182291667,
    "epoch12": 4740.331705729167,
    "epoch13": 4694.115559895833,
    "epoch14": 4689.907877604167,
    "epoch15": 4681.5966796875,
    "epoch16": 4628.102213541667,
    "epoch17": 4608.171875,
    "epoch18": 4533.693359375,
    "epoch19": 4582.891927083333,
    "epoch20": 4491.618815104167,
    "epoch21": 4425.567708333333,
    "epoch22": 4472.05078125,
    "epoch23": 4445.398763020833,
    "epoch24": 4355.091796875,
    "epoch25": 4306.884114583333,
    "epoch26": 4286.998697916667,
    "epoch27": 4237.105143229167,
    "epoch28": 4225.7392578125,
    "epoch29": 4193.350260416667,
    "epoch30": 4091.7587890625
}