{
    "epoch1": 0.00043982176032538215,
    "epoch2": 0.00037258716765791177,
    "epoch3": 0.00031421307513179877,
    "epoch4": 0.0002635938402575751,
    "epoch5": 0.0002199783870795121,
    "epoch6": 0.00018245260464027523,
    "epoch7": 0.00015046407429811855,
    "epoch8": 0.00012367814294217777,
    "epoch9": 0.0001014659787567022,
    "epoch10": 8.344034596423929e-05,
    "epoch11": 6.932097649648009e-05,
    "epoch12": 5.852823111733111e-05,
    "epoch13": 5.053504465953059e-05,
    "epoch14": 4.476011534279678e-05,
    "epoch15": 4.077242193792093e-05,
    "epoch16": 3.811793960267096e-05,
    "epoch17": 3.645263405511893e-05,
    "epoch18": 3.543858953586702e-05,
    "epoch19": 3.483174488186099e-05,
    "epoch20": 3.451078249175528e-05,
    "epoch21": 3.427819246401972e-05,
    "epoch22": 3.414383832326469e-05,
    "epoch23": 3.404172661248595e-05,
    "epoch24": 3.395406411073054e-05,
    "epoch25": 3.387394518843697e-05,
    "epoch26": 3.379300180919624e-05,
    "epoch27": 3.371282982698176e-05,
    "epoch28": 3.3632434290969586e-05,
    "epoch29": 3.355262729504223e-05,
    "epoch30": 3.347187889933897e-05
}