{
    "epoch1": 200.0,
    "epoch2": 200.0,
    "epoch3": 200.0,
    "epoch4": 200.0,
    "epoch5": 200.0,
    "epoch6": 200.0,
    "epoch7": 200.0,
    "epoch8": 200.0,
    "epoch9": 200.0,
    "epoch10": 199.1962890625,
    "epoch11": 196.38637181332237,
    "epoch12": 191.39198704769737,
    "epoch13": 181.91208367598685,
    "epoch14": 169.21736225328948,
    "epoch15": 153.24336965460526,
    "epoch16": 144.95268811677633,
    "epoch17": 139.3683953536184,
    "epoch18": 134.6250642475329,
    "epoch19": 130.7437165912829,
    "epoch20": 128.1768220600329,
    "epoch21": 126.23903937088816,
    "epoch22": 124.97263055098684,
    "epoch23": 124.01518811677632,
    "epoch24": 123.45432000411184,
    "epoch25": 122.52276932565789,
    "epoch26": 121.86185495476974,
    "epoch27": 121.35112561677632,
    "epoch28": 120.94903885690789,
    "epoch29": 120.74220034950658,
    "epoch30": 120.34184827302632
}