{
    "epoch1": 200.0,
    "epoch2": 200.0,
    "epoch3": 200.0,
    "epoch4": 200.0,
    "epoch5": 200.0,
    "epoch6": 200.0,
    "epoch7": 200.0,
    "epoch8": 200.0,
    "epoch9": 199.94977864583333,
    "epoch10": 199.811953125,
    "epoch11": 198.31569010416666,
    "epoch12": 194.99953125,
    "epoch13": 187.95427083333334,
    "epoch14": 176.25333333333333,
    "epoch15": 165.5326953125,
    "epoch16": 154.2306640625,
    "epoch17": 144.54471354166665,
    "epoch18": 136.84393229166668,
    "epoch19": 130.0457421875,
    "epoch20": 125.7320703125,
    "epoch21": 122.365703125,
    "epoch22": 120.5480078125,
    "epoch23": 119.1809375,
    "epoch24": 118.21287760416666,
    "epoch25": 117.55779947916666,
    "epoch26": 117.2365625,
    "epoch27": 116.47052083333334,
    "epoch28": 116.31928385416667,
    "epoch29": 115.8386328125,
    "epoch30": 115.721796875
}