{
    "epoch1": 1.7270551174078718e-05,
    "epoch2": 1.0233757966792231e-05,
    "epoch3": 9.23820748281893e-06,
    "epoch4": 8.43945630504095e-06,
    "epoch5": 7.925181154405436e-06,
    "epoch6": 7.586903612263996e-06,
    "epoch7": 7.400655748369899e-06,
    "epoch8": 7.299866324198471e-06,
    "epoch9": 7.183827624279123e-06,
    "epoch10": 7.115269252608414e-06,
    "epoch11": 7.056551696678071e-06,
    "epoch12": 7.0223786152989e-06,
    "epoch13": 6.9947512364857785e-06,
    "epoch14": 6.9619127253493694e-06,
    "epoch15": 6.924906383346752e-06,
    "epoch16": 6.917673926939945e-06,
    "epoch17": 6.889656640851172e-06,
    "epoch18": 6.867869228851002e-06,
    "epoch19": 6.852494714924736e-06,
    "epoch20": 6.838270523682392e-06,
    "epoch21": 6.853142410667109e-06,
    "epoch22": 6.817425439749059e-06,
    "epoch23": 6.792952444660235e-06,
    "epoch24": 6.782438862122338e-06,
    "epoch25": 6.777151774637484e-06,
    "epoch26": 6.771268880508312e-06,
    "epoch27": 6.764280719759578e-06,
    "epoch28": 6.780790627165819e-06,
    "epoch29": 6.7363148028031595e-06,
    "epoch30": 6.72596301789478e-06
}