{
    "epoch1": 0.05155129358172417,
    "epoch2": 0.042246442288160324,
    "epoch3": 0.03266852400783035,
    "epoch4": 0.02582118008285761,
    "epoch5": 0.022567296866327524,
    "epoch6": 0.021886656681696575,
    "epoch7": 0.021287775236285396,
    "epoch8": 0.020725556028385956,
    "epoch9": 0.020336463530030515,
    "epoch10": 0.020018295747124486,
    "epoch11": 0.01998347437216176,
    "epoch12": 0.019461668976065185,
    "epoch13": 0.01930187280393309,
    "epoch14": 0.01881909825735622,
    "epoch15": 0.018560801684442494,
    "epoch16": 0.018336486381789047,
    "epoch17": 0.018211814885338146,
    "epoch18": 0.018339132114003103,
    "epoch19": 0.01783478254866269,
    "epoch20": 0.01787247068973051,
    "epoch21": 0.017472412540680833,
    "epoch22": 0.017556624590522714,
    "epoch23": 0.017298892450829346,
    "epoch24": 0.017178056554661855,
    "epoch25": 0.017059271172102954,
    "epoch26": 0.01700613984010286,
    "epoch27": 0.017223773006763723,
    "epoch28": 0.01669666760911544,
    "epoch29": 0.016672561617775097,
    "epoch30": 0.016552548959023423,
    "epoch31": 0.01693613827228546,
    "epoch32": 0.017046321235183213,
    "epoch33": 0.016346038991792336,
    "epoch34": 0.016419160490234692,
    "epoch35": 0.016224423785590462,
    "epoch36": 0.01613505443351136,
    "epoch37": 0.016116905233098403,
    "epoch38": 0.016019364456749625,
    "epoch39": 0.01679395894623465,
    "epoch40": 0.016211948461002774,
    "epoch41": 0.016127923400037818,
    "epoch42": 0.015815696420354977,
    "epoch43": 0.015813067917608552,
    "epoch44": 0.015788986295875575,
    "epoch45": 0.01578205632459786,
    "epoch46": 0.015761043824669387,
    "epoch47": 0.01603300145102872,
    "epoch48": 0.015692345125393733,
    "epoch49": 0.015594979437688986,
    "epoch50": 0.015515323469622267,
    "epoch51": 0.015553565954582559,
    "epoch52": 0.01542481573091613,
    "epoch53": 0.01543320518814855,
    "epoch54": 0.015386664463828007,
    "epoch55": 0.01536337679458989,
    "epoch56": 0.015794690491424665,
    "epoch57": 0.015315913129597902,
    "epoch58": 0.015264427548067437,
    "epoch59": 0.015415663261794381,
    "epoch60": 0.015357183809909556,
    "epoch61": 0.015471460918585459,
    "epoch62": 0.015217889255533615,
    "epoch63": 0.015131446946826246,
    "epoch64": 0.015054983862986168,
    "epoch65": 0.015360331162810326,
    "epoch66": 0.015253370989941888,
    "epoch67": 0.01493954151454899,
    "epoch68": 0.014960550082226595,
    "epoch69": 0.01489984771857659,
    "epoch70": 0.014997556132988797,
    "epoch71": 0.015169226357506381,
    "epoch72": 0.014880275457269616,
    "epoch73": 0.01481780611599485,
    "epoch74": 0.01493661141850882,
    "epoch75": 0.014735288711057769,
    "epoch76": 0.014872820633980963,
    "epoch77": 0.01477075150857369,
    "epoch78": 0.014964307710114453,
    "epoch79": 0.014611032222294144,
    "epoch80": 0.014904694476475319,
    "epoch81": 0.014887356095843844,
    "epoch82": 0.014563837140384648,
    "epoch83": 0.014762988158812126,
    "epoch84": 0.014901777056770192,
    "epoch85": 0.014743147676603662,
    "epoch86": 0.01449869019496772,
    "epoch87": 0.014570821231851975,
    "epoch88": 0.01469806038464109,
    "epoch89": 0.014524818501538701,
    "epoch90": 0.0144543816956381,
    "epoch91": 0.014682192200173935,
    "epoch92": 0.01578257620955507,
    "epoch93": 0.014478741782820888,
    "epoch94": 0.014427973630113734,
    "epoch95": 0.014594710949394438,
    "epoch96": 0.014552419643021293,
    "epoch97": 0.014560386383285126,
    "epoch98": 0.014378250886996588,
    "epoch99": 0.014411950328697761,
    "epoch100": 0.014306195959862735
}