{
    "epoch1": 46.29706488715278,
    "epoch2": 42.45948621961806,
    "epoch3": 37.96764797634549,
    "epoch4": 32.40406968858507,
    "epoch5": 30.540323893229168,
    "epoch6": 30.704762776692707,
    "epoch7": 29.23358154296875,
    "epoch8": 29.039164225260418,
    "epoch9": 28.825086805555557,
    "epoch10": 28.916761610243057,
    "epoch11": 29.319325764973957,
    "epoch12": 27.996870252821182,
    "epoch13": 28.62212456597222,
    "epoch14": 27.521581013997395,
    "epoch15": 27.128099229600693,
    "epoch16": 27.397591484917534,
    "epoch17": 27.58664279513889,
    "epoch18": 28.066897922092014,
    "epoch19": 26.530760023328995,
    "epoch20": 26.457168579101562,
    "epoch21": 26.695149739583332,
    "epoch22": 26.248001098632812,
    "epoch23": 26.098865085177952,
    "epoch24": 26.738933987087673,
    "epoch25": 26.572074042426216,
    "epoch26": 26.17409939236111,
    "epoch27": 27.473792182074654,
    "epoch28": 25.93613518608941,
    "epoch29": 26.152491251627605,
    "epoch30": 26.127587212456596,
    "epoch31": 25.637834337022568,
    "epoch32": 25.937340630425346,
    "epoch33": 25.912733289930557,
    "epoch34": 26.322241889105904,
    "epoch35": 25.687354193793404,
    "epoch36": 25.464803059895832,
    "epoch37": 25.661241319444443,
    "epoch38": 25.31056891547309,
    "epoch39": 25.558642917209202,
    "epoch40": 24.928064982096355,
    "epoch41": 25.041690402560764,
    "epoch42": 24.928624471028645,
    "epoch43": 25.042500813802082,
    "epoch44": 24.957936604817707,
    "epoch45": 24.91731940375434,
    "epoch46": 24.977576361762154,
    "epoch47": 25.783279418945312,
    "epoch48": 24.439012315538193,
    "epoch49": 24.603985256618923,
    "epoch50": 24.486046685112846,
    "epoch51": 24.311143663194443,
    "epoch52": 24.302486843532986,
    "epoch53": 24.517686631944443,
    "epoch54": 24.326217651367188,
    "epoch55": 24.364242553710938,
    "epoch56": 24.368152194552952,
    "epoch57": 24.074412027994793,
    "epoch58": 24.242874145507812,
    "epoch59": 24.56570095486111,
    "epoch60": 23.878584120008682,
    "epoch61": 24.90724860297309,
    "epoch62": 24.26930914984809,
    "epoch63": 24.055957370334202,
    "epoch64": 23.64584689670139,
    "epoch65": 23.811153835720486,
    "epoch66": 23.90413581000434,
    "epoch67": 23.574925740559895,
    "epoch68": 23.440836588541668,
    "epoch69": 23.7852783203125,
    "epoch70": 23.844775729709202,
    "epoch71": 24.045834011501736,
    "epoch72": 23.715137057834202,
    "epoch73": 23.54955376519097,
    "epoch74": 23.95653788248698,
    "epoch75": 23.627809312608505,
    "epoch76": 23.874650743272568,
    "epoch77": 23.271626790364582,
    "epoch78": 24.235422770182293,
    "epoch79": 23.207155015733505,
    "epoch80": 24.254036797417534,
    "epoch81": 23.37902323404948,
    "epoch82": 23.25423346625434,
    "epoch83": 23.79294670952691,
    "epoch84": 23.98374260796441,
    "epoch85": 23.269227769639755,
    "epoch86": 23.09735107421875,
    "epoch87": 23.17859395345052,
    "epoch88": 22.991380479600693,
    "epoch89": 23.488096449110245,
    "epoch90": 22.94748772515191,
    "epoch91": 23.082839965820312,
    "epoch92": 25.587894015842014,
    "epoch93": 23.205546061197918,
    "epoch94": 23.059438069661457,
    "epoch95": 23.487523396809895,
    "epoch96": 22.83678521050347,
    "epoch97": 23.685312906901043,
    "epoch98": 23.178524441189236,
    "epoch99": 23.197404649522568,
    "epoch100": 22.774463229709202
}