{
    "epoch1": 150.84463661595396,
    "epoch2": 150.11851099917763,
    "epoch3": 149.37708162006578,
    "epoch4": 148.62055407072367,
    "epoch5": 147.85343852796052,
    "epoch6": 147.0752595600329,
    "epoch7": 146.28722502055922,
    "epoch8": 145.4713712993421,
    "epoch9": 144.63881321957237,
    "epoch10": 143.77554481907896,
    "epoch11": 142.88652600740133,
    "epoch12": 141.97139699835526,
    "epoch13": 141.02013517680922,
    "epoch14": 140.04093852796052,
    "epoch15": 139.01633172286185,
    "epoch16": 137.95451274671052,
    "epoch17": 136.8312859786184,
    "epoch18": 135.68313116776315,
    "epoch19": 134.49575966282896,
    "epoch20": 133.27436266447367,
    "epoch21": 131.9915193256579,
    "epoch22": 130.68937602796052,
    "epoch23": 129.3185392680921,
    "epoch24": 127.90152138157895,
    "epoch25": 126.43027857730263,
    "epoch26": 124.92914782072368,
    "epoch27": 123.39323344983552,
    "epoch28": 121.80356959292763,
    "epoch29": 120.15924393503289,
    "epoch30": 118.50511410361842
}