{
    "epoch1": 0.029983376851305366,
    "epoch2": 0.022366959397913888,
    "epoch3": 0.02080661297077313,
    "epoch4": 0.02041071525309235,
    "epoch5": 0.019417692979914136,
    "epoch6": 0.01877253434213344,
    "epoch7": 0.018522906830185093,
    "epoch8": 0.018063014082144946,
    "epoch9": 0.01767049200134352,
    "epoch10": 0.018734074998064898,
    "epoch11": 0.017575461577507667,
    "epoch12": 0.017035364769981243,
    "epoch13": 0.016813843249110505,
    "epoch14": 0.01662674150429666,
    "epoch15": 0.016479223675560206,
    "epoch16": 0.017000343461404555,
    "epoch17": 0.016282934608170763,
    "epoch18": 0.016729555325582623,
    "epoch19": 0.016169620881555602,
    "epoch20": 0.016033444175263867,
    "epoch21": 0.015851832344196737,
    "epoch22": 0.015984331708750688,
    "epoch23": 0.015798525986610912,
    "epoch24": 0.01569266023579985,
    "epoch25": 0.01610537494707387,
    "epoch26": 0.015533998870523646,
    "epoch27": 0.0155082912533544,
    "epoch28": 0.015384093174361624,
    "epoch29": 0.015410072286613286,
    "epoch30": 0.015385248480015434,
    "epoch31": 0.015519440770731308,
    "epoch32": 0.015405267418827862,
    "epoch33": 0.015190863166935742,
    "epoch34": 0.015093912224983796,
    "epoch35": 0.01505188972078031,
    "epoch36": 0.015070478882989846,
    "epoch37": 0.015525819013419095,
    "epoch38": 0.014841275675280485,
    "epoch39": 0.014862169671687298,
    "epoch40": 0.014807764040597249,
    "epoch41": 0.014711892879859079,
    "epoch42": 0.015171321480011102,
    "epoch43": 0.014818101277342066,
    "epoch44": 0.014653038910182659,
    "epoch45": 0.014693393924972042,
    "epoch46": 0.014687431830679998,
    "epoch47": 0.014507591629808303,
    "epoch48": 0.014564610035449732,
    "epoch49": 0.014530905049468856,
    "epoch50": 0.01452646798134083,
    "epoch51": 0.01451896596699953,
    "epoch52": 0.014422728105273563,
    "epoch53": 0.014348643744597211,
    "epoch54": 0.01453419392782962,
    "epoch55": 0.014243286605051253,
    "epoch56": 0.014368182717589661,
    "epoch57": 0.014158608188154176,
    "epoch58": 0.014164129934215453,
    "epoch59": 0.014283294214692432,
    "epoch60": 0.01423485043051187,
    "epoch61": 0.014168897381750867,
    "epoch62": 0.014203730068402365,
    "epoch63": 0.01424598313315073,
    "epoch64": 0.014002326555782929,
    "epoch65": 0.014149091017316096,
    "epoch66": 0.01440583235671511,
    "epoch67": 0.014040683054190595,
    "epoch68": 0.013937008392531425,
    "epoch69": 0.013990557119541336,
    "epoch70": 0.013988832870381884,
    "epoch71": 0.013936087576439604,
    "epoch72": 0.013880648708436638,
    "epoch73": 0.013817547413054854,
    "epoch74": 0.013848209637217224,
    "epoch75": 0.015203401810140349,
    "epoch76": 0.013909031797084026,
    "epoch77": 0.013982922399009112,
    "epoch78": 0.013850268456735648,
    "epoch79": 0.013913848088122904,
    "epoch80": 0.015125661906495225,
    "epoch81": 0.013787913667329121,
    "epoch82": 0.014157708079437725,
    "epoch83": 0.013786743547825608,
    "epoch84": 0.013656191309564747,
    "epoch85": 0.013916287680331152,
    "epoch86": 0.014388676063390449,
    "epoch87": 0.013746127275226172,
    "epoch88": 0.01357150157855358,
    "epoch89": 0.014624914321757387,
    "epoch90": 0.013583407759142574,
    "epoch91": 0.01376261380937649,
    "epoch92": 0.01406992414558772,
    "epoch93": 0.01411044397536898,
    "epoch94": 0.013924168291850947,
    "epoch95": 0.01353439533704659,
    "epoch96": 0.013523210487619508,
    "epoch97": 0.015881037375947926,
    "epoch98": 0.013576577934145462,
    "epoch99": 0.013517603605578188,
    "epoch100": 0.013567376787250396
}