{
    "epoch1": 168.84100794251134,
    "epoch2": 133.4142397881997,
    "epoch3": 130.88196545637922,
    "epoch4": 123.25587808875441,
    "epoch5": 115.87336894856278,
    "epoch6": 109.98416225416037,
    "epoch7": 104.96982948814927,
    "epoch8": 101.74078101361573,
    "epoch9": 98.9706410741301,
    "epoch10": 97.23071104387292,
    "epoch11": 95.97007375189108,
    "epoch12": 94.81949697428139,
    "epoch13": 94.04974312909732,
    "epoch14": 93.09959657085224,
    "epoch15": 92.52812972768533,
    "epoch16": 91.97811869641957,
    "epoch17": 91.47218545133636,
    "epoch18": 91.10696388048412,
    "epoch19": 90.55751229198185,
    "epoch20": 90.28106877206253,
    "epoch21": 89.97695253403933,
    "epoch22": 89.49709247352496,
    "epoch23": 89.28306227937469,
    "epoch24": 88.89458049672214,
    "epoch25": 88.90992183560262,
    "epoch26": 88.4409433308119,
    "epoch27": 88.35081788956127,
    "epoch28": 88.10020329046898,
    "epoch29": 88.0187295133636,
    "epoch30": 87.58775371911246
}