{
    "epoch1": 45.50243201622596,
    "epoch2": 35.63190636268029,
    "epoch3": 32.90891911433293,
    "epoch4": 29.20984825721154,
    "epoch5": 30.235311654897835,
    "epoch6": 29.01489023061899,
    "epoch7": 27.659761868990383,
    "epoch8": 27.3656498835637,
    "epoch9": 26.18415010892428,
    "epoch10": 26.258218618539665,
    "epoch11": 25.95677771935096,
    "epoch12": 27.242333045372597,
    "epoch13": 25.05865478515625,
    "epoch14": 24.96391179011418,
    "epoch15": 26.667940579927883,
    "epoch16": 24.160738431490383,
    "epoch17": 24.488173264723557,
    "epoch18": 23.7135502741887,
    "epoch19": 24.00066903921274,
    "epoch20": 25.96416297325721,
    "epoch21": 23.968336838942307,
    "epoch22": 23.19927039513221,
    "epoch23": 24.072171724759617,
    "epoch24": 24.567605825570915,
    "epoch25": 22.76286902794471,
    "epoch26": 24.258826622596153,
    "epoch27": 22.716949462890625,
    "epoch28": 22.702955979567307,
    "epoch29": 24.733980618990383,
    "epoch30": 22.864670973557693,
    "epoch31": 22.394822340745193,
    "epoch32": 23.7871821476863,
    "epoch33": 22.734891451322117,
    "epoch34": 22.61577664888822,
    "epoch35": 23.28062791090745,
    "epoch36": 22.8267329289363,
    "epoch37": 23.111544095552883,
    "epoch38": 22.174457256610577,
    "epoch39": 22.98908174954928,
    "epoch40": 22.988361065204327,
    "epoch41": 21.84190251277043,
    "epoch42": 22.245375413161057,
    "epoch43": 21.792452298677883,
    "epoch44": 22.46008535531851,
    "epoch45": 23.206639216496395,
    "epoch46": 23.76561560997596,
    "epoch47": 21.77703387920673,
    "epoch48": 22.64832247220553,
    "epoch49": 23.09343778170072,
    "epoch50": 23.29430448091947,
    "epoch51": 23.15990741436298,
    "epoch52": 22.040806696965145,
    "epoch53": 21.87364783653846,
    "epoch54": 22.26671893780048,
    "epoch55": 22.25688758263221,
    "epoch56": 21.9249760554387,
    "epoch57": 21.822894756610577,
    "epoch58": 21.555443396935097,
    "epoch59": 21.066697340745193,
    "epoch60": 21.133951040414665,
    "epoch61": 21.02320040189303,
    "epoch62": 20.668726994441105,
    "epoch63": 21.565504807692307,
    "epoch64": 24.14024235652043,
    "epoch65": 22.287926307091347,
    "epoch66": 20.95624483548678,
    "epoch67": 22.34736750676082,
    "epoch68": 20.656531700721153,
    "epoch69": 21.902749868539665,
    "epoch70": 26.63317401592548,
    "epoch71": 21.640481802133415,
    "epoch72": 22.317049466646633,
    "epoch73": 21.51306856595553,
    "epoch74": 20.790851299579327,
    "epoch75": 21.69828679011418,
    "epoch76": 20.70854773888221,
    "epoch77": 22.36798095703125,
    "epoch78": 21.912489670973557,
    "epoch79": 21.52259474534255,
    "epoch80": 21.48444542518029,
    "epoch81": 21.31223942683293,
    "epoch82": 21.487814096304085,
    "epoch83": 20.87627939077524,
    "epoch84": 20.807692307692307,
    "epoch85": 22.3414799616887,
    "epoch86": 20.545205923227165,
    "epoch87": 21.829502986027645,
    "epoch88": 20.525371844951923,
    "epoch89": 21.93853994516226,
    "epoch90": 20.892047588641827,
    "epoch91": 20.526766263521633,
    "epoch92": 21.92761699969952,
    "epoch93": 21.44524676983173,
    "epoch94": 23.50659883939303,
    "epoch95": 22.051048865685097,
    "epoch96": 20.867657001201923,
    "epoch97": 20.492642916165867,
    "epoch98": 21.518453744741585,
    "epoch99": 20.452732966496395,
    "epoch100": 20.68769014798678
}