{
    "epoch1": 7587.780598958333,
    "epoch2": 6701.650390625,
    "epoch3": 6043.948567708333,
    "epoch4": 5519.712239583333,
    "epoch5": 5182.623372395833,
    "epoch6": 4961.148763020833,
    "epoch7": 4844.888671875,
    "epoch8": 4786.145833333333,
    "epoch9": 4765.865234375,
    "epoch10": 4714.253255208333,
    "epoch11": 4680.698893229167,
    "epoch12": 4620.921549479167,
    "epoch13": 4613.376627604167,
    "epoch14": 4569.709635416667,
    "epoch15": 4549.800130208333,
    "epoch16": 4554.155924479167,
    "epoch17": 4527.564778645833,
    "epoch18": 4414.93359375,
    "epoch19": 4412.235677083333,
    "epoch20": 4333.6259765625,
    "epoch21": 4330.977864583333,
    "epoch22": 4316.981770833333,
    "epoch23": 4257.761393229167,
    "epoch24": 4162.025716145833,
    "epoch25": 4136.753580729167,
    "epoch26": 4111.074544270833,
    "epoch27": 4051.8274739583335,
    "epoch28": 3933.111328125,
    "epoch29": 3876.1129557291665,
    "epoch30": 3874.0325520833335
}