{
    "epoch1": 43.70798950195312,
    "epoch2": 38.585089111328124,
    "epoch3": 32.5311767578125,
    "epoch4": 30.709906005859374,
    "epoch5": 28.452719116210936,
    "epoch6": 27.953414916992188,
    "epoch7": 26.65390625,
    "epoch8": 25.181346130371093,
    "epoch9": 25.243136596679687,
    "epoch10": 24.553118896484374,
    "epoch11": 24.30657501220703,
    "epoch12": 24.512847900390625,
    "epoch13": 23.71724853515625,
    "epoch14": 25.013612365722658,
    "epoch15": 24.254115295410156,
    "epoch16": 24.868983459472656,
    "epoch17": 23.301541137695313,
    "epoch18": 23.037294006347658,
    "epoch19": 24.467733764648436,
    "epoch20": 23.88572540283203,
    "epoch21": 23.808567810058594,
    "epoch22": 22.994012451171876,
    "epoch23": 23.007928466796876,
    "epoch24": 22.837908935546874,
    "epoch25": 22.624534606933594,
    "epoch26": 22.55347137451172,
    "epoch27": 23.315521240234375,
    "epoch28": 22.371829223632812,
    "epoch29": 24.748660278320312,
    "epoch30": 22.616618347167968,
    "epoch31": 22.462739562988283,
    "epoch32": 22.085356140136717,
    "epoch33": 25.469830322265626,
    "epoch34": 25.98480224609375,
    "epoch35": 22.887469482421874,
    "epoch36": 22.284944152832033,
    "epoch37": 24.568267822265625,
    "epoch38": 23.223600769042967,
    "epoch39": 22.284019470214844,
    "epoch40": 23.448466491699218,
    "epoch41": 23.309365844726564,
    "epoch42": 22.002659606933594,
    "epoch43": 22.34227752685547,
    "epoch44": 22.274688720703125,
    "epoch45": 22.174407958984375,
    "epoch46": 22.358837890625,
    "epoch47": 22.295327758789064,
    "epoch48": 22.152125549316406,
    "epoch49": 25.678057861328124,
    "epoch50": 23.059326171875,
    "epoch51": 21.944970703125,
    "epoch52": 22.706768798828126,
    "epoch53": 22.441874694824218,
    "epoch54": 21.742935180664062,
    "epoch55": 22.793653869628905,
    "epoch56": 22.328570556640624,
    "epoch57": 21.919012451171874,
    "epoch58": 23.142369079589844,
    "epoch59": 21.85914764404297,
    "epoch60": 23.74427947998047,
    "epoch61": 22.133377075195312,
    "epoch62": 21.647785949707032,
    "epoch63": 21.82268829345703,
    "epoch64": 22.131454467773438,
    "epoch65": 22.823649597167968,
    "epoch66": 22.409788513183592,
    "epoch67": 21.911553955078126,
    "epoch68": 22.577325439453126,
    "epoch69": 21.921990966796876,
    "epoch70": 22.39543762207031,
    "epoch71": 22.675848388671874,
    "epoch72": 24.753205871582033,
    "epoch73": 21.846868896484374,
    "epoch74": 22.054403686523436,
    "epoch75": 21.947682189941407,
    "epoch76": 21.40154113769531,
    "epoch77": 22.176719665527344,
    "epoch78": 23.607571411132813,
    "epoch79": 22.45843048095703,
    "epoch80": 27.40433349609375,
    "epoch81": 23.064492797851564,
    "epoch82": 21.786004638671876,
    "epoch83": 22.20153350830078,
    "epoch84": 23.5565185546875,
    "epoch85": 21.642164611816405,
    "epoch86": 22.853500366210938,
    "epoch87": 23.078070068359374,
    "epoch88": 22.55230255126953,
    "epoch89": 22.516944885253906,
    "epoch90": 21.812890625,
    "epoch91": 22.937826538085936,
    "epoch92": 21.713250732421876,
    "epoch93": 21.79981384277344,
    "epoch94": 26.225753784179688,
    "epoch95": 26.844927978515624,
    "epoch96": 21.36194763183594,
    "epoch97": 21.795701599121095,
    "epoch98": 21.33251037597656,
    "epoch99": 21.604208374023436,
    "epoch100": 22.086891174316406
}