{
    "epoch1": 98.5869140625,
    "epoch2": 86.19826253255208,
    "epoch3": 82.02331034342448,
    "epoch4": 81.1739501953125,
    "epoch5": 80.58590698242188,
    "epoch6": 79.44651794433594,
    "epoch7": 77.8994140625,
    "epoch8": 76.07813008626302,
    "epoch9": 74.27737935384114,
    "epoch10": 73.28206380208333,
    "epoch11": 70.2963155110677,
    "epoch12": 68.21233622233073,
    "epoch13": 66.44387308756511,
    "epoch14": 63.705780029296875,
    "epoch15": 63.90196736653646,
    "epoch16": 63.50287882486979,
    "epoch17": 62.24903869628906,
    "epoch18": 63.19682820638021,
    "epoch19": 63.18258158365885,
    "epoch20": 61.857950846354164,
    "epoch21": 60.59291076660156,
    "epoch22": 61.56622823079427,
    "epoch23": 60.51783243815104,
    "epoch24": 59.2895253499349,
    "epoch25": 59.387003580729164,
    "epoch26": 58.07166035970052,
    "epoch27": 59.32042439778646,
    "epoch28": 57.5452880859375,
    "epoch29": 57.444854736328125,
    "epoch30": 56.51314798990885
}