{
    "epoch1": 1.0270006547519491e-05,
    "epoch2": 9.173788852573731e-06,
    "epoch3": 8.43585450638784e-06,
    "epoch4": 8.03693756612726e-06,
    "epoch5": 7.806152531353897e-06,
    "epoch6": 7.663759690103689e-06,
    "epoch7": 7.566166521542073e-06,
    "epoch8": 7.497182256277786e-06,
    "epoch9": 7.44382794152898e-06,
    "epoch10": 7.407951683110999e-06,
    "epoch11": 7.369772900157538e-06,
    "epoch12": 7.337982935079405e-06,
    "epoch13": 7.31346181646586e-06,
    "epoch14": 7.291681808434684e-06,
    "epoch15": 7.272658527464652e-06,
    "epoch16": 7.262472377040771e-06,
    "epoch17": 7.2556441687462815e-06,
    "epoch18": 7.241658624252523e-06,
    "epoch19": 7.234112915436223e-06,
    "epoch20": 7.195902517499538e-06,
    "epoch21": 7.187468516917761e-06,
    "epoch22": 7.1694568399607306e-06,
    "epoch23": 7.158760375962932e-06,
    "epoch24": 7.1680180063064355e-06,
    "epoch25": 7.139868162274373e-06,
    "epoch26": 7.1331319366739385e-06,
    "epoch27": 7.121497101517586e-06,
    "epoch28": 7.112876080365519e-06,
    "epoch29": 7.110196483116245e-06,
    "epoch30": 7.103634871858352e-06
}