{
    "epoch1": 141.35209375,
    "epoch2": 130.195625,
    "epoch3": 122.37595833333333,
    "epoch4": 115.05067708333333,
    "epoch5": 110.02970833333333,
    "epoch6": 106.7245625,
    "epoch7": 104.18069791666667,
    "epoch8": 102.44738541666666,
    "epoch9": 100.89779166666666,
    "epoch10": 99.94347916666666,
    "epoch11": 98.85348958333333,
    "epoch12": 98.46409375,
    "epoch13": 97.62948958333334,
    "epoch14": 97.12439583333334,
    "epoch15": 96.74997916666666,
    "epoch16": 95.99916666666667,
    "epoch17": 95.84358333333333,
    "epoch18": 95.32347916666667,
    "epoch19": 94.96341666666666,
    "epoch20": 94.71271875,
    "epoch21": 94.22536458333333,
    "epoch22": 93.9066875,
    "epoch23": 93.81192708333333,
    "epoch24": 93.24201041666667,
    "epoch25": 92.91545833333333,
    "epoch26": 92.70080208333333,
    "epoch27": 92.49627083333333,
    "epoch28": 92.24371875,
    "epoch29": 91.77692708333333,
    "epoch30": 91.54685416666666
}