{
    "epoch1": 6894.388020833333,
    "epoch2": 6339.370442708333,
    "epoch3": 5921.5703125,
    "epoch4": 5639.095052083333,
    "epoch5": 5467.622395833333,
    "epoch6": 5335.92578125,
    "epoch7": 5256.831380208333,
    "epoch8": 5221.044921875,
    "epoch9": 5205.784830729167,
    "epoch10": 5187.94140625,
    "epoch11": 5172.925455729167,
    "epoch12": 5152.920247395833,
    "epoch13": 5116.142578125,
    "epoch14": 5077.43359375,
    "epoch15": 5046.728515625,
    "epoch16": 5006.240559895833,
    "epoch17": 4954.62109375,
    "epoch18": 4922.876302083333,
    "epoch19": 4893.055989583333,
    "epoch20": 4836.420572916667,
    "epoch21": 4771.111653645833,
    "epoch22": 4745.376953125,
    "epoch23": 4682.766927083333,
    "epoch24": 4605.0556640625,
    "epoch25": 4567.9052734375,
    "epoch26": 4449.376953125,
    "epoch27": 4426.548502604167,
    "epoch28": 4431.3017578125,
    "epoch29": 4326.453125,
    "epoch30": 4221.227213541667
}