{
    "epoch0": {
        "layer1": {
            "max_length": 11.367478370666504,
            "mean_length": 8.526289607539322,
            "median_length": 8.583744049072266,
            "stdev_length": 1.1941289329822777,
            "sum_length": 844.1026711463928,
            "ratio_2_1": 2.0246978314737074,
            "ratio_3_1": 2.0197002128707418,
            "h": 4.584919026956505,
            "normh": 0.6804292812633124,
            "snr": Infinity,
            "mean_birth": 0.0,
            "stdev_birth": 0.0,
            "mean_death": 8.526289607539322,
            "stdev_death": 1.1941289329822777
        },
        "layer2": {
            "max_length": 5.545923709869385,
            "mean_length": 4.031399136841899,
            "median_length": 4.033782958984375,
            "stdev_length": 0.5226233064334254,
            "sum_length": 399.108514547348,
            "ratio_2_1": 1.8462938641577216,
            "ratio_3_1": 1.7589315905795533,
            "h": 4.586658036412149,
            "normh": 0.765817220884193,
            "snr": Infinity,
            "mean_birth": 0.0,
            "stdev_birth": 0.0,
            "mean_death": 4.031399136841899,
            "stdev_death": 0.5226233064334254
        },
        "layer3": {
            "max_length": 2.533367395401001,
            "mean_length": 1.7918260555074672,
            "median_length": 1.7639966011047363,
            "stdev_length": 0.216870836062719,
            "sum_length": 177.39077949523926,
            "ratio_2_1": 1.6658143524666478,
            "ratio_3_1": 1.5871802198669667,
            "h": 4.587928950369659,
            "normh": 0.8859819128287799,
            "snr": Infinity,
            "mean_birth": 0.0,
            "stdev_birth": 0.0,
            "mean_death": 1.7918260555074672,
            "stdev_death": 0.216870836062719
        },
        "layer4": {
            "max_length": 1.186569333076477,
            "mean_length": 0.8765147045405224,
            "median_length": 0.8683856129646301,
            "stdev_length": 0.09476587037278804,
            "sum_length": 86.77495574951172,
            "ratio_2_1": 1.6082286007907296,
            "ratio_3_1": 1.5751382134072893,
            "h": 4.58931920223587,
            "normh": 1.0282303768117955,
            "snr": Infinity,
            "mean_birth": 0.0,
            "stdev_birth": 0.0,
            "mean_death": 0.8765147045405224,
            "stdev_death": 0.09476587037278804
        },
        "layer5": {
            "max_length": 0.060652054846286774,
            "mean_length": 0.04211845122879804,
            "median_length": 0.04156193137168884,
            "stdev_length": 0.008075546784184805,
            "sum_length": 4.169726671651006,
            "ratio_2_1": 2.2346551783005513,
            "ratio_3_1": 2.199403470569361,
            "h": 4.576865019874402,
            "normh": 3.2054231592150426,
            "snr": Infinity,
            "mean_birth": 0.0,
            "stdev_birth": 0.0,
            "mean_death": 0.04211845122879804,
            "stdev_death": 0.008075546784184805
        }
    }
}