{
    "epoch1": 65.87374674479166,
    "epoch2": 48.82775607638889,
    "epoch3": 46.49036458333333,
    "epoch4": 43.64098849826389,
    "epoch5": 40.513218858506946,
    "epoch6": 37.34105088975694,
    "epoch7": 34.5413818359375,
    "epoch8": 32.185663519965274,
    "epoch9": 31.860883246527777,
    "epoch10": 30.908704969618057,
    "epoch11": 30.855805121527776,
    "epoch12": 30.285283745659722,
    "epoch13": 30.338709852430554,
    "epoch14": 30.00517578125,
    "epoch15": 29.74013129340278,
    "epoch16": 29.662725151909722,
    "epoch17": 29.475067816840276,
    "epoch18": 29.4296875,
    "epoch19": 29.284673394097222,
    "epoch20": 29.033726671006946,
    "epoch21": 29.037049696180556,
    "epoch22": 28.862019856770832,
    "epoch23": 28.989898003472224,
    "epoch24": 28.736168077256945,
    "epoch25": 28.73602973090278,
    "epoch26": 28.732709418402777,
    "epoch27": 28.441259765625,
    "epoch28": 28.345228407118057,
    "epoch29": 28.285432942708333,
    "epoch30": 28.194881184895834,
    "epoch31": 28.386754014756946,
    "epoch32": 28.18757595486111,
    "epoch33": 28.103238932291667,
    "epoch34": 27.93838161892361,
    "epoch35": 28.072127278645834,
    "epoch36": 28.007948133680557,
    "epoch37": 27.95754123263889,
    "epoch38": 27.468720160590276,
    "epoch39": 27.696595594618056,
    "epoch40": 27.513536241319443,
    "epoch41": 27.633783637152778,
    "epoch42": 27.466303168402778,
    "epoch43": 27.631477864583335,
    "epoch44": 27.153181966145834,
    "epoch45": 27.21831597222222,
    "epoch46": 27.383854166666666,
    "epoch47": 27.262155490451388,
    "epoch48": 27.12934027777778,
    "epoch49": 26.85049099392361,
    "epoch50": 27.002286783854167,
    "epoch51": 26.898779296875,
    "epoch52": 26.737266710069445,
    "epoch53": 26.980769856770834,
    "epoch54": 26.70583767361111,
    "epoch55": 26.61919487847222,
    "epoch56": 26.660527886284722,
    "epoch57": 26.509450954861112,
    "epoch58": 26.563726128472222,
    "epoch59": 26.736376953125,
    "epoch60": 26.385511610243057,
    "epoch61": 26.279909939236113,
    "epoch62": 26.30332573784722,
    "epoch63": 26.426627604166665,
    "epoch64": 26.423223198784722,
    "epoch65": 26.1404296875,
    "epoch66": 26.13178982204861,
    "epoch67": 26.024820963541668,
    "epoch68": 26.030211046006944,
    "epoch69": 25.91796875,
    "epoch70": 25.9256103515625,
    "epoch71": 25.799693467881944,
    "epoch72": 25.784502495659723,
    "epoch73": 25.75352105034722,
    "epoch74": 25.89118109809028,
    "epoch75": 25.650876193576387,
    "epoch76": 25.741905381944445,
    "epoch77": 25.524709743923612,
    "epoch78": 25.729218207465276,
    "epoch79": 25.751961263020835,
    "epoch80": 25.65946994357639,
    "epoch81": 25.884130859375,
    "epoch82": 25.628290473090278,
    "epoch83": 25.389149305555556,
    "epoch84": 25.243098958333334,
    "epoch85": 25.383013237847223,
    "epoch86": 25.172759331597224,
    "epoch87": 25.300208875868055,
    "epoch88": 25.18644748263889,
    "epoch89": 25.200333658854166,
    "epoch90": 25.151315646701388,
    "epoch91": 24.997675238715278,
    "epoch92": 25.352134874131945,
    "epoch93": 24.914713541666668,
    "epoch94": 24.889493815104167,
    "epoch95": 25.138636610243054,
    "epoch96": 24.7063720703125,
    "epoch97": 24.98600802951389,
    "epoch98": 24.785392252604165,
    "epoch99": 24.679069010416665,
    "epoch100": 24.850588650173613
}