{
    "epoch1": 0.03292302379850298,
    "epoch2": 0.022418013017158955,
    "epoch3": 0.019051578594371676,
    "epoch4": 0.018050892103929073,
    "epoch5": 0.017024969740305096,
    "epoch6": 0.01655484305229038,
    "epoch7": 0.01579852111171931,
    "epoch8": 0.015373605012428015,
    "epoch9": 0.015036206023069099,
    "epoch10": 0.014634101185947657,
    "epoch11": 0.01479887857567519,
    "epoch12": 0.01405875472119078,
    "epoch13": 0.013856485747965053,
    "epoch14": 0.013818860956234857,
    "epoch15": 0.013280278973979875,
    "epoch16": 0.013209282740717754,
    "epoch17": 0.013100089912768453,
    "epoch18": 0.012745456071570516,
    "epoch19": 0.01260381014435552,
    "epoch20": 0.012616765481652692,
    "epoch21": 0.012604650371940807,
    "epoch22": 0.012584126408910379,
    "epoch23": 0.012272283609490842,
    "epoch24": 0.012222419230965897,
    "epoch25": 0.012145099375629798,
    "epoch26": 0.012120338156819344,
    "epoch27": 0.012416093202773482,
    "epoch28": 0.01189220231026411,
    "epoch29": 0.0122199100733269,
    "epoch30": 0.01188161617028527,
    "epoch31": 0.01176266887341626,
    "epoch32": 0.01199041013023816,
    "epoch33": 0.011806742812041193,
    "epoch34": 0.011638854630291462,
    "epoch35": 0.011650882981484756,
    "epoch36": 0.012060844746883959,
    "epoch37": 0.01239486612030305,
    "epoch38": 0.01168182902620174,
    "epoch39": 0.011471615493064746,
    "epoch40": 0.011529712210176513,
    "epoch41": 0.011528136266861111,
    "epoch42": 0.011635221831966192,
    "epoch43": 0.012112965108826756,
    "epoch44": 0.011886165390023962,
    "epoch45": 0.011297244171146303,
    "epoch46": 0.011593790986808017,
    "epoch47": 0.011374444380635396,
    "epoch48": 0.011371861735824496,
    "epoch49": 0.011300658050458878,
    "epoch50": 0.011238947452511638,
    "epoch51": 0.01154937781393528,
    "epoch52": 0.011237633909331635,
    "epoch53": 0.011290080146864057,
    "epoch54": 0.011271514842519537,
    "epoch55": 0.011757337779272348,
    "epoch56": 0.01118490903172642,
    "epoch57": 0.011498156236484647,
    "epoch58": 0.011561821942450479,
    "epoch59": 0.01185956207336858,
    "epoch60": 0.011722698662197217,
    "epoch61": 0.011476076644612476,
    "epoch62": 0.011047353968024254,
    "epoch63": 0.011476740037323907,
    "epoch64": 0.011218389816349372,
    "epoch65": 0.010997921315720305,
    "epoch66": 0.011066813545767218,
    "epoch67": 0.011296472483081743,
    "epoch68": 0.011189427925273776,
    "epoch69": 0.011362006247509271,
    "epoch70": 0.01110622170381248,
    "epoch71": 0.01115025972831063,
    "epoch72": 0.011371627100743353,
    "epoch73": 0.010904077091254294,
    "epoch74": 0.011140395945403725,
    "epoch75": 0.01096206164220348,
    "epoch76": 0.011337458359776065,
    "epoch77": 0.011350813758326694,
    "epoch78": 0.011762751790229231,
    "epoch79": 0.010901634697802365,
    "epoch80": 0.010921850887825713,
    "epoch81": 0.011031123372958973,
    "epoch82": 0.01098283103783615,
    "epoch83": 0.011510928423376754,
    "epoch84": 0.011551156174391508,
    "epoch85": 0.01078502950258553,
    "epoch86": 0.01158854563254863,
    "epoch87": 0.010799730778671801,
    "epoch88": 0.010722477425588295,
    "epoch89": 0.010750317218480632,
    "epoch90": 0.01132125552976504,
    "epoch91": 0.011007464490830898,
    "epoch92": 0.010786627157358453,
    "epoch93": 0.011935727234231308,
    "epoch94": 0.010824826371390373,
    "epoch95": 0.010814432374900207,
    "epoch96": 0.011805136600742117,
    "epoch97": 0.010780906508443877,
    "epoch98": 0.010728077759267762,
    "epoch99": 0.01071489418973215,
    "epoch100": 0.01170394619111903
}