{
    "epoch1": 44.0521125793457,
    "epoch2": 37.31999206542969,
    "epoch3": 33.174041748046875,
    "epoch4": 31.864763259887695,
    "epoch5": 30.701431274414062,
    "epoch6": 28.869369506835938,
    "epoch7": 29.22458839416504,
    "epoch8": 28.3601131439209,
    "epoch9": 28.549020767211914,
    "epoch10": 27.093809127807617,
    "epoch11": 29.02161407470703,
    "epoch12": 27.338422775268555,
    "epoch13": 27.48133087158203,
    "epoch14": 27.459991455078125,
    "epoch15": 26.664840698242188,
    "epoch16": 26.644376754760742,
    "epoch17": 26.350582122802734,
    "epoch18": 25.25904655456543,
    "epoch19": 25.569561004638672,
    "epoch20": 25.43060874938965,
    "epoch21": 25.673337936401367,
    "epoch22": 25.74677276611328,
    "epoch23": 24.464929580688477,
    "epoch24": 24.177196502685547,
    "epoch25": 24.362194061279297,
    "epoch26": 24.01822280883789,
    "epoch27": 25.646690368652344,
    "epoch28": 24.01203155517578,
    "epoch29": 25.450687408447266,
    "epoch30": 24.16412353515625,
    "epoch31": 24.20846176147461,
    "epoch32": 24.934480667114258,
    "epoch33": 23.630605697631836,
    "epoch34": 23.66419792175293,
    "epoch35": 23.605052947998047,
    "epoch36": 25.793546676635742,
    "epoch37": 25.305213928222656,
    "epoch38": 23.765045166015625,
    "epoch39": 23.460987091064453,
    "epoch40": 23.432771682739258,
    "epoch41": 23.856998443603516,
    "epoch42": 23.556913375854492,
    "epoch43": 25.58785629272461,
    "epoch44": 24.649887084960938,
    "epoch45": 23.2337703704834,
    "epoch46": 24.189964294433594,
    "epoch47": 23.341297149658203,
    "epoch48": 23.666656494140625,
    "epoch49": 23.40057373046875,
    "epoch50": 22.845224380493164,
    "epoch51": 23.322704315185547,
    "epoch52": 23.024080276489258,
    "epoch53": 22.797815322875977,
    "epoch54": 23.35675048828125,
    "epoch55": 24.69040870666504,
    "epoch56": 22.780698776245117,
    "epoch57": 23.952112197875977,
    "epoch58": 23.711566925048828,
    "epoch59": 25.49822425842285,
    "epoch60": 24.640169143676758,
    "epoch61": 23.527240753173828,
    "epoch62": 22.757633209228516,
    "epoch63": 24.20710563659668,
    "epoch64": 23.088600158691406,
    "epoch65": 22.380069732666016,
    "epoch66": 22.695302963256836,
    "epoch67": 23.338321685791016,
    "epoch68": 23.200855255126953,
    "epoch69": 23.77887725830078,
    "epoch70": 22.38878631591797,
    "epoch71": 22.95075035095215,
    "epoch72": 24.057870864868164,
    "epoch73": 22.4559383392334,
    "epoch74": 22.98859977722168,
    "epoch75": 22.37025260925293,
    "epoch76": 23.5948429107666,
    "epoch77": 24.602083206176758,
    "epoch78": 25.153295516967773,
    "epoch79": 22.514507293701172,
    "epoch80": 22.261898040771484,
    "epoch81": 22.24544906616211,
    "epoch82": 22.40589714050293,
    "epoch83": 24.357454299926758,
    "epoch84": 23.543350219726562,
    "epoch85": 22.124238967895508,
    "epoch86": 24.708969116210938,
    "epoch87": 22.253572463989258,
    "epoch88": 22.218669891357422,
    "epoch89": 21.827133178710938,
    "epoch90": 24.056835174560547,
    "epoch91": 22.536640167236328,
    "epoch92": 21.891191482543945,
    "epoch93": 23.584144592285156,
    "epoch94": 22.53274917602539,
    "epoch95": 22.116313934326172,
    "epoch96": 24.544708251953125,
    "epoch97": 22.087825775146484,
    "epoch98": 21.91414451599121,
    "epoch99": 22.046642303466797,
    "epoch100": 23.452932357788086
}