{
    "epoch1": 0.5215069944273212,
    "epoch2": 0.7318862352720992,
    "epoch3": 0.7925149776086122,
    "epoch4": 0.8107285487080762,
    "epoch5": 0.8441616819647257,
    "epoch6": 0.8511477098493518,
    "epoch7": 0.8541417218253998,
    "epoch8": 0.8693612822872436,
    "epoch9": 0.8770958131658817,
    "epoch10": 0.8798403242034113,
    "epoch11": 0.885828347798593,
    "epoch12": 0.8887225594706164,
    "epoch13": 0.8884730585320981,
    "epoch14": 0.8972055935217235,
    "epoch15": 0.8957085875336995,
    "epoch16": 0.8974550949956128,
    "epoch17": 0.9084331387888172,
    "epoch18": 0.9047904243012388,
    "epoch19": 0.9110279482995679,
    "epoch20": 0.9074351332501737,
    "epoch21": 0.9111776489340616,
    "epoch22": 0.914271461035677,
    "epoch23": 0.9189121796342428,
    "epoch24": 0.9217564913327109,
    "epoch25": 0.9154191654242442,
    "epoch26": 0.9288423186290764,
    "epoch27": 0.9272455119801138,
    "epoch28": 0.9212574887418461,
    "epoch29": 0.9237524988408574,
    "epoch30": 0.9147704625557996,
    "epoch31": 0.9205089853909201,
    "epoch32": 0.9211576879024506,
    "epoch33": 0.9287425186819659,
    "epoch34": 0.9310878281464834,
    "epoch35": 0.9240019994224616,
    "epoch36": 0.9313373287280876,
    "epoch37": 0.9265968105393255,
    "epoch38": 0.9220059920927721,
    "epoch39": 0.9367265501422083,
    "epoch40": 0.9263473088869791,
    "epoch41": 0.927245513050856,
    "epoch42": 0.9202594844524018,
    "epoch43": 0.9303393249740144,
    "epoch44": 0.9297405225252677,
    "epoch45": 0.9322355328919645,
    "epoch46": 0.933832339184013,
    "epoch47": 0.9382235561302322,
    "epoch48": 0.9313373294419157,
    "epoch49": 0.9211576880809076,
    "epoch50": 0.9299900235530145
}