{
    "epoch0": {
        "layer1": {
            "max_length": 1.7292795181274414,
            "mean_length": 1.288960651315824,
            "median_length": 1.278031587600708,
            "stdev_length": 0.14658425441956002,
            "sum_length": 127.60710448026657,
            "ratio_2_1": 1.8669980226751073,
            "ratio_3_1": 1.784214605608491,
            "h": 4.588627124985371,
            "normh": 0.9463123774289952,
            "snr": Infinity,
            "mean_birth": 0.0,
            "stdev_birth": 0.0,
            "mean_death": 1.288960651315824,
            "stdev_death": 0.14658425441956002
        },
        "layer2": {
            "max_length": 0.763451874256134,
            "mean_length": 0.6060711049070262,
            "median_length": 0.6057161688804626,
            "stdev_length": 0.06232698201829324,
            "sum_length": 60.00103938579559,
            "ratio_2_1": 1.6975181210106878,
            "ratio_3_1": 1.6030300364947478,
            "h": 4.589806815301223,
            "normh": 1.1210066291226637,
            "snr": Infinity,
            "mean_birth": 0.0,
            "stdev_birth": 0.0,
            "mean_death": 0.6060711049070262,
            "stdev_death": 0.06232698201829324
        },
        "layer3": {
            "max_length": 0.018680691719055176,
            "mean_length": 0.00165537345891047,
            "median_length": 0.0007406556978821754,
            "stdev_length": 0.002789058784263958,
            "sum_length": 0.16388197243213654,
            "ratio_2_1": 17716.29957805907,
            "ratio_3_1": 12540.548523206751,
            "h": 3.8321628528497182,
            "normh": -2.1188456414043717,
            "snr": Infinity,
            "mean_birth": 0.0,
            "stdev_birth": 0.0,
            "mean_death": 0.00165537345891047,
            "stdev_death": 0.002789058784263958
        }
    }
}