{
    "epoch1": 0.011330070581449114,
    "epoch2": 0.004624629464081448,
    "epoch3": 0.0027692917476246216,
    "epoch4": 0.0015947764040902257,
    "epoch5": 0.0009477566851748396,
    "epoch6": 0.0005848398432135582,
    "epoch7": 0.0004101496255632652,
    "epoch8": 0.00031400668724571636,
    "epoch9": 0.0002453512459633993,
    "epoch10": 0.00020207886020374565,
    "epoch11": 0.00016808193812840213,
    "epoch12": 0.00014813313416949393,
    "epoch13": 0.0001268539400252453,
    "epoch14": 0.0001123021707905497,
    "epoch15": 0.00010612213380860023,
    "epoch16": 9.815673373573783e-05,
    "epoch17": 8.750777535327791e-05,
    "epoch18": 9.076701992497597e-05,
    "epoch19": 7.607084744845254e-05,
    "epoch20": 7.955784989779046e-05,
    "epoch21": 6.752012916916536e-05,
    "epoch22": 6.480454505989378e-05,
    "epoch23": 6.328364843679795e-05,
    "epoch24": 6.039625314651462e-05,
    "epoch25": 6.285849145649041e-05,
    "epoch26": 5.300000319276359e-05,
    "epoch27": 6.434816457286892e-05,
    "epoch28": 4.972729726907109e-05,
    "epoch29": 4.981507774336142e-05,
    "epoch30": 4.8698457169888094e-05
}