{
    "epoch1": 80.11547982118984,
    "epoch2": 55.88711041945187,
    "epoch3": 48.97299047459893,
    "epoch4": 43.93922856784759,
    "epoch5": 39.0287589822861,
    "epoch6": 34.46371835310829,
    "epoch7": 30.817876316009357,
    "epoch8": 28.691583806818183,
    "epoch9": 26.877146348596256,
    "epoch10": 25.505997764872994,
    "epoch11": 24.292822526737968,
    "epoch12": 23.28841755096925,
    "epoch13": 22.22780800885695,
    "epoch14": 21.425667665858956,
    "epoch15": 20.356459673713236,
    "epoch16": 19.91800661138035,
    "epoch17": 19.42614811371992,
    "epoch18": 18.446218561998663,
    "epoch19": 18.178910688920453,
    "epoch20": 17.51031396223262,
    "epoch21": 17.285148416610962,
    "epoch22": 16.77209276821524,
    "epoch23": 16.530178131266712,
    "epoch24": 16.027394667028744,
    "epoch25": 15.92132535720254,
    "epoch26": 15.587022424381685,
    "epoch27": 14.92239330924131,
    "epoch28": 14.809912370487968,
    "epoch29": 14.898718196440509,
    "epoch30": 14.288125104445188
}