{
    "epoch1": 51.63434982299805,
    "epoch2": 48.99856948852539,
    "epoch3": 46.971309661865234,
    "epoch4": 45.22633361816406,
    "epoch5": 43.405513763427734,
    "epoch6": 41.4691162109375,
    "epoch7": 40.00231170654297,
    "epoch8": 36.82843780517578,
    "epoch9": 35.758113861083984,
    "epoch10": 35.25221252441406,
    "epoch11": 33.177974700927734,
    "epoch12": 33.23871994018555,
    "epoch13": 33.130008697509766,
    "epoch14": 33.215492248535156,
    "epoch15": 33.39679718017578,
    "epoch16": 33.179466247558594,
    "epoch17": 33.09840774536133,
    "epoch18": 32.83732604980469,
    "epoch19": 32.63889694213867,
    "epoch20": 32.3828125,
    "epoch21": 32.18488311767578,
    "epoch22": 32.23007583618164,
    "epoch23": 31.802387237548828,
    "epoch24": 32.024436950683594,
    "epoch25": 31.544389724731445,
    "epoch26": 31.49979019165039,
    "epoch27": 31.37432098388672,
    "epoch28": 31.555381774902344,
    "epoch29": 31.314319610595703,
    "epoch30": 31.257009506225586,
    "epoch31": 30.943031311035156,
    "epoch32": 31.011669158935547,
    "epoch33": 31.13391876220703,
    "epoch34": 30.860279083251953,
    "epoch35": 30.795669555664062,
    "epoch36": 30.86590576171875,
    "epoch37": 30.66549301147461,
    "epoch38": 30.652719497680664,
    "epoch39": 30.729909896850586,
    "epoch40": 30.80064582824707,
    "epoch41": 30.991113662719727,
    "epoch42": 30.709611892700195,
    "epoch43": 30.653987884521484,
    "epoch44": 30.528100967407227,
    "epoch45": 30.414974212646484,
    "epoch46": 30.594453811645508,
    "epoch47": 30.451025009155273,
    "epoch48": 30.31043815612793,
    "epoch49": 30.287431716918945,
    "epoch50": 30.74725914001465,
    "epoch51": 30.263933181762695,
    "epoch52": 31.64999771118164,
    "epoch53": 30.798078536987305,
    "epoch54": 30.003551483154297,
    "epoch55": 30.22284698486328,
    "epoch56": 30.207807540893555,
    "epoch57": 30.191383361816406,
    "epoch58": 30.055217742919922,
    "epoch59": 29.97052574157715,
    "epoch60": 29.682708740234375,
    "epoch61": 29.83022689819336,
    "epoch62": 30.647708892822266,
    "epoch63": 30.146623611450195,
    "epoch64": 29.56630516052246,
    "epoch65": 30.39384651184082,
    "epoch66": 29.66742515563965,
    "epoch67": 29.59228515625,
    "epoch68": 29.577939987182617,
    "epoch69": 30.790573120117188,
    "epoch70": 29.95282554626465,
    "epoch71": 29.520164489746094,
    "epoch72": 29.4716796875,
    "epoch73": 29.50059700012207,
    "epoch74": 29.4083251953125,
    "epoch75": 29.599287033081055,
    "epoch76": 28.926424026489258,
    "epoch77": 29.221179962158203,
    "epoch78": 28.97269630432129,
    "epoch79": 28.90276336669922,
    "epoch80": 28.717430114746094,
    "epoch81": 28.63869285583496,
    "epoch82": 28.889026641845703,
    "epoch83": 28.74666404724121,
    "epoch84": 29.648683547973633,
    "epoch85": 28.747896194458008,
    "epoch86": 28.504310607910156,
    "epoch87": 28.395347595214844,
    "epoch88": 28.701112747192383,
    "epoch89": 28.51982307434082,
    "epoch90": 28.31244659423828,
    "epoch91": 28.59231948852539,
    "epoch92": 28.118518829345703,
    "epoch93": 28.063051223754883,
    "epoch94": 28.426071166992188,
    "epoch95": 28.424758911132812,
    "epoch96": 28.845455169677734,
    "epoch97": 28.013240814208984,
    "epoch98": 28.0432071685791,
    "epoch99": 27.90406608581543,
    "epoch100": 27.953125
}