{
    "epoch1": 0.4688666746020317,
    "epoch2": 0.6390666747093201,
    "epoch3": 0.75160000705719,
    "epoch4": 0.8086000063419342,
    "epoch5": 0.826733339548111,
    "epoch6": 0.8454000051021576,
    "epoch7": 0.8656000061035156,
    "epoch8": 0.8651333389282226,
    "epoch9": 0.8638000047206879,
    "epoch10": 0.8718000047206879,
    "epoch11": 0.8850000040531159,
    "epoch12": 0.8903333375453949,
    "epoch13": 0.885000004529953,
    "epoch14": 0.8936666705608368,
    "epoch15": 0.895666671037674,
    "epoch16": 0.8896666710376739,
    "epoch17": 0.9010000040531159,
    "epoch18": 0.899666671037674,
    "epoch19": 0.9066666707992553,
    "epoch20": 0.9043333370685578,
    "epoch21": 0.8973333377838135,
    "epoch22": 0.9050000040531159,
    "epoch23": 0.9090000035762786,
    "epoch24": 0.9073333373069763,
    "epoch25": 0.9050000035762786,
    "epoch26": 0.9086666703224182,
    "epoch27": 0.9140000038146973,
    "epoch28": 0.9100000033378601,
    "epoch29": 0.9103333370685578,
    "epoch30": 0.9143333370685578,
    "epoch31": 0.9166666698455811,
    "epoch32": 0.9248666694164276,
    "epoch33": 0.9088666701316833,
    "epoch34": 0.9162000031471252,
    "epoch35": 0.9143333365917206,
    "epoch36": 0.9163333365917206,
    "epoch37": 0.9108666701316833,
    "epoch38": 0.9223333365917206,
    "epoch39": 0.9215333364009857,
    "epoch40": 0.9163333365917206,
    "epoch41": 0.9283333365917206,
    "epoch42": 0.9255333364009857,
    "epoch43": 0.9222000033855439,
    "epoch44": 0.9308666694164276,
    "epoch45": 0.9250000030994415,
    "epoch46": 0.9155333368778229,
    "epoch47": 0.9242000026702881,
    "epoch48": 0.9294000022411346,
    "epoch49": 0.9202000029087066,
    "epoch50": 0.9230000030994415
}