{
    "epoch1": 200.0,
    "epoch2": 200.0,
    "epoch3": 200.0,
    "epoch4": 199.89500914228722,
    "epoch5": 196.83367270611703,
    "epoch6": 173.45648063497342,
    "epoch7": 144.4074343417553,
    "epoch8": 129.27763464095744,
    "epoch9": 123.85501163563829,
    "epoch10": 121.40520071476064,
    "epoch11": 119.15207363696808,
    "epoch12": 117.57912234042553,
    "epoch13": 115.39792844082447,
    "epoch14": 113.84101770279256,
    "epoch15": 112.08266497672872,
    "epoch16": 110.41183926196808,
    "epoch17": 109.15157496675532,
    "epoch18": 107.93125623337765,
    "epoch19": 106.24675864361703,
    "epoch20": 105.0698865525266,
    "epoch21": 103.30210064827128,
    "epoch22": 102.47993891289893,
    "epoch23": 100.96063622007979,
    "epoch24": 100.08669589428192,
    "epoch25": 99.58445187832447,
    "epoch26": 98.587890625,
    "epoch27": 98.15060879321808,
    "epoch28": 97.32320063164893,
    "epoch29": 96.85829454787235,
    "epoch30": 96.24650930851064
}