{
    "epoch1": 200.0,
    "epoch2": 200.0,
    "epoch3": 200.0,
    "epoch4": 199.98991666666666,
    "epoch5": 199.0273125,
    "epoch6": 187.38922916666667,
    "epoch7": 157.43808333333334,
    "epoch8": 135.932625,
    "epoch9": 127.37278125,
    "epoch10": 122.99759375,
    "epoch11": 121.04825,
    "epoch12": 119.11973958333333,
    "epoch13": 117.3830625,
    "epoch14": 114.9866875,
    "epoch15": 113.15097916666667,
    "epoch16": 111.3615625,
    "epoch17": 109.5198125,
    "epoch18": 108.03901041666667,
    "epoch19": 106.80452083333333,
    "epoch20": 105.30932291666667,
    "epoch21": 104.08885416666666,
    "epoch22": 102.52779166666667,
    "epoch23": 101.78598958333333,
    "epoch24": 100.5751875,
    "epoch25": 99.79683333333334,
    "epoch26": 99.02985416666667,
    "epoch27": 98.21683333333333,
    "epoch28": 97.64807291666666,
    "epoch29": 96.90929166666666,
    "epoch30": 96.39238541666667
}