{
    "epoch1": 5.850191185891163e-05,
    "epoch2": 3.686916524020489e-05,
    "epoch3": 3.090585658719647e-05,
    "epoch4": 2.9347406411034172e-05,
    "epoch5": 2.8534166102872405e-05,
    "epoch6": 2.7865869455126814e-05,
    "epoch7": 2.7301029163936618e-05,
    "epoch8": 2.6814722622475527e-05,
    "epoch9": 2.6405191040794307e-05,
    "epoch10": 2.6084919815275497e-05,
    "epoch11": 2.5808893527027976e-05,
    "epoch12": 2.5599122337098378e-05,
    "epoch13": 2.5430448462429924e-05,
    "epoch14": 2.528280193791943e-05,
    "epoch15": 2.516754539328758e-05,
    "epoch16": 2.5071146914342536e-05,
    "epoch17": 2.4990212834381964e-05,
    "epoch18": 2.4924386962311475e-05,
    "epoch19": 2.487003921351061e-05,
    "epoch20": 2.483173177142817e-05,
    "epoch21": 2.4789423433048796e-05,
    "epoch22": 2.4760231816117084e-05,
    "epoch23": 2.4736142491974534e-05,
    "epoch24": 2.4712428529937826e-05,
    "epoch25": 2.46939739768095e-05,
    "epoch26": 2.4678615194488884e-05,
    "epoch27": 2.466489596008614e-05,
    "epoch28": 2.4654634035186974e-05,
    "epoch29": 2.464559145550993e-05,
    "epoch30": 2.463850403046308e-05
}