{
    "epoch1": 0.024217788013629615,
    "epoch2": 0.021598321676719934,
    "epoch3": 0.020443293877178803,
    "epoch4": 0.02122782965307124,
    "epoch5": 0.01842936230241321,
    "epoch6": 0.017998691939283162,
    "epoch7": 0.017129271174781024,
    "epoch8": 0.016712888260371983,
    "epoch9": 0.01654318330110982,
    "epoch10": 0.01623390315216966,
    "epoch11": 0.015552320357528515,
    "epoch12": 0.015582428255584091,
    "epoch13": 0.015353111230069771,
    "epoch14": 0.0149768608098384,
    "epoch15": 0.015465601289179176,
    "epoch16": 0.014795312847127207,
    "epoch17": 0.014610390106099658,
    "epoch18": 0.015201098896795884,
    "epoch19": 0.014458660618402064,
    "epoch20": 0.014851421714411117,
    "epoch21": 0.014441651495872065,
    "epoch22": 0.014328536693938076,
    "epoch23": 0.014304215379524976,
    "epoch24": 0.014393651697901078,
    "epoch25": 0.014037281449418515,
    "epoch26": 0.014768868961255066,
    "epoch27": 0.014148628237308003,
    "epoch28": 0.014163228101097047,
    "epoch29": 0.014116535719949752,
    "epoch30": 0.014029272890184075,
    "epoch31": 0.01371715305140242,
    "epoch32": 0.014257061382522807,
    "epoch33": 0.014122564360150136,
    "epoch34": 0.013569373899372295,
    "epoch35": 0.013765801282715984,
    "epoch36": 0.013830681084073149,
    "epoch37": 0.013812838689773344,
    "epoch38": 0.01355493646406103,
    "epoch39": 0.013369495893130079,
    "epoch40": 0.013565633169491775,
    "epoch41": 0.013277105943416245,
    "epoch42": 0.01322353987779934,
    "epoch43": 0.013509247932233848,
    "epoch44": 0.013116845380864106,
    "epoch45": 0.013234329031547531,
    "epoch46": 0.013386610531597398,
    "epoch47": 0.012927402625791728,
    "epoch48": 0.013690130232134834,
    "epoch49": 0.012979151695617475,
    "epoch50": 0.01337266483460553,
    "epoch51": 0.013207340860390104,
    "epoch52": 0.013805706897983328,
    "epoch53": 0.01270244806073606,
    "epoch54": 0.01467233884613961,
    "epoch55": 0.014878509769914672,
    "epoch56": 0.012836674228310585,
    "epoch57": 0.012524507052148692,
    "epoch58": 0.01273594712256454,
    "epoch59": 0.014158901816699654,
    "epoch60": 0.012428158719558269,
    "epoch61": 0.013399541188846342,
    "epoch62": 0.012401878004311584,
    "epoch63": 0.012310592821449973,
    "epoch64": 0.012851858424255624,
    "epoch65": 0.012525082420324907,
    "epoch66": 0.012709340153378434,
    "epoch67": 0.012896747444756329,
    "epoch68": 0.01240701336064376,
    "epoch69": 0.01238306425511837,
    "epoch70": 0.013170103149604984,
    "epoch71": 0.012192739872261882,
    "epoch72": 0.0121196580294054,
    "epoch73": 0.012102117703761905,
    "epoch74": 0.012164992222096771,
    "epoch75": 0.012037989930831827,
    "epoch76": 0.012474087096052244,
    "epoch77": 0.01262329044402577,
    "epoch78": 0.01204572559799999,
    "epoch79": 0.012020820460747927,
    "epoch80": 0.012015566899208352,
    "epoch81": 0.012480014294851571,
    "epoch82": 0.012881930058938451,
    "epoch83": 0.011887108470546082,
    "epoch84": 0.012128679169109091,
    "epoch85": 0.011734087704098783,
    "epoch86": 0.012014355641440488,
    "epoch87": 0.0117482209316222,
    "epoch88": 0.011739822220988572,
    "epoch89": 0.011600405268836766,
    "epoch90": 0.012197834526887164,
    "epoch91": 0.012577701258123852,
    "epoch92": 0.011862328698043711,
    "epoch93": 0.012259511728188954,
    "epoch94": 0.012385350681142882,
    "epoch95": 0.011537658225279301,
    "epoch96": 0.012088638715795241,
    "epoch97": 0.011538163656950928,
    "epoch98": 0.011647961146081798,
    "epoch99": 0.012253413602593355,
    "epoch100": 0.011489287906442769
}