{
    "epoch1": 34.20261001586914,
    "epoch2": 30.914724349975586,
    "epoch3": 29.589061737060547,
    "epoch4": 28.97268295288086,
    "epoch5": 27.76358413696289,
    "epoch6": 28.365760803222656,
    "epoch7": 27.159242630004883,
    "epoch8": 26.575275421142578,
    "epoch9": 26.517520904541016,
    "epoch10": 25.291263580322266,
    "epoch11": 24.983482360839844,
    "epoch12": 24.26146125793457,
    "epoch13": 24.13580322265625,
    "epoch14": 24.426729202270508,
    "epoch15": 24.301025390625,
    "epoch16": 23.973968505859375,
    "epoch17": 23.865591049194336,
    "epoch18": 25.88208770751953,
    "epoch19": 23.892892837524414,
    "epoch20": 25.654714584350586,
    "epoch21": 23.657934188842773,
    "epoch22": 23.894372940063477,
    "epoch23": 24.328285217285156,
    "epoch24": 24.531496047973633,
    "epoch25": 23.562406539916992,
    "epoch26": 25.769790649414062,
    "epoch27": 24.212297439575195,
    "epoch28": 24.172517776489258,
    "epoch29": 23.77632713317871,
    "epoch30": 23.786855697631836,
    "epoch31": 22.963726043701172,
    "epoch32": 24.593791961669922,
    "epoch33": 22.89423370361328,
    "epoch34": 23.15020179748535,
    "epoch35": 23.365070343017578,
    "epoch36": 23.807817459106445,
    "epoch37": 23.490144729614258,
    "epoch38": 22.538949966430664,
    "epoch39": 22.616592407226562,
    "epoch40": 23.31440544128418,
    "epoch41": 22.724445343017578,
    "epoch42": 22.43769645690918,
    "epoch43": 23.10593605041504,
    "epoch44": 22.309568405151367,
    "epoch45": 22.764873504638672,
    "epoch46": 24.04217529296875,
    "epoch47": 22.202184677124023,
    "epoch48": 24.371685028076172,
    "epoch49": 22.61518669128418,
    "epoch50": 22.306245803833008,
    "epoch51": 22.428043365478516,
    "epoch52": 22.429471969604492,
    "epoch53": 21.6149845123291,
    "epoch54": 23.804201126098633,
    "epoch55": 26.48984718322754,
    "epoch56": 22.65418815612793,
    "epoch57": 21.329710006713867,
    "epoch58": 22.355974197387695,
    "epoch59": 24.90943145751953,
    "epoch60": 21.363492965698242,
    "epoch61": 23.257604598999023,
    "epoch62": 21.115766525268555,
    "epoch63": 21.109909057617188,
    "epoch64": 21.427576065063477,
    "epoch65": 21.298185348510742,
    "epoch66": 22.87384033203125,
    "epoch67": 21.59563446044922,
    "epoch68": 20.964807510375977,
    "epoch69": 20.78133773803711,
    "epoch70": 22.070919036865234,
    "epoch71": 21.417770385742188,
    "epoch72": 20.620311737060547,
    "epoch73": 20.805994033813477,
    "epoch74": 20.951234817504883,
    "epoch75": 21.333574295043945,
    "epoch76": 21.994421005249023,
    "epoch77": 22.069202423095703,
    "epoch78": 20.82049560546875,
    "epoch79": 20.56040382385254,
    "epoch80": 21.23291778564453,
    "epoch81": 22.276992797851562,
    "epoch82": 22.070640563964844,
    "epoch83": 20.396265029907227,
    "epoch84": 21.836700439453125,
    "epoch85": 20.45806312561035,
    "epoch86": 21.89864730834961,
    "epoch87": 20.44158935546875,
    "epoch88": 20.226871490478516,
    "epoch89": 20.08416748046875,
    "epoch90": 20.821210861206055,
    "epoch91": 21.44904899597168,
    "epoch92": 20.848377227783203,
    "epoch93": 22.365020751953125,
    "epoch94": 20.489858627319336,
    "epoch95": 20.110435485839844,
    "epoch96": 21.317716598510742,
    "epoch97": 20.191020965576172,
    "epoch98": 20.416261672973633,
    "epoch99": 20.75394630432129,
    "epoch100": 20.11166000366211
}