{
    "epoch1": 0.11023333504796028,
    "epoch2": 0.27866667219996455,
    "epoch3": 0.5451000095009804,
    "epoch4": 0.5790000079274178,
    "epoch5": 0.6029381033182144,
    "epoch6": 0.6720333406329155,
    "epoch7": 0.7045333425402641,
    "epoch8": 0.742838104903698,
    "epoch9": 0.7654047694802284,
    "epoch10": 0.7933000072240829,
    "epoch11": 0.8173000068068504,
    "epoch12": 0.8044666740298271,
    "epoch13": 0.8345000069141388,
    "epoch14": 0.846166672706604,
    "epoch15": 0.8696380997896195,
    "epoch16": 0.8503000059723854,
    "epoch17": 0.8626666732430458,
    "epoch18": 0.8700666714906693,
    "epoch19": 0.8936666719913483,
    "epoch20": 0.8817285760641098,
    "epoch21": 0.8779666714668274,
    "epoch22": 0.8881333377361298,
    "epoch23": 0.9094000046253204,
    "epoch24": 0.8908333380222321,
    "epoch25": 0.9113666701316834,
    "epoch26": 0.9066000044345855,
    "epoch27": 0.9127333377599716,
    "epoch28": 0.9169333372116089,
    "epoch29": 0.9158666707277298,
    "epoch30": 0.9240666704177857,
    "epoch31": 0.9272000050544739,
    "epoch32": 0.9227666699886322,
    "epoch33": 0.9357000023126603,
    "epoch34": 0.941066668510437,
    "epoch35": 0.9376666696071625,
    "epoch36": 0.9385333368778229,
    "epoch37": 0.9374666695594788,
    "epoch38": 0.941933336019516,
    "epoch39": 0.9461000025272369,
    "epoch40": 0.9383333362340928,
    "epoch41": 0.9586666686534882,
    "epoch42": 0.9504666690826415,
    "epoch43": 0.9519333356618881,
    "epoch44": 0.948400002002716,
    "epoch45": 0.9466666687726975,
    "epoch46": 0.9626000015735626,
    "epoch47": 0.9573047635555267,
    "epoch48": 0.9506000020503997,
    "epoch49": 0.9592666680812836,
    "epoch50": 0.960133334159851
}