{
    "epoch1": 0.08550883723156792,
    "epoch2": 0.05413613308753286,
    "epoch3": 0.05244499817490578,
    "epoch4": 0.050386788589613776,
    "epoch5": 0.04827147349715233,
    "epoch6": 0.04605497260178838,
    "epoch7": 0.0436148467872824,
    "epoch8": 0.04098874144256115,
    "epoch9": 0.03826436320585864,
    "epoch10": 0.0356096766356911,
    "epoch11": 0.03311845686818872,
    "epoch12": 0.031237946024962833,
    "epoch13": 0.02888360113969871,
    "epoch14": 0.027468076241867884,
    "epoch15": 0.026187852025032043,
    "epoch16": 0.02535228803753853,
    "epoch17": 0.02493213622697762,
    "epoch18": 0.025585612282156944,
    "epoch19": 0.024198532104492188,
    "epoch20": 0.02396474326295512,
    "epoch21": 0.023793925664254596,
    "epoch22": 0.02350338375461953,
    "epoch23": 0.023367893349911486,
    "epoch24": 0.023618575451629504,
    "epoch25": 0.022902698389121463,
    "epoch26": 0.022807821897523745,
    "epoch27": 0.023051791957446506,
    "epoch28": 0.02281270335827555,
    "epoch29": 0.022790125970329558,
    "epoch30": 0.02215681384716715,
    "epoch31": 0.022040634282997677,
    "epoch32": 0.02203092963567802,
    "epoch33": 0.022532216938478605,
    "epoch34": 0.02194070097591196,
    "epoch35": 0.021278478737388338,
    "epoch36": 0.021220602228173187,
    "epoch37": 0.021006884585533823,
    "epoch38": 0.021104968019894192,
    "epoch39": 0.02110069165272372,
    "epoch40": 0.0207283492865307,
    "epoch41": 0.02056501992046833,
    "epoch42": 0.020568737760186195,
    "epoch43": 0.020364465191960335,
    "epoch44": 0.02036270552447864,
    "epoch45": 0.020208097994327545,
    "epoch46": 0.020072136872581074,
    "epoch47": 0.020158132538199425,
    "epoch48": 0.01990394081388201,
    "epoch49": 0.01986091597271817,
    "epoch50": 0.019717499347669736,
    "epoch51": 0.020065935594694956,
    "epoch52": 0.01991743315011263,
    "epoch53": 0.019583829545548985,
    "epoch54": 0.019532124378851483,
    "epoch55": 0.01935209333896637,
    "epoch56": 0.019318714338753904,
    "epoch57": 0.01974314743919032,
    "epoch58": 0.019156906753778458,
    "epoch59": 0.01911922437804086,
    "epoch60": 0.01923586561211518,
    "epoch61": 0.01897547873003142,
    "epoch62": 0.01895760531936373,
    "epoch63": 0.018903508250202452,
    "epoch64": 0.018797563388943672,
    "epoch65": 0.019145038511071886,
    "epoch66": 0.018796533346176147,
    "epoch67": 0.01865561306476593,
    "epoch68": 0.018896990588733127,
    "epoch69": 0.018822975190622464,
    "epoch70": 0.01851219204919679,
    "epoch71": 0.01845430795635496,
    "epoch72": 0.01842580602637359,
    "epoch73": 0.01855472767991679,
    "epoch74": 0.01855890080332756,
    "epoch75": 0.018271174148789475,
    "epoch76": 0.01822422764131001,
    "epoch77": 0.01821118819394282,
    "epoch78": 0.018268413176493987,
    "epoch79": 0.018099142903728143,
    "epoch80": 0.01807012249316488,
    "epoch81": 0.01821466668375901,
    "epoch82": 0.018158934877387116,
    "epoch83": 0.017972275614738464,
    "epoch84": 0.018086508714726994,
    "epoch85": 0.017882660164364746,
    "epoch86": 0.01784149424305984,
    "epoch87": 0.017824316131217138,
    "epoch88": 0.018327411929411546,
    "epoch89": 0.017733200320175717,
    "epoch90": 0.017692261508532932,
    "epoch91": 0.01765429907079254,
    "epoch92": 0.01772633727107729,
    "epoch93": 0.01759531960955688,
    "epoch94": 0.01766240836254188,
    "epoch95": 0.017520120766546046,
    "epoch96": 0.017605855661843504,
    "epoch97": 0.01757666069482054,
    "epoch98": 0.017421288016651357,
    "epoch99": 0.01742421223648957,
    "epoch100": 0.01744964998215437
}