{
    "epoch1": 99.231875,
    "epoch2": 80.1679248046875,
    "epoch3": 77.4216357421875,
    "epoch4": 73.78529296875,
    "epoch5": 69.7269921875,
    "epoch6": 65.557822265625,
    "epoch7": 63.0931787109375,
    "epoch8": 61.2843994140625,
    "epoch9": 60.165400390625,
    "epoch10": 59.3148828125,
    "epoch11": 58.3886572265625,
    "epoch12": 57.019638671875,
    "epoch13": 55.528681640625,
    "epoch14": 53.95859375,
    "epoch15": 52.689033203125,
    "epoch16": 51.6603515625,
    "epoch17": 50.011337890625,
    "epoch18": 48.1615234375,
    "epoch19": 47.192978515625,
    "epoch20": 45.837197265625,
    "epoch21": 44.53001953125,
    "epoch22": 43.140595703125,
    "epoch23": 41.378779296875,
    "epoch24": 40.75275146484375,
    "epoch25": 39.61999267578125,
    "epoch26": 38.8162744140625,
    "epoch27": 37.82019775390625,
    "epoch28": 37.2893994140625,
    "epoch29": 36.67947265625,
    "epoch30": 35.92889404296875
}