{
    "epoch1": 83.19610087076823,
    "epoch2": 80.05311584472656,
    "epoch3": 76.82986958821614,
    "epoch4": 73.24151611328125,
    "epoch5": 69.51109822591145,
    "epoch6": 65.77403259277344,
    "epoch7": 63.37848409016927,
    "epoch8": 60.29874165852865,
    "epoch9": 60.33497619628906,
    "epoch10": 59.783843994140625,
    "epoch11": 58.78722635904948,
    "epoch12": 56.69279988606771,
    "epoch13": 54.887288411458336,
    "epoch14": 53.21313985188802,
    "epoch15": 52.10388692220052,
    "epoch16": 49.66935729980469,
    "epoch17": 48.49169413248698,
    "epoch18": 48.3368886311849,
    "epoch19": 46.194610595703125,
    "epoch20": 44.131795247395836,
    "epoch21": 43.18181864420573,
    "epoch22": 41.66845703125,
    "epoch23": 40.819897969563804,
    "epoch24": 40.51861826578776,
    "epoch25": 39.39364115397135,
    "epoch26": 38.42569478352865,
    "epoch27": 36.71313222249349,
    "epoch28": 35.685709635416664,
    "epoch29": 34.52005513509115,
    "epoch30": 34.53652699788412
}