{
    "epoch1": 8649.028125,
    "epoch2": 5301.63375,
    "epoch3": 5042.9065625,
    "epoch4": 4849.6046875,
    "epoch5": 4594.9490625,
    "epoch6": 4307.395625,
    "epoch7": 4115.07125,
    "epoch8": 4010.4178125,
    "epoch9": 3913.44625,
    "epoch10": 3883.7240625,
    "epoch11": 3772.5021875,
    "epoch12": 3762.591875,
    "epoch13": 3663.508125,
    "epoch14": 3593.896875,
    "epoch15": 3472.22375,
    "epoch16": 3383.0578125,
    "epoch17": 3337.464375,
    "epoch18": 3273.02375,
    "epoch19": 3194.03875,
    "epoch20": 3118.261875,
    "epoch21": 3063.7996875,
    "epoch22": 2983.854375,
    "epoch23": 2942.02375,
    "epoch24": 2871.9415625,
    "epoch25": 2810.42875,
    "epoch26": 2796.364375,
    "epoch27": 2707.1228125,
    "epoch28": 2690.3878125,
    "epoch29": 2634.1959375,
    "epoch30": 2592.7425
}