{
    "epoch1": 0.025260412134230137,
    "epoch2": 0.021451083157444373,
    "epoch3": 0.020077572349691764,
    "epoch4": 0.019049659982556477,
    "epoch5": 0.01840052759507671,
    "epoch6": 0.0174347487045452,
    "epoch7": 0.017056798620615155,
    "epoch8": 0.016395115308114327,
    "epoch9": 0.01613186720351223,
    "epoch10": 0.015810592682100832,
    "epoch11": 0.015659498109016567,
    "epoch12": 0.015278010832844302,
    "epoch13": 0.015135455570998602,
    "epoch14": 0.014929397628293373,
    "epoch15": 0.015731820196378976,
    "epoch16": 0.014873701526084915,
    "epoch17": 0.015436537389177829,
    "epoch18": 0.014513945614453405,
    "epoch19": 0.015706435195170343,
    "epoch20": 0.01440645381808281,
    "epoch21": 0.014308888639789075,
    "epoch22": 0.014584648539312184,
    "epoch23": 0.014245385420508683,
    "epoch24": 0.01434962300118059,
    "epoch25": 0.0142044052190613,
    "epoch26": 0.01434465148486197,
    "epoch27": 0.01398533018073067,
    "epoch28": 0.014161683022393845,
    "epoch29": 0.01390386137063615,
    "epoch30": 0.013875349730369635,
    "epoch31": 0.014092284851358272,
    "epoch32": 0.013775849787634797,
    "epoch33": 0.013759017965639941,
    "epoch34": 0.014569574486813508,
    "epoch35": 0.014671184340841137,
    "epoch36": 0.013492704791133292,
    "epoch37": 0.013551141164498404,
    "epoch38": 0.014856100577162579,
    "epoch39": 0.013379712676396593,
    "epoch40": 0.013336631978745572,
    "epoch41": 0.0137577852292452,
    "epoch42": 0.01331853013834916,
    "epoch43": 0.01372133156110067,
    "epoch44": 0.014006801662617363,
    "epoch45": 0.013210496836109087,
    "epoch46": 0.01339648618886713,
    "epoch47": 0.012994448567042127,
    "epoch48": 0.013131713072652929,
    "epoch49": 0.012931551696965471,
    "epoch50": 0.012911376237752847,
    "epoch51": 0.015935868228552863,
    "epoch52": 0.012803331948816776,
    "epoch53": 0.01270823874801863,
    "epoch54": 0.012837632137234323,
    "epoch55": 0.013423534168396145,
    "epoch56": 0.01333549692935776,
    "epoch57": 0.012587058416102082,
    "epoch58": 0.013160634262021631,
    "epoch59": 0.012710883471299894,
    "epoch60": 0.01241031069366727,
    "epoch61": 0.012786502251401544,
    "epoch62": 0.012380243875668384,
    "epoch63": 0.01278676898800768,
    "epoch64": 0.013563447093474679,
    "epoch65": 0.013749057980021462,
    "epoch66": 0.012651745360926725,
    "epoch67": 0.012510424523497932,
    "epoch68": 0.01229533480363898,
    "epoch69": 0.013466013333527371,
    "epoch70": 0.012242759577929974,
    "epoch71": 0.012314595180214383,
    "epoch72": 0.012183205486508086,
    "epoch73": 0.012098684936063364,
    "epoch74": 0.012031391961500049,
    "epoch75": 0.012945518610649742,
    "epoch76": 0.011964888675720431,
    "epoch77": 0.011908857661182992,
    "epoch78": 0.011932036650250666,
    "epoch79": 0.01202784244378563,
    "epoch80": 0.013319945428520441,
    "epoch81": 0.012642737798159942,
    "epoch82": 0.01195539215405006,
    "epoch83": 0.011988994345301762,
    "epoch84": 0.011851099494379014,
    "epoch85": 0.011869822032167576,
    "epoch86": 0.012507344654295594,
    "epoch87": 0.011807241739006713,
    "epoch88": 0.011722005903720856,
    "epoch89": 0.011763886650442146,
    "epoch90": 0.01166981493588537,
    "epoch91": 0.012053667334839702,
    "epoch92": 0.012309536206885241,
    "epoch93": 0.011690168830682524,
    "epoch94": 0.01189023548795376,
    "epoch95": 0.01175817933108192,
    "epoch96": 0.011778590138419531,
    "epoch97": 0.013743475778028369,
    "epoch98": 0.011747285665478557,
    "epoch99": 0.011655795344267972,
    "epoch100": 0.011699326583766378
}