{
    "epoch1": 46.01765234375,
    "epoch2": 31.988197265625,
    "epoch3": 30.14928515625,
    "epoch4": 29.321607421875,
    "epoch5": 28.393564453125,
    "epoch6": 27.738119140625,
    "epoch7": 27.0837265625,
    "epoch8": 26.9438203125,
    "epoch9": 26.6614921875,
    "epoch10": 25.793548828125,
    "epoch11": 25.819306640625,
    "epoch12": 25.422794921875,
    "epoch13": 25.041353515625,
    "epoch14": 25.200625,
    "epoch15": 24.93471875,
    "epoch16": 24.678498046875,
    "epoch17": 24.5521640625,
    "epoch18": 24.389390625,
    "epoch19": 24.299625,
    "epoch20": 24.260994140625,
    "epoch21": 24.388703125,
    "epoch22": 23.665943359375,
    "epoch23": 23.642333984375,
    "epoch24": 23.728029296875,
    "epoch25": 23.719564453125,
    "epoch26": 23.51341015625,
    "epoch27": 23.576427734375,
    "epoch28": 23.48196875,
    "epoch29": 23.346568359375,
    "epoch30": 23.330078125,
    "epoch31": 23.14687890625,
    "epoch32": 23.766583984375,
    "epoch33": 23.154626953125,
    "epoch34": 23.2560703125,
    "epoch35": 23.162212890625,
    "epoch36": 22.788365234375,
    "epoch37": 22.889306640625,
    "epoch38": 23.207689453125,
    "epoch39": 22.7796484375,
    "epoch40": 22.382740234375,
    "epoch41": 22.47103515625,
    "epoch42": 22.53020703125,
    "epoch43": 22.6304453125,
    "epoch44": 22.672224609375,
    "epoch45": 22.100783203125,
    "epoch46": 22.607681640625,
    "epoch47": 22.7766484375,
    "epoch48": 22.068755859375,
    "epoch49": 21.761939453125,
    "epoch50": 21.97469921875,
    "epoch51": 22.077888671875,
    "epoch52": 21.903970703125,
    "epoch53": 21.78636328125,
    "epoch54": 21.597087890625,
    "epoch55": 21.6064453125,
    "epoch56": 21.9035078125,
    "epoch57": 21.641251953125,
    "epoch58": 21.483990234375,
    "epoch59": 21.552271484375,
    "epoch60": 21.38667578125,
    "epoch61": 21.131310546875,
    "epoch62": 21.301646484375,
    "epoch63": 21.226328125,
    "epoch64": 21.37716796875,
    "epoch65": 21.3229453125,
    "epoch66": 20.94509375,
    "epoch67": 20.809875,
    "epoch68": 21.104736328125,
    "epoch69": 21.0594921875,
    "epoch70": 20.791119140625,
    "epoch71": 20.95508984375,
    "epoch72": 20.583638671875,
    "epoch73": 20.7561640625,
    "epoch74": 20.590474609375,
    "epoch75": 21.33583984375,
    "epoch76": 20.595853515625,
    "epoch77": 20.1783359375,
    "epoch78": 20.480982421875,
    "epoch79": 20.364125,
    "epoch80": 20.672052734375,
    "epoch81": 20.3028125,
    "epoch82": 21.169142578125,
    "epoch83": 20.04264453125,
    "epoch84": 20.59091015625,
    "epoch85": 20.455931640625,
    "epoch86": 20.31842578125,
    "epoch87": 20.10019140625,
    "epoch88": 20.338607421875,
    "epoch89": 20.104576171875,
    "epoch90": 20.196638671875,
    "epoch91": 20.141140625,
    "epoch92": 20.400767578125,
    "epoch93": 20.2871875,
    "epoch94": 20.0326484375,
    "epoch95": 19.69841796875,
    "epoch96": 19.99984375,
    "epoch97": 20.100169921875,
    "epoch98": 19.822181640625,
    "epoch99": 19.65095703125,
    "epoch100": 19.845408203125
}