{
    "epoch1": 35.51332092285156,
    "epoch2": 29.985065460205078,
    "epoch3": 29.61568832397461,
    "epoch4": 27.939252853393555,
    "epoch5": 28.659317016601562,
    "epoch6": 27.04332160949707,
    "epoch7": 27.38304328918457,
    "epoch8": 25.843507766723633,
    "epoch9": 25.573421478271484,
    "epoch10": 25.73906898498535,
    "epoch11": 24.788814544677734,
    "epoch12": 24.96059799194336,
    "epoch13": 24.972702026367188,
    "epoch14": 24.738054275512695,
    "epoch15": 24.39520263671875,
    "epoch16": 24.749067306518555,
    "epoch17": 26.326732635498047,
    "epoch18": 24.22804069519043,
    "epoch19": 27.251161575317383,
    "epoch20": 24.238908767700195,
    "epoch21": 24.15215301513672,
    "epoch22": 23.882484436035156,
    "epoch23": 23.93061065673828,
    "epoch24": 24.523330688476562,
    "epoch25": 23.789020538330078,
    "epoch26": 24.258487701416016,
    "epoch27": 23.45782470703125,
    "epoch28": 24.280961990356445,
    "epoch29": 23.299776077270508,
    "epoch30": 23.89034652709961,
    "epoch31": 23.4300479888916,
    "epoch32": 23.297657012939453,
    "epoch33": 23.36713218688965,
    "epoch34": 24.713603973388672,
    "epoch35": 24.647747039794922,
    "epoch36": 22.993654251098633,
    "epoch37": 23.300247192382812,
    "epoch38": 25.952314376831055,
    "epoch39": 22.843231201171875,
    "epoch40": 22.944679260253906,
    "epoch41": 23.852096557617188,
    "epoch42": 23.24812126159668,
    "epoch43": 22.90311622619629,
    "epoch44": 25.454975128173828,
    "epoch45": 22.347850799560547,
    "epoch46": 23.223918914794922,
    "epoch47": 22.315799713134766,
    "epoch48": 22.823522567749023,
    "epoch49": 22.696208953857422,
    "epoch50": 22.349990844726562,
    "epoch51": 26.605148315429688,
    "epoch52": 22.23438262939453,
    "epoch53": 21.982683181762695,
    "epoch54": 22.691343307495117,
    "epoch55": 23.82532501220703,
    "epoch56": 22.12251091003418,
    "epoch57": 22.307546615600586,
    "epoch58": 21.74911117553711,
    "epoch59": 22.11654281616211,
    "epoch60": 21.63657569885254,
    "epoch61": 21.83393669128418,
    "epoch62": 21.347806930541992,
    "epoch63": 21.51677703857422,
    "epoch64": 23.748886108398438,
    "epoch65": 24.96916961669922,
    "epoch66": 21.766714096069336,
    "epoch67": 21.370073318481445,
    "epoch68": 21.189603805541992,
    "epoch69": 23.009397506713867,
    "epoch70": 21.36991310119629,
    "epoch71": 21.797372817993164,
    "epoch72": 20.7676944732666,
    "epoch73": 21.05815315246582,
    "epoch74": 20.983482360839844,
    "epoch75": 23.022079467773438,
    "epoch76": 21.21974754333496,
    "epoch77": 20.627626419067383,
    "epoch78": 20.523893356323242,
    "epoch79": 21.151628494262695,
    "epoch80": 22.332490921020508,
    "epoch81": 21.251375198364258,
    "epoch82": 21.372581481933594,
    "epoch83": 20.88058090209961,
    "epoch84": 20.639606475830078,
    "epoch85": 21.15618133544922,
    "epoch86": 21.1739501953125,
    "epoch87": 20.307918548583984,
    "epoch88": 20.23412322998047,
    "epoch89": 20.381319046020508,
    "epoch90": 20.103126525878906,
    "epoch91": 20.30281639099121,
    "epoch92": 20.428695678710938,
    "epoch93": 20.07537078857422,
    "epoch94": 20.90625,
    "epoch95": 21.07144546508789,
    "epoch96": 20.410396575927734,
    "epoch97": 22.33580780029297,
    "epoch98": 20.176170349121094,
    "epoch99": 20.43204689025879,
    "epoch100": 20.84817886352539
}