{
    "epoch1": 0.799308735682567,
    "epoch2": 0.9161804800053438,
    "epoch3": 0.939284764667352,
    "epoch4": 0.95169643090566,
    "epoch5": 0.9609771447887023,
    "epoch6": 0.9663527792821328,
    "epoch7": 0.9708761125430465,
    "epoch8": 0.9750666678706805,
    "epoch9": 0.9774926994800568,
    "epoch10": 0.9794900009493033,
    "epoch11": 0.9821161119222641,
    "epoch12": 0.9836264293968677,
    "epoch13": 0.9847417467971643,
    "epoch14": 0.9862455561836561,
    "epoch15": 0.9879238894253969,
    "epoch16": 0.9892968258976936,
    "epoch17": 0.9897639687736829,
    "epoch18": 0.9907023020625114,
    "epoch19": 0.9921333336750666,
    "epoch20": 0.992255555899938,
    "epoch21": 0.9930505558709304,
    "epoch22": 0.9937604765256246,
    "epoch23": 0.9941977780501048,
    "epoch24": 0.9940855558077494,
    "epoch25": 0.9949384129782518,
    "epoch26": 0.9953377779960633,
    "epoch27": 0.9951466669082641,
    "epoch28": 0.995400000234445,
    "epoch29": 0.9955722224354744,
    "epoch30": 0.9959633335431417,
    "epoch31": 0.9959176986058553,
    "epoch32": 0.9962326985994975,
    "epoch33": 0.9965888890624046,
    "epoch34": 0.9965750795086225,
    "epoch35": 0.996761111275355,
    "epoch36": 0.9968144446253776,
    "epoch37": 0.9972911112467447,
    "epoch38": 0.9975488890369734,
    "epoch39": 0.9972688890059789,
    "epoch40": 0.9976177778720856,
    "epoch41": 0.9978177778879801,
    "epoch42": 0.9972544445713362,
    "epoch43": 0.9978900001088779,
    "epoch44": 0.9981077778697014,
    "epoch45": 0.9982133334040642,
    "epoch46": 0.998131111184756,
    "epoch47": 0.9978539683580399,
    "epoch48": 0.9983038096070289,
    "epoch49": 0.998062222313881,
    "epoch50": 0.9982566667397818
}