{
    "epoch1": 0.914100002938509,
    "epoch2": 0.9415700023174286,
    "epoch3": 0.9549233351230622,
    "epoch4": 0.9606571444869041,
    "epoch5": 0.9664966681361199,
    "epoch6": 0.9704666679143905,
    "epoch7": 0.9723004773736,
    "epoch8": 0.9731100011587143,
    "epoch9": 0.9748866676568985,
    "epoch10": 0.9764533342838287,
    "epoch11": 0.978026667547226,
    "epoch12": 0.980293334197998,
    "epoch13": 0.9808933342218399,
    "epoch14": 0.9810666675806046,
    "epoch15": 0.9808933341503143,
    "epoch16": 0.9815933341979981,
    "epoch17": 0.9816838103055954,
    "epoch18": 0.9829266674518585,
    "epoch19": 0.9837333340644836,
    "epoch20": 0.9821333341121674,
    "epoch21": 0.9825000007390976,
    "epoch22": 0.9824266674757004,
    "epoch23": 0.9832866674423217,
    "epoch24": 0.9823000006437301,
    "epoch25": 0.9826400007486343,
    "epoch26": 0.9821495245933533,
    "epoch27": 0.9827333341360092,
    "epoch28": 0.9841000006437302,
    "epoch29": 0.9829200006961822,
    "epoch30": 0.9835200007677078,
    "epoch31": 0.9830600006341934,
    "epoch32": 0.9834266673803329,
    "epoch33": 0.9836800006389618,
    "epoch34": 0.9842666672706604,
    "epoch35": 0.9851266673088074,
    "epoch36": 0.9836333340883255,
    "epoch37": 0.983993334031105,
    "epoch38": 0.9838571436166763,
    "epoch39": 0.9825266673803329,
    "epoch40": 0.9836533340215683,
    "epoch41": 0.9842533340215683,
    "epoch42": 0.9837266673326492,
    "epoch43": 0.9843666674375534,
    "epoch44": 0.982880000782013,
    "epoch45": 0.9831066673278809,
    "epoch46": 0.9839333340167999,
    "epoch47": 0.9828266674757004,
    "epoch48": 0.9830200006723404,
    "epoch49": 0.9844266673564911,
    "epoch50": 0.9833266673803329
}