{
    "epoch1": 0.06100294296629727,
    "epoch2": 0.05319209396839142,
    "epoch3": 0.04399628238752484,
    "epoch4": 0.03458268928807229,
    "epoch5": 0.02778836525976658,
    "epoch6": 0.024895716982427984,
    "epoch7": 0.023397959885187447,
    "epoch8": 0.022847366461064667,
    "epoch9": 0.022477381688077003,
    "epoch10": 0.022046944417525083,
    "epoch11": 0.02180194651009515,
    "epoch12": 0.021540327346883714,
    "epoch13": 0.02131593629019335,
    "epoch14": 0.02112123800907284,
    "epoch15": 0.021103702194523066,
    "epoch16": 0.020957542001269758,
    "epoch17": 0.02096742228604853,
    "epoch18": 0.020644618663936853,
    "epoch19": 0.02072714176028967,
    "epoch20": 0.020701919391285628,
    "epoch21": 0.020168816263321787,
    "epoch22": 0.02001092361751944,
    "epoch23": 0.01989455963484943,
    "epoch24": 0.01992679899558425,
    "epoch25": 0.02083846158348024,
    "epoch26": 0.019484721531625837,
    "epoch27": 0.019392285670619458,
    "epoch28": 0.020008703169878572,
    "epoch29": 0.019679837801959366,
    "epoch30": 0.019096396456006914,
    "epoch31": 0.019273594487458467,
    "epoch32": 0.01892215112457052,
    "epoch33": 0.018824979080818594,
    "epoch34": 0.01878715824568644,
    "epoch35": 0.018661608803085983,
    "epoch36": 0.018705651396885514,
    "epoch37": 0.0185371512779966,
    "epoch38": 0.018420922744553536,
    "epoch39": 0.01851971197174862,
    "epoch40": 0.018300535739399493,
    "epoch41": 0.018211626273114234,
    "epoch42": 0.018180335289798677,
    "epoch43": 0.018170183873735368,
    "epoch44": 0.0180140130687505,
    "epoch45": 0.01797468273434788,
    "epoch46": 0.01792216399917379,
    "epoch47": 0.018243483791593462,
    "epoch48": 0.018127372721210122,
    "epoch49": 0.017864300752989948,
    "epoch50": 0.017720018862746656,
    "epoch51": 0.01770686189411208,
    "epoch52": 0.017737018642947078,
    "epoch53": 0.017561130051035434,
    "epoch54": 0.018622352043166757,
    "epoch55": 0.01773139607394114,
    "epoch56": 0.017391153029166162,
    "epoch57": 0.01833866722881794,
    "epoch58": 0.017309074173681438,
    "epoch59": 0.01865701173665002,
    "epoch60": 0.017308494658209383,
    "epoch61": 0.017392122885212302,
    "epoch62": 0.017134762019850314,
    "epoch63": 0.017136453127022833,
    "epoch64": 0.017149317893199623,
    "epoch65": 0.017234224651474506,
    "epoch66": 0.01731784932781011,
    "epoch67": 0.017025903332978487,
    "epoch68": 0.016947266936767846,
    "epoch69": 0.016906521865166724,
    "epoch70": 0.017004042922053486,
    "epoch71": 0.016873343847692013,
    "epoch72": 0.016841943666804582,
    "epoch73": 0.017265552189201117,
    "epoch74": 0.017060590034816414,
    "epoch75": 0.01695154426852241,
    "epoch76": 0.01689604652347043,
    "epoch77": 0.016793341492302716,
    "epoch78": 0.016708603012375534,
    "epoch79": 0.016719003033358604,
    "epoch80": 0.016736715275328606,
    "epoch81": 0.016599742404650897,
    "epoch82": 0.016937625885475427,
    "epoch83": 0.01658959494670853,
    "epoch84": 0.016580802854150534,
    "epoch85": 0.01695329515496269,
    "epoch86": 0.016514469985850155,
    "epoch87": 0.016623047355096787,
    "epoch88": 0.016555414302274585,
    "epoch89": 0.016584325348958373,
    "epoch90": 0.01744219905231148,
    "epoch91": 0.01684082206338644,
    "epoch92": 0.01641882525291294,
    "epoch93": 0.016449596034362912,
    "epoch94": 0.016965683666057885,
    "epoch95": 0.016331767721567303,
    "epoch96": 0.01705384603701532,
    "epoch97": 0.016347329830750823,
    "epoch98": 0.01644447323633358,
    "epoch99": 0.01626910822233185,
    "epoch100": 0.01623519090935588
}