{
    "epoch1": 53.721805572509766,
    "epoch2": 50.58013153076172,
    "epoch3": 46.80467987060547,
    "epoch4": 42.09162521362305,
    "epoch5": 36.77513885498047,
    "epoch6": 35.148624420166016,
    "epoch7": 33.384422302246094,
    "epoch8": 33.7077751159668,
    "epoch9": 33.60959243774414,
    "epoch10": 32.88640594482422,
    "epoch11": 32.426422119140625,
    "epoch12": 32.40272521972656,
    "epoch13": 32.43527603149414,
    "epoch14": 32.22637939453125,
    "epoch15": 32.76390075683594,
    "epoch16": 32.55789566040039,
    "epoch17": 32.72682189941406,
    "epoch18": 32.31123733520508,
    "epoch19": 32.86581802368164,
    "epoch20": 31.587865829467773,
    "epoch21": 31.287084579467773,
    "epoch22": 31.161056518554688,
    "epoch23": 31.158300399780273,
    "epoch24": 31.581985473632812,
    "epoch25": 33.235347747802734,
    "epoch26": 30.642702102661133,
    "epoch27": 30.719419479370117,
    "epoch28": 32.053714752197266,
    "epoch29": 31.526473999023438,
    "epoch30": 30.221338272094727,
    "epoch31": 30.859024047851562,
    "epoch32": 29.99500846862793,
    "epoch33": 29.635730743408203,
    "epoch34": 29.727943420410156,
    "epoch35": 29.742586135864258,
    "epoch36": 29.894739151000977,
    "epoch37": 29.23325538635254,
    "epoch38": 29.159027099609375,
    "epoch39": 28.85024642944336,
    "epoch40": 28.951446533203125,
    "epoch41": 28.817241668701172,
    "epoch42": 28.939910888671875,
    "epoch43": 29.018495559692383,
    "epoch44": 28.56283950805664,
    "epoch45": 28.275571823120117,
    "epoch46": 28.203125,
    "epoch47": 28.101381301879883,
    "epoch48": 28.395784378051758,
    "epoch49": 28.693204879760742,
    "epoch50": 28.15333366394043,
    "epoch51": 28.3872013092041,
    "epoch52": 28.540481567382812,
    "epoch53": 27.681846618652344,
    "epoch54": 30.754810333251953,
    "epoch55": 29.018753051757812,
    "epoch56": 27.616518020629883,
    "epoch57": 30.093664169311523,
    "epoch58": 27.48457908630371,
    "epoch59": 29.4105167388916,
    "epoch60": 27.983341217041016,
    "epoch61": 28.198957443237305,
    "epoch62": 27.359344482421875,
    "epoch63": 27.29966163635254,
    "epoch64": 27.665390014648438,
    "epoch65": 27.765859603881836,
    "epoch66": 27.570981979370117,
    "epoch67": 27.08209800720215,
    "epoch68": 26.97881317138672,
    "epoch69": 26.90266227722168,
    "epoch70": 27.47628402709961,
    "epoch71": 26.982492446899414,
    "epoch72": 26.862266540527344,
    "epoch73": 27.1793155670166,
    "epoch74": 27.946334838867188,
    "epoch75": 27.745807647705078,
    "epoch76": 26.694440841674805,
    "epoch77": 27.06999969482422,
    "epoch78": 26.52094268798828,
    "epoch79": 27.271196365356445,
    "epoch80": 26.504436492919922,
    "epoch81": 26.656999588012695,
    "epoch82": 27.898534774780273,
    "epoch83": 26.4758358001709,
    "epoch84": 26.889314651489258,
    "epoch85": 28.26956558227539,
    "epoch86": 26.75887680053711,
    "epoch87": 27.209918975830078,
    "epoch88": 26.95857048034668,
    "epoch89": 26.797767639160156,
    "epoch90": 28.88625144958496,
    "epoch91": 27.78062629699707,
    "epoch92": 26.777400970458984,
    "epoch93": 26.719266891479492,
    "epoch94": 27.962783813476562,
    "epoch95": 26.47551727294922,
    "epoch96": 28.41149139404297,
    "epoch97": 26.765268325805664,
    "epoch98": 26.067081451416016,
    "epoch99": 26.4783992767334,
    "epoch100": 26.06379508972168
}