{
    "epoch1": 71.76408265128968,
    "epoch2": 51.63793557787698,
    "epoch3": 48.390652126736114,
    "epoch4": 44.34531560019841,
    "epoch5": 40.25652591765873,
    "epoch6": 36.60449606274802,
    "epoch7": 35.110026041666664,
    "epoch8": 34.36209154885913,
    "epoch9": 34.14215572296627,
    "epoch10": 33.85599965897818,
    "epoch11": 33.52137586805556,
    "epoch12": 33.349679129464285,
    "epoch13": 33.171107700892854,
    "epoch14": 32.953446645585316,
    "epoch15": 32.79115513392857,
    "epoch16": 32.4674324156746,
    "epoch17": 32.569126674107146,
    "epoch18": 32.226901584201386,
    "epoch19": 32.23485940600198,
    "epoch20": 31.947147429935516,
    "epoch21": 31.799111018105158,
    "epoch22": 31.518116784474206,
    "epoch23": 31.44775390625,
    "epoch24": 31.081029498387895,
    "epoch25": 31.17489769345238,
    "epoch26": 31.022557818700395,
    "epoch27": 30.753631107390873,
    "epoch28": 30.558014400421627,
    "epoch29": 30.64013865637401,
    "epoch30": 30.901919410342263,
    "epoch31": 30.75078667534722,
    "epoch32": 30.61741226438492,
    "epoch33": 30.35993884858631,
    "epoch34": 30.05853755890377,
    "epoch35": 29.947205558655753,
    "epoch36": 29.91598656063988,
    "epoch37": 29.94711642795139,
    "epoch38": 29.620853484623016,
    "epoch39": 29.70055183531746,
    "epoch40": 29.5360591827877,
    "epoch41": 29.61374821738591,
    "epoch42": 29.328869047619047,
    "epoch43": 29.201043991815474,
    "epoch44": 29.393690321180557,
    "epoch45": 29.088475787450395,
    "epoch46": 28.93443855406746,
    "epoch47": 28.897139291914684,
    "epoch48": 28.84852043030754,
    "epoch49": 28.684171161954364,
    "epoch50": 28.644225105406747,
    "epoch51": 28.552899073040674,
    "epoch52": 28.573029048859127,
    "epoch53": 28.475142221602184,
    "epoch54": 28.565900530133927,
    "epoch55": 28.836166139632937,
    "epoch56": 28.691289992559526,
    "epoch57": 28.20224338107639,
    "epoch58": 28.430510990203373,
    "epoch59": 28.457236638144842,
    "epoch60": 28.23460945250496,
    "epoch61": 28.132320343501984,
    "epoch62": 28.217818002852184,
    "epoch63": 28.04843284970238,
    "epoch64": 28.036326574900794,
    "epoch65": 27.84198676215278,
    "epoch66": 27.672611297123016,
    "epoch67": 27.797177269345237,
    "epoch68": 28.07412574404762,
    "epoch69": 27.605503627232142,
    "epoch70": 27.795160202752974,
    "epoch71": 27.77528986855159,
    "epoch72": 28.238585456969247,
    "epoch73": 27.57201179625496,
    "epoch74": 27.659828791542658,
    "epoch75": 27.692103794642858,
    "epoch76": 27.339715866815474,
    "epoch77": 27.40656970796131,
    "epoch78": 27.402971540178573,
    "epoch79": 27.484921409970237,
    "epoch80": 27.294689360119047,
    "epoch81": 27.272156730530753,
    "epoch82": 27.29660373263889,
    "epoch83": 27.162865048363095,
    "epoch84": 27.055086650545636,
    "epoch85": 27.402035667782737,
    "epoch86": 27.339239211309526,
    "epoch87": 27.168404715401785,
    "epoch88": 27.22045704675099,
    "epoch89": 27.218176463293652,
    "epoch90": 26.924560546875,
    "epoch91": 27.063678075396826,
    "epoch92": 27.037770104786706,
    "epoch93": 26.85291496155754,
    "epoch94": 26.823056175595237,
    "epoch95": 26.97571575830853,
    "epoch96": 27.964297340029763,
    "epoch97": 27.153523763020832,
    "epoch98": 26.807064964657737,
    "epoch99": 26.80981251550099,
    "epoch100": 26.836503286210316
}