{
    "epoch1": 70.24075137867646,
    "epoch2": 48.61468864889706,
    "epoch3": 44.35439883961397,
    "epoch4": 39.86586267807905,
    "epoch5": 36.408131318933826,
    "epoch6": 34.343545352711395,
    "epoch7": 33.50315946691177,
    "epoch8": 33.136664895450366,
    "epoch9": 32.44082821116728,
    "epoch10": 32.248574649586395,
    "epoch11": 31.98105755974265,
    "epoch12": 31.885081571691178,
    "epoch13": 31.614616842830884,
    "epoch14": 31.693603515625,
    "epoch15": 31.261004279641543,
    "epoch16": 31.03964412913603,
    "epoch17": 30.784290986902572,
    "epoch18": 30.367474724264707,
    "epoch19": 30.37637508616728,
    "epoch20": 30.4410795323989,
    "epoch21": 30.17331112132353,
    "epoch22": 30.281573127297793,
    "epoch23": 29.882823270909928,
    "epoch24": 29.60454065659467,
    "epoch25": 29.559250775505514,
    "epoch26": 29.483161477481616,
    "epoch27": 29.246452780330884,
    "epoch28": 29.1641450769761,
    "epoch29": 29.022191664751837,
    "epoch30": 28.968836167279413,
    "epoch31": 28.99984023150276,
    "epoch32": 29.134076286764707,
    "epoch33": 28.651530546300553,
    "epoch34": 28.705532298368567,
    "epoch35": 28.676084630629596,
    "epoch36": 28.42536656996783,
    "epoch37": 28.691320082720587,
    "epoch38": 28.341294232536764,
    "epoch39": 28.328388887293197,
    "epoch40": 28.470704920151654,
    "epoch41": 28.121005787568933,
    "epoch42": 28.09629013959099,
    "epoch43": 28.075412525850183,
    "epoch44": 28.052501005284928,
    "epoch45": 28.075620763442096,
    "epoch46": 28.401137408088236,
    "epoch47": 27.882193172679226,
    "epoch48": 27.673817354090072,
    "epoch49": 28.015301872702207,
    "epoch50": 27.758128446691178,
    "epoch51": 27.59431547277114,
    "epoch52": 27.9594331629136,
    "epoch53": 27.791351318359375,
    "epoch54": 27.669430003446692,
    "epoch55": 27.751820283777572,
    "epoch56": 27.487040800206803,
    "epoch57": 27.47377821978401,
    "epoch58": 27.401211009306067,
    "epoch59": 27.425030876608457,
    "epoch60": 27.435539694393384,
    "epoch61": 27.28936767578125,
    "epoch62": 27.478510239545038,
    "epoch63": 27.156070484834558,
    "epoch64": 27.146604650160846,
    "epoch65": 27.159294577205884,
    "epoch66": 26.95993939568015,
    "epoch67": 27.144649730009192,
    "epoch68": 27.02968462775735,
    "epoch69": 26.87685977711397,
    "epoch70": 27.010566262637866,
    "epoch71": 26.910181382123163,
    "epoch72": 26.9362398035386,
    "epoch73": 26.78572172277114,
    "epoch74": 26.644917207605697,
    "epoch75": 26.5821928136489,
    "epoch76": 26.749134736902572,
    "epoch77": 26.670306037454043,
    "epoch78": 26.717599307789524,
    "epoch79": 26.60520845301011,
    "epoch80": 26.565379423253678,
    "epoch81": 26.60267369887408,
    "epoch82": 26.559198716107538,
    "epoch83": 26.344428567325366,
    "epoch84": 26.561473173253678,
    "epoch85": 26.384530460133274,
    "epoch86": 26.331104951746322,
    "epoch87": 26.330347397748163,
    "epoch88": 26.40342622644761,
    "epoch89": 26.223440731272976,
    "epoch90": 26.293510885799634,
    "epoch91": 26.110116397633274,
    "epoch92": 26.272385541130514,
    "epoch93": 26.477652157054226,
    "epoch94": 26.049761603860293,
    "epoch95": 26.141897762522976,
    "epoch96": 26.0099702722886,
    "epoch97": 26.111766142003678,
    "epoch98": 25.95131548713235,
    "epoch99": 25.928969439338236,
    "epoch100": 26.085016587201288
}