{
    "epoch1": 49.40154670266544,
    "epoch2": 45.7022274241728,
    "epoch3": 41.56002628102022,
    "epoch4": 37.898509306066174,
    "epoch5": 35.568370145909924,
    "epoch6": 33.871876436121326,
    "epoch7": 33.6591366038603,
    "epoch8": 33.126270967371326,
    "epoch9": 33.500294404871326,
    "epoch10": 33.145191865808826,
    "epoch11": 32.302192239200366,
    "epoch12": 32.19464470358456,
    "epoch13": 31.823866900275736,
    "epoch14": 32.32130342371323,
    "epoch15": 31.196159811580884,
    "epoch16": 30.83465576171875,
    "epoch17": 30.649485868566178,
    "epoch18": 31.471044203814337,
    "epoch19": 31.503748276654413,
    "epoch20": 31.69927978515625,
    "epoch21": 31.22451602711397,
    "epoch22": 30.729549632352942,
    "epoch23": 29.67702529009651,
    "epoch24": 29.778937844669116,
    "epoch25": 30.811448041130514,
    "epoch26": 29.689268224379596,
    "epoch27": 30.44480267693015,
    "epoch28": 29.279295079848346,
    "epoch29": 29.405756333295038,
    "epoch30": 29.906370275160846,
    "epoch31": 29.332061767578125,
    "epoch32": 29.188232421875,
    "epoch33": 29.321542178883274,
    "epoch34": 29.20407822552849,
    "epoch35": 29.203588149126837,
    "epoch36": 28.580564611098346,
    "epoch37": 28.436099781709558,
    "epoch38": 28.361830767463236,
    "epoch39": 28.203151927274817,
    "epoch40": 28.189104865579043,
    "epoch41": 28.235331815831803,
    "epoch42": 28.184089211856616,
    "epoch43": 28.062641816980697,
    "epoch44": 28.489101634306067,
    "epoch45": 28.501789766199447,
    "epoch46": 27.78257661707261,
    "epoch47": 27.664159438189337,
    "epoch48": 27.962416704963236,
    "epoch49": 27.947940602022058,
    "epoch50": 27.59844970703125,
    "epoch51": 28.25364056755515,
    "epoch52": 27.50143253102022,
    "epoch53": 27.986003202550553,
    "epoch54": 27.641454360064337,
    "epoch55": 28.174244600183822,
    "epoch56": 27.803536807789524,
    "epoch57": 28.985960118910846,
    "epoch58": 27.625743192784928,
    "epoch59": 27.35386029411765,
    "epoch60": 27.099884033203125,
    "epoch61": 26.948488123276654,
    "epoch62": 27.60357666015625,
    "epoch63": 27.259198357077207,
    "epoch64": 26.98550594554228,
    "epoch65": 27.02987491383272,
    "epoch66": 28.050246294806986,
    "epoch67": 27.49661972943474,
    "epoch68": 27.252391142003678,
    "epoch69": 27.570215561810663,
    "epoch70": 27.016018138212317,
    "epoch71": 27.491151697495404,
    "epoch72": 26.992314955767462,
    "epoch73": 26.631062227136947,
    "epoch74": 27.661323098575366,
    "epoch75": 28.423675537109375,
    "epoch76": 27.201083912568933,
    "epoch77": 26.576724781709558,
    "epoch78": 26.867437026079962,
    "epoch79": 26.311306224149817,
    "epoch80": 26.678167006548712,
    "epoch81": 26.334964527803308,
    "epoch82": 26.496860279756433,
    "epoch83": 26.957896513097428,
    "epoch84": 26.441135182100183,
    "epoch85": 26.566853242761947,
    "epoch86": 27.3542875402114,
    "epoch87": 28.115758559283087,
    "epoch88": 26.338445326861212,
    "epoch89": 26.505970674402572,
    "epoch90": 26.04023832433364,
    "epoch91": 25.989726347081803,
    "epoch92": 26.1757417566636,
    "epoch93": 25.933897130629596,
    "epoch94": 26.240101533777572,
    "epoch95": 27.800413243910846,
    "epoch96": 25.91084379308364,
    "epoch97": 26.392807904411764,
    "epoch98": 25.915599149816178,
    "epoch99": 26.237538057215072,
    "epoch100": 26.033222871668197
}