{
    "epoch1": 0.06310957049330075,
    "epoch2": 0.05655263861020406,
    "epoch3": 0.05131839277843634,
    "epoch4": 0.046894280860821404,
    "epoch5": 0.043307933335502945,
    "epoch6": 0.040396420285105705,
    "epoch7": 0.03822706267237663,
    "epoch8": 0.036434732067088284,
    "epoch9": 0.03508112672716379,
    "epoch10": 0.03393898500750462,
    "epoch11": 0.03295373140523831,
    "epoch12": 0.032011173044641815,
    "epoch13": 0.031052020688851673,
    "epoch14": 0.03010576342542966,
    "epoch15": 0.02914733315507571,
    "epoch16": 0.02819346139828364,
    "epoch17": 0.027222923934459686,
    "epoch18": 0.026234065803388756,
    "epoch19": 0.025243380727867287,
    "epoch20": 0.02426242580016454,
    "epoch21": 0.02329118363559246,
    "epoch22": 0.0223296033218503,
    "epoch23": 0.021446070012946922,
    "epoch24": 0.020607690792530775,
    "epoch25": 0.019804284752657015,
    "epoch26": 0.019040061781803768,
    "epoch27": 0.018346466589719057,
    "epoch28": 0.017662329599261284,
    "epoch29": 0.017028604168444872,
    "epoch30": 0.0164639949798584
}