{
    "epoch1": 54.006036376953126,
    "epoch2": 47.555361938476565,
    "epoch3": 41.783697509765624,
    "epoch4": 39.9185546875,
    "epoch5": 37.90276184082031,
    "epoch6": 36.3937255859375,
    "epoch7": 33.77371826171875,
    "epoch8": 32.743307495117186,
    "epoch9": 31.735922241210936,
    "epoch10": 30.71903076171875,
    "epoch11": 31.416561889648438,
    "epoch12": 29.716961669921876,
    "epoch13": 29.1292236328125,
    "epoch14": 28.273410034179687,
    "epoch15": 28.37867431640625,
    "epoch16": 26.91287841796875,
    "epoch17": 26.42756042480469,
    "epoch18": 26.023239135742188,
    "epoch19": 25.720352172851562,
    "epoch20": 25.59424285888672,
    "epoch21": 24.853208923339842,
    "epoch22": 24.94779052734375,
    "epoch23": 24.497152709960936,
    "epoch24": 24.292274475097656,
    "epoch25": 24.3477294921875,
    "epoch26": 24.030331420898438,
    "epoch27": 23.74645233154297,
    "epoch28": 23.87830505371094,
    "epoch29": 23.439865112304688,
    "epoch30": 23.36114044189453,
    "epoch31": 23.213812255859374,
    "epoch32": 23.177171325683595,
    "epoch33": 23.211642456054687,
    "epoch34": 23.03526916503906,
    "epoch35": 23.51483612060547,
    "epoch36": 22.614865112304688,
    "epoch37": 22.705279541015624,
    "epoch38": 23.418385314941407,
    "epoch39": 22.62702178955078,
    "epoch40": 22.648880004882812,
    "epoch41": 22.63401641845703,
    "epoch42": 22.476376342773438,
    "epoch43": 23.64208984375,
    "epoch44": 22.740196228027344,
    "epoch45": 23.389462280273438,
    "epoch46": 23.219467163085938,
    "epoch47": 22.307826232910156,
    "epoch48": 22.2974853515625,
    "epoch49": 22.768403625488283,
    "epoch50": 22.4633056640625,
    "epoch51": 22.094757080078125,
    "epoch52": 22.251069641113283,
    "epoch53": 22.417526245117188,
    "epoch54": 24.22186737060547,
    "epoch55": 22.12254638671875,
    "epoch56": 22.33708953857422,
    "epoch57": 22.176007080078126,
    "epoch58": 23.069195556640626,
    "epoch59": 22.070474243164064,
    "epoch60": 22.14335479736328,
    "epoch61": 21.718119812011718,
    "epoch62": 21.909603881835938,
    "epoch63": 21.829058837890624,
    "epoch64": 22.618218994140626,
    "epoch65": 23.596659851074218,
    "epoch66": 21.925434875488282,
    "epoch67": 21.883059692382812,
    "epoch68": 21.785382080078126,
    "epoch69": 24.495867919921874,
    "epoch70": 24.049957275390625,
    "epoch71": 22.649459838867188,
    "epoch72": 21.993122863769532,
    "epoch73": 22.556558227539064,
    "epoch74": 22.055012512207032,
    "epoch75": 21.824346923828124,
    "epoch76": 21.739411926269533,
    "epoch77": 22.146397399902344,
    "epoch78": 22.102204895019533,
    "epoch79": 21.8566162109375,
    "epoch80": 21.565882873535156,
    "epoch81": 23.204315185546875,
    "epoch82": 22.02411346435547,
    "epoch83": 21.828213500976563,
    "epoch84": 23.207377624511718,
    "epoch85": 21.875032043457033,
    "epoch86": 22.186813354492188,
    "epoch87": 22.095474243164062,
    "epoch88": 23.882215881347655,
    "epoch89": 22.55911865234375,
    "epoch90": 21.909812927246094,
    "epoch91": 23.3199462890625,
    "epoch92": 23.09827117919922,
    "epoch93": 22.400479125976563,
    "epoch94": 21.915777587890624,
    "epoch95": 21.771681213378905,
    "epoch96": 21.998410034179688,
    "epoch97": 22.49998779296875,
    "epoch98": 22.546221923828124,
    "epoch99": 21.785948181152342,
    "epoch100": 21.548214721679688
}