{
    "epoch1": 9.165182416381867e-06,
    "epoch2": 7.916080776719052e-06,
    "epoch3": 7.325719203890912e-06,
    "epoch4": 7.06825039242176e-06,
    "epoch5": 6.990475427452717e-06,
    "epoch6": 6.90985191196584e-06,
    "epoch7": 6.822824992468668e-06,
    "epoch8": 6.790292375095911e-06,
    "epoch9": 6.772893491036788e-06,
    "epoch10": 6.748977891296211e-06,
    "epoch11": 6.745143983607705e-06,
    "epoch12": 6.727046581772811e-06,
    "epoch13": 6.697231757243571e-06,
    "epoch14": 6.735178948398849e-06,
    "epoch15": 6.671386338969872e-06,
    "epoch16": 6.678172474721578e-06,
    "epoch17": 6.648278951615794e-06,
    "epoch18": 6.651105724661951e-06,
    "epoch19": 6.664051195533224e-06,
    "epoch20": 6.644801373643835e-06,
    "epoch21": 6.686696859333097e-06,
    "epoch22": 6.637747460672472e-06,
    "epoch23": 6.632673549953931e-06,
    "epoch24": 6.655915978550789e-06,
    "epoch25": 6.646980927598634e-06,
    "epoch26": 6.6240829780781495e-06,
    "epoch27": 6.618821348865822e-06,
    "epoch28": 6.615723914895473e-06,
    "epoch29": 6.63695200849664e-06,
    "epoch30": 6.632184477439296e-06
}