{
    "epoch1": 160.8875,
    "epoch2": 125.05792708333334,
    "epoch3": 114.61853125,
    "epoch4": 108.37367708333333,
    "epoch5": 105.24748958333333,
    "epoch6": 103.35548958333334,
    "epoch7": 101.91185416666667,
    "epoch8": 100.33083333333333,
    "epoch9": 99.75183333333334,
    "epoch10": 98.77079166666667,
    "epoch11": 97.79491666666667,
    "epoch12": 97.22510416666667,
    "epoch13": 96.46345833333334,
    "epoch14": 95.98354166666667,
    "epoch15": 95.63072916666667,
    "epoch16": 94.86966666666666,
    "epoch17": 95.12110416666667,
    "epoch18": 94.0950625,
    "epoch19": 93.91728125,
    "epoch20": 93.96428125,
    "epoch21": 93.61053125,
    "epoch22": 93.07347916666667,
    "epoch23": 92.85339583333334,
    "epoch24": 92.41972916666667,
    "epoch25": 92.59892708333334,
    "epoch26": 92.34134375,
    "epoch27": 92.36414583333334,
    "epoch28": 92.05347916666666,
    "epoch29": 91.76032291666667,
    "epoch30": 91.98209375
}