{
    "epoch1": 133.75052004538577,
    "epoch2": 109.45296741048915,
    "epoch3": 101.60603410237015,
    "epoch4": 98.63720530761472,
    "epoch5": 97.1915027735754,
    "epoch6": 95.95639498234998,
    "epoch7": 94.8688067322239,
    "epoch8": 93.7794534795764,
    "epoch9": 93.01917076399396,
    "epoch10": 92.47536875945536,
    "epoch11": 92.04013016893596,
    "epoch12": 91.03623770801815,
    "epoch13": 90.66401916288451,
    "epoch14": 90.69213313161876,
    "epoch15": 89.83960539586485,
    "epoch16": 89.33768280383258,
    "epoch17": 89.6363779626828,
    "epoch18": 89.13912002017146,
    "epoch19": 88.77673506051437,
    "epoch20": 88.49650151285931,
    "epoch21": 88.72570757690369,
    "epoch22": 88.41704488149269,
    "epoch23": 87.79401475037821,
    "epoch24": 87.88580276096823,
    "epoch25": 87.7230915910237,
    "epoch26": 87.30889120020171,
    "epoch27": 87.42874590267272,
    "epoch28": 87.2803517397882,
    "epoch29": 86.90948058497226,
    "epoch30": 87.00206442259203
}