{
    "epoch1": 7199.408653846154,
    "epoch2": 3495.933894230769,
    "epoch3": 2812.3873197115386,
    "epoch4": 2830.017127403846,
    "epoch5": 2778.3545673076924,
    "epoch6": 2699.4341947115386,
    "epoch7": 2647.1189903846152,
    "epoch8": 2612.566105769231,
    "epoch9": 2596.9483173076924,
    "epoch10": 2529.5877403846152,
    "epoch11": 2492.1014122596152,
    "epoch12": 2453.792217548077,
    "epoch13": 2401.141826923077,
    "epoch14": 2363.4735576923076,
    "epoch15": 2313.196063701923,
    "epoch16": 2260.7345252403848,
    "epoch17": 2221.9181189903848,
    "epoch18": 2178.2548076923076,
    "epoch19": 2123.4051983173076,
    "epoch20": 2070.470252403846,
    "epoch21": 2067.1927584134614,
    "epoch22": 1995.483173076923,
    "epoch23": 1992.5049579326924,
    "epoch24": 1929.0982572115386,
    "epoch25": 1948.9854266826924,
    "epoch26": 1883.6527944711538,
    "epoch27": 1877.303936298077,
    "epoch28": 1887.7833533653845,
    "epoch29": 1824.8387920673076,
    "epoch30": 1857.814453125,
    "epoch31": 1807.7319711538462,
    "epoch32": 1825.603515625,
    "epoch33": 1814.4759615384614,
    "epoch34": 1798.6349158653845,
    "epoch35": 1780.0963040865386,
    "epoch36": 1794.3170072115386,
    "epoch37": 1778.5401141826924,
    "epoch38": 1754.8287259615386,
    "epoch39": 1776.731219951923,
    "epoch40": 1755.5658052884614,
    "epoch41": 1752.4371995192307,
    "epoch42": 1751.6681189903845,
    "epoch43": 1762.5926983173076,
    "epoch44": 1741.044170673077,
    "epoch45": 1734.8798076923076,
    "epoch46": 1740.5836838942307,
    "epoch47": 1741.989032451923,
    "epoch48": 1731.5655048076924,
    "epoch49": 1722.3354867788462,
    "epoch50": 1727.7823016826924,
    "epoch51": 1728.3728966346155,
    "epoch52": 1743.8943810096155,
    "epoch53": 1722.1009615384614,
    "epoch54": 1738.8743990384614,
    "epoch55": 1719.7693810096155,
    "epoch56": 1702.0270432692307,
    "epoch57": 1749.2085336538462,
    "epoch58": 1698.8973858173076,
    "epoch59": 1719.0778245192307,
    "epoch60": 1738.6361177884614,
    "epoch61": 1698.0838341346155,
    "epoch62": 1702.583233173077,
    "epoch63": 1704.6248497596155,
    "epoch64": 1695.03125,
    "epoch65": 1695.2255108173076,
    "epoch66": 1731.6829927884614,
    "epoch67": 1680.6307091346155,
    "epoch68": 1709.8482572115386,
    "epoch69": 1696.4384014423076,
    "epoch70": 1714.819110576923,
    "epoch71": 1701.169170673077,
    "epoch72": 1682.6481370192307,
    "epoch73": 1687.7122896634614,
    "epoch74": 1686.832782451923,
    "epoch75": 1683.514873798077,
    "epoch76": 1708.2240084134614,
    "epoch77": 1657.3686899038462,
    "epoch78": 1695.6703725961538,
    "epoch79": 1680.7992788461538,
    "epoch80": 1678.6861478365386,
    "epoch81": 1679.9041466346155,
    "epoch82": 1678.8943810096155,
    "epoch83": 1671.5973557692307,
    "epoch84": 1663.1637620192307,
    "epoch85": 1670.223858173077,
    "epoch86": 1679.4417067307693,
    "epoch87": 1660.6903545673076,
    "epoch88": 1670.4161658653845,
    "epoch89": 1653.9056490384614,
    "epoch90": 1666.5993088942307,
    "epoch91": 1666.684795673077,
    "epoch92": 1644.3539663461538,
    "epoch93": 1671.207782451923,
    "epoch94": 1662.0701622596155,
    "epoch95": 1652.8943810096155,
    "epoch96": 1669.3736478365386,
    "epoch97": 1635.4489182692307,
    "epoch98": 1666.1416766826924,
    "epoch99": 1643.4029447115386,
    "epoch100": 1646.1600060096155
}