{
    "epoch1": 3550.353759765625,
    "epoch2": 2740.15576171875,
    "epoch3": 2762.909423828125,
    "epoch4": 2768.118896484375,
    "epoch5": 2688.767822265625,
    "epoch6": 2617.151611328125,
    "epoch7": 2599.2353515625,
    "epoch8": 2591.194580078125,
    "epoch9": 2565.0927734375,
    "epoch10": 2515.049560546875,
    "epoch11": 2514.236328125,
    "epoch12": 2470.0224609375,
    "epoch13": 2434.99755859375,
    "epoch14": 2415.4345703125,
    "epoch15": 2379.63037109375,
    "epoch16": 2353.68603515625,
    "epoch17": 2320.298095703125,
    "epoch18": 2279.9892578125,
    "epoch19": 2225.96875,
    "epoch20": 2216.28759765625,
    "epoch21": 2162.92138671875,
    "epoch22": 2137.329833984375,
    "epoch23": 2087.774169921875,
    "epoch24": 2077.64990234375,
    "epoch25": 2040.2572021484375,
    "epoch26": 2003.000732421875,
    "epoch27": 2021.1875,
    "epoch28": 1943.5145263671875,
    "epoch29": 1956.45458984375,
    "epoch30": 1951.211181640625,
    "epoch31": 1940.9820556640625,
    "epoch32": 1914.4400634765625,
    "epoch33": 1922.2696533203125,
    "epoch34": 1906.2125244140625,
    "epoch35": 1912.507080078125,
    "epoch36": 1872.488525390625,
    "epoch37": 1892.2532958984375,
    "epoch38": 1853.4237060546875,
    "epoch39": 1876.6641845703125,
    "epoch40": 1851.3182373046875,
    "epoch41": 1859.0096435546875,
    "epoch42": 1855.8052978515625,
    "epoch43": 1876.9425048828125,
    "epoch44": 1839.0858154296875,
    "epoch45": 1867.66015625,
    "epoch46": 1842.7659912109375,
    "epoch47": 1821.7757568359375,
    "epoch48": 1856.9091796875,
    "epoch49": 1830.5433349609375,
    "epoch50": 1842.671142578125,
    "epoch51": 1822.261474609375,
    "epoch52": 1841.0760498046875,
    "epoch53": 1838.8277587890625,
    "epoch54": 1801.1927490234375,
    "epoch55": 1827.3231201171875,
    "epoch56": 1834.9119873046875,
    "epoch57": 1802.0191650390625,
    "epoch58": 1816.399658203125,
    "epoch59": 1820.17822265625,
    "epoch60": 1791.9833984375,
    "epoch61": 1792.5782470703125,
    "epoch62": 1818.855224609375,
    "epoch63": 1781.5152587890625,
    "epoch64": 1815.0478515625,
    "epoch65": 1787.8731689453125,
    "epoch66": 1778.8892822265625,
    "epoch67": 1833.7781982421875,
    "epoch68": 1799.8109130859375,
    "epoch69": 1796.4464111328125,
    "epoch70": 1767.899169921875,
    "epoch71": 1799.5208740234375,
    "epoch72": 1777.0072021484375,
    "epoch73": 1801.7823486328125,
    "epoch74": 1785.459228515625,
    "epoch75": 1771.6307373046875,
    "epoch76": 1779.01318359375,
    "epoch77": 1792.0513916015625,
    "epoch78": 1801.8072509765625,
    "epoch79": 1779.166015625,
    "epoch80": 1802.478271484375,
    "epoch81": 1796.923095703125,
    "epoch82": 1774.7877197265625,
    "epoch83": 1760.877197265625,
    "epoch84": 1805.6409912109375,
    "epoch85": 1773.984619140625,
    "epoch86": 1757.08935546875,
    "epoch87": 1748.627685546875,
    "epoch88": 1756.570556640625,
    "epoch89": 1747.5018310546875,
    "epoch90": 1757.390869140625,
    "epoch91": 1768.232421875,
    "epoch92": 1786.7115478515625,
    "epoch93": 1746.25390625,
    "epoch94": 1758.6302490234375,
    "epoch95": 1776.092041015625,
    "epoch96": 1751.9180908203125,
    "epoch97": 1751.6595458984375,
    "epoch98": 1733.624755859375,
    "epoch99": 1795.1607666015625,
    "epoch100": 1728.7996826171875
}