{
    "epoch1": 0.05235900264233351,
    "epoch2": 0.038958833552896976,
    "epoch3": 0.043742233887314796,
    "epoch4": 0.03978740377351642,
    "epoch5": 0.036053430289030075,
    "epoch6": 0.03437469154596329,
    "epoch7": 0.0330659463070333,
    "epoch8": 0.031566929537802935,
    "epoch9": 0.029992646537721157,
    "epoch10": 0.028084129560738802,
    "epoch11": 0.027485715691000223,
    "epoch12": 0.02607213845476508,
    "epoch13": 0.02455329243093729,
    "epoch14": 0.023379821330308914,
    "epoch15": 0.02263608342036605,
    "epoch16": 0.021182922646403313,
    "epoch17": 0.02011530753225088,
    "epoch18": 0.019354091957211494,
    "epoch19": 0.01861931406892836,
    "epoch20": 0.01750875706784427,
    "epoch21": 0.01707250252366066,
    "epoch22": 0.016198401106521487,
    "epoch23": 0.015997661976143718,
    "epoch24": 0.015267720445990562,
    "epoch25": 0.01483204960823059,
    "epoch26": 0.014540152391418815,
    "epoch27": 0.014082588255405426,
    "epoch28": 0.01401638682000339,
    "epoch29": 0.0136604777071625,
    "epoch30": 0.013507573632523417,
    "epoch31": 0.013513229787349701,
    "epoch32": 0.013125579571351409,
    "epoch33": 0.013368016108870506,
    "epoch34": 0.012900334084406495,
    "epoch35": 0.013077902141958475,
    "epoch36": 0.012591418577358127,
    "epoch37": 0.01302243652753532,
    "epoch38": 0.01245966600254178,
    "epoch39": 0.013024457264691591,
    "epoch40": 0.012597897555679083,
    "epoch41": 0.012344185961410403,
    "epoch42": 0.012509783264249563,
    "epoch43": 0.012221033917739987,
    "epoch44": 0.012366148177534342,
    "epoch45": 0.012110488722100854,
    "epoch46": 0.01231153542175889,
    "epoch47": 0.012165482388809323,
    "epoch48": 0.01221309113316238,
    "epoch49": 0.012088600546121597,
    "epoch50": 0.012090768897905946,
    "epoch51": 0.012219923781231046,
    "epoch52": 0.01196392416022718,
    "epoch53": 0.012001391034573317,
    "epoch54": 0.012085160706192255,
    "epoch55": 0.01182806957513094,
    "epoch56": 0.012174809584394097,
    "epoch57": 0.01189113617874682,
    "epoch58": 0.011997934896498919,
    "epoch59": 0.01196953747421503,
    "epoch60": 0.011791872791945934,
    "epoch61": 0.012013114988803864,
    "epoch62": 0.011777457082644105,
    "epoch63": 0.01220499281771481,
    "epoch64": 0.011824354762211442,
    "epoch65": 0.011779458029195666,
    "epoch66": 0.011952874949201941,
    "epoch67": 0.011765373637899756,
    "epoch68": 0.012186696287244558,
    "epoch69": 0.011740001384168863,
    "epoch70": 0.012055670144036412,
    "epoch71": 0.011673622066155076,
    "epoch72": 0.012315129628404975,
    "epoch73": 0.01165936654433608,
    "epoch74": 0.011770176934078336,
    "epoch75": 0.01173172821290791,
    "epoch76": 0.011558421421796083,
    "epoch77": 0.011817029677331448,
    "epoch78": 0.01162180071696639,
    "epoch79": 0.011647916166111827,
    "epoch80": 0.011772689176723361,
    "epoch81": 0.011629441287368536,
    "epoch82": 0.011642177123576403,
    "epoch83": 0.011654936010017991,
    "epoch84": 0.011703689582645893,
    "epoch85": 0.011638266732916236,
    "epoch86": 0.011875644326210022,
    "epoch87": 0.011562825413420796,
    "epoch88": 0.011723358184099197,
    "epoch89": 0.011688722530379891,
    "epoch90": 0.0118914102204144,
    "epoch91": 0.011580468155443668,
    "epoch92": 0.011522083543241024,
    "epoch93": 0.011873745825141668,
    "epoch94": 0.011624687584117055,
    "epoch95": 0.011517774546518922,
    "epoch96": 0.011864322004839778,
    "epoch97": 0.011618554824963212,
    "epoch98": 0.01139379246160388,
    "epoch99": 0.011899664532393217,
    "epoch100": 0.011474399827420712
}