{
    "epoch1": 3464.668701171875,
    "epoch2": 2754.352294921875,
    "epoch3": 2841.022705078125,
    "epoch4": 2754.74169921875,
    "epoch5": 2656.197265625,
    "epoch6": 2615.221435546875,
    "epoch7": 2585.685791015625,
    "epoch8": 2549.524658203125,
    "epoch9": 2506.3798828125,
    "epoch10": 2447.076904296875,
    "epoch11": 2451.653564453125,
    "epoch12": 2409.576171875,
    "epoch13": 2358.337890625,
    "epoch14": 2323.584228515625,
    "epoch15": 2312.927978515625,
    "epoch16": 2255.01806640625,
    "epoch17": 2218.58935546875,
    "epoch18": 2196.68603515625,
    "epoch19": 2172.8486328125,
    "epoch20": 2114.197998046875,
    "epoch21": 2103.7666015625,
    "epoch22": 2056.652587890625,
    "epoch23": 2060.4775390625,
    "epoch24": 2016.087158203125,
    "epoch25": 1994.027587890625,
    "epoch26": 1983.729736328125,
    "epoch27": 1949.077392578125,
    "epoch28": 1954.811279296875,
    "epoch29": 1929.0751953125,
    "epoch30": 1920.6451416015625,
    "epoch31": 1927.510986328125,
    "epoch32": 1888.0491943359375,
    "epoch33": 1925.1336669921875,
    "epoch34": 1876.1209716796875,
    "epoch35": 1903.4913330078125,
    "epoch36": 1846.4290771484375,
    "epoch37": 1904.274169921875,
    "epoch38": 1827.9912109375,
    "epoch39": 1908.6031494140625,
    "epoch40": 1868.423828125,
    "epoch41": 1830.438720703125,
    "epoch42": 1858.0482177734375,
    "epoch43": 1823.5946044921875,
    "epoch44": 1849.6009521484375,
    "epoch45": 1806.5682373046875,
    "epoch46": 1843.679443359375,
    "epoch47": 1828.4761962890625,
    "epoch48": 1836.5855712890625,
    "epoch49": 1822.75439453125,
    "epoch50": 1818.466796875,
    "epoch51": 1842.513671875,
    "epoch52": 1811.4381103515625,
    "epoch53": 1811.3184814453125,
    "epoch54": 1827.6170654296875,
    "epoch55": 1778.1373291015625,
    "epoch56": 1839.4183349609375,
    "epoch57": 1798.436279296875,
    "epoch58": 1817.487060546875,
    "epoch59": 1818.045166015625,
    "epoch60": 1780.6563720703125,
    "epoch61": 1823.0731201171875,
    "epoch62": 1776.798583984375,
    "epoch63": 1847.4837646484375,
    "epoch64": 1795.222900390625,
    "epoch65": 1792.457763671875,
    "epoch66": 1816.44775390625,
    "epoch67": 1784.9283447265625,
    "epoch68": 1845.7462158203125,
    "epoch69": 1748.237548828125,
    "epoch70": 1835.91064453125,
    "epoch71": 1760.8372802734375,
    "epoch72": 1859.964599609375,
    "epoch73": 1754.3458251953125,
    "epoch74": 1797.569580078125,
    "epoch75": 1794.091796875,
    "epoch76": 1756.058837890625,
    "epoch77": 1805.0098876953125,
    "epoch78": 1774.7320556640625,
    "epoch79": 1779.5504150390625,
    "epoch80": 1800.031005859375,
    "epoch81": 1782.6312255859375,
    "epoch82": 1775.739501953125,
    "epoch83": 1780.762939453125,
    "epoch84": 1789.3248291015625,
    "epoch85": 1774.64404296875,
    "epoch86": 1813.1527099609375,
    "epoch87": 1755.820068359375,
    "epoch88": 1797.0814208984375,
    "epoch89": 1779.5916748046875,
    "epoch90": 1811.9625244140625,
    "epoch91": 1773.5418701171875,
    "epoch92": 1724.253662109375,
    "epoch93": 1815.0399169921875,
    "epoch94": 1781.9176025390625,
    "epoch95": 1755.4085693359375,
    "epoch96": 1813.74462890625,
    "epoch97": 1781.653564453125,
    "epoch98": 1733.6055908203125,
    "epoch99": 1816.4112548828125,
    "epoch100": 1749.2620849609375
}