{
    "epoch1": 3.869013549410738e-05,
    "epoch2": 9.521494101818462e-06,
    "epoch3": 7.32802852144232e-06,
    "epoch4": 6.996071547291649e-06,
    "epoch5": 6.676656525996805e-06,
    "epoch6": 6.427618005773184e-06,
    "epoch7": 6.240929260457051e-06,
    "epoch8": 6.0808751939021026e-06,
    "epoch9": 6.024742318686549e-06,
    "epoch10": 5.90867599134981e-06,
    "epoch11": 5.852448367249963e-06,
    "epoch12": 5.825846290122172e-06,
    "epoch13": 5.813759285047126e-06,
    "epoch14": 5.761621461033428e-06,
    "epoch15": 5.789717457787447e-06,
    "epoch16": 5.729859407779258e-06,
    "epoch17": 5.733100868610563e-06,
    "epoch18": 5.711994278271959e-06,
    "epoch19": 5.688606152261855e-06,
    "epoch20": 5.685403028792279e-06,
    "epoch21": 5.682243841761192e-06,
    "epoch22": 5.6726985691284425e-06,
    "epoch23": 5.658169181174344e-06,
    "epoch24": 5.6664192937887495e-06,
    "epoch25": 5.653370571849337e-06,
    "epoch26": 5.669621662605096e-06,
    "epoch27": 5.647518806199514e-06,
    "epoch28": 5.644451783496151e-06,
    "epoch29": 5.6510283285433615e-06,
    "epoch30": 5.639059432382965e-06
}