{
    "epoch1": 72.77498215895433,
    "epoch2": 48.07494647686298,
    "epoch3": 41.32270695612981,
    "epoch4": 40.48067533052885,
    "epoch5": 38.92335392878606,
    "epoch6": 37.13207068810096,
    "epoch7": 35.976705697866585,
    "epoch8": 33.64280583308293,
    "epoch9": 32.96178964468149,
    "epoch10": 31.997159517728367,
    "epoch11": 31.74713369516226,
    "epoch12": 30.1751708984375,
    "epoch13": 30.512908935546875,
    "epoch14": 29.39354294996995,
    "epoch15": 29.79144521859976,
    "epoch16": 29.166100135216347,
    "epoch17": 29.56158447265625,
    "epoch18": 29.35553448016827,
    "epoch19": 29.56342022235577,
    "epoch20": 29.184842623197117,
    "epoch21": 28.39857130784255,
    "epoch22": 28.34589562049279,
    "epoch23": 28.414651724008415,
    "epoch24": 28.307265061598557,
    "epoch25": 28.330369215745193,
    "epoch26": 28.244412935697117,
    "epoch27": 28.333151010366585,
    "epoch28": 28.30260526216947,
    "epoch29": 28.010850172776443,
    "epoch30": 27.77604557917668,
    "epoch31": 27.909444955679085,
    "epoch32": 28.383544921875,
    "epoch33": 28.02472158578726,
    "epoch34": 28.29869431715745,
    "epoch35": 28.30718055138221,
    "epoch36": 27.82604745718149,
    "epoch37": 27.5535395695613,
    "epoch38": 27.44117384690505,
    "epoch39": 27.765714205228367,
    "epoch40": 27.27379432091346,
    "epoch41": 27.561185396634617,
    "epoch42": 27.49896005483774,
    "epoch43": 27.516343336838943,
    "epoch44": 26.549415001502403,
    "epoch45": 27.067457932692307,
    "epoch46": 27.03697791466346,
    "epoch47": 27.41198495718149,
    "epoch48": 26.80291278545673,
    "epoch49": 26.94469041090745,
    "epoch50": 26.506497896634617,
    "epoch51": 27.12640380859375,
    "epoch52": 27.136509821965145,
    "epoch53": 27.068087064302883,
    "epoch54": 27.09515380859375,
    "epoch55": 27.678560697115383,
    "epoch56": 28.334146352914665,
    "epoch57": 26.775545560396633,
    "epoch58": 26.256932185246395,
    "epoch59": 26.837615966796875,
    "epoch60": 26.39214618389423,
    "epoch61": 26.368549053485577,
    "epoch62": 26.202923114483173,
    "epoch63": 26.623445951021633,
    "epoch64": 26.180861253004807,
    "epoch65": 26.04614492563101,
    "epoch66": 26.1518061711238,
    "epoch67": 26.113685021033653,
    "epoch68": 26.07775174654447,
    "epoch69": 25.494553786057693,
    "epoch70": 26.25323251577524,
    "epoch71": 25.95037841796875,
    "epoch72": 25.732457087590145,
    "epoch73": 26.11510995718149,
    "epoch74": 25.75251183143029,
    "epoch75": 25.809288611778847,
    "epoch76": 25.43842022235577,
    "epoch77": 25.591146615835335,
    "epoch78": 27.38373037484976,
    "epoch79": 25.892052283653847,
    "epoch80": 25.374619704026443,
    "epoch81": 25.59593787560096,
    "epoch82": 25.75048593374399,
    "epoch83": 26.12561269906851,
    "epoch84": 25.4824946476863,
    "epoch85": 25.952866774338943,
    "epoch86": 25.58922400841346,
    "epoch87": 25.77362999549279,
    "epoch88": 25.347872220552883,
    "epoch89": 25.822239802433895,
    "epoch90": 25.912379338191105,
    "epoch91": 25.224696232722355,
    "epoch92": 25.58003352238582,
    "epoch93": 25.29271287184495,
    "epoch94": 25.2030757023738,
    "epoch95": 24.90503399188702,
    "epoch96": 25.37510563777043,
    "epoch97": 25.888319749098557,
    "epoch98": 25.569857083834133,
    "epoch99": 24.726710392878605,
    "epoch100": 24.83331768329327
}