{
    "epoch1": 65.76318359375,
    "epoch2": 57.83880615234375,
    "epoch3": 53.98091125488281,
    "epoch4": 55.196800231933594,
    "epoch5": 51.13022994995117,
    "epoch6": 50.42709732055664,
    "epoch7": 47.747825622558594,
    "epoch8": 48.03554916381836,
    "epoch9": 45.42637252807617,
    "epoch10": 43.4655647277832,
    "epoch11": 41.68047332763672,
    "epoch12": 42.2630729675293,
    "epoch13": 40.75326919555664,
    "epoch14": 41.449378967285156,
    "epoch15": 38.333404541015625,
    "epoch16": 41.76036071777344,
    "epoch17": 40.12663650512695,
    "epoch18": 39.82386779785156,
    "epoch19": 37.269779205322266,
    "epoch20": 37.661842346191406,
    "epoch21": 39.31439208984375,
    "epoch22": 37.96307373046875,
    "epoch23": 38.54642868041992,
    "epoch24": 37.407012939453125,
    "epoch25": 37.60211944580078,
    "epoch26": 36.899871826171875,
    "epoch27": 36.410274505615234,
    "epoch28": 38.19566345214844,
    "epoch29": 37.38691329956055,
    "epoch30": 37.50733184814453,
    "epoch31": 36.57103729248047,
    "epoch32": 38.825340270996094,
    "epoch33": 41.084983825683594,
    "epoch34": 38.112220764160156,
    "epoch35": 37.21223068237305,
    "epoch36": 36.46039581298828,
    "epoch37": 36.673030853271484,
    "epoch38": 38.15972900390625,
    "epoch39": 35.80870819091797,
    "epoch40": 37.19528579711914,
    "epoch41": 37.347084045410156,
    "epoch42": 36.01546096801758,
    "epoch43": 35.5108528137207,
    "epoch44": 37.872894287109375,
    "epoch45": 36.93346405029297,
    "epoch46": 37.07128143310547,
    "epoch47": 36.82868957519531,
    "epoch48": 38.60246276855469,
    "epoch49": 36.577232360839844,
    "epoch50": 36.164337158203125,
    "epoch51": 35.498558044433594,
    "epoch52": 36.760433197021484,
    "epoch53": 39.50421142578125,
    "epoch54": 41.86204147338867,
    "epoch55": 39.553401947021484,
    "epoch56": 35.906761169433594,
    "epoch57": 36.27528762817383,
    "epoch58": 36.74314880371094,
    "epoch59": 35.94801330566406,
    "epoch60": 35.49106216430664,
    "epoch61": 37.54346466064453,
    "epoch62": 35.41759490966797,
    "epoch63": 35.642433166503906,
    "epoch64": 36.20978546142578,
    "epoch65": 36.40861511230469,
    "epoch66": 35.54766845703125,
    "epoch67": 36.525325775146484,
    "epoch68": 36.733795166015625,
    "epoch69": 37.65718078613281,
    "epoch70": 35.22004699707031,
    "epoch71": 35.68891525268555,
    "epoch72": 36.594078063964844,
    "epoch73": 36.13335037231445,
    "epoch74": 35.44145584106445,
    "epoch75": 35.039268493652344,
    "epoch76": 36.085391998291016,
    "epoch77": 39.26369857788086,
    "epoch78": 36.25061798095703,
    "epoch79": 36.00164031982422,
    "epoch80": 36.81563186645508,
    "epoch81": 35.58771896362305,
    "epoch82": 33.99945068359375,
    "epoch83": 34.972434997558594,
    "epoch84": 34.889102935791016,
    "epoch85": 33.853553771972656,
    "epoch86": 34.5190315246582,
    "epoch87": 34.36869812011719,
    "epoch88": 37.70536804199219,
    "epoch89": 37.420249938964844,
    "epoch90": 36.71172332763672,
    "epoch91": 35.298458099365234,
    "epoch92": 35.93321228027344,
    "epoch93": 35.296714782714844,
    "epoch94": 34.986724853515625,
    "epoch95": 35.51604461669922,
    "epoch96": 35.38032531738281,
    "epoch97": 37.297821044921875,
    "epoch98": 37.55327606201172,
    "epoch99": 34.39383316040039,
    "epoch100": 34.63045883178711
}