{
    "epoch1": 100.671318359375,
    "epoch2": 51.3368408203125,
    "epoch3": 48.5433642578125,
    "epoch4": 45.9203369140625,
    "epoch5": 42.5804296875,
    "epoch6": 40.1268115234375,
    "epoch7": 36.85164794921875,
    "epoch8": 34.8943603515625,
    "epoch9": 33.8882861328125,
    "epoch10": 32.4657177734375,
    "epoch11": 32.06415771484375,
    "epoch12": 31.5327099609375,
    "epoch13": 31.09887451171875,
    "epoch14": 30.6024267578125,
    "epoch15": 30.65576416015625,
    "epoch16": 30.557919921875,
    "epoch17": 30.269248046875,
    "epoch18": 30.10353759765625,
    "epoch19": 29.9031298828125,
    "epoch20": 30.05035400390625,
    "epoch21": 29.65797119140625,
    "epoch22": 29.75329345703125,
    "epoch23": 29.63706787109375,
    "epoch24": 29.4324560546875,
    "epoch25": 29.385380859375,
    "epoch26": 29.26192138671875,
    "epoch27": 29.26403076171875,
    "epoch28": 28.997177734375,
    "epoch29": 29.6701171875,
    "epoch30": 29.04780029296875,
    "epoch31": 28.980654296875,
    "epoch32": 29.04008544921875,
    "epoch33": 28.9139501953125,
    "epoch34": 28.8033203125,
    "epoch35": 28.63605712890625,
    "epoch36": 28.57664794921875,
    "epoch37": 28.65920166015625,
    "epoch38": 28.445791015625,
    "epoch39": 28.4866552734375,
    "epoch40": 28.36391845703125,
    "epoch41": 28.35940185546875,
    "epoch42": 28.54740478515625,
    "epoch43": 28.1523046875,
    "epoch44": 28.130478515625,
    "epoch45": 28.00968017578125,
    "epoch46": 28.0540185546875,
    "epoch47": 27.88515380859375,
    "epoch48": 27.73207275390625,
    "epoch49": 27.748818359375,
    "epoch50": 27.79546875,
    "epoch51": 27.58100341796875,
    "epoch52": 27.62124267578125,
    "epoch53": 27.80560791015625,
    "epoch54": 27.64546142578125,
    "epoch55": 28.1257080078125,
    "epoch56": 27.33609130859375,
    "epoch57": 27.262529296875,
    "epoch58": 27.2601123046875,
    "epoch59": 27.43677490234375,
    "epoch60": 27.28087158203125,
    "epoch61": 27.1710888671875,
    "epoch62": 27.14041748046875,
    "epoch63": 27.39249267578125,
    "epoch64": 26.94471435546875,
    "epoch65": 26.84053955078125,
    "epoch66": 26.886240234375,
    "epoch67": 27.18549072265625,
    "epoch68": 27.431083984375,
    "epoch69": 26.71077880859375,
    "epoch70": 26.882568359375,
    "epoch71": 26.67622802734375,
    "epoch72": 26.9812109375,
    "epoch73": 26.439326171875,
    "epoch74": 26.468984375,
    "epoch75": 26.65005126953125,
    "epoch76": 26.3562353515625,
    "epoch77": 26.81122802734375,
    "epoch78": 26.38675048828125,
    "epoch79": 26.4335302734375,
    "epoch80": 26.20060791015625,
    "epoch81": 26.2709423828125,
    "epoch82": 26.1405322265625,
    "epoch83": 26.06596435546875,
    "epoch84": 26.1840625,
    "epoch85": 26.0354052734375,
    "epoch86": 26.161123046875,
    "epoch87": 26.1838525390625,
    "epoch88": 26.06838134765625,
    "epoch89": 25.9875146484375,
    "epoch90": 25.8483984375,
    "epoch91": 25.73362060546875,
    "epoch92": 26.32492919921875,
    "epoch93": 25.849970703125,
    "epoch94": 25.8048876953125,
    "epoch95": 25.7145703125,
    "epoch96": 25.74224853515625,
    "epoch97": 25.62489013671875,
    "epoch98": 25.81234375,
    "epoch99": 25.628486328125,
    "epoch100": 25.641728515625
}