{
    "epoch1": 49.7529296875,
    "epoch2": 47.91448974609375,
    "epoch3": 46.04579514723558,
    "epoch4": 42.99728158804086,
    "epoch5": 41.00092022235577,
    "epoch6": 38.29048508864183,
    "epoch7": 36.73950899564303,
    "epoch8": 35.22576200045072,
    "epoch9": 33.40138127253606,
    "epoch10": 33.16150841346154,
    "epoch11": 32.415689321664665,
    "epoch12": 31.77557373046875,
    "epoch13": 31.960543118990383,
    "epoch14": 32.19368333082933,
    "epoch15": 30.89128699669471,
    "epoch16": 31.22894756610577,
    "epoch17": 30.393958458533653,
    "epoch18": 30.70917452298678,
    "epoch19": 31.27812077448918,
    "epoch20": 30.35583730844351,
    "epoch21": 30.59620314378005,
    "epoch22": 30.334017240084133,
    "epoch23": 30.04175743689904,
    "epoch24": 29.39050527719351,
    "epoch25": 29.38250497671274,
    "epoch26": 29.38257774939904,
    "epoch27": 29.032740666316105,
    "epoch28": 29.873565673828125,
    "epoch29": 28.73028564453125,
    "epoch30": 28.898533747746395,
    "epoch31": 28.697915884164665,
    "epoch32": 28.590195875901443,
    "epoch33": 28.558673565204327,
    "epoch34": 28.682152381310097,
    "epoch35": 29.14115788386418,
    "epoch36": 28.50159160907452,
    "epoch37": 28.30498563326322,
    "epoch38": 28.521151029146633,
    "epoch39": 28.44237811748798,
    "epoch40": 28.341036283052883,
    "epoch41": 28.96123798076923,
    "epoch42": 28.15522883488582,
    "epoch43": 28.245103102463943,
    "epoch44": 28.213172325721153,
    "epoch45": 27.907327505258415,
    "epoch46": 28.24005361703726,
    "epoch47": 27.983846811147835,
    "epoch48": 27.920553354116585,
    "epoch49": 27.729586087740383,
    "epoch50": 28.40472881610577,
    "epoch51": 27.750896747295673,
    "epoch52": 27.96534846379207,
    "epoch53": 27.618431678185097,
    "epoch54": 27.69075129582332,
    "epoch55": 28.383206881009617,
    "epoch56": 27.56292489858774,
    "epoch57": 27.453096829927883,
    "epoch58": 27.605677678034855,
    "epoch59": 27.45503352238582,
    "epoch60": 27.844332181490383,
    "epoch61": 27.269258939302883,
    "epoch62": 28.063194861778847,
    "epoch63": 27.21502450796274,
    "epoch64": 27.60474102313702,
    "epoch65": 27.159334622896633,
    "epoch66": 27.17646202674279,
    "epoch67": 27.77625685471755,
    "epoch68": 27.272244966947117,
    "epoch69": 26.867647611177883,
    "epoch70": 27.240206204927883,
    "epoch71": 27.82224919245793,
    "epoch72": 27.003392146183895,
    "epoch73": 26.898843618539665,
    "epoch74": 27.193882868840145,
    "epoch75": 26.984220064603367,
    "epoch76": 27.17327880859375,
    "epoch77": 27.1360356257512,
    "epoch78": 26.737567608173077,
    "epoch79": 27.144810603215145,
    "epoch80": 26.63060584435096,
    "epoch81": 26.635523869441105,
    "epoch82": 26.667642446664665,
    "epoch83": 26.83415809044471,
    "epoch84": 26.49360774113582,
    "epoch85": 27.13402616060697,
    "epoch86": 26.679342416616585,
    "epoch87": 27.156996506911057,
    "epoch88": 26.94435237004207,
    "epoch89": 26.324937086838943,
    "epoch90": 26.524193396935097,
    "epoch91": 27.07273747370793,
    "epoch92": 26.12720196063702,
    "epoch93": 26.601416954627403,
    "epoch94": 26.41137930063101,
    "epoch95": 26.060565655048077,
    "epoch96": 26.070035494290867,
    "epoch97": 25.98993389423077,
    "epoch98": 26.3144038273738,
    "epoch99": 26.793597881610577,
    "epoch100": 26.0108149601863
}