{
    "epoch1": 186.19940104166668,
    "epoch2": 161.4848828125,
    "epoch3": 132.98497395833334,
    "epoch4": 108.08358723958334,
    "epoch5": 90.42029947916667,
    "epoch6": 81.52597005208334,
    "epoch7": 77.23309895833333,
    "epoch8": 76.21153645833333,
    "epoch9": 76.37328125,
    "epoch10": 77.38911458333334,
    "epoch11": 78.40077473958333,
    "epoch12": 79.52538411458333,
    "epoch13": 80.03875,
    "epoch14": 80.73794921875,
    "epoch15": 80.80818359375,
    "epoch16": 81.27798177083334,
    "epoch17": 81.75729817708333,
    "epoch18": 81.50993489583334,
    "epoch19": 81.87647135416667,
    "epoch20": 81.836328125,
    "epoch21": 81.80432291666666,
    "epoch22": 81.58856119791666,
    "epoch23": 81.98729166666666,
    "epoch24": 82.07805338541667,
    "epoch25": 81.7468359375,
    "epoch26": 81.52637369791667,
    "epoch27": 81.67350260416667,
    "epoch28": 81.80994791666667,
    "epoch29": 81.74345703125,
    "epoch30": 81.58276041666667
}