{
    "epoch1": 0.04188647986419739,
    "epoch2": 0.03336588389450504,
    "epoch3": 0.02829590692154823,
    "epoch4": 0.02328377373276218,
    "epoch5": 0.01875668601883996,
    "epoch6": 0.014986876082876998,
    "epoch7": 0.012543217294038303,
    "epoch8": 0.010895708515759437,
    "epoch9": 0.009647139333068364,
    "epoch10": 0.008605528953334978,
    "epoch11": 0.007682681384105836,
    "epoch12": 0.00683302742489163,
    "epoch13": 0.0060779378719387515,
    "epoch14": 0.0053550334226700564,
    "epoch15": 0.004687233287240228,
    "epoch16": 0.0041137122166072645,
    "epoch17": 0.003572606834613027,
    "epoch18": 0.00312521182856853,
    "epoch19": 0.002741099507998555,
    "epoch20": 0.00242005567997694,
    "epoch21": 0.002153671947458098,
    "epoch22": 0.0019250877930091755,
    "epoch23": 0.0017397601923514758,
    "epoch24": 0.0015823583216256192,
    "epoch25": 0.0014427752861182295,
    "epoch26": 0.0013354015123519685,
    "epoch27": 0.0012408694958374385,
    "epoch28": 0.0011495352279575122,
    "epoch29": 0.0010750075246417714,
    "epoch30": 0.0010106536116631282
}