{
    "epoch1": 0.07218287938407489,
    "epoch2": 0.04965634165065629,
    "epoch3": 0.047091099832739146,
    "epoch4": 0.044258952140808105,
    "epoch5": 0.041446534384574206,
    "epoch6": 0.03862443592931543,
    "epoch7": 0.03584903398794787,
    "epoch8": 0.03294884067560945,
    "epoch9": 0.03037724324635097,
    "epoch10": 0.028327950409480503,
    "epoch11": 0.02680048213473388,
    "epoch12": 0.025679272998656546,
    "epoch13": 0.025046103900032386,
    "epoch14": 0.02440764249435493,
    "epoch15": 0.023678394965827465,
    "epoch16": 0.023393433408013413,
    "epoch17": 0.0231795928307942,
    "epoch18": 0.0227447830672775,
    "epoch19": 0.022752062417566776,
    "epoch20": 0.02281653056187289,
    "epoch21": 0.022023982368409634,
    "epoch22": 0.021963360586336682,
    "epoch23": 0.02167269880218165,
    "epoch24": 0.021477542950638702,
    "epoch25": 0.02134553183402334,
    "epoch26": 0.021184301003813744,
    "epoch27": 0.020951830249811922,
    "epoch28": 0.020798723745558943,
    "epoch29": 0.020867766945489814,
    "epoch30": 0.020648830171142305,
    "epoch31": 0.020495032093354633,
    "epoch32": 0.020297772783253874,
    "epoch33": 0.020144514606467316,
    "epoch34": 0.020037800472761904,
    "epoch35": 0.01998518713350807,
    "epoch36": 0.019916325541479245,
    "epoch37": 0.019717400893568993,
    "epoch38": 0.01957335096916982,
    "epoch39": 0.01957097210522209,
    "epoch40": 0.019689987413585186,
    "epoch41": 0.019194302814347402,
    "epoch42": 0.019135143208716596,
    "epoch43": 0.019007398879953792,
    "epoch44": 0.018928096363587037,
    "epoch45": 0.01900213903614453,
    "epoch46": 0.018745501791792258,
    "epoch47": 0.018690625737820352,
    "epoch48": 0.018603031390479634,
    "epoch49": 0.018526503151016577,
    "epoch50": 0.018415264253105437,
    "epoch51": 0.018637181924922124,
    "epoch52": 0.018276225243295943,
    "epoch53": 0.018240672536194324,
    "epoch54": 0.01816910465380975,
    "epoch55": 0.018105007308934416,
    "epoch56": 0.017999424998249327,
    "epoch57": 0.01789312344044447,
    "epoch58": 0.01789891440421343,
    "epoch59": 0.017937050866229192,
    "epoch60": 0.017784594824271544,
    "epoch61": 0.017649704590439796,
    "epoch62": 0.01780727439160858,
    "epoch63": 0.017550738528370857,
    "epoch64": 0.01751230550663812,
    "epoch65": 0.01766605888094221,
    "epoch66": 0.017375039468918527,
    "epoch67": 0.01734860161585467,
    "epoch68": 0.017719120452446595,
    "epoch69": 0.017213149794510434,
    "epoch70": 0.017298977689019272,
    "epoch71": 0.017187464317040786,
    "epoch72": 0.01727124024182558,
    "epoch73": 0.017157386589263166,
    "epoch74": 0.017142192726688727,
    "epoch75": 0.01774331301982914,
    "epoch76": 0.01699795507426773,
    "epoch77": 0.016855107487312386,
    "epoch78": 0.016868389876825467,
    "epoch79": 0.016974648061607565,
    "epoch80": 0.017012857166784152,
    "epoch81": 0.016664396040141582,
    "epoch82": 0.01670823179717575,
    "epoch83": 0.01663617284170219,
    "epoch84": 0.016603554199848856,
    "epoch85": 0.01660485871668373,
    "epoch86": 0.016516300583524362,
    "epoch87": 0.016802740283310413,
    "epoch88": 0.016808651121599332,
    "epoch89": 0.016504128330520222,
    "epoch90": 0.016397721001080105,
    "epoch91": 0.016910508408078125,
    "epoch92": 0.016374446584710052,
    "epoch93": 0.016319575453443185,
    "epoch94": 0.0162388804767813,
    "epoch95": 0.016255248737122332,
    "epoch96": 0.01626061767871891,
    "epoch97": 0.016706036536821296,
    "epoch98": 0.016340588884694234,
    "epoch99": 0.016201207281223366,
    "epoch100": 0.01619738606469972
}