{
    "epoch1": 54.409371512276785,
    "epoch2": 47.04990495954241,
    "epoch3": 45.9779052734375,
    "epoch4": 44.611768450055806,
    "epoch5": 43.578765869140625,
    "epoch6": 41.94501168387277,
    "epoch7": 41.00197492327009,
    "epoch8": 39.038661411830354,
    "epoch9": 37.83736310686384,
    "epoch10": 36.6881103515625,
    "epoch11": 34.13209969656808,
    "epoch12": 33.22351292201451,
    "epoch13": 32.164925711495535,
    "epoch14": 31.925349644252233,
    "epoch15": 32.300990513392854,
    "epoch16": 31.730455671037948,
    "epoch17": 31.298507690429688,
    "epoch18": 31.589015415736608,
    "epoch19": 30.775020054408483,
    "epoch20": 30.544701712472097,
    "epoch21": 31.417203630719865,
    "epoch22": 30.738202776227677,
    "epoch23": 31.24062020438058,
    "epoch24": 30.829027448381698,
    "epoch25": 30.436846051897323,
    "epoch26": 30.23000226702009,
    "epoch27": 30.52549307686942,
    "epoch28": 30.366165161132812,
    "epoch29": 29.789289202008927,
    "epoch30": 29.695157732282365,
    "epoch31": 29.708020891462052,
    "epoch32": 29.939647129603795,
    "epoch33": 30.17822265625,
    "epoch34": 29.781029837472097,
    "epoch35": 29.313184465680802,
    "epoch36": 29.153405325753347,
    "epoch37": 29.870019095284597,
    "epoch38": 29.240424019949778,
    "epoch39": 28.85878644670759,
    "epoch40": 28.555982317243302,
    "epoch41": 28.903235299246653,
    "epoch42": 29.005205426897323,
    "epoch43": 28.98783438546317,
    "epoch44": 28.95554460797991,
    "epoch45": 28.227549961635045,
    "epoch46": 28.482894897460938,
    "epoch47": 28.20107160295759,
    "epoch48": 28.567210606166295,
    "epoch49": 28.151395525251115,
    "epoch50": 28.545028686523438,
    "epoch51": 27.527827671595983,
    "epoch52": 28.2589111328125,
    "epoch53": 27.693963187081472,
    "epoch54": 27.749747140066965,
    "epoch55": 27.51070295061384,
    "epoch56": 27.51635960170201,
    "epoch57": 27.496597290039062,
    "epoch58": 28.064134870256698,
    "epoch59": 28.61969212123326,
    "epoch60": 27.21405247279576,
    "epoch61": 27.635670253208705,
    "epoch62": 28.39003426688058,
    "epoch63": 27.550462995256698,
    "epoch64": 27.301239013671875,
    "epoch65": 26.731190272739955,
    "epoch66": 26.95930916922433,
    "epoch67": 26.922197614397323,
    "epoch68": 26.660812377929688,
    "epoch69": 26.700565883091517,
    "epoch70": 27.664666312081472,
    "epoch71": 26.448819841657365,
    "epoch72": 26.353343418666295,
    "epoch73": 27.34834943498884,
    "epoch74": 26.40014430454799,
    "epoch75": 26.36232430594308,
    "epoch76": 26.977587018694198,
    "epoch77": 26.624965122767858,
    "epoch78": 26.858415876116073,
    "epoch79": 26.061632428850448,
    "epoch80": 26.090754917689733,
    "epoch81": 26.368868146623885,
    "epoch82": 26.473909650530135,
    "epoch83": 26.34240940638951,
    "epoch84": 26.227759225027903,
    "epoch85": 26.380196707589285,
    "epoch86": 26.27954319545201,
    "epoch87": 25.758531842912948,
    "epoch88": 25.628644670758927,
    "epoch89": 26.46923828125,
    "epoch90": 25.813988821847097,
    "epoch91": 27.607129778180802,
    "epoch92": 25.60099138532366,
    "epoch93": 26.077192034040177,
    "epoch94": 25.603914533342635,
    "epoch95": 25.953393118722097,
    "epoch96": 25.461924961635045,
    "epoch97": 27.393609183175222,
    "epoch98": 25.221692766462052,
    "epoch99": 26.004993983677455,
    "epoch100": 26.044847760881698
}