{
    "epoch1": 63.3213037109375,
    "epoch2": 54.079951171875,
    "epoch3": 51.9160595703125,
    "epoch4": 49.3980712890625,
    "epoch5": 46.8893408203125,
    "epoch6": 43.5413330078125,
    "epoch7": 40.11387939453125,
    "epoch8": 37.119482421875,
    "epoch9": 34.60091064453125,
    "epoch10": 32.795263671875,
    "epoch11": 31.9564599609375,
    "epoch12": 31.13994140625,
    "epoch13": 30.62710205078125,
    "epoch14": 30.14090576171875,
    "epoch15": 29.97969970703125,
    "epoch16": 29.6387939453125,
    "epoch17": 29.5222998046875,
    "epoch18": 29.19681884765625,
    "epoch19": 28.982880859375,
    "epoch20": 28.8460986328125,
    "epoch21": 28.6434814453125,
    "epoch22": 28.61056396484375,
    "epoch23": 28.5774853515625,
    "epoch24": 28.3200146484375,
    "epoch25": 28.11258056640625,
    "epoch26": 28.0423583984375,
    "epoch27": 27.8473486328125,
    "epoch28": 27.67090576171875,
    "epoch29": 27.5059130859375,
    "epoch30": 27.3716748046875,
    "epoch31": 27.27718017578125,
    "epoch32": 27.13619140625,
    "epoch33": 26.967109375,
    "epoch34": 26.83494384765625,
    "epoch35": 26.89994140625,
    "epoch36": 26.6757763671875,
    "epoch37": 26.36609619140625,
    "epoch38": 26.44762451171875,
    "epoch39": 26.25094482421875,
    "epoch40": 26.17228515625,
    "epoch41": 26.148828125,
    "epoch42": 26.1150537109375,
    "epoch43": 25.84779052734375,
    "epoch44": 25.8874560546875,
    "epoch45": 25.6355078125,
    "epoch46": 25.71691650390625,
    "epoch47": 25.69867431640625,
    "epoch48": 25.61505615234375,
    "epoch49": 25.39422607421875,
    "epoch50": 25.32294677734375,
    "epoch51": 25.3948974609375,
    "epoch52": 25.05439697265625,
    "epoch53": 25.1445849609375,
    "epoch54": 24.89052978515625,
    "epoch55": 24.905244140625,
    "epoch56": 24.7845068359375,
    "epoch57": 24.75657958984375,
    "epoch58": 24.684736328125,
    "epoch59": 24.413076171875,
    "epoch60": 24.4927783203125,
    "epoch61": 24.2960400390625,
    "epoch62": 24.255546875,
    "epoch63": 24.18172119140625,
    "epoch64": 24.2212890625,
    "epoch65": 24.106181640625,
    "epoch66": 24.011787109375,
    "epoch67": 24.032255859375,
    "epoch68": 23.94380615234375,
    "epoch69": 23.8355029296875,
    "epoch70": 23.80821533203125,
    "epoch71": 23.79581298828125,
    "epoch72": 23.79099853515625,
    "epoch73": 23.6799609375,
    "epoch74": 23.63781005859375,
    "epoch75": 23.56100341796875,
    "epoch76": 23.57747314453125,
    "epoch77": 23.8482373046875,
    "epoch78": 23.56523193359375,
    "epoch79": 23.491650390625,
    "epoch80": 23.26379150390625,
    "epoch81": 23.3782666015625,
    "epoch82": 23.13593994140625,
    "epoch83": 23.30576416015625,
    "epoch84": 23.25406005859375,
    "epoch85": 23.2331103515625,
    "epoch86": 23.0775,
    "epoch87": 23.31919921875,
    "epoch88": 23.0540283203125,
    "epoch89": 23.1926953125,
    "epoch90": 22.98078857421875,
    "epoch91": 23.02068115234375,
    "epoch92": 22.93759033203125,
    "epoch93": 23.14075927734375,
    "epoch94": 22.87375,
    "epoch95": 23.06506103515625,
    "epoch96": 22.8975830078125,
    "epoch97": 22.724736328125,
    "epoch98": 22.6827490234375,
    "epoch99": 23.15743408203125,
    "epoch100": 22.677802734375
}