{
    "epoch1": 9.542586623501848e-05,
    "epoch2": 9.3672053051705e-05,
    "epoch3": 9.348997615597909e-05,
    "epoch4": 9.324716685114253e-05,
    "epoch5": 9.298561694413366e-05,
    "epoch6": 9.269101524660073e-05,
    "epoch7": 9.244371061322454e-05,
    "epoch8": 9.222604593560391e-05,
    "epoch9": 9.200764631168568e-05,
    "epoch10": 9.184361866755353e-05,
    "epoch11": 9.163904705565074e-05,
    "epoch12": 9.154772952570056e-05,
    "epoch13": 9.144814623596176e-05,
    "epoch14": 9.122420642961515e-05,
    "epoch15": 9.114780743311713e-05,
    "epoch16": 9.107325439617852e-05,
    "epoch17": 9.09758936122671e-05,
    "epoch18": 9.088796870764781e-05,
    "epoch19": 9.072765427481499e-05,
    "epoch20": 9.064098109865882e-05,
    "epoch21": 9.065136582648847e-05,
    "epoch22": 9.056620825867867e-05,
    "epoch23": 9.050183382441901e-05,
    "epoch24": 9.045520902691351e-05,
    "epoch25": 9.044283016828558e-05,
    "epoch26": 9.038864624289999e-05,
    "epoch27": 9.032190012021601e-05,
    "epoch28": 9.030362709017936e-05,
    "epoch29": 9.025032374665898e-05,
    "epoch30": 9.024434530692815e-05
}