{
    "epoch1": 119.60928974454364,
    "epoch2": 117.87723214285714,
    "epoch3": 117.38658699156746,
    "epoch4": 115.67528521825396,
    "epoch5": 113.71207682291667,
    "epoch6": 111.51473369295636,
    "epoch7": 109.39205109126983,
    "epoch8": 107.5924789186508,
    "epoch9": 105.90029761904762,
    "epoch10": 104.65670727926587,
    "epoch11": 103.3193359375,
    "epoch12": 102.51130022321429,
    "epoch13": 101.63823009672619,
    "epoch14": 100.13302951388889,
    "epoch15": 99.22873263888889,
    "epoch16": 98.43404327876983,
    "epoch17": 97.42055741567461,
    "epoch18": 96.51322234623017,
    "epoch19": 94.53217230902777,
    "epoch20": 93.66482204861111,
    "epoch21": 93.54936290922619,
    "epoch22": 92.61736576140873,
    "epoch23": 92.02873883928571,
    "epoch24": 91.51442367311508,
    "epoch25": 91.17974175347223,
    "epoch26": 90.62072172619048,
    "epoch27": 89.71111576140873,
    "epoch28": 89.34548611111111,
    "epoch29": 88.7229740203373,
    "epoch30": 88.47750806051587
}