{
    "epoch1": 5.6005413149250674e-05,
    "epoch2": 2.8417194132089208e-05,
    "epoch3": 2.730410218009638e-05,
    "epoch4": 2.678746976380353e-05,
    "epoch5": 2.638493654831109e-05,
    "epoch6": 2.600809689374728e-05,
    "epoch7": 2.5760314068065782e-05,
    "epoch8": 2.5576205082415982e-05,
    "epoch9": 2.5443234456133724e-05,
    "epoch10": 2.5356611011147835e-05,
    "epoch11": 2.528034201600349e-05,
    "epoch12": 2.521337488519748e-05,
    "epoch13": 2.5161730484796863e-05,
    "epoch14": 2.5117439191490122e-05,
    "epoch15": 2.508587649163019e-05,
    "epoch16": 2.513071854195914e-05,
    "epoch17": 2.501085249832613e-05,
    "epoch18": 2.4972317684841982e-05,
    "epoch19": 2.4947479717639e-05,
    "epoch20": 2.4924056085410483e-05,
    "epoch21": 2.4898162017507274e-05,
    "epoch22": 2.4870483548056655e-05,
    "epoch23": 2.4845005389124707e-05,
    "epoch24": 2.4823615910690934e-05,
    "epoch25": 2.4814890391326116e-05,
    "epoch26": 2.4790147207340852e-05,
    "epoch27": 2.477806287106432e-05,
    "epoch28": 2.475913989860601e-05,
    "epoch29": 2.4745672360040773e-05,
    "epoch30": 2.4734897583584824e-05
}