{
    "epoch1": 0.06751955415193851,
    "epoch2": 0.03602254677277345,
    "epoch3": 0.033015363778059297,
    "epoch4": 0.03065108909056737,
    "epoch5": 0.028280765391313113,
    "epoch6": 0.025762396219831247,
    "epoch7": 0.023036444631333534,
    "epoch8": 0.020457806853720777,
    "epoch9": 0.01822129379098232,
    "epoch10": 0.016262927665733375,
    "epoch11": 0.014846583183568258,
    "epoch12": 0.013886251486837864,
    "epoch13": 0.013201111641067725,
    "epoch14": 0.012896459513845352,
    "epoch15": 0.012713389829374276,
    "epoch16": 0.012547976874674741,
    "epoch17": 0.01244112139997574,
    "epoch18": 0.012392505143697444,
    "epoch19": 0.012212873436510563,
    "epoch20": 0.01210353347974328,
    "epoch21": 0.012032562759346686,
    "epoch22": 0.011959957460371347,
    "epoch23": 0.01197917702106329,
    "epoch24": 0.011722428867450127,
    "epoch25": 0.011678223283245014,
    "epoch26": 0.01157552469521761,
    "epoch27": 0.011960542080207514,
    "epoch28": 0.011431470477523712,
    "epoch29": 0.01135471398727252,
    "epoch30": 0.011282786118009916,
    "epoch31": 0.011253641166079503,
    "epoch32": 0.011262049540304221,
    "epoch33": 0.011073003594691936,
    "epoch34": 0.01103888674137684,
    "epoch35": 0.010976832180928726,
    "epoch36": 0.010879763258764377,
    "epoch37": 0.010830591002909036,
    "epoch38": 0.01083562129105513,
    "epoch39": 0.010722631946779214,
    "epoch40": 0.010705337286568604,
    "epoch41": 0.010602571858236423,
    "epoch42": 0.010549752937199978,
    "epoch43": 0.01051559209680328,
    "epoch44": 0.010453765388005055,
    "epoch45": 0.010356687689916445,
    "epoch46": 0.010396782487917405,
    "epoch47": 0.010411308684314672,
    "epoch48": 0.010246019882078353,
    "epoch49": 0.010173517028586222,
    "epoch50": 0.010159463693316165,
    "epoch51": 0.010085180437622162,
    "epoch52": 0.010077659040689468,
    "epoch53": 0.010010767190788802,
    "epoch54": 0.009936832607938694,
    "epoch55": 0.00989895947993948,
    "epoch56": 0.009901749399992136,
    "epoch57": 0.009858236110840853,
    "epoch58": 0.00979482733572905,
    "epoch59": 0.009779893470784793,
    "epoch60": 0.009706587566492649,
    "epoch61": 0.009767173932721982,
    "epoch62": 0.009620529527847584,
    "epoch63": 0.009605057501735596,
    "epoch64": 0.00957847755545607,
    "epoch65": 0.009574615790580328,
    "epoch66": 0.00960405607922719,
    "epoch67": 0.009492978274535675,
    "epoch68": 0.009407252395668855,
    "epoch69": 0.009414662714474477,
    "epoch70": 0.009408820850344805,
    "epoch71": 0.009353228916342441,
    "epoch72": 0.009323213786746446,
    "epoch73": 0.009279939919137038,
    "epoch74": 0.009295508444595795,
    "epoch75": 0.009424706634420615,
    "epoch76": 0.009151858385079183,
    "epoch77": 0.009231203164045628,
    "epoch78": 0.009127597575290846,
    "epoch79": 0.009083794931379648,
    "epoch80": 0.00913488961612949,
    "epoch81": 0.009059342125860544,
    "epoch82": 0.00902157799842266,
    "epoch83": 0.009019272401928902,
    "epoch84": 0.009097534858693298,
    "epoch85": 0.009021167535907947,
    "epoch86": 0.00890574765463288,
    "epoch87": 0.009027330724235911,
    "epoch88": 0.008925824318654262,
    "epoch89": 0.008856432010921149,
    "epoch90": 0.008845435527081672,
    "epoch91": 0.008858234191743227,
    "epoch92": 0.008794775984894771,
    "epoch93": 0.00884703267365694,
    "epoch94": 0.008758499466169339,
    "epoch95": 0.008719198799763735,
    "epoch96": 0.008905122432714472,
    "epoch97": 0.008691436933496824,
    "epoch98": 0.008707261698033947,
    "epoch99": 0.0087176958242288,
    "epoch100": 0.008620365343701381
}