{
    "epoch1": 74.1287372295673,
    "epoch2": 50.83618633563702,
    "epoch3": 50.41943828876202,
    "epoch4": 49.01059194711539,
    "epoch5": 47.72939828725961,
    "epoch6": 46.15263484074519,
    "epoch7": 43.80120380108173,
    "epoch8": 41.58497032752404,
    "epoch9": 38.79703228290264,
    "epoch10": 37.07136653019832,
    "epoch11": 34.432483379657455,
    "epoch12": 32.23392427884615,
    "epoch13": 31.798501821664665,
    "epoch14": 30.63286414513221,
    "epoch15": 30.70539973332332,
    "epoch16": 30.00428419846755,
    "epoch17": 29.52576857346755,
    "epoch18": 29.11590106670673,
    "epoch19": 28.94935021033654,
    "epoch20": 29.07471642127404,
    "epoch21": 28.55060753455529,
    "epoch22": 29.25501662034255,
    "epoch23": 27.956092247596153,
    "epoch24": 28.546724759615383,
    "epoch25": 28.02510188176082,
    "epoch26": 28.237145057091347,
    "epoch27": 27.776770958533653,
    "epoch28": 27.63511540339543,
    "epoch29": 27.902991661658653,
    "epoch30": 27.553926908052883,
    "epoch31": 28.19287813626803,
    "epoch32": 27.05645517202524,
    "epoch33": 27.636380709134617,
    "epoch34": 27.154926006610577,
    "epoch35": 26.929232083834133,
    "epoch36": 27.124424861027645,
    "epoch37": 27.113525390625,
    "epoch38": 26.577366755558895,
    "epoch39": 26.725487342247597,
    "epoch40": 26.349994365985577,
    "epoch41": 26.57207782451923,
    "epoch42": 26.773606520432693,
    "epoch43": 26.56226524939904,
    "epoch44": 26.75665048452524,
    "epoch45": 26.183246319110577,
    "epoch46": 25.93243173452524,
    "epoch47": 25.64668391301082,
    "epoch48": 26.177957388070915,
    "epoch49": 26.094142033503605,
    "epoch50": 26.47973867563101,
    "epoch51": 25.834129920372597,
    "epoch52": 26.34191659780649,
    "epoch53": 25.78600839468149,
    "epoch54": 25.608074481670673,
    "epoch55": 25.53479473407452,
    "epoch56": 25.91136521559495,
    "epoch57": 25.616502028245193,
    "epoch58": 25.440509502704327,
    "epoch59": 25.110431377704327,
    "epoch60": 25.081810584435097,
    "epoch61": 24.617948091947117,
    "epoch62": 24.743300217848557,
    "epoch63": 25.26676823542668,
    "epoch64": 24.62401169996995,
    "epoch65": 24.414956899789665,
    "epoch66": 24.449049729567307,
    "epoch67": 25.17096651517428,
    "epoch68": 24.5582768366887,
    "epoch69": 24.25913884089543,
    "epoch70": 25.134378286508415,
    "epoch71": 24.58374258188101,
    "epoch72": 24.10712139423077,
    "epoch73": 24.7877197265625,
    "epoch74": 24.993387075570915,
    "epoch75": 24.093423696664665,
    "epoch76": 24.066115159254807,
    "epoch77": 24.91972233698918,
    "epoch78": 24.61381413386418,
    "epoch79": 23.90564199594351,
    "epoch80": 23.752291165865383,
    "epoch81": 23.9847412109375,
    "epoch82": 23.85094510591947,
    "epoch83": 24.484898493840145,
    "epoch84": 23.86011915940505,
    "epoch85": 24.602762075570915,
    "epoch86": 23.86938007061298,
    "epoch87": 23.509413499098557,
    "epoch88": 23.50115497295673,
    "epoch89": 23.57628690279447,
    "epoch90": 23.798095703125,
    "epoch91": 24.055396446814903,
    "epoch92": 23.676795372596153,
    "epoch93": 24.145298884465145,
    "epoch94": 23.63336651141827,
    "epoch95": 23.52509483924279,
    "epoch96": 23.461139385516827,
    "epoch97": 23.580780029296875,
    "epoch98": 23.319610595703125,
    "epoch99": 23.88983154296875,
    "epoch100": 23.477435772235577
}