{
    "epoch1": 149.82466796875,
    "epoch2": 59.658046875,
    "epoch3": 52.7328857421875,
    "epoch4": 51.4116748046875,
    "epoch5": 49.8719677734375,
    "epoch6": 48.192021484375,
    "epoch7": 46.04955078125,
    "epoch8": 43.7925390625,
    "epoch9": 41.1507275390625,
    "epoch10": 38.582138671875,
    "epoch11": 36.17240478515625,
    "epoch12": 34.2256005859375,
    "epoch13": 32.3582666015625,
    "epoch14": 31.46593994140625,
    "epoch15": 30.79612060546875,
    "epoch16": 30.479697265625,
    "epoch17": 30.0823974609375,
    "epoch18": 29.8266064453125,
    "epoch19": 29.52911865234375,
    "epoch20": 29.34913818359375,
    "epoch21": 29.23734619140625,
    "epoch22": 28.90417724609375,
    "epoch23": 29.13278076171875,
    "epoch24": 28.6953759765625,
    "epoch25": 28.60379638671875,
    "epoch26": 28.56979248046875,
    "epoch27": 28.53603759765625,
    "epoch28": 28.05453369140625,
    "epoch29": 28.1286376953125,
    "epoch30": 27.9223046875,
    "epoch31": 27.78943603515625,
    "epoch32": 27.7440185546875,
    "epoch33": 27.5144384765625,
    "epoch34": 27.536376953125,
    "epoch35": 27.339150390625,
    "epoch36": 27.1353662109375,
    "epoch37": 27.08028076171875,
    "epoch38": 27.02494873046875,
    "epoch39": 27.14593017578125,
    "epoch40": 26.695263671875,
    "epoch41": 26.51138427734375,
    "epoch42": 26.52788818359375,
    "epoch43": 26.38611083984375,
    "epoch44": 26.17670654296875,
    "epoch45": 26.09917724609375,
    "epoch46": 26.11913330078125,
    "epoch47": 25.9226904296875,
    "epoch48": 25.972060546875,
    "epoch49": 25.6980712890625,
    "epoch50": 25.61419921875,
    "epoch51": 25.51680908203125,
    "epoch52": 25.36159423828125,
    "epoch53": 25.43533203125,
    "epoch54": 25.18967041015625,
    "epoch55": 25.14750732421875,
    "epoch56": 25.236357421875,
    "epoch57": 25.045205078125,
    "epoch58": 25.062646484375,
    "epoch59": 24.88813720703125,
    "epoch60": 24.69759765625,
    "epoch61": 24.64996337890625,
    "epoch62": 24.5700341796875,
    "epoch63": 24.35104736328125,
    "epoch64": 24.601845703125,
    "epoch65": 24.20012451171875,
    "epoch66": 24.28831298828125,
    "epoch67": 24.28951416015625,
    "epoch68": 24.2612255859375,
    "epoch69": 24.15302734375,
    "epoch70": 23.98803955078125,
    "epoch71": 23.92847412109375,
    "epoch72": 23.88532958984375,
    "epoch73": 23.7919287109375,
    "epoch74": 24.0516259765625,
    "epoch75": 23.8763232421875,
    "epoch76": 23.70731201171875,
    "epoch77": 23.6161083984375,
    "epoch78": 23.69572509765625,
    "epoch79": 23.71135986328125,
    "epoch80": 23.54681884765625,
    "epoch81": 23.7629638671875,
    "epoch82": 23.387470703125,
    "epoch83": 23.35412109375,
    "epoch84": 23.5349072265625,
    "epoch85": 23.39269775390625,
    "epoch86": 23.2227392578125,
    "epoch87": 23.2582568359375,
    "epoch88": 23.18655029296875,
    "epoch89": 23.190283203125,
    "epoch90": 23.1223974609375,
    "epoch91": 23.02631103515625,
    "epoch92": 23.04735595703125,
    "epoch93": 23.305693359375,
    "epoch94": 22.922080078125,
    "epoch95": 22.92032470703125,
    "epoch96": 22.927490234375,
    "epoch97": 22.81865966796875,
    "epoch98": 22.73365234375,
    "epoch99": 22.8498095703125,
    "epoch100": 22.8922314453125
}