{
    "epoch1": 0.0006371140107512474,
    "epoch2": 0.0005501259475325544,
    "epoch3": 0.00047287877028187115,
    "epoch4": 0.0004042658396065235,
    "epoch5": 0.000344078098423779,
    "epoch6": 0.00029220811751050254,
    "epoch7": 0.00024799556956471255,
    "epoch8": 0.0002107986571112027,
    "epoch9": 0.0001800271364239355,
    "epoch10": 0.00015519363437003144,
    "epoch11": 0.00013581178262635755,
    "epoch12": 0.00012092223012587055,
    "epoch13": 0.00011001101990890069,
    "epoch14": 0.00010211269371211529,
    "epoch15": 9.664590109120279e-05,
    "epoch16": 9.305816854369672e-05,
    "epoch17": 9.06570494165256e-05,
    "epoch18": 8.906458902250354e-05,
    "epoch19": 8.807226903930617e-05,
    "epoch20": 8.733420227751291e-05,
    "epoch21": 8.678738774809365e-05,
    "epoch22": 8.634734622319229e-05,
    "epoch23": 8.597377260836463e-05,
    "epoch24": 8.562779864102291e-05,
    "epoch25": 8.532375288874997e-05,
    "epoch26": 8.50115201077036e-05,
    "epoch27": 8.472681336570532e-05,
    "epoch28": 8.446155969674388e-05,
    "epoch29": 8.420701403035006e-05,
    "epoch30": 8.396473315466816e-05
}