{
    "epoch1": 0.05565124377608299,
    "epoch2": 0.049912123856219376,
    "epoch3": 0.04465989429842342,
    "epoch4": 0.03887459161606702,
    "epoch5": 0.03284939920360392,
    "epoch6": 0.027690387415614994,
    "epoch7": 0.024137088351628998,
    "epoch8": 0.02243099564855749,
    "epoch9": 0.021229523826729168,
    "epoch10": 0.020777039568532597,
    "epoch11": 0.02085113508457487,
    "epoch12": 0.019682396372610874,
    "epoch13": 0.01943527830933983,
    "epoch14": 0.01914436217736114,
    "epoch15": 0.018622717650776558,
    "epoch16": 0.01859731828285889,
    "epoch17": 0.018158183941109615,
    "epoch18": 0.017926300621845505,
    "epoch19": 0.01807067331603982,
    "epoch20": 0.018054251728410072,
    "epoch21": 0.01750035575506362,
    "epoch22": 0.017383317463099957,
    "epoch23": 0.017418027855455875,
    "epoch24": 0.0170793892307715,
    "epoch25": 0.017510335977104576,
    "epoch26": 0.01696218888867985,
    "epoch27": 0.016852325421165337,
    "epoch28": 0.01676620619202202,
    "epoch29": 0.01661608579822562,
    "epoch30": 0.01672212491658601,
    "epoch31": 0.01660063634203239,
    "epoch32": 0.016883769326589325,
    "epoch33": 0.01641418005932461,
    "epoch34": 0.01640640114518729,
    "epoch35": 0.016285810873589733,
    "epoch36": 0.016212860884314232,
    "epoch37": 0.016164937056601048,
    "epoch38": 0.01668048616160046,
    "epoch39": 0.01610407961363142,
    "epoch40": 0.016465431333265522,
    "epoch41": 0.01600269287485968,
    "epoch42": 0.015943354334343563,
    "epoch43": 0.016267914409664543,
    "epoch44": 0.015797342935746365,
    "epoch45": 0.015934221954508263,
    "epoch46": 0.015814965844831684,
    "epoch47": 0.015952483581548386,
    "epoch48": 0.015666892582719975,
    "epoch49": 0.015623254532163794,
    "epoch50": 0.015524161386896263,
    "epoch51": 0.015586084262891249,
    "epoch52": 0.015673032961785793,
    "epoch53": 0.015648143111982128,
    "epoch54": 0.01591090095991438,
    "epoch55": 0.015547616915269331,
    "epoch56": 0.01543358408591964,
    "epoch57": 0.015401454134420916,
    "epoch58": 0.015451806174083189,
    "epoch59": 0.015271864662116224,
    "epoch60": 0.015541127798232164,
    "epoch61": 0.015388742681931366,
    "epoch62": 0.015288159928538582,
    "epoch63": 0.015354985794560476,
    "epoch64": 0.015279094857925718,
    "epoch65": 0.015220011415129358,
    "epoch66": 0.015515621412884106,
    "epoch67": 0.015126511793244968,
    "epoch68": 0.015403492376208305,
    "epoch69": 0.015678284435786984,
    "epoch70": 0.015246896835213358,
    "epoch71": 0.015104553238912062,
    "epoch72": 0.015156429006972096,
    "epoch73": 0.015229620124128733,
    "epoch74": 0.015082534741271626,
    "epoch75": 0.014920237558809194,
    "epoch76": 0.01498212114992467,
    "epoch77": 0.015043164434080774,
    "epoch78": 0.014914077452637932,
    "epoch79": 0.014889359558847818,
    "epoch80": 0.015031277625398203,
    "epoch81": 0.01480750214647163,
    "epoch82": 0.014783833345228975,
    "epoch83": 0.014834147962656889,
    "epoch84": 0.01501204598356377,
    "epoch85": 0.014868284321644089,
    "epoch86": 0.014851374636319551,
    "epoch87": 0.014909729192202742,
    "epoch88": 0.014875973744148558,
    "epoch89": 0.015023685653101315,
    "epoch90": 0.015174276449463585,
    "epoch91": 0.014800862663171509,
    "epoch92": 0.014671842567622662,
    "epoch93": 0.014676190912723541,
    "epoch94": 0.01467666673389348,
    "epoch95": 0.014649776149202477,
    "epoch96": 0.01464890002865683,
    "epoch97": 0.015012119473381475,
    "epoch98": 0.014629721641540527,
    "epoch99": 0.014746104113080284,
    "epoch100": 0.014811805195429108
}