{
    "epoch1": 0.03988920090099176,
    "epoch2": 0.028554814060529073,
    "epoch3": 0.022079071154197057,
    "epoch4": 0.01702661005159219,
    "epoch5": 0.01346560704211394,
    "epoch6": 0.011052829151352247,
    "epoch7": 0.00940688643604517,
    "epoch8": 0.008131213641415039,
    "epoch9": 0.007091842902203401,
    "epoch10": 0.006208914145827293,
    "epoch11": 0.005466351316620906,
    "epoch12": 0.004815396030123035,
    "epoch13": 0.0042691426972548165,
    "epoch14": 0.0038271757463614144,
    "epoch15": 0.003339577668036024,
    "epoch16": 0.002949184039607644,
    "epoch17": 0.002625540007526676,
    "epoch18": 0.002310003029803435,
    "epoch19": 0.0020352945119763415,
    "epoch20": 0.0018046629149466753,
    "epoch21": 0.0016438752606821557,
    "epoch22": 0.0014307123802912733,
    "epoch23": 0.0012763108980531493,
    "epoch24": 0.0011494614843589564,
    "epoch25": 0.0010469930556913217,
    "epoch26": 0.0009575315673525135,
    "epoch27": 0.0008607377259371181,
    "epoch28": 0.0007952248114937295,
    "epoch29": 0.0007310064179667582,
    "epoch30": 0.0006778456018461536
}