{
    "epoch1": 6220.954637096775,
    "epoch2": 5163.453125,
    "epoch3": 4860.714717741936,
    "epoch4": 4461.162298387097,
    "epoch5": 4122.243951612903,
    "epoch6": 3977.7608366935483,
    "epoch7": 3858.157762096774,
    "epoch8": 3748.826108870968,
    "epoch9": 3640.2590725806454,
    "epoch10": 3480.2268145161293,
    "epoch11": 3329.131804435484,
    "epoch12": 3231.7001008064517,
    "epoch13": 3109.5365423387098,
    "epoch14": 3028.1764112903224,
    "epoch15": 2990.7981350806454,
    "epoch16": 2892.927671370968,
    "epoch17": 2800.5055443548385,
    "epoch18": 2718.5584677419356,
    "epoch19": 2640.546370967742,
    "epoch20": 2545.890120967742,
    "epoch21": 2474.9226310483873,
    "epoch22": 2396.0272177419356,
    "epoch23": 2328.8311491935483,
    "epoch24": 2259.040070564516,
    "epoch25": 2229.7116935483873,
    "epoch26": 2153.3931451612902,
    "epoch27": 2102.431577620968,
    "epoch28": 2050.378402217742,
    "epoch29": 2041.785408266129,
    "epoch30": 1991.9227570564517
}