{
    "epoch1": 3.751575200779674e-05,
    "epoch2": 9.741058061384441e-06,
    "epoch3": 7.282368636272925e-06,
    "epoch4": 6.758276550802596e-06,
    "epoch5": 6.308033131062984e-06,
    "epoch6": 5.940319423946979e-06,
    "epoch7": 5.638269846106899e-06,
    "epoch8": 5.3928114833373306e-06,
    "epoch9": 5.218573504256104e-06,
    "epoch10": 5.086271460337836e-06,
    "epoch11": 5.026051595450554e-06,
    "epoch12": 4.9069049212751755e-06,
    "epoch13": 4.85421784499825e-06,
    "epoch14": 4.811249818582534e-06,
    "epoch15": 4.802107343039097e-06,
    "epoch16": 4.793881046377161e-06,
    "epoch17": 4.718772410342353e-06,
    "epoch18": 4.679108742493554e-06,
    "epoch19": 4.665090175270355e-06,
    "epoch20": 4.652120703364441e-06,
    "epoch21": 4.623362543194768e-06,
    "epoch22": 4.634828366458047e-06,
    "epoch23": 4.63220092691093e-06,
    "epoch24": 4.595747288324977e-06,
    "epoch25": 4.5878225773776645e-06,
    "epoch26": 4.586175792610447e-06,
    "epoch27": 4.558526589183506e-06,
    "epoch28": 4.548335934638695e-06,
    "epoch29": 4.540274449785405e-06,
    "epoch30": 4.535073306366636e-06
}