{
    "epoch0": {
        "layer1": {
            "max_length": 1.2173678874969482,
            "mean_length": 0.9275224889167631,
            "median_length": 0.9327887892723083,
            "stdev_length": 0.14526292341210287,
            "sum_length": 91.82472640275955,
            "ratio_2_1": 2.393223422055043,
            "ratio_3_1": 2.3777501588597616,
            "h": 4.582326195033787,
            "normh": 1.0138155350607634,
            "snr": Infinity,
            "mean_birth": 0.0,
            "stdev_birth": 0.0,
            "mean_death": 0.9275224889167631,
            "stdev_death": 0.14526292341210287
        },
        "layer2": {
            "max_length": 0.4738157093524933,
            "mean_length": 0.36234852716778265,
            "median_length": 0.3684108257293701,
            "stdev_length": 0.0504902705356926,
            "sum_length": 35.87250418961048,
            "ratio_2_1": 2.3224266617464497,
            "ratio_3_1": 2.295508469132341,
            "h": 4.585069325875965,
            "normh": 1.280755960089541,
            "snr": Infinity,
            "mean_birth": 0.0,
            "stdev_birth": 0.0,
            "mean_death": 0.36234852716778265,
            "stdev_death": 0.0504902705356926
        },
        "layer3": {
            "max_length": 0.18799829483032227,
            "mean_length": 0.13921337228531788,
            "median_length": 0.14022505283355713,
            "stdev_length": 0.021341954003773377,
            "sum_length": 13.782123856246471,
            "ratio_2_1": 2.3155654745297256,
            "ratio_3_1": 2.2438123763744544,
            "h": 4.58314029146866,
            "normh": 1.747041452033866,
            "snr": Infinity,
            "mean_birth": 0.0,
            "stdev_birth": 0.0,
            "mean_death": 0.13921337228531788,
            "stdev_death": 0.021341954003773377
        },
        "layer4": {
            "max_length": 0.0056085288524627686,
            "mean_length": 0.000369981759124332,
            "median_length": 0.00019929558038711548,
            "stdev_length": 0.0006551041206304158,
            "sum_length": 0.03662819415330887,
            "ratio_2_1": 1806.2292993630574,
            "ratio_3_1": 1524.2038216560509,
            "h": 3.846145769577519,
            "normh": -1.163053836830332,
            "snr": Infinity,
            "mean_birth": 0.0,
            "stdev_birth": 0.0,
            "mean_death": 0.000369981759124332,
            "stdev_death": 0.0006551041206304158
        }
    }
}