{
    "epoch0": {
        "layer1": {
            "max_length": 2.198018789291382,
            "mean_length": 1.4610345050542042,
            "median_length": 1.4809033870697021,
            "stdev_length": 0.2354651208329599,
            "sum_length": 144.6424160003662,
            "ratio_2_1": 2.416642454927636,
            "ratio_3_1": 2.2673585325688324,
            "h": 4.581899836160022,
            "normh": 0.9211210509623852,
            "snr": Infinity,
            "mean_birth": 0.0,
            "stdev_birth": 0.0,
            "mean_death": 1.4610345050542042,
            "stdev_death": 0.2354651208329599
        },
        "layer2": {
            "max_length": 0.7795658111572266,
            "mean_length": 0.5716861360000841,
            "median_length": 0.5765672922134399,
            "stdev_length": 0.08755691871164187,
            "sum_length": 56.59692746400833,
            "ratio_2_1": 2.254407594843926,
            "ratio_3_1": 2.2213993359742075,
            "h": 4.583147434656337,
            "normh": 1.135579503950393,
            "snr": Infinity,
            "mean_birth": 0.0,
            "stdev_birth": 0.0,
            "mean_death": 0.5716861360000841,
            "stdev_death": 0.08755691871164187
        },
        "layer3": {
            "max_length": 0.284135103225708,
            "mean_length": 0.2140796362149595,
            "median_length": 0.21529804170131683,
            "stdev_length": 0.0316501902260816,
            "sum_length": 21.19388398528099,
            "ratio_2_1": 2.0939008737682276,
            "ratio_3_1": 2.081905236778229,
            "h": 4.583999358748544,
            "normh": 1.5011233491651075,
            "snr": Infinity,
            "mean_birth": 0.0,
            "stdev_birth": 0.0,
            "mean_death": 0.2140796362149595,
            "stdev_death": 0.0316501902260816
        },
        "layer4": {
            "max_length": 0.00806429423391819,
            "mean_length": 0.0003442544715874123,
            "median_length": 0.0001848265528678894,
            "stdev_length": 0.000833743070803299,
            "sum_length": 0.034081192687153816,
            "ratio_2_1": 1380.693442622951,
            "ratio_3_1": 1150.988524590164,
            "h": 3.6682709607652115,
            "normh": -1.0856053742646512,
            "snr": Infinity,
            "mean_birth": 0.0,
            "stdev_birth": 0.0,
            "mean_death": 0.0003442544715874123,
            "stdev_death": 0.000833743070803299
        }
    }
}