{
    "epoch1": {
        "layer1": {
            "max_length": 5.998112201690674,
            "mean_length": 3.8230845807778713,
            "median_length": 3.9446113109588623,
            "stdev_length": 0.979345491080638,
            "sum_length": 378.4853734970093,
            "ratio_2_1": 4.440856052927322,
            "ratio_3_1": 4.306182048581119,
            "h": 4.560168089996123,
            "normh": 0.7681994254209097,
            "snr": Infinity,
            "mean_birth": 0.0,
            "stdev_birth": 0.0,
            "mean_death": 3.8230845807778713,
            "stdev_death": 0.979345491080638
        },
        "layer2": {
            "max_length": 7.718130588531494,
            "mean_length": 4.08413739637895,
            "median_length": 4.164745330810547,
            "stdev_length": 1.323974514471183,
            "sum_length": 404.3296022415161,
            "ratio_2_1": 6.366861249332208,
            "ratio_3_1": 6.08911305974916,
            "h": 4.540817174131466,
            "normh": 0.7565216389939202,
            "snr": Infinity,
            "mean_birth": 0.0,
            "stdev_birth": 0.0,
            "mean_death": 4.08413739637895,
            "stdev_death": 1.323974514471183
        },
        "layer3": {
            "max_length": 4.622079849243164,
            "mean_length": 2.240016665723589,
            "median_length": 2.287428855895996,
            "stdev_length": 0.812118615779905,
            "sum_length": 221.76164990663528,
            "ratio_2_1": 9.835938931232665,
            "ratio_3_1": 8.835975677299238,
            "h": 4.52727555928335,
            "normh": 0.8381355365268183,
            "snr": Infinity,
            "mean_birth": 0.0,
            "stdev_birth": 0.0,
            "mean_death": 2.240016665723589,
            "stdev_death": 0.812118615779905
        }
    },
    "epoch2": {
        "layer1": {
            "max_length": 6.801064968109131,
            "mean_length": 4.166742972653322,
            "median_length": 4.238676071166992,
            "stdev_length": 1.1084959193074995,
            "sum_length": 412.50755429267883,
            "ratio_2_1": 4.394283745567821,
            "ratio_3_1": 4.176295041542454,
            "h": 4.557765972778875,
            "normh": 0.7568205492421655,
            "snr": Infinity,
            "mean_birth": 0.0,
            "stdev_birth": 0.0,
            "mean_death": 4.166742972653322,
            "stdev_death": 1.1084959193074995
        },
        "layer2": {
            "max_length": 10.525591850280762,
            "mean_length": 5.3274556145523535,
            "median_length": 5.424656867980957,
            "stdev_length": 1.7896807054058865,
            "sum_length": 527.418105840683,
            "ratio_2_1": 5.951317112663386,
            "ratio_3_1": 5.925621688913252,
            "h": 4.537122300470206,
            "normh": 0.7238556047324519,
            "snr": Infinity,
            "mean_birth": 0.0,
            "stdev_birth": 0.0,
            "mean_death": 5.3274556145523535,
            "stdev_death": 1.7896807054058865
        },
        "layer3": {
            "max_length": 6.970138072967529,
            "mean_length": 3.3747600130360538,
            "median_length": 3.4257497787475586,
            "stdev_length": 1.21376883367405,
            "sum_length": 334.1012412905693,
            "ratio_2_1": 8.172621288448727,
            "ratio_3_1": 7.075494539520622,
            "h": 4.527924705017296,
            "normh": 0.7791393420672723,
            "snr": Infinity,
            "mean_birth": 0.0,
            "stdev_birth": 0.0,
            "mean_death": 3.3747600130360538,
            "stdev_death": 1.21376883367405
        }
    },
    "epoch3": {
        "layer1": {
            "max_length": 7.028853416442871,
            "mean_length": 4.282370998401834,
            "median_length": 4.357001781463623,
            "stdev_length": 1.160469889846733,
            "sum_length": 423.9547288417816,
            "ratio_2_1": 4.329816208795487,
            "ratio_3_1": 4.254944646873057,
            "h": 4.556560225476113,
            "normh": 0.7531969273571447,
            "snr": Infinity,
            "mean_birth": 0.0,
            "stdev_birth": 0.0,
            "mean_death": 4.282370998401834,
            "stdev_death": 1.160469889846733
        },
        "layer2": {
            "max_length": 11.422563552856445,
            "mean_length": 5.8383120190013535,
            "median_length": 5.890442848205566,
            "stdev_length": 1.9981390665350374,
            "sum_length": 577.992889881134,
            "ratio_2_1": 5.675880292017856,
            "ratio_3_1": 5.432707933796394,
            "h": 4.535407924327798,
            "normh": 0.713163616122603,
            "snr": Infinity,
            "mean_birth": 0.0,
            "stdev_birth": 0.0,
            "mean_death": 5.8383120190013535,
            "stdev_death": 1.9981390665350374
        },
        "layer3": {
            "max_length": 7.999778747558594,
            "mean_length": 3.878436166830737,
            "median_length": 3.8585636615753174,
            "stdev_length": 1.397656773574014,
            "sum_length": 383.965180516243,
            "ratio_2_1": 6.455583217444081,
            "ratio_3_1": 6.289152481844017,
            "h": 4.528114020408625,
            "normh": 0.7609569863854524,
            "snr": Infinity,
            "mean_birth": 0.0,
            "stdev_birth": 0.0,
            "mean_death": 3.878436166830737,
            "stdev_death": 1.397656773574014
        }
    },
    "epoch4": {
        "layer1": {
            "max_length": 7.095430374145508,
            "mean_length": 4.317762401368883,
            "median_length": 4.407266139984131,
            "stdev_length": 1.174686020872646,
            "sum_length": 427.4584777355194,
            "ratio_2_1": 4.252302196812522,
            "ratio_3_1": 4.1514014531221015,
            "h": 4.55628107407138,
            "normh": 0.7521275191992461,
            "snr": Infinity,
            "mean_birth": 0.0,
            "stdev_birth": 0.0,
            "mean_death": 4.317762401368883,
            "stdev_death": 1.174686020872646
        },
        "layer2": {
            "max_length": 11.852471351623535,
            "mean_length": 6.0677446379806055,
            "median_length": 6.076997756958008,
            "stdev_length": 2.0707875712432458,
            "sum_length": 600.70671916008,
            "ratio_2_1": 5.37140501398394,
            "ratio_3_1": 5.251898259462458,
            "h": 4.535950640759911,
            "normh": 0.7089520014536816,
            "snr": Infinity,
            "mean_birth": 0.0,
            "stdev_birth": 0.0,
            "mean_death": 6.0677446379806055,
            "stdev_death": 2.0707875712432458
        },
        "layer3": {
            "max_length": 8.658517837524414,
            "mean_length": 4.159289944051492,
            "median_length": 4.180854320526123,
            "stdev_length": 1.5007652438004118,
            "sum_length": 411.7697044610977,
            "ratio_2_1": 5.980282346205393,
            "ratio_3_1": 5.400779390035203,
            "h": 4.528346497872079,
            "normh": 0.752159024604272,
            "snr": Infinity,
            "mean_birth": 0.0,
            "stdev_birth": 0.0,
            "mean_death": 4.159289944051492,
            "stdev_death": 1.5007652438004118
        }
    },
    "epoch5": {
        "layer1": {
            "max_length": 7.089810848236084,
            "mean_length": 4.324575927522448,
            "median_length": 4.457322120666504,
            "stdev_length": 1.1768448360721508,
            "sum_length": 428.1330168247223,
            "ratio_2_1": 4.226404177158081,
            "ratio_3_1": 4.088866321500322,
            "h": 4.556209152265628,
            "normh": 0.7519199320742561,
            "snr": Infinity,
            "mean_birth": 0.0,
            "stdev_birth": 0.0,
            "mean_death": 4.324575927522448,