{
    "epoch1": 200.0,
    "epoch2": 199.969,
    "epoch3": 188.57347916666666,
    "epoch4": 156.43544791666667,
    "epoch5": 145.59507291666668,
    "epoch6": 142.85792708333332,
    "epoch7": 140.60229166666667,
    "epoch8": 137.87127083333334,
    "epoch9": 135.01173958333334,
    "epoch10": 132.50830208333332,
    "epoch11": 129.6851875,
    "epoch12": 126.34691666666667,
    "epoch13": 123.80248958333334,
    "epoch14": 121.05803125,
    "epoch15": 118.59594791666666,
    "epoch16": 116.12420833333333,
    "epoch17": 114.03098958333334,
    "epoch18": 112.40603125,
    "epoch19": 110.74794791666666,
    "epoch20": 109.48035416666667,
    "epoch21": 108.26358333333333,
    "epoch22": 107.33066666666667,
    "epoch23": 106.37503125,
    "epoch24": 105.66907291666666,
    "epoch25": 104.98105208333334,
    "epoch26": 104.36832291666667,
    "epoch27": 103.75361458333333,
    "epoch28": 102.95385416666667,
    "epoch29": 102.68788541666666,
    "epoch30": 102.0255
}