{
    "epoch1": 4262.081,
    "epoch2": 2583.3005,
    "epoch3": 2198.15775,
    "epoch4": 2016.76225,
    "epoch5": 1940.15,
    "epoch6": 1892.027,
    "epoch7": 1850.428375,
    "epoch8": 1827.693125,
    "epoch9": 1804.925625,
    "epoch10": 1779.16675,
    "epoch11": 1765.0195,
    "epoch12": 1737.575375,
    "epoch13": 1717.789,
    "epoch14": 1703.474375,
    "epoch15": 1693.49325,
    "epoch16": 1680.44275,
    "epoch17": 1663.27475,
    "epoch18": 1654.65275,
    "epoch19": 1651.114125,
    "epoch20": 1642.026375,
    "epoch21": 1622.605875,
    "epoch22": 1609.23975,
    "epoch23": 1600.454625,
    "epoch24": 1587.762625,
    "epoch25": 1586.061125,
    "epoch26": 1580.439,
    "epoch27": 1576.268,
    "epoch28": 1573.725875,
    "epoch29": 1561.031,
    "epoch30": 1556.5935,
    "epoch31": 1560.827125,
    "epoch32": 1552.095625,
    "epoch33": 1543.324625,
    "epoch34": 1554.381625,
    "epoch35": 1539.179125,
    "epoch36": 1538.549375,
    "epoch37": 1535.539875,
    "epoch38": 1523.106875,
    "epoch39": 1519.529125,
    "epoch40": 1518.866375,
    "epoch41": 1525.298875,
    "epoch42": 1515.040875,
    "epoch43": 1512.275125,
    "epoch44": 1504.217875,
    "epoch45": 1502.215375,
    "epoch46": 1506.2445,
    "epoch47": 1503.491625,
    "epoch48": 1485.62925,
    "epoch49": 1482.56225,
    "epoch50": 1478.793,
    "epoch51": 1485.2185,
    "epoch52": 1490.527625,
    "epoch53": 1473.242,
    "epoch54": 1472.124,
    "epoch55": 1475.4845,
    "epoch56": 1472.08,
    "epoch57": 1475.9075,
    "epoch58": 1465.66925,
    "epoch59": 1456.537875,
    "epoch60": 1456.371125,
    "epoch61": 1455.66775,
    "epoch62": 1454.75925,
    "epoch63": 1454.140375,
    "epoch64": 1440.852875,
    "epoch65": 1463.359,
    "epoch66": 1434.876375,
    "epoch67": 1439.81625,
    "epoch68": 1428.6375,
    "epoch69": 1428.649,
    "epoch70": 1426.929375,
    "epoch71": 1421.599375,
    "epoch72": 1415.789,
    "epoch73": 1415.589125,
    "epoch74": 1429.714,
    "epoch75": 1416.33375,
    "epoch76": 1405.573875,
    "epoch77": 1429.6935,
    "epoch78": 1400.4075,
    "epoch79": 1400.416375,
    "epoch80": 1398.2355,
    "epoch81": 1390.48625,
    "epoch82": 1391.271625,
    "epoch83": 1395.010375,
    "epoch84": 1384.329375,
    "epoch85": 1397.440625,
    "epoch86": 1401.7885,
    "epoch87": 1371.1565,
    "epoch88": 1385.38875,
    "epoch89": 1381.213,
    "epoch90": 1375.763,
    "epoch91": 1374.52025,
    "epoch92": 1380.936625,
    "epoch93": 1373.739,
    "epoch94": 1373.48,
    "epoch95": 1361.858125,
    "epoch96": 1367.34625,
    "epoch97": 1383.177875,
    "epoch98": 1357.027625,
    "epoch99": 1358.46225,
    "epoch100": 1354.464875
}