{
    "epoch1": 48.371785481770836,
    "epoch2": 46.970611572265625,
    "epoch3": 44.60680643717448,
    "epoch4": 41.657145182291664,
    "epoch5": 38.57905069986979,
    "epoch6": 35.0761973063151,
    "epoch7": 32.765968322753906,
    "epoch8": 32.517407735188804,
    "epoch9": 29.72095489501953,
    "epoch10": 30.49865214029948,
    "epoch11": 29.827985127766926,
    "epoch12": 30.143277486165363,
    "epoch13": 29.440330505371094,
    "epoch14": 28.959203084309895,
    "epoch15": 29.257278442382812,
    "epoch16": 28.495450337727863,
    "epoch17": 29.399510701497395,
    "epoch18": 29.058550516764324,
    "epoch19": 29.07831573486328,
    "epoch20": 30.63146718343099,
    "epoch21": 29.432952880859375,
    "epoch22": 28.560015360514324,
    "epoch23": 28.274442036946613,
    "epoch24": 28.838788350423176,
    "epoch25": 28.065569559733074,
    "epoch26": 29.063547770182293,
    "epoch27": 28.0042241414388,
    "epoch28": 27.91949717203776,
    "epoch29": 28.172279357910156,
    "epoch30": 28.179522196451824,
    "epoch31": 28.19556935628255,
    "epoch32": 27.907826741536457,
    "epoch33": 28.16149648030599,
    "epoch34": 28.09752909342448,
    "epoch35": 28.03686269124349,
    "epoch36": 27.869873046875,
    "epoch37": 27.73504638671875,
    "epoch38": 27.79278818766276,
    "epoch39": 28.085126241048176,
    "epoch40": 27.752059936523438,
    "epoch41": 27.649620056152344,
    "epoch42": 27.925081888834637,
    "epoch43": 27.619618733723957,
    "epoch44": 27.61852518717448,
    "epoch45": 27.48021697998047,
    "epoch46": 27.767171223958332,
    "epoch47": 27.68488311767578,
    "epoch48": 27.873329162597656,
    "epoch49": 27.635782877604168,
    "epoch50": 28.15819549560547,
    "epoch51": 27.42120107014974,
    "epoch52": 27.221356709798176,
    "epoch53": 27.429453531901043,
    "epoch54": 27.377970377604168,
    "epoch55": 27.471389770507812,
    "epoch56": 27.48387400309245,
    "epoch57": 27.285359700520832,
    "epoch58": 27.053939819335938,
    "epoch59": 27.187965393066406,
    "epoch60": 27.509849548339844,
    "epoch61": 27.22741444905599,
    "epoch62": 27.045644124348957,
    "epoch63": 27.187527974446613,
    "epoch64": 26.984275817871094,
    "epoch65": 27.22130839029948,
    "epoch66": 27.293039957682293,
    "epoch67": 27.409815470377605,
    "epoch68": 27.2362060546875,
    "epoch69": 26.77514394124349,
    "epoch70": 26.894668579101562,
    "epoch71": 26.86957550048828,
    "epoch72": 26.72467295328776,
    "epoch73": 26.76343282063802,
    "epoch74": 26.55634053548177,
    "epoch75": 26.58538309733073,
    "epoch76": 26.50116475423177,
    "epoch77": 26.546630859375,
    "epoch78": 26.593343098958332,
    "epoch79": 27.107393900553387,
    "epoch80": 26.84637196858724,
    "epoch81": 26.669230143229168,
    "epoch82": 26.781834920247395,
    "epoch83": 26.317105611165363,
    "epoch84": 26.51128896077474,
    "epoch85": 26.3507080078125,
    "epoch86": 26.222401936848957,
    "epoch87": 26.09472147623698,
    "epoch88": 26.03296152750651,
    "epoch89": 26.097735087076824,
    "epoch90": 26.269002278645832,
    "epoch91": 26.696258544921875,
    "epoch92": 26.18798319498698,
    "epoch93": 25.91327667236328,
    "epoch94": 26.048319498697918,
    "epoch95": 26.125508626302082,
    "epoch96": 25.778778076171875,
    "epoch97": 25.8798828125,
    "epoch98": 25.721275329589844,
    "epoch99": 25.574857076009113,
    "epoch100": 26.128328959147137
}