{
    "epoch1": 0.041616460017394274,
    "epoch2": 0.026623311801813543,
    "epoch3": 0.022873693145811558,
    "epoch4": 0.02166438099811785,
    "epoch5": 0.020948451943695545,
    "epoch6": 0.0203856116568204,
    "epoch7": 0.019641718856291845,
    "epoch8": 0.0200437156308908,
    "epoch9": 0.018716831866186112,
    "epoch10": 0.018667457799892873,
    "epoch11": 0.017950764624401927,
    "epoch12": 0.017652742244536057,
    "epoch13": 0.017614952026633546,
    "epoch14": 0.017085648141801357,
    "epoch15": 0.017359344084979966,
    "epoch16": 0.016487269109347835,
    "epoch17": 0.01689706402248703,
    "epoch18": 0.016229500572080724,
    "epoch19": 0.016614788124570623,
    "epoch20": 0.015751231578178704,
    "epoch21": 0.015596048193401657,
    "epoch22": 0.015652767731808126,
    "epoch23": 0.015346214626333676,
    "epoch24": 0.015954327449435368,
    "epoch25": 0.015166182216489688,
    "epoch26": 0.015751988190459087,
    "epoch27": 0.015483726761885919,
    "epoch28": 0.014980303923948668,
    "epoch29": 0.01499268424231559,
    "epoch30": 0.014888506382703781,
    "epoch31": 0.014945529168471694,
    "epoch32": 0.014800330900470726,
    "epoch33": 0.014692483906401321,
    "epoch34": 0.01468089893751312,
    "epoch35": 0.014622921633417718,
    "epoch36": 0.014584333170205355,
    "epoch37": 0.014472720373305492,
    "epoch38": 0.014525122271152213,
    "epoch39": 0.014340310677653179,
    "epoch40": 0.014434375785640441,
    "epoch41": 0.014442818384850398,
    "epoch42": 0.014518966097966768,
    "epoch43": 0.015101028460776433,
    "epoch44": 0.014230410131858662,
    "epoch45": 0.014142174870357849,
    "epoch46": 0.014146428307867609,
    "epoch47": 0.014151922878227197,
    "epoch48": 0.014516558396280743,
    "epoch49": 0.014014415311976336,
    "epoch50": 0.01452413760125637,
    "epoch51": 0.014001820149132982,
    "epoch52": 0.014069585668039508,
    "epoch53": 0.014391012271516956,
    "epoch54": 0.013855524812242948,
    "epoch55": 0.013788682597805746,
    "epoch56": 0.014036924141691998,
    "epoch57": 0.013891044320189394,
    "epoch58": 0.014133172167930752,
    "epoch59": 0.013657541436259635,
    "epoch60": 0.013920097262598574,
    "epoch61": 0.013577706587966532,
    "epoch62": 0.01410224566643592,
    "epoch63": 0.01357152292621322,
    "epoch64": 0.013505978597095236,
    "epoch65": 0.013568124180892482,
    "epoch66": 0.01378046942409128,
    "epoch67": 0.013408789134700783,
    "epoch68": 0.013382579942117445,
    "epoch69": 0.013406416735961102,
    "epoch70": 0.013915820483816788,
    "epoch71": 0.013260997060569935,
    "epoch72": 0.013200698056607507,
    "epoch73": 0.013157343259081244,
    "epoch74": 0.013136885507265106,
    "epoch75": 0.013148091893526725,
    "epoch76": 0.013329477980732918,
    "epoch77": 0.013248816670966335,
    "epoch78": 0.013253210054244846,
    "epoch79": 0.014267865772126243,
    "epoch80": 0.012947030438226648,
    "epoch81": 0.012886498618172482,
    "epoch82": 0.01319419319042936,
    "epoch83": 0.012842200478189625,
    "epoch84": 0.013189303019316867,
    "epoch85": 0.012782985024387017,
    "epoch86": 0.01312417360895779,
    "epoch87": 0.012881048460258171,
    "epoch88": 0.012754682175000198,
    "epoch89": 0.012859266716986895,
    "epoch90": 0.012699885162874125,
    "epoch91": 0.012861019888077863,
    "epoch92": 0.012752687660395168,
    "epoch93": 0.012528120321803726,
    "epoch94": 0.012480609671911225,
    "epoch95": 0.012779716053046286,
    "epoch96": 0.012529576808447018,
    "epoch97": 0.01302903723262716,
    "epoch98": 0.01265189221885521,
    "epoch99": 0.012364554248051718,
    "epoch100": 0.013033633469603956
}