{
    "epoch1": 44.738807678222656,
    "epoch2": 35.853065490722656,
    "epoch3": 32.3227424621582,
    "epoch4": 30.292591094970703,
    "epoch5": 30.717674255371094,
    "epoch6": 30.429676055908203,
    "epoch7": 29.385629653930664,
    "epoch8": 30.85865020751953,
    "epoch9": 28.60603904724121,
    "epoch10": 29.28031349182129,
    "epoch11": 27.97989273071289,
    "epoch12": 27.83249282836914,
    "epoch13": 28.438575744628906,
    "epoch14": 27.52158546447754,
    "epoch15": 28.424972534179688,
    "epoch16": 26.397417068481445,
    "epoch17": 27.846586227416992,
    "epoch18": 26.61427879333496,
    "epoch19": 27.554344177246094,
    "epoch20": 25.566543579101562,
    "epoch21": 25.471675872802734,
    "epoch22": 26.026622772216797,
    "epoch23": 25.130390167236328,
    "epoch24": 26.5601806640625,
    "epoch25": 24.907142639160156,
    "epoch26": 26.36368751525879,
    "epoch27": 24.940998077392578,
    "epoch28": 24.790130615234375,
    "epoch29": 25.0633544921875,
    "epoch30": 24.45913314819336,
    "epoch31": 25.157506942749023,
    "epoch32": 24.59685707092285,
    "epoch33": 24.52386474609375,
    "epoch34": 24.244842529296875,
    "epoch35": 24.46918487548828,
    "epoch36": 24.335128784179688,
    "epoch37": 24.170089721679688,
    "epoch38": 24.49968147277832,
    "epoch39": 23.991472244262695,
    "epoch40": 24.25411605834961,
    "epoch41": 23.890012741088867,
    "epoch42": 24.32023048400879,
    "epoch43": 25.29898452758789,
    "epoch44": 23.78954315185547,
    "epoch45": 23.809459686279297,
    "epoch46": 23.83429527282715,
    "epoch47": 23.95713996887207,
    "epoch48": 24.81043243408203,
    "epoch49": 23.764677047729492,
    "epoch50": 24.91290283203125,
    "epoch51": 23.830793380737305,
    "epoch52": 23.886302947998047,
    "epoch53": 24.676376342773438,
    "epoch54": 23.576553344726562,
    "epoch55": 23.503211975097656,
    "epoch56": 24.31817054748535,
    "epoch57": 23.65812110900879,
    "epoch58": 24.262460708618164,
    "epoch59": 23.48052978515625,
    "epoch60": 24.00799560546875,
    "epoch61": 23.15586280822754,
    "epoch62": 23.72475242614746,
    "epoch63": 23.2198429107666,
    "epoch64": 23.178281784057617,
    "epoch65": 22.927597045898438,
    "epoch66": 23.50611686706543,
    "epoch67": 23.091552734375,
    "epoch68": 22.844228744506836,
    "epoch69": 23.079435348510742,
    "epoch70": 23.97127342224121,
    "epoch71": 22.729631423950195,
    "epoch72": 22.74725914001465,
    "epoch73": 22.496599197387695,
    "epoch74": 22.458431243896484,
    "epoch75": 22.906084060668945,
    "epoch76": 22.571849822998047,
    "epoch77": 22.9514217376709,
    "epoch78": 22.902515411376953,
    "epoch79": 23.83742332458496,
    "epoch80": 22.547788619995117,
    "epoch81": 22.213218688964844,
    "epoch82": 23.00579261779785,
    "epoch83": 22.130842208862305,
    "epoch84": 23.139909744262695,
    "epoch85": 22.012672424316406,
    "epoch86": 23.276662826538086,
    "epoch87": 22.313247680664062,
    "epoch88": 22.03466033935547,
    "epoch89": 22.706687927246094,
    "epoch90": 22.14776611328125,
    "epoch91": 23.070209503173828,
    "epoch92": 21.687171936035156,
    "epoch93": 21.958696365356445,
    "epoch94": 21.618309020996094,
    "epoch95": 22.37682342529297,
    "epoch96": 21.779647827148438,
    "epoch97": 22.102827072143555,
    "epoch98": 21.61678123474121,
    "epoch99": 21.436447143554688,
    "epoch100": 22.998149871826172
}