{
    "epoch1": 48.16650390625,
    "epoch2": 39.88111290564904,
    "epoch3": 33.4730224609375,
    "epoch4": 30.584552471454327,
    "epoch5": 30.88752159705529,
    "epoch6": 30.780055119441105,
    "epoch7": 28.57097684420072,
    "epoch8": 28.09388146033654,
    "epoch9": 27.994765061598557,
    "epoch10": 26.765240009014423,
    "epoch11": 26.103677602914665,
    "epoch12": 26.16540292593149,
    "epoch13": 25.29523644080529,
    "epoch14": 25.20697256234976,
    "epoch15": 25.597731370192307,
    "epoch16": 24.53466092623197,
    "epoch17": 26.275604248046875,
    "epoch18": 24.41027597280649,
    "epoch19": 24.03113966721755,
    "epoch20": 24.328340970552883,
    "epoch21": 23.89184805063101,
    "epoch22": 24.61872042142428,
    "epoch23": 23.606116661658653,
    "epoch24": 23.759307861328125,
    "epoch25": 23.239708533653847,
    "epoch26": 25.165790264423077,
    "epoch27": 23.44213397686298,
    "epoch28": 26.11046659029447,
    "epoch29": 23.25092491736779,
    "epoch30": 23.29509793795072,
    "epoch31": 23.82166466346154,
    "epoch32": 22.80378136268029,
    "epoch33": 22.92994103064904,
    "epoch34": 22.69476553109976,
    "epoch35": 23.01214364858774,
    "epoch36": 23.202110877403847,
    "epoch37": 23.0770263671875,
    "epoch38": 22.470362736628605,
    "epoch39": 23.10821298452524,
    "epoch40": 22.28545438326322,
    "epoch41": 23.18567364032452,
    "epoch42": 22.812037541316105,
    "epoch43": 23.61732130784255,
    "epoch44": 22.368506798377403,
    "epoch45": 21.707240178034855,
    "epoch46": 22.613372802734375,
    "epoch47": 21.968665489783653,
    "epoch48": 22.725360576923077,
    "epoch49": 21.64384343073918,
    "epoch50": 21.7728999211238,
    "epoch51": 23.323383037860577,
    "epoch52": 21.746901292067307,
    "epoch53": 22.23870145357572,
    "epoch54": 21.67327176607572,
    "epoch55": 22.11247136042668,
    "epoch56": 22.515662560096153,
    "epoch57": 23.4375727726863,
    "epoch58": 21.472271259014423,
    "epoch59": 21.308563232421875,
    "epoch60": 21.699732853816105,
    "epoch61": 21.77544696514423,
    "epoch62": 22.47229238656851,
    "epoch63": 21.224322979266827,
    "epoch64": 21.45286912184495,
    "epoch65": 21.03459989107572,
    "epoch66": 23.246563251201923,
    "epoch67": 20.95097233698918,
    "epoch68": 21.058079646183895,
    "epoch69": 21.206080510066105,
    "epoch70": 23.918363131009617,
    "epoch71": 20.951202392578125,
    "epoch72": 22.59593787560096,
    "epoch73": 21.111159104567307,
    "epoch74": 21.743567833533653,
    "epoch75": 20.82153789813702,
    "epoch76": 21.520526592548077,
    "epoch77": 20.770608755258415,
    "epoch78": 21.98313786433293,
    "epoch79": 21.02630849984976,
    "epoch80": 21.107443002554085,
    "epoch81": 23.13904043344351,
    "epoch82": 24.434835580679085,
    "epoch83": 21.117760291466347,
    "epoch84": 21.72021484375,
    "epoch85": 21.36938711313101,
    "epoch86": 22.1155512883113,
    "epoch87": 20.8651616023137,
    "epoch88": 20.29176447941707,
    "epoch89": 20.52910672701322,
    "epoch90": 21.262188251201923,
    "epoch91": 21.277489295372597,
    "epoch92": 21.79411902794471,
    "epoch93": 22.158306415264423,
    "epoch94": 24.173924372746395,
    "epoch95": 22.198277400090145,
    "epoch96": 20.887009840745193,
    "epoch97": 21.02771935096154,
    "epoch98": 20.64293494591346,
    "epoch99": 21.666748046875,
    "epoch100": 20.93284959059495
}