{
    "epoch1": 9.121092287205101e-05,
    "epoch2": 9.074498828158539e-05,
    "epoch3": 9.071810250043199e-05,
    "epoch4": 9.040079285114189e-05,
    "epoch5": 9.031587725621649e-05,
    "epoch6": 9.04021575288425e-05,
    "epoch7": 9.040946321056254e-05,
    "epoch8": 9.044292325870629e-05,
    "epoch9": 9.041123325732769e-05,
    "epoch10": 9.034967716343089e-05,
    "epoch11": 9.032299163391144e-05,
    "epoch12": 9.04202330239059e-05,
    "epoch13": 9.039201512860018e-05,
    "epoch14": 9.038121606317873e-05,
    "epoch15": 9.019867390452419e-05,
    "epoch16": 9.036571214619471e-05,
    "epoch17": 9.028329179818684e-05,
    "epoch18": 9.035306174973812e-05,
    "epoch19": 9.033656058545602e-05,
    "epoch20": 9.024489090825227e-05,
    "epoch21": 9.023579354561662e-05,
    "epoch22": 9.026821402949282e-05,
    "epoch23": 9.025503162501991e-05,
    "epoch24": 9.027355981561413e-05,
    "epoch25": 9.037151876236749e-05,
    "epoch26": 9.019342777537531e-05,
    "epoch27": 9.025032408953848e-05,
    "epoch28": 9.016096503637528e-05,
    "epoch29": 9.029999626136487e-05,
    "epoch30": 9.040195445504651e-05
}