{
    "epoch1": 119.20613219246032,
    "epoch2": 111.47544642857143,
    "epoch3": 109.42638578869048,
    "epoch4": 101.45048208085318,
    "epoch5": 97.96162729414682,
    "epoch6": 97.02825830853175,
    "epoch7": 95.23474702380952,
    "epoch8": 94.38364955357143,
    "epoch9": 92.41415550595238,
    "epoch10": 90.74061414930556,
    "epoch11": 89.87249658978175,
    "epoch12": 90.15371558779762,
    "epoch13": 89.53863622271825,
    "epoch14": 89.0934322296627,
    "epoch15": 88.56741381448413,
    "epoch16": 88.52754526289682,
    "epoch17": 87.85494946676587,
    "epoch18": 87.97994946676587,
    "epoch19": 87.64073350694444,
    "epoch20": 86.98156156994048,
    "epoch21": 86.69126674107143,
    "epoch22": 86.49903118799604,
    "epoch23": 86.19697885664682,
    "epoch24": 86.09307570684524,
    "epoch25": 86.66872054811508,
    "epoch26": 85.4833751860119,
    "epoch27": 85.31444537450396,
    "epoch28": 85.1854228670635,
    "epoch29": 85.19199528769842,
    "epoch30": 86.12696862599206
}