{
    "epoch1": 0.0405545849353075,
    "epoch2": 0.029903860496623174,
    "epoch3": 0.023799089714884758,
    "epoch4": 0.01867236117167132,
    "epoch5": 0.015743967278727462,
    "epoch6": 0.014447512637291635,
    "epoch7": 0.013930403095270907,
    "epoch8": 0.0133916653160538,
    "epoch9": 0.013580435088702611,
    "epoch10": 0.013030048193676131,
    "epoch11": 0.012827830189572913,
    "epoch12": 0.012794164408530508,
    "epoch13": 0.0126892180581178,
    "epoch14": 0.012439852913043328,
    "epoch15": 0.012583715708128043,
    "epoch16": 0.012372193059750966,
    "epoch17": 0.012591265275010042,
    "epoch18": 0.012445134443363972,
    "epoch19": 0.012313286042107003,
    "epoch20": 0.012285629486931222,
    "epoch21": 0.012212975416332483,
    "epoch22": 0.012231562685753618,
    "epoch23": 0.012498512065836362,
    "epoch24": 0.01237791164645127,
    "epoch25": 0.012060057770993029,
    "epoch26": 0.01298416279522436,
    "epoch27": 0.012003759454403604,
    "epoch28": 0.0119502100029162,
    "epoch29": 0.01195411171231951,
    "epoch30": 0.012135258543172054,
    "epoch31": 0.012126811247851168,
    "epoch32": 0.011916441909436668,
    "epoch33": 0.011903420423290558,
    "epoch34": 0.012067604610430343,
    "epoch35": 0.01229876752144524,
    "epoch36": 0.013694304440702711,
    "epoch37": 0.011817365751734801,
    "epoch38": 0.012278617625789983,
    "epoch39": 0.011828096184347357,
    "epoch40": 0.012558518975440944,
    "epoch41": 0.011838487482496671,
    "epoch42": 0.01189670166266816,
    "epoch43": 0.012128113968563932,
    "epoch44": 0.012261568967785155,
    "epoch45": 0.012309584367488111,
    "epoch46": 0.011983298497008426,
    "epoch47": 0.011752180755138397,
    "epoch48": 0.012102581959749972,
    "epoch49": 0.012680134270340204,
    "epoch50": 0.011832283743258034,
    "epoch51": 0.012839445910815681,
    "epoch52": 0.012376397249421902,
    "epoch53": 0.01184134790673852,
    "epoch54": 0.01193746059600796,
    "epoch55": 0.011884510716689485,
    "epoch56": 0.011747873454753841,
    "epoch57": 0.011831449145185096,
    "epoch58": 0.011742450829063143,
    "epoch59": 0.01177998332838927,
    "epoch60": 0.011865951386945588,
    "epoch61": 0.011976726419691528,
    "epoch62": 0.011976377040679966,
    "epoch63": 0.011862570619476693,
    "epoch64": 0.011738329261009182,
    "epoch65": 0.011737668687211615,
    "epoch66": 0.011715666257909365,
    "epoch67": 0.011920323395835502,
    "epoch68": 0.011999554732548339,
    "epoch69": 0.01190092567620533,
    "epoch70": 0.011957925943923848,
    "epoch71": 0.011853901669383049,
    "epoch72": 0.0116431442355471,
    "epoch73": 0.011702722337629114,
    "epoch74": 0.011775846326989787,
    "epoch75": 0.012319326533802919,
    "epoch76": 0.011640990618616343,
    "epoch77": 0.011805509483175618,
    "epoch78": 0.011683597428990262,
    "epoch79": 0.012248531715678317,
    "epoch80": 0.011944133987916368,
    "epoch81": 0.011789602626647269,
    "epoch82": 0.011960353569260665,
    "epoch83": 0.011814119826470102,
    "epoch84": 0.011968524195253849,
    "epoch85": 0.011701330276472228,
    "epoch86": 0.011702846669192826,
    "epoch87": 0.011853000415222985,
    "epoch88": 0.01164033989022885,
    "epoch89": 0.01285578909197024,
    "epoch90": 0.011522673802184207,
    "epoch91": 0.013116842601448298,
    "epoch92": 0.011708756443113089,
    "epoch93": 0.011624758065279042,
    "epoch94": 0.01170163368806243,
    "epoch95": 0.011821805632540159,
    "epoch96": 0.011687216481992177,
    "epoch97": 0.01209184673747846,
    "epoch98": 0.011675729748925992,
    "epoch99": 0.011726758043680872,
    "epoch100": 0.011920648161321878
}