{
    "epoch1": 0.1854511921107769,
    "epoch2": 0.27924903005361557,
    "epoch3": 0.3101927763223648,
    "epoch4": 0.3444886374473572,
    "epoch5": 0.3462109023332596,
    "epoch6": 0.3608951526880264,
    "epoch7": 0.37860237061977386,
    "epoch8": 0.3711676746606827,
    "epoch9": 0.386875718832016,
    "epoch10": 0.41214315056800843,
    "epoch11": 0.39283555030822753,
    "epoch12": 0.40996274948120115,
    "epoch13": 0.41230149507522584,
    "epoch14": 0.4031693762540817,
    "epoch15": 0.4181216871738434,
    "epoch16": 0.4026901572942734,
    "epoch17": 0.42339040637016295,
    "epoch18": 0.4235283535718918,
    "epoch19": 0.4133476674556732,
    "epoch20": 0.4066283482313156
}