{
    "epoch1": 3183.2109375,
    "epoch2": 2933.626953125,
    "epoch3": 2648.14599609375,
    "epoch4": 2485.914794921875,
    "epoch5": 2214.0830078125,
    "epoch6": 2111.611328125,
    "epoch7": 2002.497314453125,
    "epoch8": 2033.84423828125,
    "epoch9": 1995.8623046875,
    "epoch10": 1982.66943359375,
    "epoch11": 1905.742431640625,
    "epoch12": 1910.96533203125,
    "epoch13": 1893.050537109375,
    "epoch14": 1881.4755859375,
    "epoch15": 1843.50927734375,
    "epoch16": 1872.4937744140625,
    "epoch17": 1832.9029541015625,
    "epoch18": 1797.5755615234375,
    "epoch19": 1817.892333984375,
    "epoch20": 1798.3568115234375,
    "epoch21": 1803.2906494140625,
    "epoch22": 1729.3294677734375,
    "epoch23": 1757.57275390625,
    "epoch24": 1733.4437255859375,
    "epoch25": 1728.0255126953125,
    "epoch26": 1696.818115234375,
    "epoch27": 1720.496337890625,
    "epoch28": 1705.553955078125,
    "epoch29": 1695.8170166015625,
    "epoch30": 1625.6546630859375,
    "epoch31": 1619.20947265625,
    "epoch32": 1654.6134033203125,
    "epoch33": 1600.2646484375,
    "epoch34": 1606.6976318359375,
    "epoch35": 1642.3616943359375,
    "epoch36": 1586.4921875,
    "epoch37": 1592.698974609375,
    "epoch38": 1561.190185546875,
    "epoch39": 1794.053955078125,
    "epoch40": 1596.142333984375,
    "epoch41": 1574.188232421875,
    "epoch42": 1592.4052734375,
    "epoch43": 1618.7840576171875,
    "epoch44": 1580.7371826171875,
    "epoch45": 1546.651123046875,
    "epoch46": 1535.3316650390625,
    "epoch47": 1545.5294189453125,
    "epoch48": 1516.0244140625,
    "epoch49": 1537.399658203125,
    "epoch50": 1531.641845703125,
    "epoch51": 1551.447998046875,
    "epoch52": 1536.39306640625,
    "epoch53": 1522.127197265625,
    "epoch54": 1503.9608154296875,
    "epoch55": 1522.9146728515625,
    "epoch56": 1496.494873046875,
    "epoch57": 1532.3665771484375,
    "epoch58": 1495.386962890625,
    "epoch59": 1504.2041015625,
    "epoch60": 1509.6217041015625,
    "epoch61": 1522.0318603515625,
    "epoch62": 1509.56103515625,
    "epoch63": 1497.5067138671875,
    "epoch64": 1491.500244140625,
    "epoch65": 1476.6632080078125,
    "epoch66": 1485.5206298828125,
    "epoch67": 1522.967529296875,
    "epoch68": 1478.0570068359375,
    "epoch69": 1509.5784912109375,
    "epoch70": 1467.3323974609375,
    "epoch71": 1488.4736328125,
    "epoch72": 1478.129150390625,
    "epoch73": 1469.9022216796875,
    "epoch74": 1472.484130859375,
    "epoch75": 1475.03466796875,
    "epoch76": 1479.425048828125,
    "epoch77": 1522.3277587890625,
    "epoch78": 1571.501220703125,
    "epoch79": 1500.808349609375,
    "epoch80": 1456.9305419921875,
    "epoch81": 1486.737060546875,
    "epoch82": 1453.5933837890625,
    "epoch83": 1532.754638671875,
    "epoch84": 1462.0177001953125,
    "epoch85": 1450.25341796875,
    "epoch86": 1472.269775390625,
    "epoch87": 1496.7664794921875,
    "epoch88": 1465.631591796875,
    "epoch89": 1471.7684326171875,
    "epoch90": 1471.3956298828125,
    "epoch91": 1462.124755859375,
    "epoch92": 1493.71337890625,
    "epoch93": 1440.4981689453125,
    "epoch94": 1480.166015625,
    "epoch95": 1440.384765625,
    "epoch96": 1461.2615966796875,
    "epoch97": 1434.61474609375,
    "epoch98": 1594.2215576171875,
    "epoch99": 1472.8841552734375,
    "epoch100": 1539.4168701171875
}