{
    "epoch1": 2.5527563440239948e-05,
    "epoch2": 2.3368488933556365e-05,
    "epoch3": 2.2282628852584214e-05,
    "epoch4": 2.1725320514406122e-05,
    "epoch5": 2.145727382859756e-05,
    "epoch6": 2.1300021597426165e-05,
    "epoch7": 2.1217824311861476e-05,
    "epoch8": 2.114526817967999e-05,
    "epoch9": 2.111510323948096e-05,
    "epoch10": 2.1072399005409656e-05,
    "epoch11": 2.1059316199549965e-05,
    "epoch12": 2.104198795753594e-05,
    "epoch13": 2.1028776227960102e-05,
    "epoch14": 2.1021383683735924e-05,
    "epoch15": 2.1011953706912816e-05,
    "epoch16": 2.097755949648672e-05,
    "epoch17": 2.099094187750931e-05,
    "epoch18": 2.0974172050159722e-05,
    "epoch19": 2.096746272263772e-05,
    "epoch20": 2.0958169203292224e-05,
    "epoch21": 2.0941095653483898e-05,
    "epoch22": 2.093752662077956e-05,
    "epoch23": 2.093158743271791e-05,
    "epoch24": 2.092170153692526e-05,
    "epoch25": 2.091721866520402e-05,
    "epoch26": 2.0924141742398206e-05,
    "epoch27": 2.090842455887317e-05,
    "epoch28": 2.0912234398906547e-05,
    "epoch29": 2.0911306544007856e-05,
    "epoch30": 2.0900734485091257e-05
}