{
    "epoch1": 0.031220419539345637,
    "epoch2": 0.025983883895807795,
    "epoch3": 0.022857972627712622,
    "epoch4": 0.021012777876522806,
    "epoch5": 0.01976766385551956,
    "epoch6": 0.01893254504021671,
    "epoch7": 0.018166416531635657,
    "epoch8": 0.017405996099114418,
    "epoch9": 0.01665519716011153,
    "epoch10": 0.015901128347549174,
    "epoch11": 0.015133104597528776,
    "epoch12": 0.014333293876714177,
    "epoch13": 0.013546534813940525,
    "epoch14": 0.012788161117997434,
    "epoch15": 0.012087234399384923,
    "epoch16": 0.011404398932225175,
    "epoch17": 0.010789106341285838,
    "epoch18": 0.010179343374652995,
    "epoch19": 0.009641554465310441,
    "epoch20": 0.009171556163993146,
    "epoch21": 0.008718739418933788,
    "epoch22": 0.008309552497747872,
    "epoch23": 0.00795306989716159,
    "epoch24": 0.007690533064305782,
    "epoch25": 0.007361827469948266,
    "epoch26": 0.007129303283161587,
    "epoch27": 0.0068828557721442645,
    "epoch28": 0.006650921681688892,
    "epoch29": 0.006441157104240524,
    "epoch30": 0.006247457582503557
}