{
    "epoch1": 109.80883129222973,
    "epoch2": 90.91206318623311,
    "epoch3": 82.7500197951858,
    "epoch4": 79.50445391680744,
    "epoch5": 78.93794869087837,
    "epoch6": 77.90029824746621,
    "epoch7": 77.58129222972973,
    "epoch8": 76.86902185388513,
    "epoch9": 75.77482976140203,
    "epoch10": 74.58444626266892,
    "epoch11": 73.66781698690879,
    "epoch12": 73.07723421663852,
    "epoch13": 71.8917335304054,
    "epoch14": 70.2468459670608,
    "epoch15": 69.00044209248311,
    "epoch16": 67.49664141680744,
    "epoch17": 65.66566591005068,
    "epoch18": 64.55571025126689,
    "epoch19": 63.360252586570944,
    "epoch20": 62.186107738597975,
    "epoch21": 61.025047508445944,
    "epoch22": 60.971184807854726,
    "epoch23": 60.084657411317565,
    "epoch24": 59.79877533783784,
    "epoch25": 59.96044921875,
    "epoch26": 59.3724926097973,
    "epoch27": 59.635979729729726,
    "epoch28": 59.779804951435814,
    "epoch29": 59.52419631545608,
    "epoch30": 58.960205078125
}