{
    "epoch1": 99.57220458984375,
    "epoch2": 88.85909016927083,
    "epoch3": 84.76580132378473,
    "epoch4": 83.21174452039931,
    "epoch5": 82.44966634114583,
    "epoch6": 81.84994845920139,
    "epoch7": 81.293701171875,
    "epoch8": 80.53831651475694,
    "epoch9": 79.54301622178819,
    "epoch10": 78.65287950303819,
    "epoch11": 77.71866183810764,
    "epoch12": 76.63049994574652,
    "epoch13": 75.20815700954861,
    "epoch14": 73.92978922526042,
    "epoch15": 72.28941514756944,
    "epoch16": 69.94429524739583,
    "epoch17": 69.02050103081598,
    "epoch18": 67.46622721354167,
    "epoch19": 66.34568277994792,
    "epoch20": 67.12778727213542,
    "epoch21": 65.51619466145833,
    "epoch22": 64.40778944227431,
    "epoch23": 63.604092068142364,
    "epoch24": 63.67274305555556,
    "epoch25": 62.687778049045136,
    "epoch26": 62.649509006076386,
    "epoch27": 63.248012966579864,
    "epoch28": 62.720065646701386,
    "epoch29": 62.26457383897569,
    "epoch30": 61.58098008897569
}