{
    "epoch1": 0.02712234845685382,
    "epoch2": 0.018302494149294593,
    "epoch3": 0.012426006427455333,
    "epoch4": 0.009175289812828264,
    "epoch5": 0.007045721905606408,
    "epoch6": 0.005317333454806958,
    "epoch7": 0.004244031677503259,
    "epoch8": 0.003546062361208662,
    "epoch9": 0.003027184250494165,
    "epoch10": 0.0025764082205451786,
    "epoch11": 0.0021435890662213487,
    "epoch12": 0.0017926445955620898,
    "epoch13": 0.0015802414854988456,
    "epoch14": 0.0012689090930976935,
    "epoch15": 0.0011516784434206784,
    "epoch16": 0.0009226748520778792,
    "epoch17": 0.0007922527832805269,
    "epoch18": 0.0007324412675394166,
    "epoch19": 0.0006042921243445767,
    "epoch20": 0.0005458633390991318,
    "epoch21": 0.0005065133685298685,
    "epoch22": 0.00045997868461023655,
    "epoch23": 0.0004125123011744431,
    "epoch24": 0.00038958026608827733,
    "epoch25": 0.000359340570397645,
    "epoch26": 0.0003285297139119657,
    "epoch27": 0.00030811007403122684,
    "epoch28": 0.00029528015593607577,
    "epoch29": 0.0002730275854475856,
    "epoch30": 0.0002558959456491134
}