{
    "epoch1": 90.724328125,
    "epoch2": 75.5273046875,
    "epoch3": 65.7315625,
    "epoch4": 59.70667578125,
    "epoch5": 56.29905078125,
    "epoch6": 52.7506640625,
    "epoch7": 50.121828125,
    "epoch8": 48.653078125,
    "epoch9": 47.16134765625,
    "epoch10": 45.9794609375,
    "epoch11": 44.1667109375,
    "epoch12": 42.6808359375,
    "epoch13": 41.14840234375,
    "epoch14": 38.98188671875,
    "epoch15": 37.16544921875,
    "epoch16": 35.77084375,
    "epoch17": 34.45801171875,
    "epoch18": 33.20589453125,
    "epoch19": 32.0992265625,
    "epoch20": 31.182271484375,
    "epoch21": 30.630755859375,
    "epoch22": 29.6321015625,
    "epoch23": 29.0158671875,
    "epoch24": 28.269365234375,
    "epoch25": 27.629017578125,
    "epoch26": 27.472087890625,
    "epoch27": 26.85980078125,
    "epoch28": 26.40733203125,
    "epoch29": 25.817623046875,
    "epoch30": 25.60859375
}