{
    "epoch1": 0.2604895702272654,
    "epoch2": 0.3681088546276092,
    "epoch3": 0.4085813508987427,
    "epoch4": 0.43447966582775116,
    "epoch5": 0.4567116345643997,
    "epoch6": 0.47260690875053407,
    "epoch7": 0.49034261746406554,
    "epoch8": 0.5084631979227066,
    "epoch9": 0.5221369080543518,
    "epoch10": 0.5334865432500839,
    "epoch11": 0.5532652978897095,
    "epoch12": 0.558107962179184,
    "epoch13": 0.5718879223823548,
    "epoch14": 0.584543640756607,
    "epoch15": 0.5941088103771209,
    "epoch16": 0.606925364780426,
    "epoch17": 0.6180293627262116,
    "epoch18": 0.6303774233341217,
    "epoch19": 0.63582995595932,
    "epoch20": 0.6481909011363983
}