{
    "epoch1": 112.102939453125,
    "epoch2": 111.131767578125,
    "epoch3": 110.059423828125,
    "epoch4": 109.101474609375,
    "epoch5": 108.108515625,
    "epoch6": 107.135712890625,
    "epoch7": 106.1746484375,
    "epoch8": 105.238447265625,
    "epoch9": 104.238154296875,
    "epoch10": 103.374951171875,
    "epoch11": 102.489482421875,
    "epoch12": 101.653095703125,
    "epoch13": 100.76513671875,
    "epoch14": 99.96904296875,
    "epoch15": 99.165966796875,
    "epoch16": 98.3261328125,
    "epoch17": 97.536279296875,
    "epoch18": 96.786904296875,
    "epoch19": 96.0221875,
    "epoch20": 95.340283203125,
    "epoch21": 94.698935546875,
    "epoch22": 94.003974609375,
    "epoch23": 93.382578125,
    "epoch24": 92.793974609375,
    "epoch25": 92.200634765625,
    "epoch26": 91.68640625,
    "epoch27": 91.118193359375,
    "epoch28": 90.580458984375,
    "epoch29": 90.127421875,
    "epoch30": 89.667197265625
}