{
    "epoch1": 96.497484375,
    "epoch2": 76.7155390625,
    "epoch3": 68.233953125,
    "epoch4": 57.2252890625,
    "epoch5": 54.25525390625,
    "epoch6": 51.24894921875,
    "epoch7": 48.78471875,
    "epoch8": 46.11080859375,
    "epoch9": 43.4498984375,
    "epoch10": 41.13675390625,
    "epoch11": 38.50296875,
    "epoch12": 36.25541015625,
    "epoch13": 34.506671875,
    "epoch14": 32.60197265625,
    "epoch15": 31.15115234375,
    "epoch16": 29.837740234375,
    "epoch17": 28.8709609375,
    "epoch18": 27.89797265625,
    "epoch19": 26.9909765625,
    "epoch20": 26.305447265625,
    "epoch21": 25.656193359375,
    "epoch22": 25.193099609375,
    "epoch23": 24.314880859375,
    "epoch24": 23.96390625,
    "epoch25": 23.49466015625,
    "epoch26": 22.78807421875,
    "epoch27": 22.551078125,
    "epoch28": 21.923623046875,
    "epoch29": 21.454787109375,
    "epoch30": 21.15560546875
}