{
    "epoch1": 197.41921542553192,
    "epoch2": 155.16818691821808,
    "epoch3": 138.04347780917553,
    "epoch4": 132.5908514793883,
    "epoch5": 126.66767785904256,
    "epoch6": 124.71272440159575,
    "epoch7": 121.94396193484043,
    "epoch8": 119.10695437167553,
    "epoch9": 115.90025556848404,
    "epoch10": 113.99561585771276,
    "epoch11": 113.39553897938829,
    "epoch12": 111.47526387965425,
    "epoch13": 110.9730198636968,
    "epoch14": 109.14959067486703,
    "epoch15": 107.69216464428192,
    "epoch16": 106.13674991688829,
    "epoch17": 106.00578665226064,
    "epoch18": 105.74979222074468,
    "epoch19": 105.75997340425532,
    "epoch20": 104.10379612699468,
    "epoch21": 103.2423121675532,
    "epoch22": 102.89906083776596,
    "epoch23": 102.30246426196808,
    "epoch24": 102.10031582446808,
    "epoch25": 101.72360164561171,
    "epoch26": 101.13115026595744,
    "epoch27": 101.70235621675532,
    "epoch28": 100.69351520944149,
    "epoch29": 101.03775349069149,
    "epoch30": 100.05443816489361
}