{
    "epoch1": 199.35610416666665,
    "epoch2": 177.35908333333333,
    "epoch3": 142.61327083333333,
    "epoch4": 132.61269791666666,
    "epoch5": 128.662875,
    "epoch6": 124.5419375,
    "epoch7": 121.39854166666667,
    "epoch8": 118.43130208333334,
    "epoch9": 115.97489583333333,
    "epoch10": 113.57827083333333,
    "epoch11": 112.01904166666667,
    "epoch12": 110.74915625,
    "epoch13": 109.32852083333333,
    "epoch14": 108.34176041666667,
    "epoch15": 107.05007291666666,
    "epoch16": 106.39522916666667,
    "epoch17": 104.87154166666667,
    "epoch18": 104.53833333333333,
    "epoch19": 103.782875,
    "epoch20": 103.32534375,
    "epoch21": 102.65021875,
    "epoch22": 101.92410416666667,
    "epoch23": 101.40495833333334,
    "epoch24": 100.8924375,
    "epoch25": 100.59227083333333,
    "epoch26": 100.30733333333333,
    "epoch27": 99.71761458333333,
    "epoch28": 99.91286458333333,
    "epoch29": 99.30147916666667,
    "epoch30": 98.9849375
}