{
    "epoch1": 48.137638092041016,
    "epoch2": 48.21576690673828,
    "epoch3": 45.71683883666992,
    "epoch4": 43.446197509765625,
    "epoch5": 41.16853713989258,
    "epoch6": 38.95979309082031,
    "epoch7": 35.39170455932617,
    "epoch8": 34.32734680175781,
    "epoch9": 32.96559524536133,
    "epoch10": 32.38054275512695,
    "epoch11": 31.615991592407227,
    "epoch12": 31.160287857055664,
    "epoch13": 31.60866355895996,
    "epoch14": 31.27138900756836,
    "epoch15": 30.531036376953125,
    "epoch16": 30.19112205505371,
    "epoch17": 30.327911376953125,
    "epoch18": 30.520959854125977,
    "epoch19": 29.422624588012695,
    "epoch20": 30.137575149536133,
    "epoch21": 29.1130313873291,
    "epoch22": 29.098161697387695,
    "epoch23": 29.128036499023438,
    "epoch24": 28.683822631835938,
    "epoch25": 28.553009033203125,
    "epoch26": 28.871971130371094,
    "epoch27": 28.922597885131836,
    "epoch28": 28.581340789794922,
    "epoch29": 28.48938751220703,
    "epoch30": 28.224088668823242,
    "epoch31": 28.357250213623047,
    "epoch32": 27.71890640258789,
    "epoch33": 28.024641036987305,
    "epoch34": 27.820209503173828,
    "epoch35": 27.576400756835938,
    "epoch36": 27.92951202392578,
    "epoch37": 28.888690948486328,
    "epoch38": 27.425989151000977,
    "epoch39": 27.517147064208984,
    "epoch40": 26.98399543762207,
    "epoch41": 27.467824935913086,
    "epoch42": 27.434375762939453,
    "epoch43": 26.854951858520508,
    "epoch44": 26.713424682617188,
    "epoch45": 27.188756942749023,
    "epoch46": 27.276931762695312,
    "epoch47": 27.493785858154297,
    "epoch48": 26.521547317504883,
    "epoch49": 26.339399337768555,
    "epoch50": 26.338542938232422,
    "epoch51": 26.610204696655273,
    "epoch52": 26.215938568115234,
    "epoch53": 26.925336837768555,
    "epoch54": 27.6506290435791,
    "epoch55": 25.967695236206055,
    "epoch56": 25.787046432495117,
    "epoch57": 26.383529663085938,
    "epoch58": 25.595643997192383,
    "epoch59": 26.38007164001465,
    "epoch60": 25.94655418395996,
    "epoch61": 25.220537185668945,
    "epoch62": 26.565654754638672,
    "epoch63": 25.6844482421875,
    "epoch64": 26.32213592529297,
    "epoch65": 26.25528335571289,
    "epoch66": 25.239608764648438,
    "epoch67": 25.40395164489746,
    "epoch68": 26.0097599029541,
    "epoch69": 25.126190185546875,
    "epoch70": 24.990501403808594,
    "epoch71": 24.798871994018555,
    "epoch72": 24.536428451538086,
    "epoch73": 25.84566307067871,
    "epoch74": 24.88793182373047,
    "epoch75": 24.989261627197266,
    "epoch76": 24.44817543029785,
    "epoch77": 25.206783294677734,
    "epoch78": 24.270647048950195,
    "epoch79": 24.301002502441406,
    "epoch80": 24.299463272094727,
    "epoch81": 26.242509841918945,
    "epoch82": 24.190322875976562,
    "epoch83": 24.129892349243164,
    "epoch84": 25.05487060546875,
    "epoch85": 24.14082908630371,
    "epoch86": 24.74851417541504,
    "epoch87": 25.865631103515625,
    "epoch88": 24.3121395111084,
    "epoch89": 24.307504653930664,
    "epoch90": 25.002044677734375,
    "epoch91": 24.422780990600586,
    "epoch92": 24.233592987060547,
    "epoch93": 23.682533264160156,
    "epoch94": 24.48001480102539,
    "epoch95": 23.932554244995117,
    "epoch96": 23.894556045532227,
    "epoch97": 23.9814510345459,
    "epoch98": 24.2856388092041,
    "epoch99": 24.264263153076172,
    "epoch100": 23.929073333740234
}