{
    "epoch1": 0.05446531598766645,
    "epoch2": 0.049771336217721306,
    "epoch3": 0.0442086694141229,
    "epoch4": 0.03759281014402707,
    "epoch5": 0.031145434205730755,
    "epoch6": 0.026904953395326933,
    "epoch7": 0.024911496105293432,
    "epoch8": 0.024198487338920435,
    "epoch9": 0.023864744727810226,
    "epoch10": 0.02327353209257126,
    "epoch11": 0.02303710418442885,
    "epoch12": 0.022598188432554404,
    "epoch13": 0.02228858390202125,
    "epoch14": 0.02202609187612931,
    "epoch15": 0.022040290012955665,
    "epoch16": 0.021757346329589686,
    "epoch17": 0.02165831985572974,
    "epoch18": 0.021158356902499995,
    "epoch19": 0.02100867684930563,
    "epoch20": 0.021419070164362588,
    "epoch21": 0.020619067053000133,
    "epoch22": 0.02056595738977194,
    "epoch23": 0.020333684235811233,
    "epoch24": 0.020744210792084536,
    "epoch25": 0.020377618757387004,
    "epoch26": 0.020075223905344806,
    "epoch27": 0.02135823785016934,
    "epoch28": 0.019780664704740047,
    "epoch29": 0.019965979394813378,
    "epoch30": 0.019713475182652474,
    "epoch31": 0.019676254689693452,
    "epoch32": 0.019510002247989176,
    "epoch33": 0.019383252784609794,
    "epoch34": 0.019299671053886414,
    "epoch35": 0.020304898296793304,
    "epoch36": 0.019075168979664645,
    "epoch37": 0.01909504992266496,
    "epoch38": 0.019212696390847366,
    "epoch39": 0.019125990259150665,
    "epoch40": 0.01911351898064216,
    "epoch41": 0.018848842568695547,
    "epoch42": 0.018765295296907424,
    "epoch43": 0.01878658061226209,
    "epoch44": 0.01871406938880682,
    "epoch45": 0.01881637784341971,
    "epoch46": 0.01870213815321525,
    "epoch47": 0.018575971263150373,
    "epoch48": 0.018544221110641957,
    "epoch49": 0.018846253988643487,
    "epoch50": 0.018455994315445423,
    "epoch51": 0.018569635165234407,
    "epoch52": 0.018453175264100233,
    "epoch53": 0.01824246657391389,
    "epoch54": 0.018751977818707626,
    "epoch55": 0.018159366895755133,
    "epoch56": 0.018170461989939213,
    "epoch57": 0.01818759081264337,
    "epoch58": 0.018157820403575897,
    "epoch59": 0.018005964159965516,
    "epoch60": 0.018013922994335494,
    "epoch61": 0.018104964308440684,
    "epoch62": 0.01836065718283256,
    "epoch63": 0.018018084205687047,
    "epoch64": 0.01782177637020747,
    "epoch65": 0.017765707584718862,
    "epoch66": 0.017885284995039306,
    "epoch67": 0.017620097473263742,
    "epoch68": 0.01770205001036326,
    "epoch69": 0.01770351839562257,
    "epoch70": 0.017837198140720528,
    "epoch71": 0.018209674830238023,
    "epoch72": 0.017745648821194965,
    "epoch73": 0.017485343540708225,
    "epoch74": 0.01752012794216474,
    "epoch75": 0.017703871863583725,
    "epoch76": 0.017692934287091098,
    "epoch77": 0.017469062594075997,
    "epoch78": 0.017534237230817477,
    "epoch79": 0.017456016006569066,
    "epoch80": 0.01738751449932655,
    "epoch81": 0.017310089928408465,
    "epoch82": 0.017484289593994617,
    "epoch83": 0.017733239382505418,
    "epoch84": 0.017417007870972157,
    "epoch85": 0.01738978506376346,
    "epoch86": 0.01743423069516818,
    "epoch87": 0.017282612125078835,
    "epoch88": 0.017221711575984955,
    "epoch89": 0.017131348326802253,
    "epoch90": 0.017158407221237817,
    "epoch91": 0.017173696433504422,
    "epoch92": 0.01771774192651113,
    "epoch93": 0.018355992871026197,
    "epoch94": 0.017292740878959496,
    "epoch95": 0.017228613048791884,
    "epoch96": 0.017197545307377975,
    "epoch97": 0.017006881100436053,
    "epoch98": 0.017061124245325725,
    "epoch99": 0.017155640510221323,
    "epoch100": 0.017125411021212737
}