{
    "epoch1": 49.38009033203125,
    "epoch2": 48.0800048828125,
    "epoch3": 46.2488525390625,
    "epoch4": 43.0168212890625,
    "epoch5": 38.7180908203125,
    "epoch6": 36.73317057291667,
    "epoch7": 34.58932291666667,
    "epoch8": 34.4193115234375,
    "epoch9": 34.16795247395833,
    "epoch10": 34.11180826822917,
    "epoch11": 33.42140299479167,
    "epoch12": 33.44189453125,
    "epoch13": 33.162784830729166,
    "epoch14": 32.75033162434896,
    "epoch15": 33.24658406575521,
    "epoch16": 32.16183268229167,
    "epoch17": 32.334747314453125,
    "epoch18": 31.66252237955729,
    "epoch19": 31.42451375325521,
    "epoch20": 31.827764892578124,
    "epoch21": 31.12238972981771,
    "epoch22": 30.84150390625,
    "epoch23": 30.56715291341146,
    "epoch24": 31.332696533203126,
    "epoch25": 30.91410929361979,
    "epoch26": 30.263458251953125,
    "epoch27": 32.50532633463542,
    "epoch28": 30.126739501953125,
    "epoch29": 30.41898193359375,
    "epoch30": 29.705265299479166,
    "epoch31": 29.671502685546876,
    "epoch32": 29.48944091796875,
    "epoch33": 29.485294596354166,
    "epoch34": 29.112406412760418,
    "epoch35": 30.910418701171874,
    "epoch36": 28.75804443359375,
    "epoch37": 28.954817708333334,
    "epoch38": 29.306722005208332,
    "epoch39": 29.1658935546875,
    "epoch40": 29.25741984049479,
    "epoch41": 28.639227294921874,
    "epoch42": 28.49256591796875,
    "epoch43": 28.57227986653646,
    "epoch44": 28.34909464518229,
    "epoch45": 28.804868570963542,
    "epoch46": 28.187257893880208,
    "epoch47": 28.060618082682293,
    "epoch48": 28.126902262369793,
    "epoch49": 28.9594482421875,
    "epoch50": 27.682149251302082,
    "epoch51": 28.453951009114583,
    "epoch52": 28.050773111979165,
    "epoch53": 27.377779134114583,
    "epoch54": 28.552705891927083,
    "epoch55": 27.588482666015626,
    "epoch56": 27.7890869140625,
    "epoch57": 27.64509480794271,
    "epoch58": 27.516143798828125,
    "epoch59": 27.43563435872396,
    "epoch60": 27.329640706380207,
    "epoch61": 27.928533935546874,
    "epoch62": 28.55703328450521,
    "epoch63": 27.581146240234375,
    "epoch64": 27.155338541666666,
    "epoch65": 26.983013916015626,
    "epoch66": 27.329364013671874,
    "epoch67": 26.880961100260418,
    "epoch68": 27.08817138671875,
    "epoch69": 27.139109293619793,
    "epoch70": 27.665586344401042,
    "epoch71": 28.057572428385416,
    "epoch72": 27.078794352213542,
    "epoch73": 27.00727742513021,
    "epoch74": 26.904581705729168,
    "epoch75": 27.570442708333335,
    "epoch76": 27.286018880208335,
    "epoch77": 26.8853759765625,
    "epoch78": 27.225537109375,
    "epoch79": 27.198415120442707,
    "epoch80": 27.044462076822917,
    "epoch81": 26.993216959635415,
    "epoch82": 27.258848063151042,
    "epoch83": 27.553983561197917,
    "epoch84": 27.074857584635417,
    "epoch85": 27.432967122395834,
    "epoch86": 27.390059407552084,
    "epoch87": 26.977174886067708,
    "epoch88": 27.208941650390624,
    "epoch89": 26.908026123046874,
    "epoch90": 26.921915690104168,
    "epoch91": 26.9020751953125,
    "epoch92": 27.877364095052084,
    "epoch93": 29.53226318359375,
    "epoch94": 27.039286295572918,
    "epoch95": 27.176820882161458,
    "epoch96": 27.07345987955729,
    "epoch97": 26.815671793619792,
    "epoch98": 26.73453572591146,
    "epoch99": 27.04012654622396,
    "epoch100": 27.134539794921874
}