{
    "epoch0": {
        "layer1": {
            "max_length": 3.8975870609283447,
            "mean_length": 2.7448980145984225,
            "median_length": 2.745103120803833,
            "stdev_length": 0.4329232847464174,
            "sum_length": 271.74490344524384,
            "ratio_2_1": 2.2312659072608017,
            "ratio_3_1": 2.2186692163641473,
            "h": 4.582323531990711,
            "normh": 0.8175619817010078,
            "snr": Infinity,
            "mean_birth": 0.0,
            "stdev_birth": 0.0,
            "mean_death": 2.7448980145984225,
            "stdev_death": 0.4329232847464174
        },
        "layer2": {
            "max_length": 1.7310024499893188,
            "mean_length": 1.2972110720595929,
            "median_length": 1.3190885782241821,
            "stdev_length": 0.1939636924542977,
            "sum_length": 128.4238961338997,
            "ratio_2_1": 1.9826976279142676,
            "ratio_3_1": 1.894563003859291,
            "h": 4.583771445160236,
            "normh": 0.944068750577867,
            "snr": Infinity,
            "mean_birth": 0.0,
            "stdev_birth": 0.0,
            "mean_death": 1.2972110720595929,
            "stdev_death": 0.1939636924542977
        },
        "layer3": {
            "max_length": 0.12552908062934875,
            "mean_length": 0.0692370461695122,
            "median_length": 0.06712836027145386,
            "stdev_length": 0.016470098185486087,
            "sum_length": 6.854467570781708,
            "ratio_2_1": 3.2264731709670675,
            "ratio_3_1": 3.164645397865257,
            "h": 4.567402361899034,
            "normh": 2.372799025293013,
            "snr": Infinity,
            "mean_birth": 0.0,
            "stdev_birth": 0.0,
            "mean_death": 0.0692370461695122,
            "stdev_death": 0.016470098185486087
        }
    }
}