{
    "epoch1": 0.9078889074029254,
    "epoch2": 0.9290786974432372,
    "epoch3": 0.9441098870705963,
    "epoch4": 0.9553023053050728,
    "epoch5": 0.9604126696623219,
    "epoch6": 0.9637396048160981,
    "epoch7": 0.967490404443869,
    "epoch8": 0.9694897645437328,
    "epoch9": 0.9703694829956813,
    "epoch10": 0.9720049595992991,
    "epoch11": 0.973288548913661,
    "epoch12": 0.9749520163332432,
    "epoch13": 0.9765435069399008,
    "epoch14": 0.9768634047251974,
    "epoch15": 0.9766314789624223,
    "epoch16": 0.9779510565831427,
    "epoch17": 0.9790786956928513,
    "epoch18": 0.9787827904073382,
    "epoch19": 0.9799504166830066,
    "epoch20": 0.9779190667931726,
    "epoch21": 0.9771433150585234,
    "epoch22": 0.980358286204814,
    "epoch23": 0.9809420992854461,
    "epoch24": 0.9813819585686224,
    "epoch25": 0.9819497768114716,
    "epoch26": 0.9795265522090121,
    "epoch27": 0.9806621888377158,
    "epoch28": 0.9814299431963754,
    "epoch29": 0.9809500968044412,
    "epoch30": 0.9800303910435275,
    "epoch31": 0.9807741531312123,
    "epoch32": 0.9801423551654175,
    "epoch33": 0.9807981454307882,
    "epoch34": 0.982117723165913,
    "epoch35": 0.9803023040866669,
    "epoch36": 0.9814299432249765,
    "epoch37": 0.983061420968993,
    "epoch38": 0.9826695464279739,
    "epoch39": 0.9796785036684684,
    "epoch40": 0.9799104294598445,
    "epoch41": 0.9811900199718072,
    "epoch42": 0.9819177870215015,
    "epoch43": 0.9803902758517787,
    "epoch44": 0.9808301351635561,
    "epoch45": 0.980838132568147,
    "epoch46": 0.980254319487515,
    "epoch47": 0.9818618049033544,
    "epoch48": 0.9791346776965941,
    "epoch49": 0.9805102374926639,
    "epoch50": 0.9810300711077601
}