{
    "epoch1": 48.39408772786458,
    "epoch2": 43.832271321614584,
    "epoch3": 40.0592529296875,
    "epoch4": 34.807743326822916,
    "epoch5": 32.04623209635417,
    "epoch6": 31.304437255859376,
    "epoch7": 30.81007080078125,
    "epoch8": 30.265391031901043,
    "epoch9": 30.48386027018229,
    "epoch10": 29.85911865234375,
    "epoch11": 29.71140340169271,
    "epoch12": 29.70808308919271,
    "epoch13": 30.12562255859375,
    "epoch14": 29.38109130859375,
    "epoch15": 29.4142333984375,
    "epoch16": 28.604502360026043,
    "epoch17": 28.43209431966146,
    "epoch18": 28.18014119466146,
    "epoch19": 28.17209269205729,
    "epoch20": 27.8905517578125,
    "epoch21": 27.726983642578126,
    "epoch22": 27.677117919921876,
    "epoch23": 28.578847249348957,
    "epoch24": 27.823736572265624,
    "epoch25": 27.235097249348957,
    "epoch26": 26.93795369466146,
    "epoch27": 28.030029296875,
    "epoch28": 26.765250651041665,
    "epoch29": 26.714253743489582,
    "epoch30": 26.67811279296875,
    "epoch31": 27.778373209635415,
    "epoch32": 26.215952555338543,
    "epoch33": 26.71450398763021,
    "epoch34": 26.309346516927082,
    "epoch35": 26.44699910481771,
    "epoch36": 26.09408162434896,
    "epoch37": 25.86356201171875,
    "epoch38": 27.331852213541666,
    "epoch39": 28.019582112630207,
    "epoch40": 27.109486897786457,
    "epoch41": 27.14554239908854,
    "epoch42": 26.181363932291667,
    "epoch43": 27.178145345052084,
    "epoch44": 26.613698323567707,
    "epoch45": 26.072660319010417,
    "epoch46": 25.387935384114584,
    "epoch47": 25.966054280598957,
    "epoch48": 25.45961710611979,
    "epoch49": 25.110414632161458,
    "epoch50": 25.159661865234376,
    "epoch51": 25.36639404296875,
    "epoch52": 25.04532674153646,
    "epoch53": 25.00384521484375,
    "epoch54": 25.934153238932293,
    "epoch55": 24.924226888020833,
    "epoch56": 26.954526774088542,
    "epoch57": 28.233467610677085,
    "epoch58": 24.926582845052085,
    "epoch59": 27.430973307291666,
    "epoch60": 25.193705240885418,
    "epoch61": 24.9626708984375,
    "epoch62": 26.114190673828126,
    "epoch63": 26.415767415364584,
    "epoch64": 24.73324178059896,
    "epoch65": 25.553814697265626,
    "epoch66": 24.714607747395835,
    "epoch67": 24.446390787760418,
    "epoch68": 24.748065185546874,
    "epoch69": 24.870975748697916,
    "epoch70": 25.384014892578126,
    "epoch71": 25.084796142578124,
    "epoch72": 24.573974609375,
    "epoch73": 25.418865966796876,
    "epoch74": 25.112740071614585,
    "epoch75": 25.458856201171876,
    "epoch76": 24.429624430338542,
    "epoch77": 24.60655517578125,
    "epoch78": 24.467696126302084,
    "epoch79": 25.184745279947915,
    "epoch80": 24.188972981770835,
    "epoch81": 24.814408365885416,
    "epoch82": 24.408929443359376,
    "epoch83": 25.243719482421874,
    "epoch84": 24.281972249348957,
    "epoch85": 24.585990397135415,
    "epoch86": 24.571443684895833,
    "epoch87": 24.49716796875,
    "epoch88": 24.185319010416666,
    "epoch89": 25.88504638671875,
    "epoch90": 26.118570963541668,
    "epoch91": 26.07366943359375,
    "epoch92": 24.019034830729165,
    "epoch93": 24.5369384765625,
    "epoch94": 24.55714111328125,
    "epoch95": 24.626643880208334,
    "epoch96": 24.19270222981771,
    "epoch97": 24.017645263671874,
    "epoch98": 24.50838826497396,
    "epoch99": 24.253424072265624,
    "epoch100": 24.356612141927084
}