{
    "epoch1": 0.04590448861320814,
    "epoch2": 0.039572007954120636,
    "epoch3": 0.034388398130734764,
    "epoch4": 0.03041329359014829,
    "epoch5": 0.027544821922977764,
    "epoch6": 0.025426489611466725,
    "epoch7": 0.024039148663481075,
    "epoch8": 0.023091210673252743,
    "epoch9": 0.022436652953426044,
    "epoch10": 0.02187558946510156,
    "epoch11": 0.021324098110198975,
    "epoch12": 0.0207728644212087,
    "epoch13": 0.020155619829893112,
    "epoch14": 0.019553047915299732,
    "epoch15": 0.01892374890546004,
    "epoch16": 0.018329082367320854,
    "epoch17": 0.017687197774648666,
    "epoch18": 0.017095040219525497,
    "epoch19": 0.016541482259829838,
    "epoch20": 0.015963161053756874,
    "epoch21": 0.01539906890441974,
    "epoch22": 0.01479917640487353,
    "epoch23": 0.014328613566855589,
    "epoch24": 0.013788980121413866,
    "epoch25": 0.01332472295810779,
    "epoch26": 0.012807090456287066,
    "epoch27": 0.012405916427572569,
    "epoch28": 0.011885109357535839,
    "epoch29": 0.01150602474808693,
    "epoch30": 0.0110929060416917
}