{
    "epoch1": 117.34458414713542,
    "epoch2": 104.50120035807292,
    "epoch3": 95.3794657389323,
    "epoch4": 89.36192830403645,
    "epoch5": 85.47568766276042,
    "epoch6": 83.54556783040364,
    "epoch7": 82.43328857421875,
    "epoch8": 81.58777872721355,
    "epoch9": 81.0183817545573,
    "epoch10": 80.4638163248698,
    "epoch11": 79.94479370117188,
    "epoch12": 79.46565755208333,
    "epoch13": 78.90334065755208,
    "epoch14": 78.30829366048177,
    "epoch15": 77.66172281901042,
    "epoch16": 77.04903157552083,
    "epoch17": 76.23995971679688,
    "epoch18": 75.49229431152344,
    "epoch19": 74.87562052408855,
    "epoch20": 74.1339619954427,
    "epoch21": 73.3927714029948,
    "epoch22": 72.39851888020833,
    "epoch23": 71.72819010416667,
    "epoch24": 70.4910176595052,
    "epoch25": 69.15763854980469,
    "epoch26": 68.78954060872395,
    "epoch27": 68.34629313151042,
    "epoch28": 67.54378255208333,
    "epoch29": 66.75513203938802,
    "epoch30": 65.53190104166667
}