{
    "epoch1": 70.01688187210648,
    "epoch2": 57.56646050347222,
    "epoch3": 53.361056857638886,
    "epoch4": 49.7547290943287,
    "epoch5": 45.2312915943287,
    "epoch6": 42.895254629629626,
    "epoch7": 39.233669704861114,
    "epoch8": 36.492361563223376,
    "epoch9": 34.07805266203704,
    "epoch10": 31.796574345341437,
    "epoch11": 30.487815574363427,
    "epoch12": 29.34109836154514,
    "epoch13": 27.51250542534722,
    "epoch14": 26.810612431278937,
    "epoch15": 25.87262867115162,
    "epoch16": 25.215058503327548,
    "epoch17": 24.231669108072918,
    "epoch18": 23.70981174045139,
    "epoch19": 22.733961317274307,
    "epoch20": 22.143061885127313,
    "epoch21": 21.67351390697338,
    "epoch22": 20.973130967881943,
    "epoch23": 20.554011592158563,
    "epoch24": 20.08190239800347,
    "epoch25": 19.64469853153935,
    "epoch26": 19.32678900824653,
    "epoch27": 19.04419171368634,
    "epoch28": 19.320475260416668,
    "epoch29": 18.839396158854168,
    "epoch30": 18.422873037832755
}