{
    "epoch1": 79.95010080645162,
    "epoch2": 63.68849906394009,
    "epoch3": 56.51103020593318,
    "epoch4": 51.14705141129032,
    "epoch5": 47.276925223214285,
    "epoch6": 43.98463151641705,
    "epoch7": 40.763203845046085,
    "epoch8": 37.77509360599078,
    "epoch9": 35.30867925547235,
    "epoch10": 33.18904134864631,
    "epoch11": 31.431057837701612,
    "epoch12": 29.91208012312788,
    "epoch13": 28.803348664314516,
    "epoch14": 27.637281286002302,
    "epoch15": 26.64260512672811,
    "epoch16": 25.73785597278226,
    "epoch17": 24.92604001656106,
    "epoch18": 24.287689912154377,
    "epoch19": 23.430945330501153,
    "epoch20": 22.588822184619815,
    "epoch21": 22.066827026929722,
    "epoch22": 21.385674683179722,
    "epoch23": 20.973126530097925,
    "epoch24": 20.346846198156683,
    "epoch25": 19.789760044642858,
    "epoch26": 19.32574434763825,
    "epoch27": 18.957105504752302,
    "epoch28": 18.52232930407546,
    "epoch29": 18.37758541546659,
    "epoch30": 17.749329457085253
}