{
    "epoch1": 0.02896767775429056,
    "epoch2": 0.019826544587440948,
    "epoch3": 0.018370494187036727,
    "epoch4": 0.01785285019890425,
    "epoch5": 0.016824864465346995,
    "epoch6": 0.01649029644087274,
    "epoch7": 0.015652822082901887,
    "epoch8": 0.015243674004252286,
    "epoch9": 0.015131089192359372,
    "epoch10": 0.014491957542981873,
    "epoch11": 0.014302189035856344,
    "epoch12": 0.014116748493719609,
    "epoch13": 0.014322054374249691,
    "epoch14": 0.015494609469587499,
    "epoch15": 0.013701487986489813,
    "epoch16": 0.013550584917848415,
    "epoch17": 0.013381743823435712,
    "epoch18": 0.013336346415366898,
    "epoch19": 0.013187338380103416,
    "epoch20": 0.013739878341476334,
    "epoch21": 0.013203175976238352,
    "epoch22": 0.013310427628853854,
    "epoch23": 0.012928601007591536,
    "epoch24": 0.012974502915080557,
    "epoch25": 0.013772707056016364,
    "epoch26": 0.012939728439805355,
    "epoch27": 0.01279961734891255,
    "epoch28": 0.013927471150267632,
    "epoch29": 0.012635386499397933,
    "epoch30": 0.012724531745102177,
    "epoch31": 0.012598170116147462,
    "epoch32": 0.012646235050039088,
    "epoch33": 0.01256401767518292,
    "epoch34": 0.012473637505652422,
    "epoch35": 0.013235260752287316,
    "epoch36": 0.0126142934796975,
    "epoch37": 0.012376612696321086,
    "epoch38": 0.012291382700997465,
    "epoch39": 0.012459018386583379,
    "epoch40": 0.012896332830349182,
    "epoch41": 0.012292638490412464,
    "epoch42": 0.012272454481175605,
    "epoch43": 0.012212834271423995,
    "epoch44": 0.012314187897805204,
    "epoch45": 0.012228748117117806,
    "epoch46": 0.012131221443810996,
    "epoch47": 0.012357869225138046,
    "epoch48": 0.012090471979389165,
    "epoch49": 0.012128265188174678,
    "epoch50": 0.012413881025574308,
    "epoch51": 0.012293757494301238,
    "epoch52": 0.012234078006858521,
    "epoch53": 0.012110093935452242,
    "epoch54": 0.012068661435091116,
    "epoch55": 0.012157958417021214,
    "epoch56": 0.012167263241048823,
    "epoch57": 0.011954662172084159,
    "epoch58": 0.012560475815800911,
    "epoch59": 0.011984855273461088,
    "epoch60": 0.011946642117455919,
    "epoch61": 0.011880064105733912,
    "epoch62": 0.012546046399214167,
    "epoch63": 0.012943407768343991,
    "epoch64": 0.012213670351403826,
    "epoch65": 0.011812516022473574,
    "epoch66": 0.011868362245645294,
    "epoch67": 0.011741115889967756,
    "epoch68": 0.011877448268313991,
    "epoch69": 0.013352267909795046,
    "epoch70": 0.011699141211252897,
    "epoch71": 0.011703188917500542,
    "epoch72": 0.011934424126322599,
    "epoch73": 0.011894273670746925,
    "epoch74": 0.011659054491827463,
    "epoch75": 0.011856383049583181,
    "epoch76": 0.011585643396098563,
    "epoch77": 0.012073115326781222,
    "epoch78": 0.011573436105267164,
    "epoch79": 0.011742052235739662,
    "epoch80": 0.01158262603975674,
    "epoch81": 0.011536953336697943,
    "epoch82": 0.011658344744764109,
    "epoch83": 0.01176619990431565,
    "epoch84": 0.011697952308632593,
    "epoch85": 0.011477862455030071,
    "epoch86": 0.011540728304138843,
    "epoch87": 0.011753712850127449,
    "epoch88": 0.011495920799751865,
    "epoch89": 0.011624433991915368,
    "epoch90": 0.01151499180915825,
    "epoch91": 0.01177993387063133,
    "epoch92": 0.011400812355048478,
    "epoch93": 0.011732007099434416,
    "epoch94": 0.011525256291745192,
    "epoch95": 0.01138449351283464,
    "epoch96": 0.011513920441428398,
    "epoch97": 0.012800664056409547,
    "epoch98": 0.01151832366520737,
    "epoch99": 0.012941918761885546,
    "epoch100": 0.011614116146526438
}