{
    "epoch1": 2381.735039893617,
    "epoch2": 1978.9193816489362,
    "epoch3": 1852.5289228723404,
    "epoch4": 1889.395777925532,
    "epoch5": 1791.538397606383,
    "epoch6": 1694.4601063829787,
    "epoch7": 1676.5739694148936,
    "epoch8": 1666.9115691489362,
    "epoch9": 1704.162732712766,
    "epoch10": 1622.4300199468084,
    "epoch11": 1598.2185837765958,
    "epoch12": 1606.4634308510638,
    "epoch13": 1684.808011968085,
    "epoch14": 1781.8371010638298,
    "epoch15": 1574.6727061170213,
    "epoch16": 1536.564494680851,
    "epoch17": 1548.1871675531916,
    "epoch18": 1558.907579787234,
    "epoch19": 1521.1800199468084,
    "epoch20": 1603.4951795212767,
    "epoch21": 1538.643783244681,
    "epoch22": 1571.7933843085107,
    "epoch23": 1498.794880319149,
    "epoch24": 1505.548703457447,
    "epoch25": 1576.020777925532,
    "epoch26": 1541.2478390957447,
    "epoch27": 1495.193982712766,
    "epoch28": 1649.2406914893618,
    "epoch29": 1484.977892287234,
    "epoch30": 1511.1299867021276,
    "epoch31": 1482.3828125,
    "epoch32": 1498.2732712765958,
    "epoch33": 1471.724734042553,
    "epoch34": 1467.0882646276596,
    "epoch35": 1514.072972074468,
    "epoch36": 1510.7111037234042,
    "epoch37": 1458.7225731382978,
    "epoch38": 1447.40625,
    "epoch39": 1494.1366356382978,
    "epoch40": 1525.6760305851064,
    "epoch41": 1437.286402925532,
    "epoch42": 1444.817652925532,
    "epoch43": 1456.571642287234,
    "epoch44": 1426.5726396276596,
    "epoch45": 1431.8922872340424,
    "epoch46": 1439.7905585106382,
    "epoch47": 1454.9268617021276,
    "epoch48": 1430.448470744681,
    "epoch49": 1417.4621010638298,
    "epoch50": 1503.8334441489362,
    "epoch51": 1453.1459441489362,
    "epoch52": 1434.4020944148936,
    "epoch53": 1452.9258643617022,
    "epoch54": 1437.9097406914893,
    "epoch55": 1405.9808843085107,
    "epoch56": 1466.184341755319,
    "epoch57": 1401.8371010638298,
    "epoch58": 1440.8540558510638,
    "epoch59": 1422.6703789893618,
    "epoch60": 1393.345827792553,
    "epoch61": 1400.039727393617,
    "epoch62": 1496.5199468085107,
    "epoch63": 1504.8558843085107,
    "epoch64": 1443.9865359042553,
    "epoch65": 1394.9414893617022,
    "epoch66": 1410.0099734042553,
    "epoch67": 1396.891954787234,
    "epoch68": 1418.3759973404256,
    "epoch69": 1606.4210438829787,
    "epoch70": 1379.9896941489362,
    "epoch71": 1381.0831117021276,
    "epoch72": 1404.244015957447,
    "epoch73": 1391.4116522606382,
    "epoch74": 1374.9443151595744,
    "epoch75": 1396.282579787234,
    "epoch76": 1374.9710771276596,
    "epoch77": 1380.6422041223404,
    "epoch78": 1383.095661569149,
    "epoch79": 1382.7009640957447,
    "epoch80": 1370.550033244681,
    "epoch81": 1378.1053856382978,
    "epoch82": 1375.156914893617,
    "epoch83": 1399.4371675531916,
    "epoch84": 1380.7802526595744,
    "epoch85": 1375.3082613031916,
    "epoch86": 1345.0900099734042,
    "epoch87": 1442.9886968085107,
    "epoch88": 1343.9311835106382,
    "epoch89": 1372.791638962766,
    "epoch90": 1355.4620179521276,
    "epoch91": 1358.615109707447,
    "epoch92": 1333.4025930851064,
    "epoch93": 1333.7536569148936,
    "epoch94": 1380.8930352393618,
    "epoch95": 1335.860621675532,
    "epoch96": 1336.7041223404256,
    "epoch97": 1521.6382978723404,
    "epoch98": 1390.4046708776596,
    "epoch99": 1514.90625,
    "epoch100": 1360.9650930851064
}