{
    "epoch1": 3357.607380319149,
    "epoch2": 2201.683344414894,
    "epoch3": 1983.7521609042553,
    "epoch4": 1917.8467420212767,
    "epoch5": 1871.012300531915,
    "epoch6": 1828.7501662234042,
    "epoch7": 1793.8038563829787,
    "epoch8": 1750.9521276595744,
    "epoch9": 1723.7227393617022,
    "epoch10": 1700.7380319148936,
    "epoch11": 1672.3876329787233,
    "epoch12": 1668.1221742021276,
    "epoch13": 1649.092420212766,
    "epoch14": 1632.783909574468,
    "epoch15": 1619.859375,
    "epoch16": 1604.0965757978724,
    "epoch17": 1603.9020944148936,
    "epoch18": 1594.6499335106382,
    "epoch19": 1590.307347074468,
    "epoch20": 1568.724734042553,
    "epoch21": 1563.749335106383,
    "epoch22": 1565.081449468085,
    "epoch23": 1561.1366356382978,
    "epoch24": 1545.371675531915,
    "epoch25": 1553.6161901595744,
    "epoch26": 1543.443484042553,
    "epoch27": 1539.658078457447,
    "epoch28": 1530.9630984042553,
    "epoch29": 1521.4190492021276,
    "epoch30": 1527.1820146276596,
    "epoch31": 1516.5629986702127,
    "epoch32": 1519.5134640957447,
    "epoch33": 1514.0548537234042,
    "epoch34": 1504.7599734042553,
    "epoch35": 1497.1349734042553,
    "epoch36": 1501.7021276595744,
    "epoch37": 1490.658244680851,
    "epoch38": 1494.8946143617022,
    "epoch39": 1470.8982712765958,
    "epoch40": 1477.2608045212767,
    "epoch41": 1482.385970744681,
    "epoch42": 1477.2119348404256,
    "epoch43": 1474.5862699468084,
    "epoch44": 1464.328789893617,
    "epoch45": 1469.552027925532,
    "epoch46": 1466.433011968085,
    "epoch47": 1457.5666555851064,
    "epoch48": 1458.4632646276596,
    "epoch49": 1447.6929853723404,
    "epoch50": 1449.859375,
    "epoch51": 1446.0309175531916,
    "epoch52": 1453.2016289893618,
    "epoch53": 1441.526761968085,
    "epoch54": 1439.244847074468,
    "epoch55": 1431.4034242021276,
    "epoch56": 1428.9868683510638,
    "epoch57": 1430.314494680851,
    "epoch58": 1433.15625,
    "epoch59": 1425.6245013297873,
    "epoch60": 1429.3194813829787,
    "epoch61": 1420.7563164893618,
    "epoch62": 1417.7355385638298,
    "epoch63": 1423.753158244681,
    "epoch64": 1415.5224401595744,
    "epoch65": 1419.9509640957447,
    "epoch66": 1420.7963763297873,
    "epoch67": 1414.7960438829787,
    "epoch68": 1402.5121343085107,
    "epoch69": 1403.264295212766,
    "epoch70": 1401.1248337765958,
    "epoch71": 1419.4790558510638,
    "epoch72": 1401.020777925532,
    "epoch73": 1395.7268949468084,
    "epoch74": 1398.162234042553,
    "epoch75": 1394.1423703457447,
    "epoch76": 1395.393284574468,
    "epoch77": 1400.679022606383,
    "epoch78": 1393.1161070478724,
    "epoch79": 1378.2658743351064,
    "epoch80": 1385.6773603723404,
    "epoch81": 1388.565076462766,
    "epoch82": 1384.081283244681,
    "epoch83": 1374.548786569149,
    "epoch84": 1373.2114361702127,
    "epoch85": 1389.008477393617,
    "epoch86": 1373.751329787234,
    "epoch87": 1367.3857214095744,
    "epoch88": 1362.712932180851,
    "epoch89": 1366.418550531915,
    "epoch90": 1368.544797207447,
    "epoch91": 1365.0451296542553,
    "epoch92": 1367.8789893617022,
    "epoch93": 1363.943234707447,
    "epoch94": 1367.704953457447,
    "epoch95": 1353.041638962766,
    "epoch96": 1359.8773271276596,
    "epoch97": 1359.7608045212767,
    "epoch98": 1366.3764128989362,
    "epoch99": 1371.7307180851064,
    "epoch100": 1348.9777260638298
}