{
    "epoch0": {
        "layer1": {
            "max_length": 12.02158260345459,
            "mean_length": 8.56867294118862,
            "median_length": 8.540870666503906,
            "stdev_length": 1.2566655796226012,
            "sum_length": 848.2986211776733,
            "ratio_2_1": 2.1845321759458765,
            "ratio_3_1": 2.123738405742028,
            "h": 4.58410451293712,
            "normh": 0.6798081428180904,
            "snr": Infinity,
            "mean_birth": 0.0,
            "stdev_birth": 0.0,
            "mean_death": 8.56867294118862,
            "stdev_death": 1.2566655796226012
        },
        "layer2": {
            "max_length": 5.660566329956055,
            "mean_length": 4.011504695873068,
            "median_length": 3.981886148452759,
            "stdev_length": 0.5512580692192935,
            "sum_length": 397.1389648914337,
            "ratio_2_1": 1.7718474834466316,
            "ratio_3_1": 1.6953177168085038,
            "h": 4.585642641598582,
            "normh": 0.7662806297533417,
            "snr": Infinity,
            "mean_birth": 0.0,
            "stdev_birth": 0.0,
            "mean_death": 4.011504695873068,
            "stdev_death": 0.5512580692192935
        },
        "layer3": {
            "max_length": 2.616182327270508,
            "mean_length": 1.7844872920200079,
            "median_length": 1.7895128726959229,
            "stdev_length": 0.2151844691639584,
            "sum_length": 176.66424190998077,
            "ratio_2_1": 1.7746983391596585,
            "ratio_3_1": 1.7521768659287298,
            "h": 4.587970516527287,
            "normh": 0.8866926871076286,
            "snr": Infinity,
            "mean_birth": 0.0,
            "stdev_birth": 0.0,
            "mean_death": 1.7844872920200079,
            "stdev_death": 0.2151844691639584
        },
        "layer4": {
            "max_length": 1.3314906358718872,
            "mean_length": 0.8669621956468833,
            "median_length": 0.8652228116989136,
            "stdev_length": 0.1042240095483488,
            "sum_length": 85.82925736904144,
            "ratio_2_1": 1.5553722891359867,
            "ratio_3_1": 1.5515526764362781,
            "h": 4.588116227058603,
            "normh": 1.0304908600024552,
            "snr": Infinity,
            "mean_birth": 0.0,
            "stdev_birth": 0.0,
            "mean_death": 0.8669621956468833,
            "stdev_death": 0.1042240095483488
        },
        "layer5": {
            "max_length": 0.08442594856023788,
            "mean_length": 0.04580200318661001,
            "median_length": 0.044606853276491165,
            "stdev_length": 0.008757278694427042,
            "sum_length": 4.534398315474391,
            "ratio_2_1": 2.8058981729721673,
            "ratio_3_1": 2.444098760451156,
            "h": 4.577825835308783,
            "normh": 3.028278661910009,
            "snr": Infinity,
            "mean_birth": 0.0,
            "stdev_birth": 0.0,
            "mean_death": 0.04580200318661001,
            "stdev_death": 0.008757278694427042
        }
    }
}