{
    "epoch1": 0.16482139937579632,
    "epoch2": 0.09878446348011494,
    "epoch3": 0.07581168506294489,
    "epoch4": 0.07147060241550207,
    "epoch5": 0.07074427604675293,
    "epoch6": 0.06854024808853865,
    "epoch7": 0.06395460944622755,
    "epoch8": 0.05979961156845093,
    "epoch9": 0.05763395130634308,
    "epoch10": 0.055277750827372074,
    "epoch11": 0.05092895682901144,
    "epoch12": 0.04909915290772915,
    "epoch13": 0.046146937645971775,
    "epoch14": 0.0443849191069603,
    "epoch15": 0.04230177029967308,
    "epoch16": 0.03960741125047207,
    "epoch17": 0.03795685665681958,
    "epoch18": 0.03670972166582942,
    "epoch19": 0.03546466724947095,
    "epoch20": 0.0343725997954607,
    "epoch21": 0.03314894996583462,
    "epoch22": 0.03200621297582984,
    "epoch23": 0.03116311552003026,
    "epoch24": 0.030499030370265245,
    "epoch25": 0.030739744193851948,
    "epoch26": 0.02917892998084426,
    "epoch27": 0.029697554651647806,
    "epoch28": 0.029111312702298164,
    "epoch29": 0.028863999526947737,
    "epoch30": 0.028409098275005817,
    "epoch31": 0.02773775067180395,
    "epoch32": 0.028422398027032614,
    "epoch33": 0.027374909725040197,
    "epoch34": 0.02862058486789465,
    "epoch35": 0.026602072175592184,
    "epoch36": 0.027940040454268456,
    "epoch37": 0.0270347916521132,
    "epoch38": 0.02669565984979272,
    "epoch39": 0.026786852162331343,
    "epoch40": 0.026964081451296806,
    "epoch41": 0.026128338184207678,
    "epoch42": 0.025882740039378405,
    "epoch43": 0.02626487798988819,
    "epoch44": 0.025489243678748608,
    "epoch45": 0.026182035449892282,
    "epoch46": 0.026564634405076504,
    "epoch47": 0.025057829916477203,
    "epoch48": 0.025993739254772663,
    "epoch49": 0.025422350969165564,
    "epoch50": 0.025612457189708948,
    "epoch51": 0.025209452025592327,
    "epoch52": 0.024973562452942133,
    "epoch53": 0.024735243525356054,
    "epoch54": 0.024566912557929754,
    "epoch55": 0.025373154785484076,
    "epoch56": 0.023766917642205954,
    "epoch57": 0.025661335792392492,
    "epoch58": 0.023664827458560467,
    "epoch59": 0.025321368128061295,
    "epoch60": 0.023865560069680214,
    "epoch61": 0.023802387062460184,
    "epoch62": 0.0247379201464355,
    "epoch63": 0.02394897723570466,
    "epoch64": 0.024065248668193817,
    "epoch65": 0.023696480318903923,
    "epoch66": 0.02488044137135148,
    "epoch67": 0.023084469605237246,
    "epoch68": 0.024238286539912224,
    "epoch69": 0.023096661549061537,
    "epoch70": 0.023669432383030653,
    "epoch71": 0.022723074071109295,
    "epoch72": 0.024321884848177433,
    "epoch73": 0.022576242219656706,
    "epoch74": 0.02363340789452195,
    "epoch75": 0.023300839588046074,
    "epoch76": 0.02323321346193552,
    "epoch77": 0.02257497701793909,
    "epoch78": 0.02295030141249299,
    "epoch79": 0.022868535481393337,
    "epoch80": 0.023916172794997692,
    "epoch81": 0.022288465406745672,
    "epoch82": 0.023016384802758694,
    "epoch83": 0.02183056902140379,
    "epoch84": 0.02263638563454151,
    "epoch85": 0.023149691056460142,
    "epoch86": 0.022683674469590187,
    "epoch87": 0.02207009494304657,
    "epoch88": 0.02256852574646473,
    "epoch89": 0.021991580724716187,
    "epoch90": 0.022380891256034374,
    "epoch91": 0.022131099365651608,
    "epoch92": 0.022834503557533026,
    "epoch93": 0.022285410203039646,
    "epoch94": 0.022121125366538763,
    "epoch95": 0.02260140236467123,
    "epoch96": 0.021755944937467575,
    "epoch97": 0.02427558647468686,
    "epoch98": 0.021218510810285807,
    "epoch99": 0.02353177173063159,
    "epoch100": 0.021165615413337946
}