{
    "epoch1": 118.02532489483173,
    "epoch2": 58.74773700420673,
    "epoch3": 51.48596660907452,
    "epoch4": 51.89788348858173,
    "epoch5": 50.6976083608774,
    "epoch6": 48.71684852013221,
    "epoch7": 47.49934269831731,
    "epoch8": 46.80141038161058,
    "epoch9": 45.69079120342548,
    "epoch10": 44.65431565504808,
    "epoch11": 44.17612868088942,
    "epoch12": 43.17578125,
    "epoch13": 42.07895132211539,
    "epoch14": 40.94400259164664,
    "epoch15": 39.90240009014423,
    "epoch16": 39.05908437875601,
    "epoch17": 38.5846182016226,
    "epoch18": 37.41455312875601,
    "epoch19": 37.53725726787861,
    "epoch20": 36.35733501727764,
    "epoch21": 35.58275428185096,
    "epoch22": 34.77674748347356,
    "epoch23": 34.72545447716346,
    "epoch24": 33.9439697265625,
    "epoch25": 34.88727041391226,
    "epoch26": 33.801685039813705,
    "epoch27": 33.66298968975361,
    "epoch28": 33.69335233248197,
    "epoch29": 33.93270169771635,
    "epoch30": 33.434793325570915,
    "epoch31": 33.311816875751205,
    "epoch32": 33.14717219426082,
    "epoch33": 33.10208364633414,
    "epoch34": 33.47575261042668,
    "epoch35": 32.69694401667668,
    "epoch36": 33.52054302509014,
    "epoch37": 32.27813955453726,
    "epoch38": 32.32919546274039,
    "epoch39": 32.46851524939904,
    "epoch40": 32.585000845102165,
    "epoch41": 32.31022291917067,
    "epoch42": 32.063577505258415,
    "epoch43": 32.17018010066106,
    "epoch44": 32.0022207406851,
    "epoch45": 32.14724496694711,
    "epoch46": 32.03993107722356,
    "epoch47": 31.77813251201923,
    "epoch48": 32.23653001051683,
    "epoch49": 31.88208946814904,
    "epoch50": 31.392481877253605,
    "epoch51": 31.53345665564904,
    "epoch52": 31.335608849158653,
    "epoch53": 31.492591271033653,
    "epoch54": 30.93757746769832,
    "epoch55": 31.81367610051082,
    "epoch56": 31.13716242863582,
    "epoch57": 31.658916766826923,
    "epoch58": 30.781956599308895,
    "epoch59": 31.47477604792668,
    "epoch60": 30.916175255408653,
    "epoch61": 30.9062007023738,
    "epoch62": 31.466827392578125,
    "epoch63": 30.64514864408053,
    "epoch64": 30.686488224909855,
    "epoch65": 30.785930926983173,
    "epoch66": 30.95270479642428,
    "epoch67": 30.560398982121395,
    "epoch68": 30.780658428485577,
    "epoch69": 29.962367131159855,
    "epoch70": 30.403972919170673,
    "epoch71": 30.20066716120793,
    "epoch72": 30.973308856670673,
    "epoch73": 29.89174006535457,
    "epoch74": 31.007284311147835,
    "epoch75": 30.634845440204327,
    "epoch76": 30.178135798527645,
    "epoch77": 29.972214918870193,
    "epoch78": 30.59175227238582,
    "epoch79": 30.16606022761418,
    "epoch80": 30.230189396784855,
    "epoch81": 29.91078303410457,
    "epoch82": 30.024559607872597,
    "epoch83": 30.150299072265625,
    "epoch84": 29.91247793344351,
    "epoch85": 30.10351092998798,
    "epoch86": 30.210787259615383,
    "epoch87": 29.955357478215145,
    "epoch88": 29.364642803485577,
    "epoch89": 29.39880605844351,
    "epoch90": 29.596228966346153,
    "epoch91": 29.36695979191707,
    "epoch92": 29.39351008488582,
    "epoch93": 29.53332284780649,
    "epoch94": 29.512117826021633,
    "epoch95": 29.55272967998798,
    "epoch96": 29.489114614633415,
    "epoch97": 29.94446739783654,
    "epoch98": 29.915771484375,
    "epoch99": 29.835045447716347,
    "epoch100": 29.473050631009617
}