{
    "epoch1": 0.654661435213685,
    "epoch2": 0.8641038146793842,
    "epoch3": 0.8922719091325998,
    "epoch4": 0.907659527656436,
    "epoch5": 0.9223485748648643,
    "epoch6": 0.9325535745322704,
    "epoch7": 0.9402066692471505,
    "epoch8": 0.9461469071418047,
    "epoch9": 0.9522833353668452,
    "epoch10": 0.9567250019967556,
    "epoch11": 0.9617911920905113,
    "epoch12": 0.9645564302921296,
    "epoch13": 0.9686233348309994,
    "epoch14": 0.9708600012898445,
    "epoch15": 0.9732030964434147,
    "epoch16": 0.9758500013709068,
    "epoch17": 0.9774550009846688,
    "epoch18": 0.9800966678142548,
    "epoch19": 0.9807047628730535,
    "epoch20": 0.982973810428381,
    "epoch21": 0.9854200008034706,
    "epoch22": 0.9858300005912781,
    "epoch23": 0.9868069053530693,
    "epoch24": 0.9876952385783195,
    "epoch25": 0.9900466670513153,
    "epoch26": 0.990670000475645,
    "epoch27": 0.9908216670870781,
    "epoch28": 0.9920930956959725,
    "epoch29": 0.9925852384567261,
    "epoch30": 0.9934666669607163,
    "epoch31": 0.993923333632946,
    "epoch32": 0.9949883335113525,
    "epoch33": 0.9939433335900306,
    "epoch34": 0.9949766668558121,
    "epoch35": 0.9955966668486596,
    "epoch36": 0.9959300001740455,
    "epoch37": 0.9959433335304261,
    "epoch38": 0.9966666668057441,
    "epoch39": 0.996850000154972,
    "epoch40": 0.9961400001883507,
    "epoch41": 0.9968133334755898,
    "epoch42": 0.9975666667819023,
    "epoch43": 0.9974100000977516,
    "epoch44": 0.9977900001287461,
    "epoch45": 0.9974619048714638,
    "epoch46": 0.9978700001120567,
    "epoch47": 0.9974847620248795,
    "epoch48": 0.9983000000715255,
    "epoch49": 0.9983200001120567,
    "epoch50": 0.9983385714888573
}