{
    "epoch1": 0.8410343212439574,
    "epoch2": 0.8808838692214563,
    "epoch3": 0.8918351079705807,
    "epoch4": 0.9048761029323514,
    "epoch5": 0.919214631692111,
    "epoch6": 0.9236011220682725,
    "epoch7": 0.929856118216789,
    "epoch8": 0.9365607542957334,
    "epoch9": 0.9394584360311358,
    "epoch10": 0.9417066376843899,
    "epoch11": 0.943435254214193,
    "epoch12": 0.9469824165320225,
    "epoch13": 0.9450739432010148,
    "epoch14": 0.951838531511293,
    "epoch15": 0.9548461249978136,
    "epoch16": 0.9510191869106795,
    "epoch17": 0.9566147101582955,
    "epoch18": 0.9556155095426299,
    "epoch19": 0.9537370125595614,
    "epoch20": 0.9543365330147229,
    "epoch21": 0.9618105532454072,
    "epoch22": 0.9569944060391945,
    "epoch23": 0.9567545980429478,
    "epoch24": 0.9552557973695888,
    "epoch25": 0.9577937668604817,
    "epoch26": 0.9607114326610839,
    "epoch27": 0.9639688265695274,
    "epoch28": 0.9621702652755115,
    "epoch29": 0.9600719440755227,
    "epoch30": 0.9655875315626177,
    "epoch31": 0.960591528555758,
    "epoch32": 0.9638888904516646,
    "epoch33": 0.9634392501638948,
    "epoch34": 0.9603717041959008,
    "epoch35": 0.9637190263620098,
    "epoch36": 0.9645283786798838,
    "epoch37": 0.9656674676090121,
    "epoch38": 0.9631095141958561,
    "epoch39": 0.9627398098830124,
    "epoch40": 0.9636490821695443,
    "epoch41": 0.9649680272566614,
    "epoch42": 0.9635491620579497,
    "epoch43": 0.9614808169200266,
    "epoch44": 0.9662470037131001,
    "epoch45": 0.9664068760202943,
    "epoch46": 0.9646083148692152,
    "epoch47": 0.9656674675375437,
    "epoch48": 0.9650679472967875,
    "epoch49": 0.9659672276579219,
    "epoch50": 0.9624400497626343
}