{
    "epoch1": 6882.346774193548,
    "epoch2": 5210.213205645161,
    "epoch3": 4992.982862903225,
    "epoch4": 4696.179939516129,
    "epoch5": 4331.217237903225,
    "epoch6": 4136.1176915322585,
    "epoch7": 4021.6068548387098,
    "epoch8": 3863.453629032258,
    "epoch9": 3764.3951612903224,
    "epoch10": 3633.9914314516127,
    "epoch11": 3550.9896673387098,
    "epoch12": 3419.0831653225805,
    "epoch13": 3304.4523689516127,
    "epoch14": 3238.7487399193546,
    "epoch15": 3159.287550403226,
    "epoch16": 3101.0821572580644,
    "epoch17": 3018.1844758064517,
    "epoch18": 2933.2726814516127,
    "epoch19": 2845.4543850806454,
    "epoch20": 2759.2777217741937,
    "epoch21": 2653.6927923387098,
    "epoch22": 2602.9122983870966,
    "epoch23": 2504.9259072580644,
    "epoch24": 2447.7683971774195,
    "epoch25": 2349.0206653225805,
    "epoch26": 2277.6615423387098,
    "epoch27": 2230.4506048387098,
    "epoch28": 2184.1033266129034,
    "epoch29": 2120.8918850806454,
    "epoch30": 2091.740171370968
}