{
    "epoch1": 0.05758529218534628,
    "epoch2": 0.05172328061113755,
    "epoch3": 0.04567694834743937,
    "epoch4": 0.03910492453724146,
    "epoch5": 0.03310054152583083,
    "epoch6": 0.028352247551083565,
    "epoch7": 0.025268200396870572,
    "epoch8": 0.023790313474213082,
    "epoch9": 0.023530831405272085,
    "epoch10": 0.022421938832849264,
    "epoch11": 0.02197708693953852,
    "epoch12": 0.021602397474149864,
    "epoch13": 0.021335815467561286,
    "epoch14": 0.02113384202433129,
    "epoch15": 0.020701495775332052,
    "epoch16": 0.020506906012694042,
    "epoch17": 0.020271138831352193,
    "epoch18": 0.02013885253109038,
    "epoch19": 0.01976077475895484,
    "epoch20": 0.019556296911711495,
    "epoch21": 0.01978094852529466,
    "epoch22": 0.019216885945449274,
    "epoch23": 0.01901126893547674,
    "epoch24": 0.01884942400890092,
    "epoch25": 0.01862327327641348,
    "epoch26": 0.01840560898805658,
    "epoch27": 0.01847019682948788,
    "epoch28": 0.01836498803459108,
    "epoch29": 0.018125155474990606,
    "epoch30": 0.018419149098917842,
    "epoch31": 0.017942316131666303,
    "epoch32": 0.01778936378347377,
    "epoch33": 0.01772634273705383,
    "epoch34": 0.01784234835455815,
    "epoch35": 0.01753800455480814,
    "epoch36": 0.017705185261244576,
    "epoch37": 0.01738589055215319,
    "epoch38": 0.017458600923419,
    "epoch39": 0.017564861724774044,
    "epoch40": 0.017141278677930433,
    "epoch41": 0.017153174383565784,
    "epoch42": 0.0169774959795177,
    "epoch43": 0.01694657397456467,
    "epoch44": 0.01690893395182987,
    "epoch45": 0.016841437978049118,
    "epoch46": 0.016731190495193005,
    "epoch47": 0.017328565086548526,
    "epoch48": 0.017143388045951724,
    "epoch49": 0.016743037073562544,
    "epoch50": 0.01642480430503686,
    "epoch51": 0.016327444386358064,
    "epoch52": 0.016611488768830895,
    "epoch53": 0.01645799120888114,
    "epoch54": 0.016236844860638183,
    "epoch55": 0.016246986109763384,
    "epoch56": 0.01631555411343773,
    "epoch57": 0.016943439996490877,
    "epoch58": 0.01610582779782514,
    "epoch59": 0.016346555901691318,
    "epoch60": 0.016108789015561342,
    "epoch61": 0.015916923293843865,
    "epoch62": 0.015920611020798486,
    "epoch63": 0.015993845416232944,
    "epoch64": 0.01584535068832338,
    "epoch65": 0.01597570317486922,
    "epoch66": 0.015699724123502772,
    "epoch67": 0.015930296542743843,
    "epoch68": 0.01570973126217723,
    "epoch69": 0.015897549067934353,
    "epoch70": 0.01587419250669579,
    "epoch71": 0.015569617118065556,
    "epoch72": 0.015517811989411712,
    "epoch73": 0.015581064702322086,
    "epoch74": 0.015549222317834696,
    "epoch75": 0.015614053312068185,
    "epoch76": 0.015537383888537684,
    "epoch77": 0.015673446469008923,
    "epoch78": 0.015559127709517876,
    "epoch79": 0.015361876149351398,
    "epoch80": 0.01552360326362153,
    "epoch81": 0.015616911618659893,
    "epoch82": 0.015390834227825204,
    "epoch83": 0.015363021055236459,
    "epoch84": 0.015381641375521818,
    "epoch85": 0.015215452294796705,
    "epoch86": 0.015611974289640784,
    "epoch87": 0.015462477536251148,
    "epoch88": 0.015411598840728402,
    "epoch89": 0.015287209612627825,
    "epoch90": 0.015700119159494836,
    "epoch91": 0.015406580098594228,
    "epoch92": 0.015288788902883729,
    "epoch93": 0.015151300777991613,
    "epoch94": 0.01521959730113546,
    "epoch95": 0.015186215983703732,
    "epoch96": 0.015252821845933795,
    "epoch97": 0.015127505719040832,
    "epoch98": 0.01521530281752348,
    "epoch99": 0.015241151675581932,
    "epoch100": 0.015266055784498652
}