{
    "epoch1": 90.89740243375576,
    "epoch2": 79.7285876296083,
    "epoch3": 72.84389400921658,
    "epoch4": 63.06011034706221,
    "epoch5": 57.81071338565668,
    "epoch6": 56.66376548099078,
    "epoch7": 54.237597206221196,
    "epoch8": 52.13957643289171,
    "epoch9": 49.755796370967744,
    "epoch10": 47.66346396169355,
    "epoch11": 45.50151209677419,
    "epoch12": 43.61266471054147,
    "epoch13": 41.72015408986175,
    "epoch14": 40.18395377304147,
    "epoch15": 38.50901407690092,
    "epoch16": 36.86902811779954,
    "epoch17": 35.37401218677996,
    "epoch18": 34.23595685123848,
    "epoch19": 33.15609474006337,
    "epoch20": 32.160286758352534,
    "epoch21": 31.442189300115206,
    "epoch22": 30.473752070132488,
    "epoch23": 29.723095028081797,
    "epoch24": 29.237174179147466,
    "epoch25": 28.362032420074886,
    "epoch26": 27.762672811059907,
    "epoch27": 26.99430938580069,
    "epoch28": 26.48471927203341,
    "epoch29": 25.89663513464862,
    "epoch30": 25.46053922451037
}