{
    "epoch1": 0.04803351663491305,
    "epoch2": 0.03902053033166072,
    "epoch3": 0.030263161505846417,
    "epoch4": 0.025035327957833513,
    "epoch5": 0.02240932431510266,
    "epoch6": 0.021420640980496126,
    "epoch7": 0.02108996158794445,
    "epoch8": 0.020415946731672567,
    "epoch9": 0.020435826907701352,
    "epoch10": 0.019813678556067103,
    "epoch11": 0.01961954787154408,
    "epoch12": 0.01938544087769354,
    "epoch13": 0.019101635169456985,
    "epoch14": 0.01896647341987666,
    "epoch15": 0.01914009977789486,
    "epoch16": 0.018615273649201673,
    "epoch17": 0.01847320417051806,
    "epoch18": 0.018434346927439466,
    "epoch19": 0.018258432528990155,
    "epoch20": 0.01823261139147422,
    "epoch21": 0.01799336908494725,
    "epoch22": 0.01787961186731563,
    "epoch23": 0.017839272561318734,
    "epoch24": 0.018050823525032577,
    "epoch25": 0.01764677048606031,
    "epoch26": 0.017495848074117127,
    "epoch27": 0.017465802293051693,
    "epoch28": 0.01821517462239546,
    "epoch29": 0.0173839690602001,
    "epoch30": 0.017109545605147585,
    "epoch31": 0.017064289682928252,
    "epoch32": 0.01700836222837953,
    "epoch33": 0.017105100840768394,
    "epoch34": 0.016806801945409355,
    "epoch35": 0.016915110432926345,
    "epoch36": 0.016944926396450576,
    "epoch37": 0.016626684981233934,
    "epoch38": 0.01688268265741713,
    "epoch39": 0.01675986558856333,
    "epoch40": 0.016417730490074438,
    "epoch41": 0.016553045195691726,
    "epoch42": 0.016324616585145977,
    "epoch43": 0.016289689194630173,
    "epoch44": 0.016248434069840348,
    "epoch45": 0.016169358702266916,
    "epoch46": 0.016647656448185444,
    "epoch47": 0.01603235786452013,
    "epoch48": 0.01643287587691756,
    "epoch49": 0.01594767752377426,
    "epoch50": 0.016021127374294925,
    "epoch51": 0.01596217881888151,
    "epoch52": 0.015823457883123088,
    "epoch53": 0.01587825224680059,
    "epoch54": 0.01603022836806143,
    "epoch55": 0.015986273613046196,
    "epoch56": 0.016012428931015378,
    "epoch57": 0.015754686613731524,
    "epoch58": 0.015592014033566503,
    "epoch59": 0.015659881700925967,
    "epoch60": 0.015528917038703667,
    "epoch61": 0.015505781780709238,
    "epoch62": 0.015474644270451629,
    "epoch63": 0.015959379975410068,
    "epoch64": 0.0158264025059693,
    "epoch65": 0.01540707320194034,
    "epoch66": 0.01528973422725411,
    "epoch67": 0.015299424474291941,
    "epoch68": 0.015935815322925064,
    "epoch69": 0.015264733365791686,
    "epoch70": 0.015711307142148998,
    "epoch71": 0.015418217079166104,
    "epoch72": 0.015119327013106906,
    "epoch73": 0.015179174349588506,
    "epoch74": 0.015137049150379264,
    "epoch75": 0.015165576985215439,
    "epoch76": 0.015135081484913826,
    "epoch77": 0.015923568924121997,
    "epoch78": 0.014988574363729534,
    "epoch79": 0.015061700990533127,
    "epoch80": 0.015002036795896642,
    "epoch81": 0.015133158468148288,
    "epoch82": 0.015220665865961243,
    "epoch83": 0.01525829776245005,
    "epoch84": 0.014898845378090353,
    "epoch85": 0.014929418287733021,
    "epoch86": 0.015096758108805208,
    "epoch87": 0.014886382090694764,
    "epoch88": 0.014859183855793056,
    "epoch89": 0.015044923926539281,
    "epoch90": 0.01511482713634477,
    "epoch91": 0.014806038206991027,
    "epoch92": 0.0150497693239766,
    "epoch93": 0.014846726868520765,
    "epoch94": 0.014678204377346179,
    "epoch95": 0.01497955696986002,
    "epoch96": 0.015098779790979974,
    "epoch97": 0.014748221537207855,
    "epoch98": 0.014921762268332875,
    "epoch99": 0.014657501788700329,
    "epoch100": 0.014608154840329114
}