{
    "epoch1": 56.487158203125,
    "epoch2": 44.194921875,
    "epoch3": 40.13271859975961,
    "epoch4": 35.73653094951923,
    "epoch5": 33.155089393028845,
    "epoch6": 31.404710036057693,
    "epoch7": 31.189898212139422,
    "epoch8": 30.54388897235577,
    "epoch9": 30.556817157451924,
    "epoch10": 30.292174353966345,
    "epoch11": 30.130958909254808,
    "epoch12": 29.904486553485576,
    "epoch13": 29.954184194711537,
    "epoch14": 29.83055889423077,
    "epoch15": 29.808680138221153,
    "epoch16": 29.532080078125,
    "epoch17": 29.53046875,
    "epoch18": 29.495179161658655,
    "epoch19": 29.29620079627404,
    "epoch20": 29.230194561298077,
    "epoch21": 29.075860126201924,
    "epoch22": 28.998704176682693,
    "epoch23": 28.92255859375,
    "epoch24": 28.69408991887019,
    "epoch25": 28.759690504807693,
    "epoch26": 28.5091552734375,
    "epoch27": 28.513818359375,
    "epoch28": 28.330132587139424,
    "epoch29": 28.62836162860577,
    "epoch30": 28.155853740985577,
    "epoch31": 28.144940655048078,
    "epoch32": 28.07591271033654,
    "epoch33": 27.928130634014423,
    "epoch34": 28.071946364182693,
    "epoch35": 27.857573993389423,
    "epoch36": 27.783779672475962,
    "epoch37": 27.56317420372596,
    "epoch38": 27.67631084735577,
    "epoch39": 27.577071439302884,
    "epoch40": 27.516147085336538,
    "epoch41": 27.56205303485577,
    "epoch42": 27.319379131610578,
    "epoch43": 27.22740009014423,
    "epoch44": 27.040677584134617,
    "epoch45": 27.119797926682693,
    "epoch46": 27.148255333533655,
    "epoch47": 27.18895545372596,
    "epoch48": 27.197130408653845,
    "epoch49": 27.193695537860577,
    "epoch50": 26.858616286057693,
    "epoch51": 26.821471228966345,
    "epoch52": 27.028057391826923,
    "epoch53": 26.806610576923077,
    "epoch54": 26.818678635817307,
    "epoch55": 26.720261793870193,
    "epoch56": 26.655252779447114,
    "epoch57": 26.658492337740384,
    "epoch58": 26.347952974759615,
    "epoch59": 26.436245492788462,
    "epoch60": 26.297261868990386,
    "epoch61": 26.438572340745193,
    "epoch62": 26.36866924579327,
    "epoch63": 26.440929236778846,
    "epoch64": 26.856849083533653,
    "epoch65": 26.10984637920673,
    "epoch66": 26.176802884615384,
    "epoch67": 26.08062462439904,
    "epoch68": 26.104259314903846,
    "epoch69": 26.18416278545673,
    "epoch70": 26.175345552884615,
    "epoch71": 26.065641902043268,
    "epoch72": 26.015341421274037,
    "epoch73": 25.92541691706731,
    "epoch74": 25.94355280949519,
    "epoch75": 25.917756535456732,
    "epoch76": 26.01222205528846,
    "epoch77": 25.973672250600963,
    "epoch78": 26.247930438701925,
    "epoch79": 25.94755108173077,
    "epoch80": 25.89552283653846,
    "epoch81": 25.80067420372596,
    "epoch82": 25.71741473858173,
    "epoch83": 25.815360201322115,
    "epoch84": 25.71086613581731,
    "epoch85": 25.76917442908654,
    "epoch86": 25.852760667067308,
    "epoch87": 25.793800706129808,
    "epoch88": 25.50682654747596,
    "epoch89": 25.61451134314904,
    "epoch90": 25.54530498798077,
    "epoch91": 25.462434269831732,
    "epoch92": 25.42681603064904,
    "epoch93": 25.43982121394231,
    "epoch94": 25.51341271033654,
    "epoch95": 25.272124774639423,
    "epoch96": 25.52392578125,
    "epoch97": 25.35,
    "epoch98": 25.298848783052886,
    "epoch99": 25.409375,
    "epoch100": 25.214710411658654
}