{
    "epoch1": 47.18280388327206,
    "epoch2": 43.17449951171875,
    "epoch3": 38.316417020909924,
    "epoch4": 36.16361012178309,
    "epoch5": 33.26955638212316,
    "epoch6": 32.227118997012866,
    "epoch7": 30.88149126838235,
    "epoch8": 31.13571346507353,
    "epoch9": 31.835057875689337,
    "epoch10": 30.911613913143384,
    "epoch11": 30.992596794577207,
    "epoch12": 30.961612477022058,
    "epoch13": 30.880658318014707,
    "epoch14": 30.885541130514707,
    "epoch15": 30.74441707835478,
    "epoch16": 30.6500244140625,
    "epoch17": 30.55129825367647,
    "epoch18": 30.807624368106616,
    "epoch19": 30.481560202205884,
    "epoch20": 30.146294088924634,
    "epoch21": 29.979522705078125,
    "epoch22": 29.881417667164524,
    "epoch23": 30.2003999597886,
    "epoch24": 30.538825539981616,
    "epoch25": 29.487245447495404,
    "epoch26": 29.785594267003678,
    "epoch27": 29.3758939855239,
    "epoch28": 30.961605296415442,
    "epoch29": 29.823872285730697,
    "epoch30": 28.959131577435663,
    "epoch31": 29.19206148035386,
    "epoch32": 28.693695068359375,
    "epoch33": 28.709723977481616,
    "epoch34": 28.69110107421875,
    "epoch35": 28.515705781824447,
    "epoch36": 29.298576803768384,
    "epoch37": 28.699339025160846,
    "epoch38": 28.599228802849264,
    "epoch39": 29.01301305434283,
    "epoch40": 28.365968592026654,
    "epoch41": 28.226837158203125,
    "epoch42": 27.971060360179226,
    "epoch43": 28.21260160558364,
    "epoch44": 28.21640194163603,
    "epoch45": 28.17246380974265,
    "epoch46": 28.5773100011489,
    "epoch47": 27.790541704963236,
    "epoch48": 28.644182990579043,
    "epoch49": 27.651666977826288,
    "epoch50": 27.74332383099724,
    "epoch51": 27.69644344554228,
    "epoch52": 27.574150534237134,
    "epoch53": 27.736663818359375,
    "epoch54": 27.997721952550553,
    "epoch55": 27.957453110638788,
    "epoch56": 28.034662583295038,
    "epoch57": 27.56955853630515,
    "epoch58": 27.286595961626837,
    "epoch59": 27.139736399931067,
    "epoch60": 27.254335291245404,
    "epoch61": 26.881679759306067,
    "epoch62": 26.83013916015625,
    "epoch63": 27.62298583984375,
    "epoch64": 27.16606050379136,
    "epoch65": 26.902614817899817,
    "epoch66": 26.830236098345587,
    "epoch67": 26.85679536707261,
    "epoch68": 27.972426470588236,
    "epoch69": 26.668460621553308,
    "epoch70": 27.566745533662683,
    "epoch71": 26.796092313878678,
    "epoch72": 26.498422061695774,
    "epoch73": 26.687184053308822,
    "epoch74": 26.656556970932904,
    "epoch75": 26.511989817899817,
    "epoch76": 26.747201358570774,
    "epoch77": 28.025356517118567,
    "epoch78": 26.263625201056986,
    "epoch79": 26.5933012120864,
    "epoch80": 26.373109705307904,
    "epoch81": 26.723336612477024,
    "epoch82": 26.92213170668658,
    "epoch83": 26.418410357306986,
    "epoch84": 26.293126723345587,
    "epoch85": 26.159779268152572,
    "epoch86": 26.664723115808822,
    "epoch87": 26.280375761144303,
    "epoch88": 25.937437169692096,
    "epoch89": 26.175537109375,
    "epoch90": 26.75544469496783,
    "epoch91": 25.905142391429226,
    "epoch92": 26.588202981387866,
    "epoch93": 26.249825870289524,
    "epoch94": 25.84139296587776,
    "epoch95": 26.446468577665442,
    "epoch96": 26.086307301240808,
    "epoch97": 25.922528435202207,
    "epoch98": 25.750053854549634,
    "epoch99": 25.9054350011489,
    "epoch100": 25.530284208409928
}