{
    "epoch1": 96.09664669552365,
    "epoch2": 81.53274123733108,
    "epoch3": 79.49687895903716,
    "epoch4": 77.35452517947635,
    "epoch5": 74.16392393369932,
    "epoch6": 70.9824416701858,
    "epoch7": 66.8255516258446,
    "epoch8": 63.95166015625,
    "epoch9": 62.260029560810814,
    "epoch10": 61.14356788429054,
    "epoch11": 60.5084327491554,
    "epoch12": 59.7806495460304,
    "epoch13": 59.166173986486484,
    "epoch14": 58.135339685388516,
    "epoch15": 57.8350269214527,
    "epoch16": 56.911574904983105,
    "epoch17": 56.29528478673986,
    "epoch18": 55.74286713471284,
    "epoch19": 54.91747716955236,
    "epoch20": 54.80588180954392,
    "epoch21": 53.443461650126686,
    "epoch22": 53.654263883023646,
    "epoch23": 52.78366501266892,
    "epoch24": 51.77231247360642,
    "epoch25": 51.017112938133444,
    "epoch26": 49.74496872360642,
    "epoch27": 48.90108345650338,
    "epoch28": 47.704378695101354,
    "epoch29": 47.726555901604726,
    "epoch30": 46.11758340371622
}