{
    "epoch1": 87.46255154079861,
    "epoch2": 83.83488633897569,
    "epoch3": 82.426513671875,
    "epoch4": 79.54939778645833,
    "epoch5": 76.58622911241319,
    "epoch6": 72.3309326171875,
    "epoch7": 68.83171251085069,
    "epoch8": 66.24477132161458,
    "epoch9": 65.33121744791667,
    "epoch10": 63.92210557725694,
    "epoch11": 64.00727674696181,
    "epoch12": 63.066609700520836,
    "epoch13": 63.09160698784722,
    "epoch14": 61.52679443359375,
    "epoch15": 61.719455295138886,
    "epoch16": 61.47850884331597,
    "epoch17": 61.196689181857636,
    "epoch18": 60.13469102647569,
    "epoch19": 59.46202256944444,
    "epoch20": 58.5875244140625,
    "epoch21": 58.00926378038194,
    "epoch22": 56.2406005859375,
    "epoch23": 55.20782131618924,
    "epoch24": 53.92057630750868,
    "epoch25": 54.113315158420136,
    "epoch26": 51.685394287109375,
    "epoch27": 51.251925998263886,
    "epoch28": 51.44929334852431,
    "epoch29": 49.71747165256076,
    "epoch30": 48.408962673611114
}