{
    "epoch1": 90.45904947916667,
    "epoch2": 47.360026041666664,
    "epoch3": 45.60791015625,
    "epoch4": 43.80929633246528,
    "epoch5": 41.6746826171875,
    "epoch6": 39.38941786024306,
    "epoch7": 36.80922580295139,
    "epoch8": 34.73107096354167,
    "epoch9": 33.13970269097222,
    "epoch10": 32.302007378472226,
    "epoch11": 31.211466471354168,
    "epoch12": 30.69675835503472,
    "epoch13": 30.437391493055557,
    "epoch14": 30.061922200520833,
    "epoch15": 29.53862033420139,
    "epoch16": 29.606722005208333,
    "epoch17": 29.064287651909723,
    "epoch18": 29.014455837673612,
    "epoch19": 28.714708116319443,
    "epoch20": 28.600113932291666,
    "epoch21": 28.380699327256945,
    "epoch22": 28.175523546006943,
    "epoch23": 28.225271267361112,
    "epoch24": 28.149671766493057,
    "epoch25": 27.851869032118056,
    "epoch26": 27.840380859375,
    "epoch27": 27.8117919921875,
    "epoch28": 27.652775065104166,
    "epoch29": 27.781952582465276,
    "epoch30": 27.504880099826387,
    "epoch31": 27.806768120659722,
    "epoch32": 27.501798502604167,
    "epoch33": 27.656827799479167,
    "epoch34": 27.367971462673612,
    "epoch35": 27.189455837673613,
    "epoch36": 27.335704210069444,
    "epoch37": 27.18027886284722,
    "epoch38": 27.16447482638889,
    "epoch39": 27.096378580729166,
    "epoch40": 26.904728190104166,
    "epoch41": 27.3185546875,
    "epoch42": 26.936648220486113,
    "epoch43": 26.779972330729166,
    "epoch44": 26.93825954861111,
    "epoch45": 26.726158311631945,
    "epoch46": 26.814274088541666,
    "epoch47": 26.437535264756946,
    "epoch48": 26.566153971354165,
    "epoch49": 26.51860080295139,
    "epoch50": 26.2812255859375,
    "epoch51": 26.365418836805556,
    "epoch52": 26.494759114583335,
    "epoch53": 26.571378580729167,
    "epoch54": 26.179069010416665,
    "epoch55": 26.1363525390625,
    "epoch56": 26.0583984375,
    "epoch57": 26.02533637152778,
    "epoch58": 26.012369791666668,
    "epoch59": 26.020619032118056,
    "epoch60": 26.0125244140625,
    "epoch61": 26.333113606770834,
    "epoch62": 25.789656575520834,
    "epoch63": 25.975542534722223,
    "epoch64": 25.65827907986111,
    "epoch65": 25.8418701171875,
    "epoch66": 25.79006618923611,
    "epoch67": 25.637950303819444,
    "epoch68": 25.574259440104168,
    "epoch69": 25.67062717013889,
    "epoch70": 25.84516059027778,
    "epoch71": 25.39651150173611,
    "epoch72": 25.599362521701387,
    "epoch73": 25.32541775173611,
    "epoch74": 25.5294921875,
    "epoch75": 25.27407497829861,
    "epoch76": 25.483732096354167,
    "epoch77": 25.218416341145833,
    "epoch78": 25.236808268229165,
    "epoch79": 25.081092664930555,
    "epoch80": 25.38572048611111,
    "epoch81": 25.326657443576387,
    "epoch82": 25.087717013888888,
    "epoch83": 24.945157877604167,
    "epoch84": 24.708669704861112,
    "epoch85": 24.9130615234375,
    "epoch86": 24.944449869791665,
    "epoch87": 25.016550021701388,
    "epoch88": 25.098296440972224,
    "epoch89": 24.743229166666666,
    "epoch90": 24.607047526041665,
    "epoch91": 24.91603461371528,
    "epoch92": 25.026719835069443,
    "epoch93": 24.82814398871528,
    "epoch94": 25.081648763020834,
    "epoch95": 24.566899956597222,
    "epoch96": 24.726304796006943,
    "epoch97": 24.713213433159723,
    "epoch98": 24.482454427083333,
    "epoch99": 24.531062825520834,
    "epoch100": 24.72612847222222
}