{
    "epoch1": 102.46638777449324,
    "epoch2": 78.3569137985642,
    "epoch3": 72.4605811866554,
    "epoch4": 65.34621779983108,
    "epoch5": 62.40149255701014,
    "epoch6": 60.462422138935814,
    "epoch7": 58.71642736486486,
    "epoch8": 58.006030933277025,
    "epoch9": 55.924646326013516,
    "epoch10": 55.393713048986484,
    "epoch11": 53.461392789273646,
    "epoch12": 52.44018884607264,
    "epoch13": 50.67439558699324,
    "epoch14": 48.48792823585304,
    "epoch15": 49.304611618454395,
    "epoch16": 46.8029884132179,
    "epoch17": 45.65180268158784,
    "epoch18": 43.75656210409628,
    "epoch19": 42.81677576013514,
    "epoch20": 41.227941564611484,
    "epoch21": 39.425556904560814,
    "epoch22": 39.4450122730152,
    "epoch23": 37.868876689189186,
    "epoch24": 36.86028227934966,
    "epoch25": 36.12626029349662,
    "epoch26": 35.179232210726354,
    "epoch27": 34.896220439189186,
    "epoch28": 33.75008247994088,
    "epoch29": 32.87326462204392,
    "epoch30": 32.022942620354726
}