{
    "epoch1": 83.14230685763889,
    "epoch2": 78.19705539279514,
    "epoch3": 70.42977566189236,
    "epoch4": 68.59745958116319,
    "epoch5": 66.45362684461806,
    "epoch6": 64.05770534939236,
    "epoch7": 62.942294650607636,
    "epoch8": 61.27195909288194,
    "epoch9": 61.007052951388886,
    "epoch10": 58.32929144965278,
    "epoch11": 57.662394205729164,
    "epoch12": 54.84095594618056,
    "epoch13": 53.579318576388886,
    "epoch14": 52.326924641927086,
    "epoch15": 51.13775295681424,
    "epoch16": 48.59289211697049,
    "epoch17": 46.905968560112846,
    "epoch18": 45.540673149956596,
    "epoch19": 44.33524915907118,
    "epoch20": 42.63995361328125,
    "epoch21": 42.24401177300347,
    "epoch22": 43.15503946940104,
    "epoch23": 39.82628038194444,
    "epoch24": 39.095065646701386,
    "epoch25": 38.099511040581596,
    "epoch26": 37.887430826822914,
    "epoch27": 36.33229234483507,
    "epoch28": 36.380337185329864,
    "epoch29": 35.60505506727431,
    "epoch30": 35.19593641493056
}