{
    "epoch1": 0.0003476416807388887,
    "epoch2": 0.00022064604237675666,
    "epoch3": 0.0001251333759573754,
    "epoch4": 6.030268844915554e-05,
    "epoch5": 2.544668016344076e-05,
    "epoch6": 1.3413064958513132e-05,
    "epoch7": 1.1166680749738589e-05,
    "epoch8": 1.0476191650923283e-05,
    "epoch9": 9.847167701991566e-06,
    "epoch10": 9.272254884763242e-06,
    "epoch11": 8.781380958680528e-06,
    "epoch12": 8.364597125819273e-06,
    "epoch13": 8.024962195122497e-06,
    "epoch14": 7.747704764824447e-06,
    "epoch15": 7.531689786446805e-06,
    "epoch16": 7.3156108826424315e-06,
    "epoch17": 7.173096341603014e-06,
    "epoch18": 7.026818733038454e-06,
    "epoch19": 6.9044828546793725e-06,
    "epoch20": 6.822996703817807e-06,
    "epoch21": 6.729345978101264e-06,
    "epoch22": 6.662330614176426e-06,
    "epoch23": 6.573667669044881e-06,
    "epoch24": 6.529388748617748e-06,
    "epoch25": 6.468091768283557e-06,
    "epoch26": 6.4415241433835036e-06,
    "epoch27": 6.369811791614666e-06,
    "epoch28": 6.3316817820577855e-06,
    "epoch29": 6.280022610553715e-06,
    "epoch30": 6.25644410570203e-06
}