{
    "epoch1": 200.0,
    "epoch2": 200.0,
    "epoch3": 200.0,
    "epoch4": 199.99721875,
    "epoch5": 197.34821875,
    "epoch6": 172.27625,
    "epoch7": 150.442375,
    "epoch8": 144.048546875,
    "epoch9": 141.13971875,
    "epoch10": 138.45153125,
    "epoch11": 136.005171875,
    "epoch12": 133.311203125,
    "epoch13": 130.65640625,
    "epoch14": 128.1929375,
    "epoch15": 126.0352890625,
    "epoch16": 123.6298203125,
    "epoch17": 122.50025,
    "epoch18": 120.60440625,
    "epoch19": 118.7265390625,
    "epoch20": 118.0249765625,
    "epoch21": 115.969265625,
    "epoch22": 114.9045078125,
    "epoch23": 113.3541484375,
    "epoch24": 112.93671875,
    "epoch25": 111.66671875,
    "epoch26": 111.2018203125,
    "epoch27": 109.6059609375,
    "epoch28": 109.158796875,
    "epoch29": 108.089328125,
    "epoch30": 107.9613046875
}