{
    "epoch1": 200.0,
    "epoch2": 200.0,
    "epoch3": 200.0,
    "epoch4": 200.0,
    "epoch5": 189.755828125,
    "epoch6": 158.630734375,
    "epoch7": 146.093640625,
    "epoch8": 142.05,
    "epoch9": 139.517796875,
    "epoch10": 137.655578125,
    "epoch11": 134.895984375,
    "epoch12": 132.2935,
    "epoch13": 129.6909453125,
    "epoch14": 127.3035390625,
    "epoch15": 125.0415859375,
    "epoch16": 123.968796875,
    "epoch17": 121.7620625,
    "epoch18": 120.3981796875,
    "epoch19": 119.64059375,
    "epoch20": 116.7936875,
    "epoch21": 115.92596875,
    "epoch22": 114.52778125,
    "epoch23": 114.4941328125,
    "epoch24": 112.8649375,
    "epoch25": 112.206171875,
    "epoch26": 110.6183359375,
    "epoch27": 110.63675,
    "epoch28": 109.7856796875,
    "epoch29": 110.0056015625,
    "epoch30": 108.730734375
}