{
    "epoch1": 0.05355301978332656,
    "epoch2": 0.03980602962630136,
    "epoch3": 0.03641766070255211,
    "epoch4": 0.032373431005648205,
    "epoch5": 0.02846658948276724,
    "epoch6": 0.025210064702800343,
    "epoch7": 0.0215002250458513,
    "epoch8": 0.018954684691769735,
    "epoch9": 0.016978940261261805,
    "epoch10": 0.01573043835482427,
    "epoch11": 0.014928510412573814,
    "epoch12": 0.014454337768256664,
    "epoch13": 0.014174320535468203,
    "epoch14": 0.013993978234274047,
    "epoch15": 0.013782479268099581,
    "epoch16": 0.013635492218392236,
    "epoch17": 0.013506952673196793,
    "epoch18": 0.013411847608430045,
    "epoch19": 0.013278902641364507,
    "epoch20": 0.0132099272949355,
    "epoch21": 0.013152215164154768,
    "epoch22": 0.012996563887489694,
    "epoch23": 0.013179855421185493,
    "epoch24": 0.012899065456752266,
    "epoch25": 0.012786623955305134,
    "epoch26": 0.012733134241508586,
    "epoch27": 0.012690046735640084,
    "epoch28": 0.012954528243946177,
    "epoch29": 0.012682337846074785,
    "epoch30": 0.012572408587272679,
    "epoch31": 0.012587712678526129,
    "epoch32": 0.012594088512871946,
    "epoch33": 0.012498615110026938,
    "epoch34": 0.012543411725865943,
    "epoch35": 0.012787719922406333,
    "epoch36": 0.012364285931523358,
    "epoch37": 0.012287060863205366,
    "epoch38": 0.012535062951168843,
    "epoch39": 0.01262298519057887,
    "epoch40": 0.012364891889904226,
    "epoch41": 0.012190311881048339,
    "epoch42": 0.012252898421138525,
    "epoch43": 0.012163379894835609,
    "epoch44": 0.012353049258568458,
    "epoch45": 0.012096658615129334,
    "epoch46": 0.012076582493526595,
    "epoch47": 0.012187372560479812,
    "epoch48": 0.012032133593623127,
    "epoch49": 0.01208525091143591,
    "epoch50": 0.012084991005914552,
    "epoch51": 0.012039228741611754,
    "epoch52": 0.012224177364259958,
    "epoch53": 0.011900817842355796,
    "epoch54": 0.011881284548767976,
    "epoch55": 0.011923401549990689,
    "epoch56": 0.011911150201090745,
    "epoch57": 0.01207045538883124,
    "epoch58": 0.012193091413272279,
    "epoch59": 0.011832696119589465,
    "epoch60": 0.011943905082132136,
    "epoch61": 0.011774006831858839,
    "epoch62": 0.011955081219119685,
    "epoch63": 0.012139227041708571,
    "epoch64": 0.011745261028409004,
    "epoch65": 0.011789348242538316,
    "epoch66": 0.011741295323840209,
    "epoch67": 0.011767526955476828,
    "epoch68": 0.011782923713326454,
    "epoch69": 0.011759767042739051,
    "epoch70": 0.011775583760546786,
    "epoch71": 0.012145652768335171,
    "epoch72": 0.011681877941425358,
    "epoch73": 0.011768243408628873,
    "epoch74": 0.01166499825194478,
    "epoch75": 0.011715870816260576,
    "epoch76": 0.012273856571742467,
    "epoch77": 0.01192034681194595,
    "epoch78": 0.011627495222325836,
    "epoch79": 0.011862451410187142,
    "epoch80": 0.012084917298385076,
    "epoch81": 0.011645768636039324,
    "epoch82": 0.01166728138923645,
    "epoch83": 0.011999419225113732,
    "epoch84": 0.011668929697147437,
    "epoch85": 0.011645203123667411,
    "epoch86": 0.011771393141576223,
    "epoch87": 0.011654669418931007,
    "epoch88": 0.011901348363608122,
    "epoch89": 0.012012652986283814,
    "epoch90": 0.011642663007868188,
    "epoch91": 0.01188788010871836,
    "epoch92": 0.011933372089905398,
    "epoch93": 0.011656551023146935,
    "epoch94": 0.011579013429582119,
    "epoch95": 0.01160289506827082,
    "epoch96": 0.011616085789033346,
    "epoch97": 0.011641158988433225,
    "epoch98": 0.01172745946262564,
    "epoch99": 0.011698604228773288,
    "epoch100": 0.011683866315122162
}