{
    "epoch1": 79.1840576171875,
    "epoch2": 46.8606298828125,
    "epoch3": 45.2701904296875,
    "epoch4": 42.612587890625,
    "epoch5": 40.74905517578125,
    "epoch6": 38.25224853515625,
    "epoch7": 35.15889892578125,
    "epoch8": 32.93427001953125,
    "epoch9": 30.08563720703125,
    "epoch10": 28.7680224609375,
    "epoch11": 27.8078076171875,
    "epoch12": 27.02426513671875,
    "epoch13": 26.48007568359375,
    "epoch14": 26.24950927734375,
    "epoch15": 26.0057568359375,
    "epoch16": 25.63013427734375,
    "epoch17": 25.46619384765625,
    "epoch18": 25.13011474609375,
    "epoch19": 25.241865234375,
    "epoch20": 24.97390380859375,
    "epoch21": 24.78360107421875,
    "epoch22": 24.76881103515625,
    "epoch23": 24.73386474609375,
    "epoch24": 24.482744140625,
    "epoch25": 24.34220458984375,
    "epoch26": 24.2905810546875,
    "epoch27": 24.37950439453125,
    "epoch28": 24.16961669921875,
    "epoch29": 24.0056103515625,
    "epoch30": 23.81537109375,
    "epoch31": 23.96256103515625,
    "epoch32": 24.021396484375,
    "epoch33": 23.7351025390625,
    "epoch34": 23.5421044921875,
    "epoch35": 23.65987548828125,
    "epoch36": 23.57886962890625,
    "epoch37": 23.490517578125,
    "epoch38": 23.43120849609375,
    "epoch39": 23.4189501953125,
    "epoch40": 23.02957763671875,
    "epoch41": 23.242509765625,
    "epoch42": 23.139150390625,
    "epoch43": 23.07731201171875,
    "epoch44": 22.9017529296875,
    "epoch45": 22.886767578125,
    "epoch46": 22.951826171875,
    "epoch47": 22.84233642578125,
    "epoch48": 22.728583984375,
    "epoch49": 22.55568115234375,
    "epoch50": 22.6768408203125,
    "epoch51": 22.75108154296875,
    "epoch52": 22.51088134765625,
    "epoch53": 22.6339892578125,
    "epoch54": 22.4494970703125,
    "epoch55": 22.42608642578125,
    "epoch56": 22.27999755859375,
    "epoch57": 22.443642578125,
    "epoch58": 22.1808154296875,
    "epoch59": 22.1646630859375,
    "epoch60": 22.203642578125,
    "epoch61": 22.03118896484375,
    "epoch62": 22.20216064453125,
    "epoch63": 22.12689208984375,
    "epoch64": 22.0128857421875,
    "epoch65": 21.93714111328125,
    "epoch66": 22.04938720703125,
    "epoch67": 22.0460205078125,
    "epoch68": 21.86711669921875,
    "epoch69": 21.75840576171875,
    "epoch70": 21.849482421875,
    "epoch71": 21.90818359375,
    "epoch72": 21.7842431640625,
    "epoch73": 21.69189208984375,
    "epoch74": 21.8851123046875,
    "epoch75": 21.75772216796875,
    "epoch76": 21.91664794921875,
    "epoch77": 21.6502587890625,
    "epoch78": 21.85984375,
    "epoch79": 21.78720947265625,
    "epoch80": 21.7591650390625,
    "epoch81": 21.741650390625,
    "epoch82": 21.62171142578125,
    "epoch83": 21.82466064453125,
    "epoch84": 21.7746435546875,
    "epoch85": 21.5731982421875,
    "epoch86": 21.48963623046875,
    "epoch87": 21.560302734375,
    "epoch88": 21.43622314453125,
    "epoch89": 21.35756591796875,
    "epoch90": 21.3988232421875,
    "epoch91": 21.364306640625,
    "epoch92": 21.4020654296875,
    "epoch93": 21.22864013671875,
    "epoch94": 21.44699462890625,
    "epoch95": 21.34457275390625,
    "epoch96": 21.4288525390625,
    "epoch97": 21.44604736328125,
    "epoch98": 21.3649658203125,
    "epoch99": 21.3027587890625,
    "epoch100": 21.41277099609375
}