{
    "epoch1": 50.753343854631694,
    "epoch2": 44.96715872628348,
    "epoch3": 42.82013375418527,
    "epoch4": 40.67533220563616,
    "epoch5": 38.41992623465402,
    "epoch6": 35.86026654924665,
    "epoch7": 33.98760768345424,
    "epoch8": 31.786287580217635,
    "epoch9": 30.304478236607142,
    "epoch10": 28.80051749093192,
    "epoch11": 28.181407383510045,
    "epoch12": 27.4715576171875,
    "epoch13": 27.332432338169642,
    "epoch14": 26.569488525390625,
    "epoch15": 26.39432852608817,
    "epoch16": 26.263155255998885,
    "epoch17": 25.965689522879465,
    "epoch18": 25.627478463309153,
    "epoch19": 25.969959803989955,
    "epoch20": 25.251238141741073,
    "epoch21": 25.244033813476562,
    "epoch22": 25.492808750697545,
    "epoch23": 26.326651436941965,
    "epoch24": 24.809814453125,
    "epoch25": 25.138844081333705,
    "epoch26": 25.054495675223215,
    "epoch27": 24.640496390206472,
    "epoch28": 24.328273228236608,
    "epoch29": 24.218909127371653,
    "epoch30": 24.424048287527903,
    "epoch31": 24.397432599748885,
    "epoch32": 24.126085553850448,
    "epoch33": 24.047807965959823,
    "epoch34": 23.82678440638951,
    "epoch35": 24.116285051618302,
    "epoch36": 23.934437343052455,
    "epoch37": 24.057606288364955,
    "epoch38": 23.690536499023438,
    "epoch39": 23.660106113978795,
    "epoch40": 23.550704956054688,
    "epoch41": 24.131722586495535,
    "epoch42": 24.624202183314733,
    "epoch43": 23.800122942243302,
    "epoch44": 23.364050728934153,
    "epoch45": 23.661786760602677,
    "epoch46": 23.990005493164062,
    "epoch47": 23.270313807896205,
    "epoch48": 23.789903913225448,
    "epoch49": 23.146414620535715,
    "epoch50": 23.22967529296875,
    "epoch51": 23.137789045061385,
    "epoch52": 23.133479527064733,
    "epoch53": 23.374293736049108,
    "epoch54": 23.110395159040177,
    "epoch55": 23.94940403529576,
    "epoch56": 23.817592075892858,
    "epoch57": 23.03867667061942,
    "epoch58": 23.239142281668528,
    "epoch59": 23.07129124232701,
    "epoch60": 23.012089320591517,
    "epoch61": 23.28367178780692,
    "epoch62": 23.06508527483259,
    "epoch63": 23.169856480189733,
    "epoch64": 23.330189296177455,
    "epoch65": 23.054090227399552,
    "epoch66": 23.205418178013392,
    "epoch67": 23.126717703683035,
    "epoch68": 23.005813598632812,
    "epoch69": 23.040943690708705,
    "epoch70": 23.180753435407365,
    "epoch71": 23.199101039341517,
    "epoch72": 23.189320155552455,
    "epoch73": 22.999502999441965,
    "epoch74": 23.088714599609375,
    "epoch75": 23.405203683035715,
    "epoch76": 23.50592258998326,
    "epoch77": 23.027886526925222,
    "epoch78": 23.039845057896205,
    "epoch79": 23.026009695870535,
    "epoch80": 23.22275870186942,
    "epoch81": 23.259211948939733,
    "epoch82": 23.170745849609375,
    "epoch83": 23.151262555803573,
    "epoch84": 23.56473650251116,
    "epoch85": 23.059459141322545,
    "epoch86": 23.068777901785715,
    "epoch87": 23.010901314871653,
    "epoch88": 23.086434500558035,
    "epoch89": 23.175818307059153,
    "epoch90": 22.9326171875,
    "epoch91": 23.138299124581472,
    "epoch92": 23.095997401646205,
    "epoch93": 23.05896214076451,
    "epoch94": 23.048089163643972,
    "epoch95": 22.960235595703125,
    "epoch96": 23.212938581194198,
    "epoch97": 23.084867204938615,
    "epoch98": 23.007760184151785,
    "epoch99": 23.994046892438615,
    "epoch100": 23.02394757952009
}