{
    "epoch1": 0.09058747824747115,
    "epoch2": 0.11764776310883462,
    "epoch3": 0.15649509552167729,
    "epoch4": 0.21102035231888294,
    "epoch5": 0.25624078093096614,
    "epoch6": 0.2752012456767261,
    "epoch7": 0.3245961144566536,
    "epoch8": 0.32699832832440734,
    "epoch9": 0.3500465122051537,
    "epoch10": 0.35010531079024076,
    "epoch11": 0.38123798556625843,
    "epoch12": 0.4094385961070657,
    "epoch13": 0.46931331139057875,
    "epoch14": 0.49836745858192444,
    "epoch15": 0.506887337192893,
    "epoch16": 0.5345692057162523,
    "epoch17": 0.5430746525526047,
    "epoch18": 0.5623170677572489,
    "epoch19": 0.6081477608531713,
    "epoch20": 0.6493527423590422
}