{
    "epoch1": 9.665869335488727e-05,
    "epoch2": 2.6638598770659883e-05,
    "epoch3": 9.523276156263213e-06,
    "epoch4": 7.950390489289324e-06,
    "epoch5": 7.681447907998517e-06,
    "epoch6": 7.47890965537105e-06,
    "epoch7": 7.320718558882314e-06,
    "epoch8": 7.210374179673333e-06,
    "epoch9": 7.1217479660390386e-06,
    "epoch10": 7.0506905677423976e-06,
    "epoch11": 7.01675152572534e-06,
    "epoch12": 6.954448382809156e-06,
    "epoch13": 6.9219410457511305e-06,
    "epoch14": 6.903473711872721e-06,
    "epoch15": 6.851552805831792e-06,
    "epoch16": 6.837510261296605e-06,
    "epoch17": 6.799237379861249e-06,
    "epoch18": 6.776962135745635e-06,
    "epoch19": 6.76296804855762e-06,
    "epoch20": 6.756808113095758e-06,
    "epoch21": 6.734373603952311e-06,
    "epoch22": 6.721708968067712e-06,
    "epoch23": 6.705185722012175e-06,
    "epoch24": 6.702804658137514e-06,
    "epoch25": 6.702911377791073e-06,
    "epoch26": 6.681413410888126e-06,
    "epoch27": 6.668885596771664e-06,
    "epoch28": 6.6798884910591975e-06,
    "epoch29": 6.665818361473915e-06,
    "epoch30": 6.659465940325996e-06
}