{
    "epoch1": 176.97914583333332,
    "epoch2": 162.90797916666668,
    "epoch3": 133.73061458333333,
    "epoch4": 115.3794375,
    "epoch5": 115.66365625,
    "epoch6": 111.86967708333333,
    "epoch7": 108.08579166666667,
    "epoch8": 105.31082291666667,
    "epoch9": 102.86013541666667,
    "epoch10": 101.11342708333333,
    "epoch11": 99.58342708333333,
    "epoch12": 98.06491666666666,
    "epoch13": 96.94733333333333,
    "epoch14": 95.86536458333333,
    "epoch15": 94.76651041666666,
    "epoch16": 93.88654166666667,
    "epoch17": 93.08746875,
    "epoch18": 92.34608333333334,
    "epoch19": 91.85634375,
    "epoch20": 91.2238125,
    "epoch21": 90.825375,
    "epoch22": 90.43540625,
    "epoch23": 90.12365625,
    "epoch24": 89.6078125,
    "epoch25": 89.29538541666666,
    "epoch26": 89.17383333333333,
    "epoch27": 88.94872916666667,
    "epoch28": 88.42755208333334,
    "epoch29": 88.49007291666666,
    "epoch30": 88.1384375
}