{
    "epoch1": 0.4257584900711291,
    "epoch2": 0.455295502711028,
    "epoch3": 0.493237739934708,
    "epoch4": 0.5065004028165683,
    "epoch5": 0.510890212064734,
    "epoch6": 0.5283732644666117,
    "epoch7": 0.5335719764423066,
    "epoch8": 0.5356912986158182,
    "epoch9": 0.5458248407124712,
    "epoch10": 0.5423080818340801,
    "epoch11": 0.5538891338692686,
    "epoch12": 0.5521066992427595,
    "epoch13": 0.5629031837176972,
    "epoch14": 0.5591920515218862,
    "epoch15": 0.5625317601350169,
    "epoch16": 0.5622348863000687,
    "epoch17": 0.5651773314316052,
    "epoch18": 0.5625969125820806,
    "epoch19": 0.563560292458001,
    "epoch20": 0.5679138902658091
}