{
    "epoch1": 0.03909247290963928,
    "epoch2": 0.027079107860724132,
    "epoch3": 0.02334737467269103,
    "epoch4": 0.020336539872611564,
    "epoch5": 0.017444002752502758,
    "epoch6": 0.014751616787786285,
    "epoch7": 0.012628962014180919,
    "epoch8": 0.011014991090632975,
    "epoch9": 0.009859720788275203,
    "epoch10": 0.008724321145564318,
    "epoch11": 0.007972347006822625,
    "epoch12": 0.007121316040866077,
    "epoch13": 0.006458536876986424,
    "epoch14": 0.005941386159975082,
    "epoch15": 0.0053741779799262685,
    "epoch16": 0.004935476114042103,
    "epoch17": 0.004542446113191545,
    "epoch18": 0.004160660901106894,
    "epoch19": 0.0038659345785466335,
    "epoch20": 0.0035636618461770317,
    "epoch21": 0.003392634680494666,
    "epoch22": 0.0031815173667079457,
    "epoch23": 0.0029379058784494796,
    "epoch24": 0.0027164727895675846,
    "epoch25": 0.0025475560202418515,
    "epoch26": 0.002350983733776957,
    "epoch27": 0.002203686065816631,
    "epoch28": 0.002083146352864181,
    "epoch29": 0.0019339191688535113,
    "epoch30": 0.0017718128898801904
}