{
    "epoch1": 0.020465541199815494,
    "epoch2": 0.011144976761123096,
    "epoch3": 0.00710865946624566,
    "epoch4": 0.004689181900445234,
    "epoch5": 0.003373671202333989,
    "epoch6": 0.0024973656464782027,
    "epoch7": 0.0018818723469006796,
    "epoch8": 0.0014290271835677602,
    "epoch9": 0.0010902415357392143,
    "epoch10": 0.0008219019833227827,
    "epoch11": 0.0006596926961921983,
    "epoch12": 0.0005505420434659485,
    "epoch13": 0.00044094867539738687,
    "epoch14": 0.0003755512397792363,
    "epoch15": 0.00033060289031170586,
    "epoch16": 0.000287714561838786,
    "epoch17": 0.0002653603501298844,
    "epoch18": 0.00023782943241746612,
    "epoch19": 0.00023264597917592187,
    "epoch20": 0.00019968854353970123,
    "epoch21": 0.00018648298592543815,
    "epoch22": 0.00017562704535386593,
    "epoch23": 0.00016637570897054738,
    "epoch24": 0.00015624965042796384,
    "epoch25": 0.00015057654073407994,
    "epoch26": 0.00014368511963564542,
    "epoch27": 0.00013669004598610896,
    "epoch28": 0.00014525510562601052,
    "epoch29": 0.00012475232209975797,
    "epoch30": 0.00011916796042728324
}