{
    "epoch1": 0.019862127938756236,
    "epoch2": 0.009587140025191562,
    "epoch3": 0.005948822048527223,
    "epoch4": 0.004165535853071897,
    "epoch5": 0.003125457142703925,
    "epoch6": 0.002413139348694434,
    "epoch7": 0.0018122161380705183,
    "epoch8": 0.0014233271649572998,
    "epoch9": 0.0010757344565785457,
    "epoch10": 0.0008343654286970074,
    "epoch11": 0.0006684869235700548,
    "epoch12": 0.0005428164747879944,
    "epoch13": 0.00045653888998829106,
    "epoch14": 0.00043547904324778183,
    "epoch15": 0.000340137164231338,
    "epoch16": 0.00030114773431301326,
    "epoch17": 0.00027113375539624096,
    "epoch18": 0.00023888696402233714,
    "epoch19": 0.00022287836462190307,
    "epoch20": 0.00021902314296716618,
    "epoch21": 0.0001990097174442511,
    "epoch22": 0.00017437298663059697,
    "epoch23": 0.0001656639706871593,
    "epoch24": 0.0001706663525611576,
    "epoch25": 0.0001497673089303404,
    "epoch26": 0.00015535339150153082,
    "epoch27": 0.00014391912433590429,
    "epoch28": 0.00013423973076795746,
    "epoch29": 0.00012561322694603372,
    "epoch30": 0.0001203282222208886
}