{
    "epoch0": {
        "layer1": {
            "max_length": 3.310096263885498,
            "mean_length": 1.3793769698552412,
            "median_length": 1.2671374082565308,
            "stdev_length": 0.6319769532582992,
            "sum_length": 136.55832001566887,
            "ratio_2_1": 17.118726102804494,
            "ratio_3_1": 16.78767715898298,
            "h": 4.495882490354931,
            "normh": 0.914400949033181,
            "snr": Infinity,
            "mean_birth": 0.0,
            "stdev_birth": 0.0,
            "mean_death": 1.3793769698552412,
            "stdev_death": 0.6319769532582992
        },
        "layer2": {
            "max_length": 1.2121636867523193,
            "mean_length": 0.5279254764318466,
            "median_length": 0.4931108057498932,
            "stdev_length": 0.2387043191746251,
            "sum_length": 52.264622166752815,
            "ratio_2_1": 15.841342401740437,
            "ratio_3_1": 15.799273769176692,
            "h": 4.497773379497461,
            "normh": 1.1368579180997112,
            "snr": Infinity,
            "mean_birth": 0.0,
            "stdev_birth": 0.0,
            "mean_death": 0.5279254764318466,
            "stdev_death": 0.2387043191746251
        },
        "layer3": {
            "max_length": 0.45964372158050537,
            "mean_length": 0.2057533606209538,
            "median_length": 0.19815555214881897,
            "stdev_length": 0.08982102076988414,
            "sum_length": 20.369582701474428,
            "ratio_2_1": 15.11582212437148,
            "ratio_3_1": 15.056291934477656,
            "h": 4.503106613898548,
            "normh": 1.4940420545543756,
            "snr": Infinity,
            "mean_birth": 0.0,
            "stdev_birth": 0.0,
            "mean_death": 0.2057533606209538,
            "stdev_death": 0.08982102076988414
        },
        "layer4": {
            "max_length": 0.001918260008096695,
            "mean_length": 0.00029515975503006367,
            "median_length": 0.0001944778487086296,
            "stdev_length": 0.00037683134741554414,
            "sum_length": 0.029220815747976303,
            "ratio_2_1": 430.50537903427573,
            "ratio_3_1": 406.17888416312235,
            "h": 4.023134423467298,
            "normh": -1.138771004579548,
            "snr": Infinity,
            "mean_birth": 0.0,
            "stdev_birth": 0.0,
            "mean_death": 0.00029515975503006367,
            "stdev_death": 0.00037683134741554414
        }
    }
}