{
    "epoch1": 47.857992733226105,
    "epoch2": 44.762106502757355,
    "epoch3": 40.947639016544116,
    "epoch4": 35.813232421875,
    "epoch5": 32.222128475413605,
    "epoch6": 30.108391256893384,
    "epoch7": 30.83203125,
    "epoch8": 29.34968656652114,
    "epoch9": 29.30421178481158,
    "epoch10": 29.29920690199908,
    "epoch11": 28.90902530445772,
    "epoch12": 28.590581557329962,
    "epoch13": 28.848995433134192,
    "epoch14": 28.485636991613053,
    "epoch15": 29.69130572150735,
    "epoch16": 27.8937162511489,
    "epoch17": 28.600611069623163,
    "epoch18": 27.543692196116726,
    "epoch19": 27.37331255744485,
    "epoch20": 27.40113561293658,
    "epoch21": 27.830564611098346,
    "epoch22": 28.241611256318933,
    "epoch23": 26.994384765625,
    "epoch24": 27.009623808019303,
    "epoch25": 27.1481538660386,
    "epoch26": 26.608441521139707,
    "epoch27": 27.100234087775736,
    "epoch28": 28.083041920381433,
    "epoch29": 27.423887365004596,
    "epoch30": 26.6619478113511,
    "epoch31": 26.520734001608457,
    "epoch32": 26.234744801240808,
    "epoch33": 26.671709846047793,
    "epoch34": 26.49641149184283,
    "epoch35": 26.098255830652572,
    "epoch36": 26.950909782858457,
    "epoch37": 25.995083079618567,
    "epoch38": 26.013203340418197,
    "epoch39": 25.907664579503678,
    "epoch40": 26.765750660615808,
    "epoch41": 25.860416187959558,
    "epoch42": 25.930777157054226,
    "epoch43": 25.865970387178308,
    "epoch44": 26.898369284237134,
    "epoch45": 25.592575970818014,
    "epoch46": 26.005584716796875,
    "epoch47": 25.779239430147058,
    "epoch48": 25.925531723920038,
    "epoch49": 25.34145220588235,
    "epoch50": 25.866753073299634,
    "epoch51": 25.192142262178308,
    "epoch52": 25.434825224034928,
    "epoch53": 25.2229829676011,
    "epoch54": 26.095767750459558,
    "epoch55": 24.949304917279413,
    "epoch56": 25.012558880974264,
    "epoch57": 25.391642850988053,
    "epoch58": 24.833382999195774,
    "epoch59": 25.04707067153033,
    "epoch60": 25.749484791475183,
    "epoch61": 25.08714563706342,
    "epoch62": 25.641931870404413,
    "epoch63": 24.986432243795957,
    "epoch64": 24.687124813304226,
    "epoch65": 24.763567756204043,
    "epoch66": 25.458882051355697,
    "epoch67": 24.61179306927849,
    "epoch68": 25.733712589039524,
    "epoch69": 24.716734044692096,
    "epoch70": 24.522907930261947,
    "epoch71": 24.323249368106616,
    "epoch72": 24.288838106043197,
    "epoch73": 24.805425307329962,
    "epoch74": 24.640739889705884,
    "epoch75": 25.120330810546875,
    "epoch76": 25.615566478056067,
    "epoch77": 24.782093721277572,
    "epoch78": 24.398004868451288,
    "epoch79": 24.43038760914522,
    "epoch80": 24.21059283088235,
    "epoch81": 24.69077974207261,
    "epoch82": 24.783528047449447,
    "epoch83": 24.5780855066636,
    "epoch84": 24.97677791819853,
    "epoch85": 24.31060791015625,
    "epoch86": 25.057735667509192,
    "epoch87": 24.227224910960476,
    "epoch88": 24.198577880859375,
    "epoch89": 25.387943043428308,
    "epoch90": 24.03843958237592,
    "epoch91": 24.400871725643384,
    "epoch92": 24.151548497817096,
    "epoch93": 24.241627412683822,
    "epoch94": 24.27531343347886,
    "epoch95": 23.907041661879596,
    "epoch96": 24.32796523150276,
    "epoch97": 24.020647834329043,
    "epoch98": 24.051217471852024,
    "epoch99": 24.122145708869486,
    "epoch100": 24.01119815602022
}