{
    "epoch1": 0.12998164232288087,
    "epoch2": 0.06357481543506895,
    "epoch3": 0.056701025792530606,
    "epoch4": 0.0545828997024468,
    "epoch5": 0.051625870168209076,
    "epoch6": 0.048682257000889094,
    "epoch7": 0.045212277344294956,
    "epoch8": 0.042081852576562336,
    "epoch9": 0.03894782119563648,
    "epoch10": 0.03728126867541245,
    "epoch11": 0.0338226460984775,
    "epoch12": 0.03246145589011056,
    "epoch13": 0.031142589237008775,
    "epoch14": 0.02985231312257903,
    "epoch15": 0.029232000399913107,
    "epoch16": 0.028462125520621027,
    "epoch17": 0.027937722259334156,
    "epoch18": 0.027853777366025106,
    "epoch19": 0.02726949525198766,
    "epoch20": 0.02701548034591334,
    "epoch21": 0.027534410623567446,
    "epoch22": 0.02646594521190439,
    "epoch23": 0.026765763759613037,
    "epoch24": 0.026024268807045052,
    "epoch25": 0.025915869378617833,
    "epoch26": 0.026185686433953897,
    "epoch27": 0.02562671234565122,
    "epoch28": 0.02548674906470946,
    "epoch29": 0.025281247283731188,
    "epoch30": 0.025145125974501883,
    "epoch31": 0.025665944708245143,
    "epoch32": 0.025261253118515015,
    "epoch33": 0.025507571042648385,
    "epoch34": 0.024656317329832485,
    "epoch35": 0.025089719598846778,
    "epoch36": 0.024740801192820072,
    "epoch37": 0.02548911901456969,
    "epoch38": 0.024299183328236853,
    "epoch39": 0.02437132171222142,
    "epoch40": 0.024365966341325214,
    "epoch41": 0.02441968343087605,
    "epoch42": 0.024151539962206568,
    "epoch43": 0.024279858650905744,
    "epoch44": 0.02413064507501466,
    "epoch45": 0.023749108692365035,
    "epoch46": 0.02415057591029576,
    "epoch47": 0.023585646812404906,
    "epoch48": 0.023966091684997082,
    "epoch49": 0.023591821481074606,
    "epoch50": 0.02386022252695901,
    "epoch51": 0.023590913574610437,
    "epoch52": 0.023243556996541365,
    "epoch53": 0.023749742257807935,
    "epoch54": 0.023155819491616318,
    "epoch55": 0.02323717743690525,
    "epoch56": 0.023033282054322108,
    "epoch57": 0.023167957684823444,
    "epoch58": 0.02379203068890742,
    "epoch59": 0.0229693382446255,
    "epoch60": 0.023393550222473487,
    "epoch61": 0.023885476269892285,
    "epoch62": 0.02336981932499579,
    "epoch63": 0.022921022027730942,
    "epoch64": 0.02275879867374897,
    "epoch65": 0.022594426359449114,
    "epoch66": 0.022559762400175844,
    "epoch67": 0.022833171965820447,
    "epoch68": 0.023066716800842966,
    "epoch69": 0.02256094158760139,
    "epoch70": 0.022529203444719315,
    "epoch71": 0.022389366956693784,
    "epoch72": 0.022422817668744495,
    "epoch73": 0.02247308806649276,
    "epoch74": 0.02230559489024537,
    "epoch75": 0.022409071746681417,
    "epoch76": 0.022217675378280028,
    "epoch77": 0.022263911153588976,
    "epoch78": 0.021958345946456705,
    "epoch79": 0.022105226825390543,
    "epoch80": 0.022871005348861217,
    "epoch81": 0.022004798986017704,
    "epoch82": 0.022386827506124973,
    "epoch83": 0.021965198484914645,
    "epoch84": 0.02176323054092271,
    "epoch85": 0.022665962044681822,
    "epoch86": 0.021987431549600193,
    "epoch87": 0.02214508516980069,
    "epoch88": 0.02172308774398906,
    "epoch89": 0.02242316518511091,
    "epoch90": 0.021490039569990977,
    "epoch91": 0.021801122863377844,
    "epoch92": 0.021501715428062847,
    "epoch93": 0.02179968117603234,
    "epoch94": 0.02167718844222171,
    "epoch95": 0.02140496777636664,
    "epoch96": 0.02126979681530169,
    "epoch97": 0.021357163786888123,
    "epoch98": 0.02158728601144893,
    "epoch99": 0.022670125189636434,
    "epoch100": 0.021117991102593287
}