{
    "epoch1": 156.348681640625,
    "epoch2": 57.8668603515625,
    "epoch3": 48.905390625,
    "epoch4": 48.85244140625,
    "epoch5": 47.4333740234375,
    "epoch6": 45.8862353515625,
    "epoch7": 45.0328857421875,
    "epoch8": 43.499619140625,
    "epoch9": 41.582109375,
    "epoch10": 40.4699609375,
    "epoch11": 38.54533447265625,
    "epoch12": 36.91143310546875,
    "epoch13": 36.10070556640625,
    "epoch14": 34.72552490234375,
    "epoch15": 34.2801904296875,
    "epoch16": 33.41265625,
    "epoch17": 33.1956005859375,
    "epoch18": 33.4116259765625,
    "epoch19": 33.1700634765625,
    "epoch20": 32.97911376953125,
    "epoch21": 33.16096923828125,
    "epoch22": 32.60260009765625,
    "epoch23": 32.70729248046875,
    "epoch24": 32.519013671875,
    "epoch25": 32.2203759765625,
    "epoch26": 32.33792236328125,
    "epoch27": 31.9951904296875,
    "epoch28": 31.9320947265625,
    "epoch29": 31.91832275390625,
    "epoch30": 31.67037353515625,
    "epoch31": 31.93639404296875,
    "epoch32": 31.4542041015625,
    "epoch33": 31.49723876953125,
    "epoch34": 31.26369384765625,
    "epoch35": 31.16640380859375,
    "epoch36": 30.94843505859375,
    "epoch37": 31.343359375,
    "epoch38": 30.79081787109375,
    "epoch39": 30.52862548828125,
    "epoch40": 30.6297705078125,
    "epoch41": 30.45298828125,
    "epoch42": 30.433115234375,
    "epoch43": 30.44619140625,
    "epoch44": 30.10665283203125,
    "epoch45": 30.27387939453125,
    "epoch46": 30.19355224609375,
    "epoch47": 29.67185791015625,
    "epoch48": 30.1710009765625,
    "epoch49": 29.77484375,
    "epoch50": 29.9151416015625,
    "epoch51": 29.80858154296875,
    "epoch52": 29.72407470703125,
    "epoch53": 29.5684326171875,
    "epoch54": 29.17427734375,
    "epoch55": 29.66396728515625,
    "epoch56": 29.339462890625,
    "epoch57": 29.10704345703125,
    "epoch58": 29.40506103515625,
    "epoch59": 28.76060546875,
    "epoch60": 28.91697021484375,
    "epoch61": 29.00224853515625,
    "epoch62": 28.682861328125,
    "epoch63": 28.56342529296875,
    "epoch64": 28.6582421875,
    "epoch65": 29.0674072265625,
    "epoch66": 28.7501611328125,
    "epoch67": 28.3017529296875,
    "epoch68": 28.22812744140625,
    "epoch69": 28.0860400390625,
    "epoch70": 28.147763671875,
    "epoch71": 28.1139501953125,
    "epoch72": 27.925283203125,
    "epoch73": 27.8222119140625,
    "epoch74": 27.81031982421875,
    "epoch75": 28.37186279296875,
    "epoch76": 27.7723974609375,
    "epoch77": 27.48960205078125,
    "epoch78": 27.476494140625,
    "epoch79": 27.7854443359375,
    "epoch80": 27.49993896484375,
    "epoch81": 27.2793505859375,
    "epoch82": 27.162451171875,
    "epoch83": 27.16064208984375,
    "epoch84": 27.65438232421875,
    "epoch85": 27.771982421875,
    "epoch86": 26.9121826171875,
    "epoch87": 27.06331298828125,
    "epoch88": 26.95403076171875,
    "epoch89": 27.16604248046875,
    "epoch90": 27.05439208984375,
    "epoch91": 27.16005615234375,
    "epoch92": 26.6614453125,
    "epoch93": 26.910556640625,
    "epoch94": 26.5234716796875,
    "epoch95": 26.77959716796875,
    "epoch96": 26.9661083984375,
    "epoch97": 26.38217529296875,
    "epoch98": 26.52818603515625,
    "epoch99": 26.8781689453125,
    "epoch100": 26.77682861328125
}