{
    "epoch1": 53.73712666829427,
    "epoch2": 52.39594014485677,
    "epoch3": 50.90778605143229,
    "epoch4": 48.362060546875,
    "epoch5": 44.574666341145836,
    "epoch6": 40.53706359863281,
    "epoch7": 37.66338094075521,
    "epoch8": 36.83628590901693,
    "epoch9": 36.016248067220054,
    "epoch10": 35.21869913736979,
    "epoch11": 34.96526082356771,
    "epoch12": 35.22698974609375,
    "epoch13": 34.41537221272787,
    "epoch14": 34.766090393066406,
    "epoch15": 34.17981719970703,
    "epoch16": 34.37535095214844,
    "epoch17": 34.10722859700521,
    "epoch18": 35.02117156982422,
    "epoch19": 34.01476542154948,
    "epoch20": 34.31985982259115,
    "epoch21": 33.898213704427086,
    "epoch22": 33.887168884277344,
    "epoch23": 34.01165008544922,
    "epoch24": 33.73943328857422,
    "epoch25": 33.43889363606771,
    "epoch26": 33.829193115234375,
    "epoch27": 33.90330251057943,
    "epoch28": 33.67322285970052,
    "epoch29": 33.459126790364586,
    "epoch30": 33.100118001302086,
    "epoch31": 33.385058085123696,
    "epoch32": 33.617749532063804,
    "epoch33": 33.02351379394531,
    "epoch34": 32.91980743408203,
    "epoch35": 32.63428751627604,
    "epoch36": 32.97411600748698,
    "epoch37": 33.00074768066406,
    "epoch38": 33.21147918701172,
    "epoch39": 32.44351450602213,
    "epoch40": 32.65905253092448,
    "epoch41": 32.32962544759115,
    "epoch42": 32.472086588541664,
    "epoch43": 32.47146352132162,
    "epoch44": 32.60447438557943,
    "epoch45": 32.012977600097656,
    "epoch46": 32.19420878092448,
    "epoch47": 31.956064860026043,
    "epoch48": 31.856272379557293,
    "epoch49": 31.89287821451823,
    "epoch50": 32.122240702311196,
    "epoch51": 32.013336181640625,
    "epoch52": 32.11723073323568,
    "epoch53": 32.21831512451172,
    "epoch54": 31.881914774576824,
    "epoch55": 31.346786499023438,
    "epoch56": 31.632469177246094,
    "epoch57": 31.257652282714844,
    "epoch58": 31.693682352701824,
    "epoch59": 31.652511596679688,
    "epoch60": 31.194778442382812,
    "epoch61": 31.34338124593099,
    "epoch62": 31.30909474690755,
    "epoch63": 31.147310892740887,
    "epoch64": 31.223045349121094,
    "epoch65": 31.718182881673176,
    "epoch66": 31.659408569335938,
    "epoch67": 31.455612182617188,
    "epoch68": 30.984263102213543,
    "epoch69": 30.736172993977863,
    "epoch70": 30.972442626953125,
    "epoch71": 31.467727661132812,
    "epoch72": 31.005442301432293,
    "epoch73": 30.87048594156901,
    "epoch74": 31.417856852213543,
    "epoch75": 30.94536844889323,
    "epoch76": 30.487579345703125,
    "epoch77": 31.074315388997395,
    "epoch78": 30.45885721842448,
    "epoch79": 30.998504638671875,
    "epoch80": 30.677536010742188,
    "epoch81": 30.55176544189453,
    "epoch82": 30.810895284016926,
    "epoch83": 30.70624287923177,
    "epoch84": 30.438547770182293,
    "epoch85": 30.733497619628906,
    "epoch86": 31.18739064534505,
    "epoch87": 30.710957845052082,
    "epoch88": 30.556294759114582,
    "epoch89": 30.764450073242188,
    "epoch90": 30.97284444173177,
    "epoch91": 30.366533915201824,
    "epoch92": 30.780108133951824,
    "epoch93": 30.479026794433594,
    "epoch94": 30.35889180501302,
    "epoch95": 30.23894755045573,
    "epoch96": 30.46959940592448,
    "epoch97": 30.59332784016927,
    "epoch98": 30.70397694905599,
    "epoch99": 30.278605143229168,
    "epoch100": 30.206247965494793
}