{
    "epoch1": 87.54651988636364,
    "epoch2": 69.3465804645722,
    "epoch3": 59.745587190842244,
    "epoch4": 55.72641105447861,
    "epoch5": 52.04725622493316,
    "epoch6": 49.55821252506684,
    "epoch7": 47.02687896891711,
    "epoch8": 44.77183948863637,
    "epoch9": 42.068192262700535,
    "epoch10": 39.76714728860294,
    "epoch11": 37.82049005681818,
    "epoch12": 35.9967830882353,
    "epoch13": 34.5731795203877,
    "epoch14": 32.95086898395722,
    "epoch15": 31.642630347593585,
    "epoch16": 30.457694476938503,
    "epoch17": 29.894254470254012,
    "epoch18": 28.832355030080215,
    "epoch19": 28.16567878927139,
    "epoch20": 27.495717747326204,
    "epoch21": 26.80053580381016,
    "epoch22": 26.121414918950535,
    "epoch23": 25.477366727941178,
    "epoch24": 25.058679917279413,
    "epoch25": 24.27762314087567,
    "epoch26": 24.11377997576872,
    "epoch27": 23.402516084558822,
    "epoch28": 22.83590877757353,
    "epoch29": 22.374858998997325,
    "epoch30": 22.07528409090909
}