{
    "epoch1": 0.04573855406488292,
    "epoch2": 0.026708767836680636,
    "epoch3": 0.0239857746346388,
    "epoch4": 0.023185750571428798,
    "epoch5": 0.022483375389128923,
    "epoch6": 0.021757322159828618,
    "epoch7": 0.021301515531376936,
    "epoch8": 0.02080961262981873,
    "epoch9": 0.020464057568460703,
    "epoch10": 0.020130723787588067,
    "epoch11": 0.01989263565337751,
    "epoch12": 0.019552818092051893,
    "epoch13": 0.01932449582091067,
    "epoch14": 0.0191033828741638,
    "epoch15": 0.01905112439999357,
    "epoch16": 0.018723566914559342,
    "epoch17": 0.01864802773343399,
    "epoch18": 0.018458814301993698,
    "epoch19": 0.018330780148971826,
    "epoch20": 0.018153113007429056,
    "epoch21": 0.018049223886919208,
    "epoch22": 0.018040511102299206,
    "epoch23": 0.01787325470650103,
    "epoch24": 0.017782994560548104,
    "epoch25": 0.01784330814552959,
    "epoch26": 0.017557732004206628,
    "epoch27": 0.01754159569100011,
    "epoch28": 0.0173922163376119,
    "epoch29": 0.017329667272861116,
    "epoch30": 0.01732236976386048,
    "epoch31": 0.017404690544935875,
    "epoch32": 0.017052505223546177,
    "epoch33": 0.0169994272000622,
    "epoch34": 0.017203539944603108,
    "epoch35": 0.017173633081256412,
    "epoch36": 0.01695503333758097,
    "epoch37": 0.016770501169958152,
    "epoch38": 0.01667762058787048,
    "epoch39": 0.01663421378179919,
    "epoch40": 0.01680504481191747,
    "epoch41": 0.0165223198273452,
    "epoch42": 0.01663489596103318,
    "epoch43": 0.01673779429984279,
    "epoch44": 0.016361936446628533,
    "epoch45": 0.01640079659409821,
    "epoch46": 0.01636850331851747,
    "epoch47": 0.016193638744880445,
    "epoch48": 0.01630316126102116,
    "epoch49": 0.01614255092863459,
    "epoch50": 0.016463616368127987,
    "epoch51": 0.015968328312737867,
    "epoch52": 0.015945007151458412,
    "epoch53": 0.01591589917370584,
    "epoch54": 0.015865039938944392,
    "epoch55": 0.015883635249338113,
    "epoch56": 0.01592816159245558,
    "epoch57": 0.01576945310807787,
    "epoch58": 0.015914438554318622,
    "epoch59": 0.01575412663805764,
    "epoch60": 0.015614472140441649,
    "epoch61": 0.015659823642636184,
    "epoch62": 0.015574895573081449,
    "epoch63": 0.0157857268495718,
    "epoch64": 0.015716101377620362,
    "epoch65": 0.015386334038339555,
    "epoch66": 0.01541851931688143,
    "epoch67": 0.015373175374406856,
    "epoch68": 0.015571855125017464,
    "epoch69": 0.015261651860782877,
    "epoch70": 0.015368107502581552,
    "epoch71": 0.015300471874070354,
    "epoch72": 0.015388753898150753,
    "epoch73": 0.015239966298395302,
    "epoch74": 0.015295887300453614,
    "epoch75": 0.015144787917961366,
    "epoch76": 0.01511075777671067,
    "epoch77": 0.015246328875946347,
    "epoch78": 0.015147696511121467,
    "epoch79": 0.014980430431023706,
    "epoch80": 0.014940588473109528,
    "epoch81": 0.015106999926501885,
    "epoch82": 0.014963904555770569,
    "epoch83": 0.015563401910185348,
    "epoch84": 0.014840202566119842,
    "epoch85": 0.014879216927511152,
    "epoch86": 0.014865118144371081,
    "epoch87": 0.014817704643064644,
    "epoch88": 0.014868273879983462,
    "epoch89": 0.014820724449236877,
    "epoch90": 0.014703917353472207,
    "epoch91": 0.014740982449438889,
    "epoch92": 0.014943145935831126,
    "epoch93": 0.014809896652877796,
    "epoch94": 0.01465643748815637,
    "epoch95": 0.014776160060137045,
    "epoch96": 0.014851424544758629,
    "epoch97": 0.01456333829992218,
    "epoch98": 0.014488938795693684,
    "epoch99": 0.014722430350957438,
    "epoch100": 0.01463393140147673
}