{
    "epoch1": 54.544334411621094,
    "epoch2": 38.77555847167969,
    "epoch3": 32.421714782714844,
    "epoch4": 31.44817543029785,
    "epoch5": 30.993122100830078,
    "epoch6": 30.35101890563965,
    "epoch7": 29.81583595275879,
    "epoch8": 29.308351516723633,
    "epoch9": 29.047801971435547,
    "epoch10": 28.62363624572754,
    "epoch11": 28.335567474365234,
    "epoch12": 28.09382438659668,
    "epoch13": 27.91265869140625,
    "epoch14": 27.7496280670166,
    "epoch15": 27.528383255004883,
    "epoch16": 27.24584197998047,
    "epoch17": 27.069902420043945,
    "epoch18": 26.854496002197266,
    "epoch19": 26.78127670288086,
    "epoch20": 26.60438346862793,
    "epoch21": 26.533191680908203,
    "epoch22": 26.4245662689209,
    "epoch23": 26.149213790893555,
    "epoch24": 26.079986572265625,
    "epoch25": 26.06565284729004,
    "epoch26": 25.890880584716797,
    "epoch27": 25.706865310668945,
    "epoch28": 25.534027099609375,
    "epoch29": 25.592098236083984,
    "epoch30": 25.536741256713867,
    "epoch31": 25.277496337890625,
    "epoch32": 25.22059440612793,
    "epoch33": 25.26610565185547,
    "epoch34": 25.213298797607422,
    "epoch35": 25.07921600341797,
    "epoch36": 25.005029678344727,
    "epoch37": 24.858367919921875,
    "epoch38": 24.819778442382812,
    "epoch39": 24.73996925354004,
    "epoch40": 24.789894104003906,
    "epoch41": 24.741655349731445,
    "epoch42": 24.533063888549805,
    "epoch43": 24.580799102783203,
    "epoch44": 24.57562255859375,
    "epoch45": 24.485198974609375,
    "epoch46": 24.523256301879883,
    "epoch47": 24.356468200683594,
    "epoch48": 24.393421173095703,
    "epoch49": 24.341806411743164,
    "epoch50": 24.329458236694336,
    "epoch51": 24.320560455322266,
    "epoch52": 24.215028762817383,
    "epoch53": 24.263572692871094,
    "epoch54": 24.178848266601562,
    "epoch55": 24.131593704223633,
    "epoch56": 24.145252227783203,
    "epoch57": 24.072526931762695,
    "epoch58": 24.077857971191406,
    "epoch59": 24.03449821472168,
    "epoch60": 23.88071632385254,
    "epoch61": 23.910572052001953,
    "epoch62": 23.904531478881836,
    "epoch63": 23.85800552368164,
    "epoch64": 23.873828887939453,
    "epoch65": 23.755647659301758,
    "epoch66": 23.799009323120117,
    "epoch67": 23.75809669494629,
    "epoch68": 23.712718963623047,
    "epoch69": 23.739103317260742,
    "epoch70": 23.649765014648438,
    "epoch71": 23.696134567260742,
    "epoch72": 23.67259407043457,
    "epoch73": 23.54850196838379,
    "epoch74": 23.603673934936523,
    "epoch75": 23.722686767578125,
    "epoch76": 23.405973434448242,
    "epoch77": 23.484411239624023,
    "epoch78": 23.36359405517578,
    "epoch79": 23.465980529785156,
    "epoch80": 23.342525482177734,
    "epoch81": 23.41611099243164,
    "epoch82": 23.302427291870117,
    "epoch83": 23.250957489013672,
    "epoch84": 23.325971603393555,
    "epoch85": 23.153568267822266,
    "epoch86": 23.146249771118164,
    "epoch87": 23.18461036682129,
    "epoch88": 23.04376220703125,
    "epoch89": 23.1263370513916,
    "epoch90": 23.070863723754883,
    "epoch91": 22.964618682861328,
    "epoch92": 23.068714141845703,
    "epoch93": 22.942459106445312,
    "epoch94": 22.916746139526367,
    "epoch95": 22.96562957763672,
    "epoch96": 22.835872650146484,
    "epoch97": 22.916393280029297,
    "epoch98": 22.797714233398438,
    "epoch99": 22.86342430114746,
    "epoch100": 22.79799461364746
}