{
    "epoch1": 86.09574068509616,
    "epoch2": 85.62624887319711,
    "epoch3": 85.20073993389423,
    "epoch4": 84.8156268780048,
    "epoch5": 84.42531174879808,
    "epoch6": 83.9869854266827,
    "epoch7": 83.5872802734375,
    "epoch8": 83.20229867788461,
    "epoch9": 82.83482008713942,
    "epoch10": 82.47090970552884,
    "epoch11": 82.20752892127403,
    "epoch12": 81.91329251802884,
    "epoch13": 81.5970928485577,
    "epoch14": 81.3627178485577,
    "epoch15": 81.11019193209134,
    "epoch16": 80.80801156850961,
    "epoch17": 80.63731971153847,
    "epoch18": 80.40975247896634,
    "epoch19": 80.16295447716347,
    "epoch20": 79.98203688401442,
    "epoch21": 79.73433743990384,
    "epoch22": 79.57518592247597,
    "epoch23": 79.45154747596153,
    "epoch24": 79.2701885516827,
    "epoch25": 79.10714956430289,
    "epoch26": 78.93393179086539,
    "epoch27": 78.80162635216347,
    "epoch28": 78.65865384615384,
    "epoch29": 78.50244610126202,
    "epoch30": 78.35647817758414
}