{
    "epoch1": 92.894228515625,
    "epoch2": 92.435498046875,
    "epoch3": 91.981279296875,
    "epoch4": 91.57396484375,
    "epoch5": 91.20564453125,
    "epoch6": 90.76875,
    "epoch7": 90.349375,
    "epoch8": 89.963134765625,
    "epoch9": 89.6562109375,
    "epoch10": 89.27146484375,
    "epoch11": 88.940859375,
    "epoch12": 88.62416015625,
    "epoch13": 88.285146484375,
    "epoch14": 88.030263671875,
    "epoch15": 87.746796875,
    "epoch16": 87.419912109375,
    "epoch17": 87.230859375,
    "epoch18": 86.9690234375,
    "epoch19": 86.720732421875,
    "epoch20": 86.476767578125,
    "epoch21": 86.271923828125,
    "epoch22": 85.990107421875,
    "epoch23": 85.904501953125,
    "epoch24": 85.7312109375,
    "epoch25": 85.53517578125,
    "epoch26": 85.32513671875,
    "epoch27": 85.216044921875,
    "epoch28": 84.971640625,
    "epoch29": 84.8445703125,
    "epoch30": 84.657724609375
}