{
    "epoch1": 0.04514932295584932,
    "epoch2": 0.03243444114923477,
    "epoch3": 0.022073341256126443,
    "epoch4": 0.019334586733516228,
    "epoch5": 0.01845547907609255,
    "epoch6": 0.017910385088242116,
    "epoch7": 0.017465148418349154,
    "epoch8": 0.01721490921571534,
    "epoch9": 0.016761667313093833,
    "epoch10": 0.016582861998455323,
    "epoch11": 0.016223661601543427,
    "epoch12": 0.01620920501807903,
    "epoch13": 0.015846296411720997,
    "epoch14": 0.015986822347374672,
    "epoch15": 0.015578022840967837,
    "epoch16": 0.015466987175193238,
    "epoch17": 0.015339102635675289,
    "epoch18": 0.015440122422544247,
    "epoch19": 0.015186110293453044,
    "epoch20": 0.015121688878044803,
    "epoch21": 0.015243544738660467,
    "epoch22": 0.01488170070335903,
    "epoch23": 0.014855934703286658,
    "epoch24": 0.015182302491937546,
    "epoch25": 0.014625558639539684,
    "epoch26": 0.014580735213499754,
    "epoch27": 0.014477637239751663,
    "epoch28": 0.014429399476168638,
    "epoch29": 0.014442580335951865,
    "epoch30": 0.014309085697490485,
    "epoch31": 0.014306491330028214,
    "epoch32": 0.01429929751704665,
    "epoch33": 0.01407526002483482,
    "epoch34": 0.014114943808539117,
    "epoch35": 0.013940113953294907,
    "epoch36": 0.014041746510787214,
    "epoch37": 0.013852530040163943,
    "epoch38": 0.013839755296469369,
    "epoch39": 0.013830350018403631,
    "epoch40": 0.013692551401463594,
    "epoch41": 0.013621791236181843,
    "epoch42": 0.013582411222159863,
    "epoch43": 0.013586434030390166,
    "epoch44": 0.013551189524537705,
    "epoch45": 0.013537043547059627,
    "epoch46": 0.013465671324507987,
    "epoch47": 0.013403127395964049,
    "epoch48": 0.013365188811687714,
    "epoch49": 0.013410164399984036,
    "epoch50": 0.013263013778611067,
    "epoch51": 0.01326110921403829,
    "epoch52": 0.013168739254011753,
    "epoch53": 0.013184755802788634,
    "epoch54": 0.013343349227959172,
    "epoch55": 0.01327903361674002,
    "epoch56": 0.013020022475021951,
    "epoch57": 0.013053151610446102,
    "epoch58": 0.012895371289329325,
    "epoch59": 0.012981877870302885,
    "epoch60": 0.013043323789346726,
    "epoch61": 0.01286307801591589,
    "epoch62": 0.01287592245028057,
    "epoch63": 0.012809880513777124,
    "epoch64": 0.013437692026429355,
    "epoch65": 0.01273373614481472,
    "epoch66": 0.012828650299776742,
    "epoch67": 0.012692325035149747,
    "epoch68": 0.012723526887674915,
    "epoch69": 0.012640831209322873,
    "epoch70": 0.012723719493109496,
    "epoch71": 0.012767307945784736,
    "epoch72": 0.012561013149295716,
    "epoch73": 0.012613547103915443,
    "epoch74": 0.012612661683654531,
    "epoch75": 0.012619692961031452,
    "epoch76": 0.012543632381377703,
    "epoch77": 0.012635849594594316,
    "epoch78": 0.012438215731464803,
    "epoch79": 0.012508615098418073,
    "epoch80": 0.012540640854375793,
    "epoch81": 0.01267210877639182,
    "epoch82": 0.012421223008014421,
    "epoch83": 0.012391242495876677,
    "epoch84": 0.01240297103736629,
    "epoch85": 0.01238338151907033,
    "epoch86": 0.012514208393924415,
    "epoch87": 0.012330885510891676,
    "epoch88": 0.012313624021617021,
    "epoch89": 0.012335078652076264,
    "epoch90": 0.012277590972866783,
    "epoch91": 0.012233091805605813,
    "epoch92": 0.012830104807669178,
    "epoch93": 0.012207722291350365,
    "epoch94": 0.012288644919766391,
    "epoch95": 0.012187273667610072,
    "epoch96": 0.01247687692298217,
    "epoch97": 0.012251612046693868,
    "epoch98": 0.012085019224422408,
    "epoch99": 0.01216347604752221,
    "epoch100": 0.012108158399450017
}