{
    "epoch1": 45.59068525598404,
    "epoch2": 38.245408078457444,
    "epoch3": 32.59958340259308,
    "epoch4": 30.458768804022608,
    "epoch5": 29.62111193068484,
    "epoch6": 29.31943722988697,
    "epoch7": 28.601014482214097,
    "epoch8": 28.87623368932846,
    "epoch9": 27.749851957280587,
    "epoch10": 28.23978505236037,
    "epoch11": 27.38123857214096,
    "epoch12": 28.057921064660903,
    "epoch13": 27.169007646276597,
    "epoch14": 27.94609426944814,
    "epoch15": 27.000844103224733,
    "epoch16": 26.688325922539892,
    "epoch17": 26.664909200465427,
    "epoch18": 26.60018076795213,
    "epoch19": 26.92420732214096,
    "epoch20": 26.355305123836438,
    "epoch21": 27.31778278756649,
    "epoch22": 26.295049139793882,
    "epoch23": 26.60328706781915,
    "epoch24": 27.38035031582447,
    "epoch25": 26.116896609042552,
    "epoch26": 26.185907891456118,
    "epoch27": 26.06678544714096,
    "epoch28": 26.041963617852392,
    "epoch29": 25.49412763879654,
    "epoch30": 25.832215654089097,
    "epoch31": 26.00315564744016,
    "epoch32": 26.124535093916222,
    "epoch33": 25.62003147855718,
    "epoch34": 25.231663480718087,
    "epoch35": 25.24940523188165,
    "epoch36": 25.732484208776597,
    "epoch37": 25.112782579787233,
    "epoch38": 25.27408681017287,
    "epoch39": 25.2669366065492,
    "epoch40": 25.015827584773938,
    "epoch41": 24.88211643949468,
    "epoch42": 24.67265676944814,
    "epoch43": 24.598988634474733,
    "epoch44": 25.07174098238032,
    "epoch45": 25.083088326961438,
    "epoch46": 24.8382256690492,
    "epoch47": 24.731266102892288,
    "epoch48": 24.962462080285903,
    "epoch49": 24.98988115026596,
    "epoch50": 24.67314505069814,
    "epoch51": 24.749638983543882,
    "epoch52": 24.460407662898938,
    "epoch53": 24.580698865525267,
    "epoch54": 24.12627264793883,
    "epoch55": 24.008976063829788,
    "epoch56": 24.096388796542552,
    "epoch57": 24.49159532912234,
    "epoch58": 23.99571455285904,
    "epoch59": 24.41186783161569,
    "epoch60": 24.58560505319149,
    "epoch61": 23.83626994680851,
    "epoch62": 23.724131482712767,
    "epoch63": 23.83314806349734,
    "epoch64": 25.190138796542552,
    "epoch65": 23.645640271775267,
    "epoch66": 23.69276460688165,
    "epoch67": 23.927362969581118,
    "epoch68": 23.928422643783243,
    "epoch69": 23.690177755152927,
    "epoch70": 23.76351344331782,
    "epoch71": 24.19294121924867,
    "epoch72": 23.52659574468085,
    "epoch73": 23.713768492353722,
    "epoch74": 23.784413439162233,
    "epoch75": 23.41647014212101,
    "epoch76": 23.68695717669548,
    "epoch77": 23.912639212101062,
    "epoch78": 23.41666233793218,
    "epoch79": 23.75496852144282,
    "epoch80": 23.422316530917552,
    "epoch81": 24.067439951795212,
    "epoch82": 23.50648271276596,
    "epoch83": 23.252311544215427,
    "epoch84": 23.139131586602392,
    "epoch85": 23.111580057347073,
    "epoch86": 23.959760949966757,
    "epoch87": 23.27331802692819,
    "epoch88": 23.424381337267288,
    "epoch89": 23.33426747423537,
    "epoch90": 23.0547186668883,
    "epoch91": 23.21742540724734,
    "epoch92": 24.830119680851062,
    "epoch93": 23.07493558843085,
    "epoch94": 23.12782320063165,
    "epoch95": 23.039649476396278,
    "epoch96": 23.41219508394282,
    "epoch97": 23.36586290724734,
    "epoch98": 22.7430108252992,
    "epoch99": 23.000007791722073,
    "epoch100": 22.94538002825798
}