{
    "epoch1": 0.0005676253019676854,
    "epoch2": 0.0004410668462514877,
    "epoch3": 0.00035778513047262094,
    "epoch4": 0.0003082761641902228,
    "epoch5": 0.0002819573648351555,
    "epoch6": 0.0002694312193004104,
    "epoch7": 0.0002644183514348697,
    "epoch8": 0.00026234785698761695,
    "epoch9": 0.00026142520199452215,
    "epoch10": 0.0002609219701359204,
    "epoch11": 0.0002605833432365519,
    "epoch12": 0.0002603643914820471,
    "epoch13": 0.0002601097243314143,
    "epoch14": 0.0002599074287475863,
    "epoch15": 0.00025970087498232414,
    "epoch16": 0.0002594389320681027,
    "epoch17": 0.0002592469886682617,
    "epoch18": 0.0002590632784025123,
    "epoch19": 0.0002588984118968559,
    "epoch20": 0.00025868763303151356,
    "epoch21": 0.000258573181151102,
    "epoch22": 0.00025843889627140014,
    "epoch23": 0.0002582829389333104,
    "epoch24": 0.0002581916936226965,
    "epoch25": 0.00025807691102575824,
    "epoch26": 0.0002579628539388068,
    "epoch27": 0.0002577971182957602,
    "epoch28": 0.0002577274646804047,
    "epoch29": 0.00025762240785600927,
    "epoch30": 0.0002575983398128301
}