{
    "epoch1": 153.340265625,
    "epoch2": 125.16753125,
    "epoch3": 119.1157734375,
    "epoch4": 114.7621484375,
    "epoch5": 110.4964375,
    "epoch6": 107.5232109375,
    "epoch7": 105.149953125,
    "epoch8": 103.079859375,
    "epoch9": 101.513078125,
    "epoch10": 99.980359375,
    "epoch11": 98.6596171875,
    "epoch12": 97.593578125,
    "epoch13": 96.8563984375,
    "epoch14": 95.8194140625,
    "epoch15": 95.2550703125,
    "epoch16": 94.4403984375,
    "epoch17": 93.807078125,
    "epoch18": 93.19496875,
    "epoch19": 92.6350078125,
    "epoch20": 91.962421875,
    "epoch21": 91.5540859375,
    "epoch22": 91.0825390625,
    "epoch23": 90.5834765625,
    "epoch24": 90.32909375,
    "epoch25": 89.7196015625,
    "epoch26": 89.2289296875,
    "epoch27": 88.97615625,
    "epoch28": 88.59,
    "epoch29": 88.306265625,
    "epoch30": 88.169015625
}