{
    "epoch1": 0.00012811705860076472,
    "epoch2": 0.00011560518271289766,
    "epoch3": 0.00010693185632408132,
    "epoch4": 0.00010125058895209804,
    "epoch5": 9.77859458362218e-05,
    "epoch6": 9.581760150467744e-05,
    "epoch7": 9.482478128484217e-05,
    "epoch8": 9.436738063232042e-05,
    "epoch9": 9.416485553811071e-05,
    "epoch10": 9.405539621729986e-05,
    "epoch11": 9.395348128236947e-05,
    "epoch12": 9.383946594971349e-05,
    "epoch13": 9.371115872818336e-05,
    "epoch14": 9.357671611905971e-05,
    "epoch15": 9.344835755837266e-05,
    "epoch16": 9.329355388581462e-05,
    "epoch17": 9.316014586147503e-05,
    "epoch18": 9.30139873198641e-05,
    "epoch19": 9.290331924967177e-05,
    "epoch20": 9.278651669956161e-05,
    "epoch21": 9.266425196074124e-05,
    "epoch22": 9.255446670795209e-05,
    "epoch23": 9.245063399248465e-05,
    "epoch24": 9.234601716889302e-05,
    "epoch25": 9.225387477999902e-05,
    "epoch26": 9.21918025433115e-05,
    "epoch27": 9.210363380134368e-05,
    "epoch28": 9.20385837489448e-05,
    "epoch29": 9.196168674679938e-05,
    "epoch30": 9.190011263854103e-05
}