{
    "epoch1": 152.4664093501984,
    "epoch2": 145.07345920138889,
    "epoch3": 137.33685205853175,
    "epoch4": 129.45440383184524,
    "epoch5": 123.70364428323413,
    "epoch6": 118.3890361483135,
    "epoch7": 115.99863591269842,
    "epoch8": 116.39543805803571,
    "epoch9": 119.09790426587301,
    "epoch10": 119.66366722470238,
    "epoch11": 119.54616970486111,
    "epoch12": 119.07443576388889,
    "epoch13": 118.28139725942461,
    "epoch14": 117.39458550347223,
    "epoch15": 116.62582155257937,
    "epoch16": 115.83853391617063,
    "epoch17": 115.2610599578373,
    "epoch18": 114.33477492559524,
    "epoch19": 113.76910497271825,
    "epoch20": 113.06315104166667,
    "epoch21": 112.13748604910714,
    "epoch22": 111.27951388888889,
    "epoch23": 110.29202318948413,
    "epoch24": 109.30419921875,
    "epoch25": 108.3746357266865,
    "epoch26": 107.76601252480158,
    "epoch27": 106.92668805803571,
    "epoch28": 106.26365637400794,
    "epoch29": 105.41684492807539,
    "epoch30": 104.75082930307539
}