{
    "epoch1": 155.42246875,
    "epoch2": 148.88471875,
    "epoch3": 140.983875,
    "epoch4": 133.047984375,
    "epoch5": 125.6536875,
    "epoch6": 119.8001171875,
    "epoch7": 115.8298984375,
    "epoch8": 115.8603046875,
    "epoch9": 116.573265625,
    "epoch10": 117.8360234375,
    "epoch11": 118.4153671875,
    "epoch12": 118.61890625,
    "epoch13": 118.4173359375,
    "epoch14": 117.5247265625,
    "epoch15": 116.4778984375,
    "epoch16": 115.9410390625,
    "epoch17": 114.669671875,
    "epoch18": 114.04625,
    "epoch19": 112.0841328125,
    "epoch20": 111.3525703125,
    "epoch21": 110.2205625,
    "epoch22": 109.0342109375,
    "epoch23": 108.1476875,
    "epoch24": 107.2233515625,
    "epoch25": 105.923703125,
    "epoch26": 105.2468359375,
    "epoch27": 104.687484375,
    "epoch28": 103.8429296875,
    "epoch29": 102.935421875,
    "epoch30": 102.2522109375
}