{
    "epoch1": 96.32475981841216,
    "epoch2": 83.96378140836148,
    "epoch3": 81.71847946579392,
    "epoch4": 79.97706397804055,
    "epoch5": 77.84859322212837,
    "epoch6": 74.90200723184121,
    "epoch7": 71.1591796875,
    "epoch8": 67.51481999577703,
    "epoch9": 65.15566274282095,
    "epoch10": 63.026578336148646,
    "epoch11": 61.62051309121622,
    "epoch12": 60.433349609375,
    "epoch13": 60.40456740920608,
    "epoch14": 59.219205289273646,
    "epoch15": 58.756407041807435,
    "epoch16": 57.705790751689186,
    "epoch17": 57.19639463682432,
    "epoch18": 55.64804159628378,
    "epoch19": 55.164844409839525,
    "epoch20": 53.8012794288429,
    "epoch21": 52.88370988175676,
    "epoch22": 51.91400971283784,
    "epoch23": 50.94712705869932,
    "epoch24": 50.24833390519426,
    "epoch25": 49.32401749894426,
    "epoch26": 48.46328652871622,
    "epoch27": 47.958367425042226,
    "epoch28": 46.713966163429056,
    "epoch29": 46.17436919341216,
    "epoch30": 45.46359665329392
}