{
    "epoch1": 84.66553412543402,
    "epoch2": 79.53742133246527,
    "epoch3": 77.96552870008681,
    "epoch4": 76.21016438802083,
    "epoch5": 73.98512776692708,
    "epoch6": 70.56525336371527,
    "epoch7": 67.57596842447917,
    "epoch8": 65.29543728298611,
    "epoch9": 61.29450141059028,
    "epoch10": 61.504170735677086,
    "epoch11": 59.543538411458336,
    "epoch12": 58.67473008897569,
    "epoch13": 56.957071940104164,
    "epoch14": 57.008280436197914,
    "epoch15": 56.364095052083336,
    "epoch16": 55.981652153862846,
    "epoch17": 55.14269680447049,
    "epoch18": 53.8216552734375,
    "epoch19": 53.23486328125,
    "epoch20": 51.92876180013021,
    "epoch21": 51.214687771267364,
    "epoch22": 49.84547254774306,
    "epoch23": 49.447418212890625,
    "epoch24": 49.040622287326386,
    "epoch25": 48.803619384765625,
    "epoch26": 48.20252482096354,
    "epoch27": 48.51855807834201,
    "epoch28": 46.843115912543404,
    "epoch29": 46.555928548177086,
    "epoch30": 45.49839613172743
}