{
    "epoch0": {
        "layer1": {
            "max_length": 1.74177885055542,
            "mean_length": 0.4635811284033939,
            "median_length": 0.37347787618637085,
            "stdev_length": 0.29631823857470646,
            "sum_length": 45.894531711936,
            "ratio_2_1": 19.034739509316104,
            "ratio_3_1": 19.006538421086592,
            "h": 4.424802617187398,
            "normh": 1.1564042159073882,
            "snr": Infinity,
            "mean_birth": 0.0,
            "stdev_birth": 0.0,
            "mean_death": 0.4635811284033939,
            "stdev_death": 0.29631823857470646
        },
        "layer2": {
            "max_length": 0.6869556307792664,
            "mean_length": 0.18474756087167093,
            "median_length": 0.15357565879821777,
            "stdev_length": 0.11515937774793802,
            "sum_length": 18.290008526295424,
            "ratio_2_1": 19.014610112691656,
            "ratio_3_1": 18.0195139592888,
            "h": 4.431876837211717,
            "normh": 1.524891813328664,
            "snr": Infinity,
            "mean_birth": 0.0,
            "stdev_birth": 0.0,
            "mean_death": 0.18474756087167093,
            "stdev_death": 0.11515937774793802
        },
        "layer3": {
            "max_length": 0.005216680467128754,
            "mean_length": 0.0006952383602508391,
            "median_length": 0.0003596842288970947,
            "stdev_length": 0.0010083340880324338,
            "sum_length": 0.06882859766483307,
            "ratio_2_1": 2575.5763358778627,
            "ratio_3_1": 2027.5458015267175,
            "h": 3.886641735530148,
            "normh": -1.45233343838052,
            "snr": Infinity,
            "mean_birth": 0.0,
            "stdev_birth": 0.0,
            "mean_death": 0.0006952383602508391,
            "stdev_death": 0.0010083340880324338
        }
    }
}