{
    "epoch1": 105.56533203125,
    "epoch2": 104.79912109375,
    "epoch3": 104.021455078125,
    "epoch4": 103.234609375,
    "epoch5": 102.495205078125,
    "epoch6": 101.739462890625,
    "epoch7": 101.008828125,
    "epoch8": 100.324267578125,
    "epoch9": 99.61703125,
    "epoch10": 98.908310546875,
    "epoch11": 98.20341796875,
    "epoch12": 97.535634765625,
    "epoch13": 96.911201171875,
    "epoch14": 96.27802734375,
    "epoch15": 95.620107421875,
    "epoch16": 95.00349609375,
    "epoch17": 94.344228515625,
    "epoch18": 93.788388671875,
    "epoch19": 93.243740234375,
    "epoch20": 92.72642578125,
    "epoch21": 92.197861328125,
    "epoch22": 91.623857421875,
    "epoch23": 91.2247265625,
    "epoch24": 90.688828125,
    "epoch25": 90.264775390625,
    "epoch26": 89.766787109375,
    "epoch27": 89.3032421875,
    "epoch28": 88.959501953125,
    "epoch29": 88.545078125,
    "epoch30": 88.094443359375
}