{
    "epoch1": 2459.546630859375,
    "epoch2": 1948.2083740234375,
    "epoch3": 1861.1190185546875,
    "epoch4": 1860.877197265625,
    "epoch5": 1939.2457275390625,
    "epoch6": 1818.89208984375,
    "epoch7": 1791.0244140625,
    "epoch8": 1698.6641845703125,
    "epoch9": 1712.240234375,
    "epoch10": 1654.860595703125,
    "epoch11": 1652.13232421875,
    "epoch12": 1655.8427734375,
    "epoch13": 1616.22509765625,
    "epoch14": 1656.4857177734375,
    "epoch15": 1589.7197265625,
    "epoch16": 1573.1715087890625,
    "epoch17": 1616.2176513671875,
    "epoch18": 1551.82568359375,
    "epoch19": 1551.234375,
    "epoch20": 1563.0802001953125,
    "epoch21": 1567.1937255859375,
    "epoch22": 1527.361572265625,
    "epoch23": 1533.3599853515625,
    "epoch24": 1530.9796142578125,
    "epoch25": 1527.39404296875,
    "epoch26": 1567.34423828125,
    "epoch27": 1524.1024169921875,
    "epoch28": 1536.9912109375,
    "epoch29": 1517.978515625,
    "epoch30": 1504.2650146484375,
    "epoch31": 1502.0338134765625,
    "epoch32": 1586.5518798828125,
    "epoch33": 1523.4757080078125,
    "epoch34": 1528.5050048828125,
    "epoch35": 1512.8143310546875,
    "epoch36": 1506.61767578125,
    "epoch37": 1543.718505859375,
    "epoch38": 1578.0703125,
    "epoch39": 1489.2650146484375,
    "epoch40": 1512.19482421875,
    "epoch41": 1474.89794921875,
    "epoch42": 1547.6156005859375,
    "epoch43": 1498.3902587890625,
    "epoch44": 1494.4339599609375,
    "epoch45": 1478.9759521484375,
    "epoch46": 1502.25390625,
    "epoch47": 1494.7662353515625,
    "epoch48": 1458.5948486328125,
    "epoch49": 1473.6845703125,
    "epoch50": 1468.66650390625,
    "epoch51": 1503.102783203125,
    "epoch52": 1489.2335205078125,
    "epoch53": 1473.3719482421875,
    "epoch54": 1537.7435302734375,
    "epoch55": 1449.6937255859375,
    "epoch56": 1500.560791015625,
    "epoch57": 1438.8648681640625,
    "epoch58": 1438.1387939453125,
    "epoch59": 1449.293701171875,
    "epoch60": 1445.673095703125,
    "epoch61": 1454.8284912109375,
    "epoch62": 1462.3568115234375,
    "epoch63": 1440.484619140625,
    "epoch64": 1444.043701171875,
    "epoch65": 1427.1114501953125,
    "epoch66": 1426.3824462890625,
    "epoch67": 1456.9576416015625,
    "epoch68": 1440.0361328125,
    "epoch69": 1412.809814453125,
    "epoch70": 1414.4644775390625,
    "epoch71": 1416.674560546875,
    "epoch72": 1457.035400390625,
    "epoch73": 1468.8154296875,
    "epoch74": 1499.7388916015625,
    "epoch75": 1474.1507568359375,
    "epoch76": 1444.2762451171875,
    "epoch77": 1413.183837890625,
    "epoch78": 1421.6529541015625,
    "epoch79": 1416.588134765625,
    "epoch80": 1456.218994140625,
    "epoch81": 1531.89794921875,
    "epoch82": 1412.6634521484375,
    "epoch83": 1392.7989501953125,
    "epoch84": 1467.6097412109375,
    "epoch85": 1403.676513671875,
    "epoch86": 1416.2276611328125,
    "epoch87": 1432.71337890625,
    "epoch88": 1392.03466796875,
    "epoch89": 1383.9310302734375,
    "epoch90": 1388.4041748046875,
    "epoch91": 1425.927001953125,
    "epoch92": 1425.6732177734375,
    "epoch93": 1384.8282470703125,
    "epoch94": 1415.878173828125,
    "epoch95": 1424.178466796875,
    "epoch96": 1428.27001953125,
    "epoch97": 1404.41796875,
    "epoch98": 1454.4986572265625,
    "epoch99": 1408.4080810546875,
    "epoch100": 1394.2681884765625
}