{
    "epoch1": 0.029321518746462275,
    "epoch2": 0.020520403941578055,
    "epoch3": 0.018657443252332668,
    "epoch4": 0.017755755778164305,
    "epoch5": 0.01694690699669275,
    "epoch6": 0.016428344090409736,
    "epoch7": 0.01588048219205217,
    "epoch8": 0.015490632177271108,
    "epoch9": 0.015129333837552274,
    "epoch10": 0.014829448136956767,
    "epoch11": 0.014611020139319466,
    "epoch12": 0.014323399540908794,
    "epoch13": 0.014205944288442744,
    "epoch14": 0.01411681202180842,
    "epoch15": 0.013921060619202065,
    "epoch16": 0.01419276507333555,
    "epoch17": 0.013536596502316124,
    "epoch18": 0.013515400333686712,
    "epoch19": 0.013468310851207439,
    "epoch20": 0.01393602295045523,
    "epoch21": 0.013208292652555603,
    "epoch22": 0.013172693887448057,
    "epoch23": 0.013055372398663709,
    "epoch24": 0.01306072096439435,
    "epoch25": 0.013007686641859882,
    "epoch26": 0.013778065004326562,
    "epoch27": 0.01299930775062518,
    "epoch28": 0.012762093133828107,
    "epoch29": 0.012748300038436626,
    "epoch30": 0.012870495177884685,
    "epoch31": 0.012862168252468109,
    "epoch32": 0.012767855365304871,
    "epoch33": 0.013818169349527105,
    "epoch34": 0.012566291211925923,
    "epoch35": 0.012569097901119831,
    "epoch36": 0.012643127305869093,
    "epoch37": 0.012612163227923374,
    "epoch38": 0.012438147943070594,
    "epoch39": 0.013071491065970126,
    "epoch40": 0.012664359340325315,
    "epoch41": 0.01280110939703089,
    "epoch42": 0.012881759365901668,
    "epoch43": 0.012419992602093423,
    "epoch44": 0.012372127912463025,
    "epoch45": 0.01223501131097053,
    "epoch46": 0.013251412649975812,
    "epoch47": 0.012337501210338891,
    "epoch48": 0.01223654289075986,
    "epoch49": 0.012207957489931203,
    "epoch50": 0.012362638002935243,
    "epoch51": 0.012163559836830864,
    "epoch52": 0.012153568469542773,
    "epoch53": 0.01247698356932465,
    "epoch54": 0.012153310067159064,
    "epoch55": 0.012082792679838677,
    "epoch56": 0.013799848084516347,
    "epoch57": 0.012275452557158596,
    "epoch58": 0.01207413269761712,
    "epoch59": 0.012448309227190119,
    "epoch60": 0.012170382814997055,
    "epoch61": 0.0120850688619341,
    "epoch62": 0.012257538438635938,
    "epoch63": 0.011963861360353358,
    "epoch64": 0.011900303439494777,
    "epoch65": 0.012040658725148186,
    "epoch66": 0.012101855673926307,
    "epoch67": 0.011836143111453411,
    "epoch68": 0.012169823268468076,
    "epoch69": 0.011947281222711218,
    "epoch70": 0.01197089123083873,
    "epoch71": 0.011891035818831717,
    "epoch72": 0.011838656295328698,
    "epoch73": 0.011793101404575592,
    "epoch74": 0.012387650513506316,
    "epoch75": 0.012018679225064338,
    "epoch76": 0.011817147004160476,
    "epoch77": 0.012178072111403688,
    "epoch78": 0.011801213719584841,
    "epoch79": 0.01181828969732878,
    "epoch80": 0.011867106158999687,
    "epoch81": 0.011888781057155512,
    "epoch82": 0.01190588749112918,
    "epoch83": 0.011716392059671753,
    "epoch84": 0.01192693250808627,
    "epoch85": 0.011762664078715,
    "epoch86": 0.012302017453661624,
    "epoch87": 0.011691605602886448,
    "epoch88": 0.011817604442067604,
    "epoch89": 0.011737139776666114,
    "epoch90": 0.011941013223630316,
    "epoch91": 0.011797659237809639,
    "epoch92": 0.011775218257482381,
    "epoch93": 0.011621103612111603,
    "epoch94": 0.01181962184528721,
    "epoch95": 0.011553452825768197,
    "epoch96": 0.012055796709783535,
    "epoch97": 0.011813751907345462,
    "epoch98": 0.011642855334472148,
    "epoch99": 0.012061326298862696,
    "epoch100": 0.011896754813162571
}