{
    "epoch1": 7.743214816552306e-06,
    "epoch2": 7.247662440022396e-06,
    "epoch3": 7.088819523157023e-06,
    "epoch4": 6.991689412113071e-06,
    "epoch5": 6.919521050652596e-06,
    "epoch6": 6.868327956605451e-06,
    "epoch7": 6.83987219743661e-06,
    "epoch8": 6.80374433295583e-06,
    "epoch9": 6.827888754742162e-06,
    "epoch10": 6.754636042993904e-06,
    "epoch11": 6.741121425041759e-06,
    "epoch12": 6.718933757080474e-06,
    "epoch13": 6.706895332285967e-06,
    "epoch14": 6.70688356149185e-06,
    "epoch15": 6.725629785933051e-06,
    "epoch16": 6.745271051462017e-06,
    "epoch17": 6.660200878362351e-06,
    "epoch18": 6.654591581877867e-06,
    "epoch19": 6.656029544804672e-06,
    "epoch20": 6.6437972108512135e-06,
    "epoch21": 6.673158234207221e-06,
    "epoch22": 6.63444223141596e-06,
    "epoch23": 6.631534899876594e-06,
    "epoch24": 6.622994666183028e-06,
    "epoch25": 6.636753481416235e-06,
    "epoch26": 6.625931405551455e-06,
    "epoch27": 6.64711624760154e-06,
    "epoch28": 6.603448275200207e-06,
    "epoch29": 6.602382791167353e-06,
    "epoch30": 6.627275384971654e-06
}