{
    "epoch1": 119.25928125,
    "epoch2": 108.32069791666666,
    "epoch3": 104.37691666666667,
    "epoch4": 102.269875,
    "epoch5": 101.05758333333333,
    "epoch6": 100.50860416666667,
    "epoch7": 98.71642708333333,
    "epoch8": 98.05301041666667,
    "epoch9": 96.38588541666667,
    "epoch10": 96.74671875,
    "epoch11": 98.23126041666667,
    "epoch12": 96.69330208333334,
    "epoch13": 95.59782291666667,
    "epoch14": 97.67352083333333,
    "epoch15": 93.74998958333333,
    "epoch16": 93.87653125,
    "epoch17": 93.54760416666667,
    "epoch18": 94.1354375,
    "epoch19": 92.87572916666667,
    "epoch20": 93.00105208333333,
    "epoch21": 92.412625,
    "epoch22": 94.38503125,
    "epoch23": 92.22403125,
    "epoch24": 91.94946875,
    "epoch25": 91.89336458333334,
    "epoch26": 91.56191666666666,
    "epoch27": 91.75255208333333,
    "epoch28": 91.71138541666667,
    "epoch29": 91.64066666666666,
    "epoch30": 91.20602083333333
}