{
    "epoch1": 126.48780208333334,
    "epoch2": 111.88628125,
    "epoch3": 106.53321875,
    "epoch4": 103.8426875,
    "epoch5": 101.65925,
    "epoch6": 99.65814583333334,
    "epoch7": 98.5095,
    "epoch8": 97.97120833333334,
    "epoch9": 96.95603125,
    "epoch10": 96.35802083333333,
    "epoch11": 95.19629166666667,
    "epoch12": 94.91253125,
    "epoch13": 94.67528125,
    "epoch14": 94.36360416666666,
    "epoch15": 93.3500625,
    "epoch16": 93.14361458333333,
    "epoch17": 93.060375,
    "epoch18": 92.2595625,
    "epoch19": 92.15691666666666,
    "epoch20": 92.07921875,
    "epoch21": 91.54357291666666,
    "epoch22": 91.16407291666667,
    "epoch23": 91.22138541666666,
    "epoch24": 91.14053125,
    "epoch25": 90.18884375,
    "epoch26": 90.45403125,
    "epoch27": 90.28173958333333,
    "epoch28": 90.48965625,
    "epoch29": 89.96941666666666,
    "epoch30": 90.02382291666666
}