{
    "epoch1": 1.9392135940705602e-05,
    "epoch2": 1.6170975253772216e-05,
    "epoch3": 1.4833824360285345e-05,
    "epoch4": 1.3807631632605411e-05,
    "epoch5": 1.3101844213465377e-05,
    "epoch6": 1.2576283298034006e-05,
    "epoch7": 1.2186258155384817e-05,
    "epoch8": 1.190545999917517e-05,
    "epoch9": 1.1675589758710884e-05,
    "epoch10": 1.1498973567345244e-05,
    "epoch11": 1.1356376838617288e-05,
    "epoch12": 1.1242344946876037e-05,
    "epoch13": 1.1150412622571853e-05,
    "epoch14": 1.1073330666665782e-05,
    "epoch15": 1.1010081036911476e-05,
    "epoch16": 1.0960790204689663e-05,
    "epoch17": 1.0911374070904466e-05,
    "epoch18": 1.087052185726245e-05,
    "epoch19": 1.0838907616795382e-05,
    "epoch20": 1.081115363752168e-05,
    "epoch21": 1.0785862012893658e-05,
    "epoch22": 1.0761845031440297e-05,
    "epoch23": 1.0741047304900615e-05,
    "epoch24": 1.0723214868837125e-05,
    "epoch25": 1.070725374008851e-05,
    "epoch26": 1.0696260401992442e-05,
    "epoch27": 1.0682581214950399e-05,
    "epoch28": 1.0668453146735206e-05,
    "epoch29": 1.0658611354074568e-05,
    "epoch30": 1.0649508618368575e-05
}