{
    "epoch1": 152.74752584467979,
    "epoch2": 141.9207167170953,
    "epoch3": 140.23658913262733,
    "epoch4": 135.99858169440242,
    "epoch5": 131.54909701210286,
    "epoch6": 127.16593387544125,
    "epoch7": 122.97930849722643,
    "epoch8": 119.328125,
    "epoch9": 116.10948531265758,
    "epoch10": 113.02416635148765,
    "epoch11": 109.93489977307111,
    "epoch12": 107.50946325012607,
    "epoch13": 105.07923600605143,
    "epoch14": 102.95500819465457,
    "epoch15": 101.11504822239031,
    "epoch16": 99.87566975542109,
    "epoch17": 98.36451241805345,
    "epoch18": 97.12190336611195,
    "epoch19": 96.2147472264246,
    "epoch20": 95.42090582450832,
    "epoch21": 94.59720908976298,
    "epoch22": 93.94320474029249,
    "epoch23": 93.25502710539587,
    "epoch24": 92.83927445789209,
    "epoch25": 92.26753971255673,
    "epoch26": 91.84831221633888,
    "epoch27": 91.33991269541099,
    "epoch28": 90.94137670196672,
    "epoch29": 90.54890002521432,
    "epoch30": 90.20604828542612
}