{
    "epoch1": 141.40262726814515,
    "epoch2": 142.90642326108872,
    "epoch3": 138.50277217741936,
    "epoch4": 133.96563130040323,
    "epoch5": 129.41596049647177,
    "epoch6": 125.14360981602823,
    "epoch7": 121.33139333417338,
    "epoch8": 118.51016727570564,
    "epoch9": 115.10955613659274,
    "epoch10": 110.60073557207662,
    "epoch11": 108.93227066532258,
    "epoch12": 105.78466009324596,
    "epoch13": 103.67265467489919,
    "epoch14": 101.66850428427419,
    "epoch15": 101.05636498235887,
    "epoch16": 98.83260616179436,
    "epoch17": 97.83738659274194,
    "epoch18": 97.27177576864919,
    "epoch19": 95.79668598790323,
    "epoch20": 94.88044984879032,
    "epoch21": 94.20001417590726,
    "epoch22": 93.48081527217742,
    "epoch23": 92.98937594506049,
    "epoch24": 92.47322328629032,
    "epoch25": 91.90246188256049,
    "epoch26": 91.30760931199596,
    "epoch27": 90.88560830393145,
    "epoch28": 90.48836788054436,
    "epoch29": 90.07944808467742,
    "epoch30": 89.71126827116936
}