{
    "epoch1": 0.058663119872411094,
    "epoch2": 0.05236018846432368,
    "epoch3": 0.045014983415603636,
    "epoch4": 0.03682181872427463,
    "epoch5": 0.03017177979151408,
    "epoch6": 0.02614565591017405,
    "epoch7": 0.02392071137825648,
    "epoch8": 0.022842410765588284,
    "epoch9": 0.022329145297408103,
    "epoch10": 0.021814701457818348,
    "epoch11": 0.021384845425685247,
    "epoch12": 0.021054552309215067,
    "epoch13": 0.021011482986311118,
    "epoch14": 0.02053168062120676,
    "epoch15": 0.02038244071106116,
    "epoch16": 0.020400276780128478,
    "epoch17": 0.019858542270958422,
    "epoch18": 0.0197147478039066,
    "epoch19": 0.01952021773904562,
    "epoch20": 0.019482305521766344,
    "epoch21": 0.01924526896327734,
    "epoch22": 0.019447879927853743,
    "epoch23": 0.019411233750482402,
    "epoch24": 0.019111414315799873,
    "epoch25": 0.018646033542851607,
    "epoch26": 0.018655901464323204,
    "epoch27": 0.018379890980819862,
    "epoch28": 0.018197205724815528,
    "epoch29": 0.018209954227010407,
    "epoch30": 0.018092226361234982,
    "epoch31": 0.01800689548254013,
    "epoch32": 0.017772739939391612,
    "epoch33": 0.01771455860386292,
    "epoch34": 0.01767072770744562,
    "epoch35": 0.01750748691459497,
    "epoch36": 0.017861774687965713,
    "epoch37": 0.017349081113934517,
    "epoch38": 0.017348925893505413,
    "epoch39": 0.0171302088846763,
    "epoch40": 0.017340692691504955,
    "epoch41": 0.01704248854269584,
    "epoch42": 0.01728674297531446,
    "epoch43": 0.017201738928755126,
    "epoch44": 0.017283476144075393,
    "epoch45": 0.01682736463844776,
    "epoch46": 0.01677150248239438,
    "epoch47": 0.016607385501265524,
    "epoch48": 0.016575992728273075,
    "epoch49": 0.017055326451857884,
    "epoch50": 0.01652954195936521,
    "epoch51": 0.01663497711221377,
    "epoch52": 0.01653192595889171,
    "epoch53": 0.016307536512613297,
    "epoch54": 0.016758587397634982,
    "epoch55": 0.016282178523639838,
    "epoch56": 0.016439754826327164,
    "epoch57": 0.016127025336027147,
    "epoch58": 0.016088392895956833,
    "epoch59": 0.016034303108851115,
    "epoch60": 0.016189369248847167,
    "epoch61": 0.016167555066446463,
    "epoch62": 0.01610288259883722,
    "epoch63": 0.016068293278416,
    "epoch64": 0.01592454065879186,
    "epoch65": 0.015922422955433526,
    "epoch66": 0.015860095185538135,
    "epoch67": 0.01627660126735767,
    "epoch68": 0.01580113110442956,
    "epoch69": 0.01579337945828835,
    "epoch70": 0.01567587119837602,
    "epoch71": 0.015899153985083105,
    "epoch72": 0.015976090729236603,
    "epoch73": 0.015651040337979795,
    "epoch74": 0.01560257604966561,
    "epoch75": 0.015666570762793222,
    "epoch76": 0.01551702016343673,
    "epoch77": 0.015489608546098073,
    "epoch78": 0.015754850084582963,
    "epoch79": 0.01547029943515857,
    "epoch80": 0.015733779408037663,
    "epoch81": 0.015518629923462868,
    "epoch82": 0.015481768796841303,
    "epoch83": 0.015493234371145565,
    "epoch84": 0.01562544833868742,
    "epoch85": 0.016100715349117913,
    "epoch86": 0.01540773113568624,
    "epoch87": 0.015511858028670151,
    "epoch88": 0.015275445145865282,
    "epoch89": 0.015683433661858242,
    "epoch90": 0.015282660288115342,
    "epoch91": 0.015134919248521329,
    "epoch92": 0.01562197667857011,
    "epoch93": 0.015177543895939985,
    "epoch94": 0.015142208834489187,
    "epoch95": 0.015015580877661704,
    "epoch96": 0.015349210426211356,
    "epoch97": 0.015010489771763483,
    "epoch98": 0.015159888068834941,
    "epoch99": 0.0149592828626434,
    "epoch100": 0.015086318055788675
}