{
    "epoch1": 90.82700532058189,
    "epoch2": 47.15070211476293,
    "epoch3": 44.64798710264009,
    "epoch4": 41.23617658943966,
    "epoch5": 37.91356580010776,
    "epoch6": 34.56655357623922,
    "epoch7": 31.847029061153016,
    "epoch8": 30.605856007543103,
    "epoch9": 30.053195295662714,
    "epoch10": 29.623991867591595,
    "epoch11": 29.46589608028017,
    "epoch12": 29.328209186422413,
    "epoch13": 28.973912732354528,
    "epoch14": 29.112260489628234,
    "epoch15": 29.085836476293103,
    "epoch16": 28.772052633351294,
    "epoch17": 28.79314764614763,
    "epoch18": 28.702613567483837,
    "epoch19": 28.48321322737069,
    "epoch20": 28.313737540409484,
    "epoch21": 28.203531199488147,
    "epoch22": 28.425755994073278,
    "epoch23": 28.259588833512932,
    "epoch24": 28.0959367423222,
    "epoch25": 27.706867086476294,
    "epoch26": 27.4627685546875,
    "epoch27": 27.527684705010778,
    "epoch28": 27.200736210264008,
    "epoch29": 27.065217116783405,
    "epoch30": 27.057305697737068,
    "epoch31": 26.858390018857758,
    "epoch32": 26.704259412042028,
    "epoch33": 26.57312222184806,
    "epoch34": 26.75029254781789,
    "epoch35": 26.56293145541487,
    "epoch36": 26.443630876212286,
    "epoch37": 26.4361467032597,
    "epoch38": 26.245641247979528,
    "epoch39": 26.266454236260778,
    "epoch40": 26.047003384294182,
    "epoch41": 26.154317921605603,
    "epoch42": 26.061026737607758,
    "epoch43": 25.782066608297413,
    "epoch44": 26.00005051185345,
    "epoch45": 25.811496076912714,
    "epoch46": 25.795264934671337,
    "epoch47": 25.62846637594289,
    "epoch48": 25.701691726158405,
    "epoch49": 25.84016365840517,
    "epoch50": 25.72624680091595,
    "epoch51": 25.62688156654095,
    "epoch52": 25.50807137324892,
    "epoch53": 25.3293351798222,
    "epoch54": 25.522010540140087,
    "epoch55": 25.2801408438847,
    "epoch56": 25.258467049434266,
    "epoch57": 25.50242667362608,
    "epoch58": 25.2871198983028,
    "epoch59": 25.39227294921875,
    "epoch60": 25.123318376212286,
    "epoch61": 25.63172649515086,
    "epoch62": 25.3071394295528,
    "epoch63": 25.22961636247306,
    "epoch64": 25.054584371632544,
    "epoch65": 24.9320068359375,
    "epoch66": 25.0233259529903,
    "epoch67": 25.050760203394397,
    "epoch68": 24.97694344356142,
    "epoch69": 25.002887594288794,
    "epoch70": 25.088040055899786,
    "epoch71": 24.91046563510237,
    "epoch72": 24.983240587957972,
    "epoch73": 24.80089911099138,
    "epoch74": 24.65471149313039,
    "epoch75": 24.824012493265087,
    "epoch76": 24.86357169315733,
    "epoch77": 24.499625370420258,
    "epoch78": 24.78245807516164,
    "epoch79": 24.532881111934266,
    "epoch80": 24.837970602101294,
    "epoch81": 24.447259311018318,
    "epoch82": 24.54881339237608,
    "epoch83": 24.58179131869612,
    "epoch84": 24.835897511449353,
    "epoch85": 24.60015658674569,
    "epoch86": 24.588616732893318,
    "epoch87": 24.764118063038794,
    "epoch88": 24.469198292699353,
    "epoch89": 24.3695173592403,
    "epoch90": 24.998514109644397,
    "epoch91": 24.333573966190734,
    "epoch92": 24.491753939924568,
    "epoch93": 24.327373636179956,
    "epoch94": 24.38873291015625,
    "epoch95": 24.346490268049568,
    "epoch96": 24.164020406788794,
    "epoch97": 24.325308964170258,
    "epoch98": 24.44157883216595,
    "epoch99": 24.996672531654095,
    "epoch100": 24.196821541621766
}