{
    "epoch0": {
        "layer1": {
            "max_length": 2.403154134750366,
            "mean_length": 0.9973042060931524,
            "median_length": 0.9166852831840515,
            "stdev_length": 0.4574004549791024,
            "sum_length": 98.73311640322208,
            "ratio_2_1": 17.177380024876797,
            "ratio_3_1": 16.621738327780566,
            "h": 4.495003996161678,
            "normh": 0.9787875649341727,
            "snr": Infinity,
            "mean_birth": 0.0,
            "stdev_birth": 0.0,
            "mean_death": 0.9973042060931524,
            "stdev_death": 0.4574004549791024
        },
        "layer2": {
            "max_length": 0.9564468860626221,
            "mean_length": 0.394600917707489,
            "median_length": 0.3548353314399719,
            "stdev_length": 0.1702740708084258,
            "sum_length": 39.06549085304141,
            "ratio_2_1": 15.087834638969975,
            "ratio_3_1": 14.911338020943726,
            "h": 4.504241319677825,
            "normh": 1.2289077784606108,
            "snr": Infinity,
            "mean_birth": 0.0,
            "stdev_birth": 0.0,
            "mean_death": 0.394600917707489,
            "stdev_death": 0.1702740708084258
        },
        "layer3": {
            "max_length": 0.40434521436691284,
            "mean_length": 0.15147068978033282,
            "median_length": 0.14305923879146576,
            "stdev_length": 0.06690499215976092,
            "sum_length": 14.99559828825295,
            "ratio_2_1": 17.051224928262748,
            "ratio_3_1": 16.138488568354298,
            "h": 4.500831840118185,
            "normh": 1.6621994961801232,
            "snr": Infinity,
            "mean_birth": 0.0,
            "stdev_birth": 0.0,
            "mean_death": 0.15147068978033282,
            "stdev_death": 0.06690499215976092
        },
        "layer4": {
            "max_length": 0.008393697440624237,
            "mean_length": 0.0006355247413269197,
            "median_length": 0.00022536888718605042,
            "stdev_length": 0.0013185134213724527,
            "sum_length": 0.06291694939136505,
            "ratio_2_1": 4008.7468581687613,
            "ratio_3_1": 2431.4973070017954,
            "h": 3.604412382082112,
            "normh": -1.3031420751742098,
            "snr": Infinity,
            "mean_birth": 0.0,
            "stdev_birth": 0.0,
            "mean_death": 0.0006355247413269197,
            "stdev_death": 0.0013185134213724527
        }
    }
}