{
    "epoch1": 43.59381103515625,
    "epoch2": 37.972967529296874,
    "epoch3": 34.052859497070315,
    "epoch4": 29.685906982421876,
    "epoch5": 28.343692016601562,
    "epoch6": 26.372613525390626,
    "epoch7": 25.729803466796874,
    "epoch8": 25.716018676757812,
    "epoch9": 24.762193298339845,
    "epoch10": 24.038099670410155,
    "epoch11": 23.784779357910157,
    "epoch12": 23.459156799316407,
    "epoch13": 24.020558166503907,
    "epoch14": 26.943545532226562,
    "epoch15": 23.214056396484374,
    "epoch16": 22.492410278320314,
    "epoch17": 22.641595458984376,
    "epoch18": 23.992277526855467,
    "epoch19": 23.156814575195312,
    "epoch20": 22.204769897460938,
    "epoch21": 23.005992126464843,
    "epoch22": 22.848281860351562,
    "epoch23": 22.57593688964844,
    "epoch24": 22.007466125488282,
    "epoch25": 21.553367614746094,
    "epoch26": 21.73162841796875,
    "epoch27": 25.416807556152342,
    "epoch28": 21.699220275878908,
    "epoch29": 22.386318969726563,
    "epoch30": 23.129373168945314,
    "epoch31": 21.639036560058592,
    "epoch32": 21.895591735839844,
    "epoch33": 21.94090881347656,
    "epoch34": 21.502352905273437,
    "epoch35": 21.563059997558593,
    "epoch36": 23.895175170898437,
    "epoch37": 21.652311706542967,
    "epoch38": 21.480624389648437,
    "epoch39": 21.59007568359375,
    "epoch40": 22.7064453125,
    "epoch41": 22.2221923828125,
    "epoch42": 21.908045959472656,
    "epoch43": 21.57573699951172,
    "epoch44": 21.495135498046874,
    "epoch45": 23.465077209472657,
    "epoch46": 23.483753967285157,
    "epoch47": 21.294491577148438,
    "epoch48": 21.592924499511717,
    "epoch49": 21.75795135498047,
    "epoch50": 21.71312561035156,
    "epoch51": 22.63751220703125,
    "epoch52": 23.92638702392578,
    "epoch53": 23.263641357421875,
    "epoch54": 21.498614501953124,
    "epoch55": 23.74622344970703,
    "epoch56": 22.17078552246094,
    "epoch57": 22.344287109375,
    "epoch58": 21.21498260498047,
    "epoch59": 21.56952667236328,
    "epoch60": 22.674586486816406,
    "epoch61": 21.24196014404297,
    "epoch62": 21.2764892578125,
    "epoch63": 22.82280578613281,
    "epoch64": 21.21784210205078,
    "epoch65": 22.514833068847658,
    "epoch66": 21.680055236816408,
    "epoch67": 21.47736053466797,
    "epoch68": 21.791302490234376,
    "epoch69": 21.31728515625,
    "epoch70": 25.38561248779297,
    "epoch71": 22.465396118164062,
    "epoch72": 23.20002136230469,
    "epoch73": 22.699003601074217,
    "epoch74": 21.484153747558594,
    "epoch75": 21.936541748046874,
    "epoch76": 22.489910888671876,
    "epoch77": 21.44256134033203,
    "epoch78": 23.141314697265624,
    "epoch79": 21.369322204589842,
    "epoch80": 21.681170654296874,
    "epoch81": 23.818565368652344,
    "epoch82": 21.371012878417968,
    "epoch83": 22.03060302734375,
    "epoch84": 21.277325439453126,
    "epoch85": 23.838899230957033,
    "epoch86": 22.673388671875,
    "epoch87": 22.388194274902343,
    "epoch88": 21.630352783203126,
    "epoch89": 21.685488891601562,
    "epoch90": 24.58667755126953,
    "epoch91": 22.43445587158203,
    "epoch92": 22.431419372558594,
    "epoch93": 21.678793334960936,
    "epoch94": 23.01348419189453,
    "epoch95": 22.000202941894532,
    "epoch96": 25.113435363769533,
    "epoch97": 21.243389892578126,
    "epoch98": 22.11699676513672,
    "epoch99": 21.22205505371094,
    "epoch100": 24.13362274169922
}