{
    "epoch1": 7647.102,
    "epoch2": 4934.4835,
    "epoch3": 4378.993,
    "epoch4": 3725.479,
    "epoch5": 3596.8785,
    "epoch6": 3486.609,
    "epoch7": 3313.31125,
    "epoch8": 3116.1445,
    "epoch9": 2957.8095,
    "epoch10": 2823.985,
    "epoch11": 2680.329,
    "epoch12": 2565.72,
    "epoch13": 2462.27325,
    "epoch14": 2342.6075,
    "epoch15": 2250.42975,
    "epoch16": 2173.63975,
    "epoch17": 2089.954125,
    "epoch18": 2031.7095,
    "epoch19": 1949.866625,
    "epoch20": 1899.80325,
    "epoch21": 1827.462625,
    "epoch22": 1769.04775,
    "epoch23": 1721.6155,
    "epoch24": 1661.964,
    "epoch25": 1626.016875,
    "epoch26": 1585.1015,
    "epoch27": 1543.991875,
    "epoch28": 1523.654125,
    "epoch29": 1508.116,
    "epoch30": 1466.7225
}