{
    "epoch1": 0.1892371052189877,
    "epoch2": 0.19822834353697927,
    "epoch3": 0.2991561105376796,
    "epoch4": 0.30357634236938075,
    "epoch5": 0.30364268567217023,
    "epoch6": 0.32469363196900014,
    "epoch7": 0.32689005450198527,
    "epoch8": 0.3413967921545631,
    "epoch9": 0.3353816137502068,
    "epoch10": 0.3535738273670799,
    "epoch11": 0.3546007918684106,
    "epoch12": 0.37478023375335495,
    "epoch13": 0.3405979260017997,
    "epoch14": 0.3772706060033095,
    "epoch15": 0.34243383768357727,
    "epoch16": 0.35274249236834676,
    "epoch17": 0.3901621322882803,
    "epoch18": 0.37948848228705556,
    "epoch19": 0.3796597946631281,
    "epoch20": 0.37379609754211024
}