{
    "epoch1": 0.10846006735745403,
    "epoch2": 0.17305583418125198,
    "epoch3": 0.240450689953471,
    "epoch4": 0.291557145142366,
    "epoch5": 0.3229545738015856,
    "epoch6": 0.33614579316169496,
    "epoch7": 0.3810021976629893,
    "epoch8": 0.3855204993770236,
    "epoch9": 0.4291715927067257,
    "epoch10": 0.4366765481138986,
    "epoch11": 0.47633143691789537,
    "epoch12": 0.5104005928077395,
    "epoch13": 0.5014631111943533,
    "epoch14": 0.5461080523710402,
    "epoch15": 0.558687394573575,
    "epoch16": 0.5997320664307427,
    "epoch17": 0.5993541214201186,
    "epoch18": 0.6318880120913187,
    "epoch19": 0.6511978459736657,
    "epoch20": 0.6854673860565065
}