{
    "epoch1": 0.17615817716488472,
    "epoch2": 0.19562039581628946,
    "epoch3": 0.23955291968125564,
    "epoch4": 0.29016245213838726,
    "epoch5": 0.31475672813562244,
    "epoch6": 0.33136354157557857,
    "epoch7": 0.3191825535434943,
    "epoch8": 0.31582640455319333,
    "epoch9": 0.3163410390798862,
    "epoch10": 0.3303606544549649,
    "epoch11": 0.33180799507177794,
    "epoch12": 0.3240295152824659,
    "epoch13": 0.3466893182351039,
    "epoch14": 0.33238421151271236,
    "epoch15": 0.3320551824111205,
    "epoch16": 0.34756424679205966,
    "epoch17": 0.3639794278603334,
    "epoch18": 0.3813970180658194,
    "epoch19": 0.3430768939164969,
    "epoch20": 0.34899507004481095
}