{
    "epoch1": 200.0,
    "epoch2": 200.0,
    "epoch3": 200.0,
    "epoch4": 200.0,
    "epoch5": 199.8653515625,
    "epoch6": 199.00578125,
    "epoch7": 196.0121875,
    "epoch8": 187.55212890625,
    "epoch9": 175.07048828125,
    "epoch10": 162.31171875,
    "epoch11": 151.285791015625,
    "epoch12": 142.745361328125,
    "epoch13": 138.043955078125,
    "epoch14": 134.71734375,
    "epoch15": 133.215771484375,
    "epoch16": 131.6919921875,
    "epoch17": 130.697431640625,
    "epoch18": 129.983759765625,
    "epoch19": 129.17837890625,
    "epoch20": 127.730380859375,
    "epoch21": 127.230849609375,
    "epoch22": 127.129658203125,
    "epoch23": 126.06111328125,
    "epoch24": 125.43203125,
    "epoch25": 124.3887890625,
    "epoch26": 123.570791015625,
    "epoch27": 123.027724609375,
    "epoch28": 121.663408203125,
    "epoch29": 121.597021484375,
    "epoch30": 119.68130859375
}