{
    "epoch1": 0.3012466708898544,
    "epoch2": 0.6981161979675293,
    "epoch3": 0.797660006916523,
    "epoch4": 0.8373600058138371,
    "epoch5": 0.8633533393263817,
    "epoch6": 0.8776742901444435,
    "epoch7": 0.8899723855614662,
    "epoch8": 0.8988790514945983,
    "epoch9": 0.9036533370733261,
    "epoch10": 0.9095600039839744,
    "epoch11": 0.9157400034189225,
    "epoch12": 0.9208266706705094,
    "epoch13": 0.9281600028753281,
    "epoch14": 0.9278723837852478,
    "epoch15": 0.9334000030875206,
    "epoch16": 0.9381590505123139,
    "epoch17": 0.9387580981612206,
    "epoch18": 0.9460952403068542,
    "epoch19": 0.9453752401351929,
    "epoch20": 0.9454933354139328,
    "epoch21": 0.9529866687893868,
    "epoch22": 0.9558066686868668,
    "epoch23": 0.9562666688442231,
    "epoch24": 0.9585800020933152,
    "epoch25": 0.9613866684436798,
    "epoch26": 0.9679666684150696,
    "epoch27": 0.966573334980011,
    "epoch28": 0.9688000015258789,
    "epoch29": 0.9706333344817162,
    "epoch30": 0.9738990487098694,
    "epoch31": 0.9746933344364166,
    "epoch32": 0.9746933345794677,
    "epoch33": 0.9788400011062622,
    "epoch34": 0.9804857151985168,
    "epoch35": 0.9791266677618027,
    "epoch36": 0.9829733340501785,
    "epoch37": 0.9820133340835572,
    "epoch38": 0.9877866674900055,
    "epoch39": 0.9865333339691162,
    "epoch40": 0.9880133338928223,
    "epoch41": 0.9876742865085602,
    "epoch42": 0.9883333339214325,
    "epoch43": 0.9878533339977265,
    "epoch44": 0.9883542862415313,
    "epoch45": 0.9891466671466828,
    "epoch46": 0.9932133337020874,
    "epoch47": 0.9913866669654846,
    "epoch48": 0.993880000257492,
    "epoch49": 0.9921733336925507,
    "epoch50": 0.9930933336734772
}