{
    "epoch1": 78.76589924015411,
    "epoch2": 44.587094659674655,
    "epoch3": 40.547767952696915,
    "epoch4": 36.16011611729452,
    "epoch5": 32.57107836579623,
    "epoch6": 30.80854358411815,
    "epoch7": 30.150925727739725,
    "epoch8": 30.051242776113014,
    "epoch9": 29.228756421232877,
    "epoch10": 29.137531437285958,
    "epoch11": 28.663122725813356,
    "epoch12": 28.438259177011986,
    "epoch13": 28.14902945740582,
    "epoch14": 28.038343455693493,
    "epoch15": 27.520872351241437,
    "epoch16": 27.614433393086472,
    "epoch17": 26.87835609749572,
    "epoch18": 26.82209506100171,
    "epoch19": 26.608152624678937,
    "epoch20": 26.499879601883563,
    "epoch21": 26.395942583476028,
    "epoch22": 26.277462475920377,
    "epoch23": 26.139195272367296,
    "epoch24": 26.0526123046875,
    "epoch25": 26.008287403681507,
    "epoch26": 25.84373160584332,
    "epoch27": 25.594169721211472,
    "epoch28": 25.821755605201197,
    "epoch29": 25.58228375160531,
    "epoch30": 25.68305530286815,
    "epoch31": 25.48818927921661,
    "epoch32": 25.484130859375,
    "epoch33": 25.32882899454195,
    "epoch34": 25.269245304473458,
    "epoch35": 25.296359963613014,
    "epoch36": 25.54339515999572,
    "epoch37": 25.35834827161815,
    "epoch38": 25.213415694563356,
    "epoch39": 25.107632571703768,
    "epoch40": 24.99593154698202,
    "epoch41": 24.9259033203125,
    "epoch42": 24.92842666416952,
    "epoch43": 24.782403815282535,
    "epoch44": 24.76044955318921,
    "epoch45": 24.909070994755993,
    "epoch46": 24.727289905286813,
    "epoch47": 25.04206576412671,
    "epoch48": 25.116700890946063,
    "epoch49": 24.61405213238442,
    "epoch50": 24.603186202375856,
    "epoch51": 24.422298065603595,
    "epoch52": 24.623381314212327,
    "epoch53": 24.631971385380993,
    "epoch54": 24.349289985552225,
    "epoch55": 24.444606833261986,
    "epoch56": 24.427853100920377,
    "epoch57": 24.348524119755993,
    "epoch58": 24.29209419145976,
    "epoch59": 24.173883307470035,
    "epoch60": 24.27943733946918,
    "epoch61": 24.175746133882704,
    "epoch62": 24.26055824593322,
    "epoch63": 24.296033885380993,
    "epoch64": 24.19743618899829,
    "epoch65": 24.270193439640412,
    "epoch66": 24.140695232234588,
    "epoch67": 24.101189600278254,
    "epoch68": 24.01595107823202,
    "epoch69": 24.078742040346746,
    "epoch70": 24.040729679473458,
    "epoch71": 23.91546547249572,
    "epoch72": 24.439225706335616,
    "epoch73": 24.13748127140411,
    "epoch74": 24.220504133668666,
    "epoch75": 24.149802011986303,
    "epoch76": 23.72920958636558,
    "epoch77": 24.121491732662673,
    "epoch78": 24.02611301369863,
    "epoch79": 23.92543510541524,
    "epoch80": 23.754040025684933,
    "epoch81": 24.106232943600173,
    "epoch82": 23.731258026541095,
    "epoch83": 23.758775684931507,
    "epoch84": 23.832994434931507,
    "epoch85": 24.066453071489725,
    "epoch86": 23.92121615475171,
    "epoch87": 23.752590231699486,
    "epoch88": 23.711705037992296,
    "epoch89": 24.11742160744863,
    "epoch90": 23.71881019905822,
    "epoch91": 23.69398979291524,
    "epoch92": 23.73124130458048,
    "epoch93": 23.796391735338187,
    "epoch94": 23.78832171714469,
    "epoch95": 23.590203272153254,
    "epoch96": 23.788925379922944,
    "epoch97": 23.71861789651113,
    "epoch98": 23.814031731592465,
    "epoch99": 23.794500481592465,
    "epoch100": 23.690116986836472
}