{
    "epoch1": 2784.791,
    "epoch2": 2649.08825,
    "epoch3": 2415.45175,
    "epoch4": 2112.8365,
    "epoch5": 2018.830375,
    "epoch6": 2037.176,
    "epoch7": 2036.753125,
    "epoch8": 2014.786125,
    "epoch9": 1982.350875,
    "epoch10": 1947.6345,
    "epoch11": 1916.10925,
    "epoch12": 1883.026625,
    "epoch13": 1834.038,
    "epoch14": 1817.98925,
    "epoch15": 1790.15975,
    "epoch16": 1746.849375,
    "epoch17": 1723.911,
    "epoch18": 1707.042125,
    "epoch19": 1694.141625,
    "epoch20": 1674.54375,
    "epoch21": 1658.25725,
    "epoch22": 1647.028875,
    "epoch23": 1629.202875,
    "epoch24": 1617.234125,
    "epoch25": 1611.241375,
    "epoch26": 1600.856125,
    "epoch27": 1598.411875,
    "epoch28": 1589.129875,
    "epoch29": 1580.53425,
    "epoch30": 1576.93675
}