{
    "epoch1": 2183.7317196167423,
    "epoch2": 1876.1471255673223,
    "epoch3": 1728.129097327282,
    "epoch4": 1638.7246596066566,
    "epoch5": 1587.914649520928,
    "epoch6": 1557.5940494200706,
    "epoch7": 1535.4658345940495,
    "epoch8": 1522.0553454362077,
    "epoch9": 1506.7068835098337,
    "epoch10": 1495.8595562279374,
    "epoch11": 1486.444780635401,
    "epoch12": 1478.6931417044882,
    "epoch13": 1472.0384518406454,
    "epoch14": 1464.6884770549673,
    "epoch15": 1459.202849218356,
    "epoch16": 1454.7600857286939,
    "epoch17": 1451.613968734241,
    "epoch18": 1445.4214573877962,
    "epoch19": 1439.789460413515,
    "epoch20": 1432.5605143721634,
    "epoch21": 1431.7646243066063,
    "epoch22": 1426.0373171961674,
    "epoch23": 1423.9944528492183,
    "epoch24": 1417.6560766515381,
    "epoch25": 1416.2760968229954,
    "epoch26": 1413.8523701462432,
    "epoch27": 1409.2506303580433,
    "epoch28": 1408.1724659606657,
    "epoch29": 1403.6551941502773,
    "epoch30": 1400.148008068583
}