{
    "epoch1": 1987.7526461693549,
    "epoch2": 1810.7889364919354,
    "epoch3": 1683.8402217741937,
    "epoch4": 1625.7029989919354,
    "epoch5": 1585.824722782258,
    "epoch6": 1564.711945564516,
    "epoch7": 1546.733618951613,
    "epoch8": 1531.4461945564517,
    "epoch9": 1518.336693548387,
    "epoch10": 1506.2085433467741,
    "epoch11": 1499.1011844758063,
    "epoch12": 1490.25,
    "epoch13": 1486.3574848790322,
    "epoch14": 1478.2069052419354,
    "epoch15": 1470.902091733871,
    "epoch16": 1463.5878276209678,
    "epoch17": 1464.340851814516,
    "epoch18": 1453.3385836693549,
    "epoch19": 1447.2604586693549,
    "epoch20": 1449.5758568548388,
    "epoch21": 1444.4314516129032,
    "epoch22": 1439.6105090725807,
    "epoch23": 1431.1839717741937,
    "epoch24": 1439.9630796370968,
    "epoch25": 1428.953377016129,
    "epoch26": 1426.690902217742,
    "epoch27": 1419.8374495967741,
    "epoch28": 1416.929939516129,
    "epoch29": 1414.0420866935483,
    "epoch30": 1412.5396925403227
}