{
    "epoch1": 1969.8573333333334,
    "epoch2": 1836.8338333333334,
    "epoch3": 1752.4655,
    "epoch4": 1693.152,
    "epoch5": 1653.6516666666666,
    "epoch6": 1621.9953333333333,
    "epoch7": 1597.2093333333332,
    "epoch8": 1576.1918333333333,
    "epoch9": 1561.7843333333333,
    "epoch10": 1543.9423333333334,
    "epoch11": 1530.6533333333334,
    "epoch12": 1517.8455,
    "epoch13": 1509.626,
    "epoch14": 1497.3518333333334,
    "epoch15": 1489.7023333333334,
    "epoch16": 1485.7838333333334,
    "epoch17": 1474.8255,
    "epoch18": 1467.953,
    "epoch19": 1460.4175,
    "epoch20": 1456.7846666666667,
    "epoch21": 1449.4273333333333,
    "epoch22": 1443.1211666666666,
    "epoch23": 1439.536,
    "epoch24": 1438.6353333333334,
    "epoch25": 1433.1955,
    "epoch26": 1427.2793333333334,
    "epoch27": 1424.2471666666668,
    "epoch28": 1419.8465,
    "epoch29": 1417.4141666666667,
    "epoch30": 1415.2145
}