{
    "epoch1": 0.0005437502765562385,
    "epoch2": 0.00042821590381208807,
    "epoch3": 0.00034981865998512753,
    "epoch4": 0.00030224376506036304,
    "epoch5": 0.00027625143445523766,
    "epoch6": 0.0002641737655964486,
    "epoch7": 0.000258918190568996,
    "epoch8": 0.00025691614483851785,
    "epoch9": 0.00025619588350915974,
    "epoch10": 0.00025586459451005795,
    "epoch11": 0.00025558424516930245,
    "epoch12": 0.00025539543959894216,
    "epoch13": 0.0002552007621852681,
    "epoch14": 0.00025502250418261003,
    "epoch15": 0.0002548469029231152,
    "epoch16": 0.00025469553758739494,
    "epoch17": 0.0002545076225942466,
    "epoch18": 0.00025434057883103376,
    "epoch19": 0.00025419579755786494,
    "epoch20": 0.0002540702742893094,
    "epoch21": 0.00025392835382566164,
    "epoch22": 0.0002537937501620036,
    "epoch23": 0.0002536773937754333,
    "epoch24": 0.0002535734533254678,
    "epoch25": 0.00025346872804220765,
    "epoch26": 0.00025337216342450117,
    "epoch27": 0.000253250318589077,
    "epoch28": 0.000253169351053657,
    "epoch29": 0.0002530724516933939,
    "epoch30": 0.0002529902349730643
}