{
    "epoch1": 200.0,
    "epoch2": 199.90457956414474,
    "epoch3": 183.99345960115133,
    "epoch4": 126.8408203125,
    "epoch5": 81.7000732421875,
    "epoch6": 72.55795769942434,
    "epoch7": 75.11588327508224,
    "epoch8": 78.09166195518092,
    "epoch9": 79.83370168585526,
    "epoch10": 80.5610287314967,
    "epoch11": 81.32374331825658,
    "epoch12": 81.32418020148026,
    "epoch13": 81.37359297902961,
    "epoch14": 81.33945184004934,
    "epoch15": 81.21109169407895,
    "epoch16": 81.16598992598684,
    "epoch17": 81.43302837171052,
    "epoch18": 81.47223864103618,
    "epoch19": 81.15505499588816,
    "epoch20": 81.26704487047698,
    "epoch21": 81.2510922080592,
    "epoch22": 81.48776726973684,
    "epoch23": 81.1042416221217,
    "epoch24": 81.11137309827302,
    "epoch25": 81.21963019120066,
    "epoch26": 80.68705026726974,
    "epoch27": 80.96427837171052,
    "epoch28": 80.36027446546052,
    "epoch29": 80.776123046875,
    "epoch30": 80.58734452097039
}