{
    "epoch1": 0.03160965419374406,
    "epoch2": 0.021169206709600985,
    "epoch3": 0.018876013928093016,
    "epoch4": 0.018051981227472425,
    "epoch5": 0.016616836946923286,
    "epoch6": 0.015994767541997135,
    "epoch7": 0.01561112329363823,
    "epoch8": 0.01492574973963201,
    "epoch9": 0.014488600310869515,
    "epoch10": 0.014068040414713323,
    "epoch11": 0.013855493743903935,
    "epoch12": 0.01381549847428687,
    "epoch13": 0.0139701854204759,
    "epoch14": 0.013097273418679833,
    "epoch15": 0.014251096930820495,
    "epoch16": 0.01274715582258068,
    "epoch17": 0.012779486365616322,
    "epoch18": 0.012693898286670446,
    "epoch19": 0.012438561854651198,
    "epoch20": 0.012202310870634392,
    "epoch21": 0.012540808704216033,
    "epoch22": 0.012533905246527866,
    "epoch23": 0.01197790913283825,
    "epoch24": 0.01271928270580247,
    "epoch25": 0.011933191999560222,
    "epoch26": 0.01208744221366942,
    "epoch27": 0.012094737350707874,
    "epoch28": 0.011809124844148755,
    "epoch29": 0.011701036302838475,
    "epoch30": 0.011639470380032435,
    "epoch31": 0.012252266838913783,
    "epoch32": 0.011528712522704154,
    "epoch33": 0.011798523570178077,
    "epoch34": 0.012122491811169311,
    "epoch35": 0.01149422037997283,
    "epoch36": 0.012323436763836071,
    "epoch37": 0.011346731829689816,
    "epoch38": 0.011342462297761813,
    "epoch39": 0.012568050500703976,
    "epoch40": 0.012271638552192599,
    "epoch41": 0.01147347444202751,
    "epoch42": 0.011234162520850077,
    "epoch43": 0.011329652217682451,
    "epoch44": 0.011639241769444197,
    "epoch45": 0.01131056941812858,
    "epoch46": 0.011401927244151011,
    "epoch47": 0.011115789675386623,
    "epoch48": 0.01117859547957778,
    "epoch49": 0.011199769302038476,
    "epoch50": 0.011364298319676891,
    "epoch51": 0.011672140215523541,
    "epoch52": 0.011249614180997014,
    "epoch53": 0.011544313951162621,
    "epoch54": 0.010908219002885744,
    "epoch55": 0.01147573659545742,
    "epoch56": 0.011092625354649499,
    "epoch57": 0.01128309965133667,
    "epoch58": 0.011292995157418773,
    "epoch59": 0.011083276302088052,
    "epoch60": 0.010902578273089603,
    "epoch61": 0.01083990401821211,
    "epoch62": 0.011037250718800351,
    "epoch63": 0.01093362842220813,
    "epoch64": 0.011351736960932612,
    "epoch65": 0.011252878612140194,
    "epoch66": 0.01086447577108629,
    "epoch67": 0.010903093439992517,
    "epoch68": 0.01080414091120474,
    "epoch69": 0.011198779189726338,
    "epoch70": 0.010879598470637575,
    "epoch71": 0.011696646979544312,
    "epoch72": 0.010813566710567102,
    "epoch73": 0.011268098111031577,
    "epoch74": 0.010778797208331525,
    "epoch75": 0.010724015563027933,
    "epoch76": 0.010733126604463905,
    "epoch77": 0.010867524339118972,
    "epoch78": 0.010691329080145806,
    "epoch79": 0.010807487211422995,
    "epoch80": 0.010847728844964877,
    "epoch81": 0.012156818993389606,
    "epoch82": 0.010907678864896297,
    "epoch83": 0.01116080500651151,
    "epoch84": 0.010881940717808902,
    "epoch85": 0.010868912853766233,
    "epoch86": 0.01137390107032843,
    "epoch87": 0.010845261334907264,
    "epoch88": 0.010643404006259516,
    "epoch89": 0.010731764457887039,
    "epoch90": 0.010892105812672526,
    "epoch91": 0.010722206410719082,
    "epoch92": 0.011173895443789661,
    "epoch93": 0.010629615688230842,
    "epoch94": 0.011443750030593947,
    "epoch95": 0.010957157501252368,
    "epoch96": 0.012762995378579944,
    "epoch97": 0.01085480148321949,
    "epoch98": 0.01065234318957664,
    "epoch99": 0.010684238543035462,
    "epoch100": 0.01104643166763708
}