{
    "epoch1": 56.081275576636905,
    "epoch2": 40.588208395337304,
    "epoch3": 34.844358413938494,
    "epoch4": 33.14020259796627,
    "epoch5": 31.778134300595237,
    "epoch6": 31.093668619791668,
    "epoch7": 30.00253441220238,
    "epoch8": 29.29972912016369,
    "epoch9": 29.031598772321427,
    "epoch10": 28.119491334945437,
    "epoch11": 27.654734778025794,
    "epoch12": 27.45586480034722,
    "epoch13": 27.39264400421627,
    "epoch14": 27.385137648809526,
    "epoch15": 26.28188166542659,
    "epoch16": 26.22152855282738,
    "epoch17": 26.827464270213294,
    "epoch18": 25.77289302765377,
    "epoch19": 26.474382672991073,
    "epoch20": 26.092213464161706,
    "epoch21": 25.51598346044147,
    "epoch22": 25.437017531622026,
    "epoch23": 25.886003766741073,
    "epoch24": 25.100202287946427,
    "epoch25": 25.420454721602184,
    "epoch26": 24.652074420262895,
    "epoch27": 24.879276336185516,
    "epoch28": 25.42780219184028,
    "epoch29": 24.292362273685516,
    "epoch30": 24.84607127356151,
    "epoch31": 24.50171867249504,
    "epoch32": 24.366782536582342,
    "epoch33": 24.038934616815474,
    "epoch34": 24.30337185329861,
    "epoch35": 24.475252666170636,
    "epoch36": 23.935878208705358,
    "epoch37": 24.023199172247026,
    "epoch38": 24.221278599330358,
    "epoch39": 23.860107421875,
    "epoch40": 24.67842029389881,
    "epoch41": 23.461590479290674,
    "epoch42": 24.0257083953373,
    "epoch43": 23.11412605406746,
    "epoch44": 23.16663372705853,
    "epoch45": 23.501224578373016,
    "epoch46": 23.402227492559526,
    "epoch47": 22.968203590029763,
    "epoch48": 22.98298572358631,
    "epoch49": 22.92002263144841,
    "epoch50": 22.874242389012895,
    "epoch51": 22.55516609312996,
    "epoch52": 23.212245396205358,
    "epoch53": 22.931776258680557,
    "epoch54": 22.770182291666668,
    "epoch55": 22.55758812313988,
    "epoch56": 22.317378937251984,
    "epoch57": 22.32605755518353,
    "epoch58": 23.238953605530753,
    "epoch59": 22.4908931671627,
    "epoch60": 22.446893601190474,
    "epoch61": 22.947205558655753,
    "epoch62": 22.245152064732142,
    "epoch63": 22.972107902405753,
    "epoch64": 22.133184523809526,
    "epoch65": 22.409390888516864,
    "epoch66": 22.188030908978174,
    "epoch67": 21.764962332589285,
    "epoch68": 21.940902467757937,
    "epoch69": 21.85249255952381,
    "epoch70": 21.535753038194443,
    "epoch71": 21.882599361359127,
    "epoch72": 22.32468765500992,
    "epoch73": 21.388611808655753,
    "epoch74": 21.763536241319443,
    "epoch75": 21.49547564794147,
    "epoch76": 21.448687841021826,
    "epoch77": 21.487601143973215,
    "epoch78": 21.501658606150794,
    "epoch79": 21.49350120907738,
    "epoch80": 21.8091304718502,
    "epoch81": 22.629845997643848,
    "epoch82": 22.007481166294642,
    "epoch83": 21.813067723834326,
    "epoch84": 22.017180912078373,
    "epoch85": 21.029882037450395,
    "epoch86": 21.094823443700395,
    "epoch87": 21.357846214657737,
    "epoch88": 21.376712859623016,
    "epoch89": 20.897321428571427,
    "epoch90": 21.863366505456348,
    "epoch91": 21.3229496062748,
    "epoch92": 21.103044782366073,
    "epoch93": 20.74523732018849,
    "epoch94": 21.5848873077877,
    "epoch95": 21.41284954737103,
    "epoch96": 20.762528676835316,
    "epoch97": 21.429288349454364,
    "epoch98": 21.47898259238591,
    "epoch99": 20.984568762400794,
    "epoch100": 22.172522166418652
}