{
    "epoch1": 0.09223105545554842,
    "epoch2": 0.05290163627692631,
    "epoch3": 0.04995787516236305,
    "epoch4": 0.04675997474363872,
    "epoch5": 0.043991462460586,
    "epoch6": 0.040828866618020196,
    "epoch7": 0.03802282043865749,
    "epoch8": 0.0352970188749688,
    "epoch9": 0.03252700476774147,
    "epoch10": 0.02998274564743042,
    "epoch11": 0.02798720050070967,
    "epoch12": 0.02646341547369957,
    "epoch13": 0.0253034204776798,
    "epoch14": 0.024457143619656563,
    "epoch15": 0.023899656853505542,
    "epoch16": 0.023557756362216815,
    "epoch17": 0.02330343265618597,
    "epoch18": 0.022781659183757647,
    "epoch19": 0.02263624593615532,
    "epoch20": 0.02238601871899196,
    "epoch21": 0.02202669158577919,
    "epoch22": 0.021813495749873773,
    "epoch23": 0.02173196497772421,
    "epoch24": 0.021524240661944662,
    "epoch25": 0.0218077011938606,
    "epoch26": 0.021323223997439657,
    "epoch27": 0.021871612540313175,
    "epoch28": 0.02105036284774542,
    "epoch29": 0.02121470309793949,
    "epoch30": 0.02086314798465797,
    "epoch31": 0.020907565419163023,
    "epoch32": 0.02041174311723028,
    "epoch33": 0.020440214313566685,
    "epoch34": 0.020348610622542247,
    "epoch35": 0.020114350531782423,
    "epoch36": 0.020247144225452627,
    "epoch37": 0.019882149728281156,
    "epoch38": 0.019919934815594127,
    "epoch39": 0.019786611066332886,
    "epoch40": 0.019625137693115642,
    "epoch41": 0.01981273466455085,
    "epoch42": 0.020461065295551504,
    "epoch43": 0.01979873050004244,
    "epoch44": 0.020791762109313692,
    "epoch45": 0.01943027986479657,
    "epoch46": 0.0196613912869777,
    "epoch47": 0.01932299549558333,
    "epoch48": 0.019139100265290056,
    "epoch49": 0.019359242703233446,
    "epoch50": 0.019151351547666957,
    "epoch51": 0.019215325558824197,
    "epoch52": 0.01885014971984284,
    "epoch53": 0.018887912056275775,
    "epoch54": 0.018654144502111843,
    "epoch55": 0.01888981754226344,
    "epoch56": 0.01885411369481257,
    "epoch57": 0.018820719128208502,
    "epoch58": 0.01858866893287216,
    "epoch59": 0.0185055619637881,
    "epoch60": 0.01898462830909661,
    "epoch61": 0.01919485947915486,
    "epoch62": 0.018196473829448223,
    "epoch63": 0.018287353350647857,
    "epoch64": 0.01817266403564385,
    "epoch65": 0.01854995544999838,
    "epoch66": 0.01963844709098339,
    "epoch67": 0.017950024721877917,
    "epoch68": 0.01800811370568616,
    "epoch69": 0.017926934707377638,
    "epoch70": 0.017907216479735717,
    "epoch71": 0.017767533393842832,
    "epoch72": 0.017706142871507576,
    "epoch73": 0.018009508161672523,
    "epoch74": 0.017761569736259326,
    "epoch75": 0.0188044204509684,
    "epoch76": 0.017644747825605527,
    "epoch77": 0.017638815300805227,
    "epoch78": 0.01755184374217476,
    "epoch79": 0.01783400055553232,
    "epoch80": 0.017983990189220225,
    "epoch81": 0.01760716031172446,
    "epoch82": 0.01766354896660362,
    "epoch83": 0.017482987471989224,
    "epoch84": 0.01808211939143283,
    "epoch85": 0.01858573207365615,
    "epoch86": 0.017281096960817064,
    "epoch87": 0.01772988255002669,
    "epoch88": 0.017453404143452644,
    "epoch89": 0.017518046578126296,
    "epoch90": 0.017973211593925953,
    "epoch91": 0.01710550846265895,
    "epoch92": 0.01720904279500246,
    "epoch93": 0.0176848652107375,
    "epoch94": 0.017331616953015327,
    "epoch95": 0.016969245193260058,
    "epoch96": 0.017034198955765793,
    "epoch97": 0.01709035411477089,
    "epoch98": 0.01709326103861843,
    "epoch99": 0.01727804648024695,
    "epoch100": 0.016939325258135796
}