{
    "epoch1": 48.40416666666667,
    "epoch2": 45.54390055338542,
    "epoch3": 43.298970540364586,
    "epoch4": 40.395084635416666,
    "epoch5": 35.95012613932292,
    "epoch6": 33.13475748697917,
    "epoch7": 31.97342325846354,
    "epoch8": 31.048518880208334,
    "epoch9": 30.577872721354165,
    "epoch10": 30.278544108072918,
    "epoch11": 31.502522786458332,
    "epoch12": 29.684084065755208,
    "epoch13": 29.40196533203125,
    "epoch14": 28.993880208333334,
    "epoch15": 29.717348225911458,
    "epoch16": 29.838968912760418,
    "epoch17": 29.213743082682292,
    "epoch18": 29.114520263671874,
    "epoch19": 29.354433186848958,
    "epoch20": 28.977357991536458,
    "epoch21": 28.585843912760417,
    "epoch22": 28.5115234375,
    "epoch23": 28.336199951171874,
    "epoch24": 28.719441731770832,
    "epoch25": 27.569539388020832,
    "epoch26": 27.67890828450521,
    "epoch27": 28.69810587565104,
    "epoch28": 27.272342936197916,
    "epoch29": 27.43571573893229,
    "epoch30": 26.945758056640624,
    "epoch31": 26.697993977864584,
    "epoch32": 26.733955891927085,
    "epoch33": 26.91871337890625,
    "epoch34": 27.58970947265625,
    "epoch35": 26.781538899739584,
    "epoch36": 26.31569620768229,
    "epoch37": 26.154443359375,
    "epoch38": 27.17657470703125,
    "epoch39": 26.205767822265624,
    "epoch40": 26.020926920572915,
    "epoch41": 26.943849690755208,
    "epoch42": 25.92922566731771,
    "epoch43": 26.561553955078125,
    "epoch44": 25.42258504231771,
    "epoch45": 26.154449462890625,
    "epoch46": 26.033931477864584,
    "epoch47": 26.08533935546875,
    "epoch48": 26.78696492513021,
    "epoch49": 26.664459228515625,
    "epoch50": 25.588350423177083,
    "epoch51": 25.836639404296875,
    "epoch52": 25.485089111328126,
    "epoch53": 25.358062744140625,
    "epoch54": 25.24558308919271,
    "epoch55": 25.152227783203124,
    "epoch56": 24.989017740885416,
    "epoch57": 26.064058430989583,
    "epoch58": 26.17173055013021,
    "epoch59": 25.866890462239585,
    "epoch60": 25.49075927734375,
    "epoch61": 25.078462727864583,
    "epoch62": 25.239217122395832,
    "epoch63": 25.00522257486979,
    "epoch64": 25.794706217447917,
    "epoch65": 25.22257080078125,
    "epoch66": 25.13013916015625,
    "epoch67": 24.857100423177084,
    "epoch68": 25.095021565755207,
    "epoch69": 25.1966552734375,
    "epoch70": 25.113039143880208,
    "epoch71": 25.049247233072915,
    "epoch72": 24.514678955078125,
    "epoch73": 24.613230387369793,
    "epoch74": 24.740924072265624,
    "epoch75": 24.69785359700521,
    "epoch76": 25.619069417317707,
    "epoch77": 24.3250244140625,
    "epoch78": 24.175056966145835,
    "epoch79": 25.380403645833333,
    "epoch80": 25.685713704427084,
    "epoch81": 24.37905476888021,
    "epoch82": 24.0493896484375,
    "epoch83": 24.677606201171876,
    "epoch84": 24.401312255859374,
    "epoch85": 24.161680094401042,
    "epoch86": 24.83682861328125,
    "epoch87": 24.265185546875,
    "epoch88": 24.317120361328126,
    "epoch89": 23.879353841145832,
    "epoch90": 24.325760904947916,
    "epoch91": 25.053835042317708,
    "epoch92": 24.46187947591146,
    "epoch93": 24.03847452799479,
    "epoch94": 25.492293294270834,
    "epoch95": 23.742685953776043,
    "epoch96": 23.854597981770834,
    "epoch97": 24.146394856770833,
    "epoch98": 24.446783447265624,
    "epoch99": 25.153580729166666,
    "epoch100": 24.061757405598957
}