{
    "epoch1": 0.023334704819717444,
    "epoch2": 0.020564908772939816,
    "epoch3": 0.01971407191012986,
    "epoch4": 0.01855123258428648,
    "epoch5": 0.017817261585150845,
    "epoch6": 0.017802310961997136,
    "epoch7": 0.017046840774128214,
    "epoch8": 0.01675575978879351,
    "epoch9": 0.017165514174848795,
    "epoch10": 0.016681394408806227,
    "epoch11": 0.01612997018673923,
    "epoch12": 0.015929622561088763,
    "epoch13": 0.015928136577713303,
    "epoch14": 0.015718529059085995,
    "epoch15": 0.016059314919402823,
    "epoch16": 0.016684359667124227,
    "epoch17": 0.01573731475218665,
    "epoch18": 0.015472741150006186,
    "epoch19": 0.016353180224541575,
    "epoch20": 0.015872787960688584,
    "epoch21": 0.01513068653002847,
    "epoch22": 0.016143140077474527,
    "epoch23": 0.014912376544089057,
    "epoch24": 0.01494882599945413,
    "epoch25": 0.014672045457700733,
    "epoch26": 0.014764353996724822,
    "epoch27": 0.014668982243165374,
    "epoch28": 0.014566265745088458,
    "epoch29": 0.014892843311827164,
    "epoch30": 0.0143207439177786,
    "epoch31": 0.014924565686669666,
    "epoch32": 0.01503753485303605,
    "epoch33": 0.014160442849970423,
    "epoch34": 0.014138558435661253,
    "epoch35": 0.014319325746328104,
    "epoch36": 0.014019997564901132,
    "epoch37": 0.01413723369478248,
    "epoch38": 0.013950801658211276,
    "epoch39": 0.013984225843159948,
    "epoch40": 0.014340109817567281,
    "epoch41": 0.013913417082221713,
    "epoch42": 0.01398832917038817,
    "epoch43": 0.013792513571388554,
    "epoch44": 0.013731890605413355,
    "epoch45": 0.015479040303034708,
    "epoch46": 0.013922320598794613,
    "epoch47": 0.013962317294499371,
    "epoch48": 0.013709290607948788,
    "epoch49": 0.014083602669415995,
    "epoch50": 0.01363394452346256,
    "epoch51": 0.013779297543806024,
    "epoch52": 0.013484102048096247,
    "epoch53": 0.014063527596590575,
    "epoch54": 0.013805208342091646,
    "epoch55": 0.014037764056411106,
    "epoch56": 0.013585371358203702,
    "epoch57": 0.014515618786390405,
    "epoch58": 0.013434021711873356,
    "epoch59": 0.014154880343994591,
    "epoch60": 0.0136539784289198,
    "epoch61": 0.013551368938351516,
    "epoch62": 0.013375038586673327,
    "epoch63": 0.013352373847737908,
    "epoch64": 0.013659994328918401,
    "epoch65": 0.013587655041192193,
    "epoch66": 0.013610317459097132,
    "epoch67": 0.013140935960109346,
    "epoch68": 0.013318758639798034,
    "epoch69": 0.01388047530053882,
    "epoch70": 0.013149310958397109,
    "epoch71": 0.013371023211220745,
    "epoch72": 0.013313638279214501,
    "epoch73": 0.01306021726486506,
    "epoch74": 0.014100686363235582,
    "epoch75": 0.013058594478934538,
    "epoch76": 0.013111700529407244,
    "epoch77": 0.012985022825887427,
    "epoch78": 0.012970115996722598,
    "epoch79": 0.013114751607645303,
    "epoch80": 0.01286962344602216,
    "epoch81": 0.012826116115320474,
    "epoch82": 0.012856920388003346,
    "epoch83": 0.0130986355652567,
    "epoch84": 0.012857695932325441,
    "epoch85": 0.013224880531197414,
    "epoch86": 0.0127395575036644,
    "epoch87": 0.012783456455508713,
    "epoch88": 0.013098177601932548,
    "epoch89": 0.01280816950747976,
    "epoch90": 0.01286415468348423,
    "epoch91": 0.012731660914141685,
    "epoch92": 0.013764486320724245,
    "epoch93": 0.013691553809621837,
    "epoch94": 0.012748936489515472,
    "epoch95": 0.013021037077123765,
    "epoch96": 0.012758588723954745,
    "epoch97": 0.012751763431879226,
    "epoch98": 0.01336480857571587,
    "epoch99": 0.013077541145321447,
    "epoch100": 0.013411338899459224
}