{
    "epoch1": 82.1642822265625,
    "epoch2": 77.448046875,
    "epoch3": 72.75004069010417,
    "epoch4": 67.22921549479166,
    "epoch5": 60.990580240885414,
    "epoch6": 59.199361165364586,
    "epoch7": 58.41266682942708,
    "epoch8": 56.90976155598958,
    "epoch9": 56.48824869791667,
    "epoch10": 54.884053548177086,
    "epoch11": 54.18936360677083,
    "epoch12": 52.5021240234375,
    "epoch13": 51.33766276041667,
    "epoch14": 49.28304443359375,
    "epoch15": 47.28357747395833,
    "epoch16": 45.283451334635416,
    "epoch17": 44.0610595703125,
    "epoch18": 42.8353759765625,
    "epoch19": 41.7967529296875,
    "epoch20": 40.942545572916664,
    "epoch21": 40.15711669921875,
    "epoch22": 39.36045735677083,
    "epoch23": 38.03669840494792,
    "epoch24": 36.696126302083336,
    "epoch25": 35.82047119140625,
    "epoch26": 34.642598470052086,
    "epoch27": 33.98223673502604,
    "epoch28": 32.857295735677084,
    "epoch29": 32.35096232096354,
    "epoch30": 31.85652872721354
}