{
    "epoch1": 0.037141614593565464,
    "epoch2": 0.027519302753110726,
    "epoch3": 0.023006953299045563,
    "epoch4": 0.019239110096047323,
    "epoch5": 0.016071930527687073,
    "epoch6": 0.013507368586336574,
    "epoch7": 0.011701142725845179,
    "epoch8": 0.01027533031689624,
    "epoch9": 0.009238420248342058,
    "epoch10": 0.008403604733757675,
    "epoch11": 0.007690240551407139,
    "epoch12": 0.006926318242525061,
    "epoch13": 0.006345835359146197,
    "epoch14": 0.00577301411734273,
    "epoch15": 0.005257999796109895,
    "epoch16": 0.004837163141928613,
    "epoch17": 0.004364144057035446,
    "epoch18": 0.004013907979242504,
    "epoch19": 0.003620851222270479,
    "epoch20": 0.0033212734754973403,
    "epoch21": 0.0030688206218959144,
    "epoch22": 0.002757998746043692,
    "epoch23": 0.0025322145180931934,
    "epoch24": 0.0022963850545541695,
    "epoch25": 0.002090764328992615,
    "epoch26": 0.0019186408511207749,
    "epoch27": 0.0017260282086984564,
    "epoch28": 0.0015738228588209797,
    "epoch29": 0.001470356296825533,
    "epoch30": 0.001357506063262311
}