{
    "epoch1": 109.484970703125,
    "epoch2": 82.4009765625,
    "epoch3": 78.5005615234375,
    "epoch4": 74.7113330078125,
    "epoch5": 70.640146484375,
    "epoch6": 65.7461962890625,
    "epoch7": 63.4353271484375,
    "epoch8": 61.0873291015625,
    "epoch9": 61.1717822265625,
    "epoch10": 60.624130859375,
    "epoch11": 59.878388671875,
    "epoch12": 58.5290625,
    "epoch13": 57.756572265625,
    "epoch14": 56.235771484375,
    "epoch15": 55.1605322265625,
    "epoch16": 54.050068359375,
    "epoch17": 52.830166015625,
    "epoch18": 51.72455078125,
    "epoch19": 50.74822265625,
    "epoch20": 49.6357958984375,
    "epoch21": 48.8066162109375,
    "epoch22": 47.3529345703125,
    "epoch23": 46.6141796875,
    "epoch24": 45.623388671875,
    "epoch25": 44.93923828125,
    "epoch26": 43.63369140625,
    "epoch27": 42.8653955078125,
    "epoch28": 41.8261962890625,
    "epoch29": 41.4133984375,
    "epoch30": 40.47706298828125
}