{
    "epoch1": 0.041241711005568504,
    "epoch2": 0.033403605222702026,
    "epoch3": 0.029402713912228744,
    "epoch4": 0.025407954740027588,
    "epoch5": 0.0212162962804238,
    "epoch6": 0.017569646860162418,
    "epoch7": 0.014963201712816954,
    "epoch8": 0.013023620005697012,
    "epoch9": 0.011587175851066908,
    "epoch10": 0.010505728345985213,
    "epoch11": 0.009664662492771944,
    "epoch12": 0.0089131451677531,
    "epoch13": 0.008292244514450431,
    "epoch14": 0.00775172437230746,
    "epoch15": 0.00743915777032574,
    "epoch16": 0.006779539476459225,
    "epoch17": 0.00638930833277603,
    "epoch18": 0.006109044731905063,
    "epoch19": 0.005658315145410597,
    "epoch20": 0.005274977806645135,
    "epoch21": 0.004939552280120552,
    "epoch22": 0.004576658441995581,
    "epoch23": 0.004291620998022457,
    "epoch24": 0.003997877201375862,
    "epoch25": 0.003746630468716224,
    "epoch26": 0.0033837538988639912,
    "epoch27": 0.0031954145912701883,
    "epoch28": 0.002892090065870434,
    "epoch29": 0.0026580774574540555,
    "epoch30": 0.0024394362311189375
}