{
    "epoch1": 108.53064453125,
    "epoch2": 78.9503515625,
    "epoch3": 76.5136181640625,
    "epoch4": 73.490185546875,
    "epoch5": 71.4043115234375,
    "epoch6": 67.1482763671875,
    "epoch7": 62.816015625,
    "epoch8": 60.1028173828125,
    "epoch9": 59.6122021484375,
    "epoch10": 58.0889453125,
    "epoch11": 58.0544580078125,
    "epoch12": 57.5020166015625,
    "epoch13": 56.42283203125,
    "epoch14": 55.84041015625,
    "epoch15": 55.573193359375,
    "epoch16": 55.304580078125,
    "epoch17": 54.0371533203125,
    "epoch18": 53.3884619140625,
    "epoch19": 51.8323095703125,
    "epoch20": 51.380703125,
    "epoch21": 50.45765625,
    "epoch22": 49.309248046875,
    "epoch23": 48.656513671875,
    "epoch24": 47.5224658203125,
    "epoch25": 46.7814990234375,
    "epoch26": 45.590322265625,
    "epoch27": 44.621474609375,
    "epoch28": 43.6562451171875,
    "epoch29": 42.7316796875,
    "epoch30": 41.974013671875
}