{
    "epoch1": 127.89026041666666,
    "epoch2": 111.13452083333334,
    "epoch3": 105.21210416666666,
    "epoch4": 101.76251041666667,
    "epoch5": 100.21640625,
    "epoch6": 98.21779166666667,
    "epoch7": 97.19333333333333,
    "epoch8": 96.66153125,
    "epoch9": 95.598875,
    "epoch10": 94.85057291666666,
    "epoch11": 93.71013541666666,
    "epoch12": 93.39234375,
    "epoch13": 92.89125,
    "epoch14": 92.42678125,
    "epoch15": 92.4123125,
    "epoch16": 91.60960416666667,
    "epoch17": 91.16459375,
    "epoch18": 90.91242708333333,
    "epoch19": 90.6191875,
    "epoch20": 90.36759375,
    "epoch21": 90.00929166666667,
    "epoch22": 89.9453125,
    "epoch23": 89.79532291666666,
    "epoch24": 89.570875,
    "epoch25": 89.167875,
    "epoch26": 89.0276875,
    "epoch27": 88.92545833333334,
    "epoch28": 88.66108333333334,
    "epoch29": 88.56957291666667,
    "epoch30": 88.85563541666667
}