{
    "epoch1": 0.036304066268106304,
    "epoch2": 0.026689093559980392,
    "epoch3": 0.02287970172862212,
    "epoch4": 0.019745344839369256,
    "epoch5": 0.016694368173678715,
    "epoch6": 0.014047187753021717,
    "epoch7": 0.011900023246804873,
    "epoch8": 0.010205380385741591,
    "epoch9": 0.008950274398860833,
    "epoch10": 0.007982307851004103,
    "epoch11": 0.007209500336709122,
    "epoch12": 0.006652254223202665,
    "epoch13": 0.0059891291505967574,
    "epoch14": 0.0055608443993454175,
    "epoch15": 0.005039073177613318,
    "epoch16": 0.0046221349233140545,
    "epoch17": 0.004268545793214192,
    "epoch18": 0.0039358073263429105,
    "epoch19": 0.003647863360432287,
    "epoch20": 0.003506707299190263,
    "epoch21": 0.0030760775165011487,
    "epoch22": 0.0028851484627618143,
    "epoch23": 0.002605715262082716,
    "epoch24": 0.0024287596461363137,
    "epoch25": 0.002225301393385356,
    "epoch26": 0.002054822495362411,
    "epoch27": 0.001916063018143177,
    "epoch28": 0.0017629367648623884,
    "epoch29": 0.001642154238652438,
    "epoch30": 0.0015256824359918635
}