{
    "epoch1": 0.1570028289292411,
    "epoch2": 0.24791375077833797,
    "epoch3": 0.3157991171832297,
    "epoch4": 0.3542027269389219,
    "epoch5": 0.37994524048771827,
    "epoch6": 0.41471097148527764,
    "epoch7": 0.4167226425781371,
    "epoch8": 0.4476230162533985,
    "epoch9": 0.4646515411556147,
    "epoch10": 0.48716427917313426,
    "epoch11": 0.5034618636794911,
    "epoch12": 0.520988027760937,
    "epoch13": 0.5308424682374213,
    "epoch14": 0.5555311705276464,
    "epoch15": 0.5754970416521571,
    "epoch16": 0.5889516704401393,
    "epoch17": 0.6039845558108797,
    "epoch18": 0.6206364109637631,
    "epoch19": 0.6341589102699499,
    "epoch20": 0.6434726842269776
}