{
    "epoch1": 143.22275,
    "epoch2": 133.59091666666666,
    "epoch3": 132.94564583333334,
    "epoch4": 129.78619791666668,
    "epoch5": 126.2931875,
    "epoch6": 122.81805208333333,
    "epoch7": 120.51105208333334,
    "epoch8": 116.97833333333334,
    "epoch9": 114.71285416666667,
    "epoch10": 113.49840625,
    "epoch11": 111.74207291666667,
    "epoch12": 110.47651041666667,
    "epoch13": 109.44957291666667,
    "epoch14": 108.64204166666667,
    "epoch15": 106.97517708333334,
    "epoch16": 107.15158333333333,
    "epoch17": 106.22116666666666,
    "epoch18": 105.5661875,
    "epoch19": 105.01014583333334,
    "epoch20": 104.27088541666667,
    "epoch21": 103.75773958333333,
    "epoch22": 103.32235416666667,
    "epoch23": 103.26523958333334,
    "epoch24": 102.48553125,
    "epoch25": 102.17744791666667,
    "epoch26": 102.02740625,
    "epoch27": 101.61363541666667,
    "epoch28": 101.10820833333334,
    "epoch29": 100.83660416666666,
    "epoch30": 100.54777083333333
}