{
    "epoch1": 129.93575,
    "epoch2": 82.4539921875,
    "epoch3": 78.207859375,
    "epoch4": 75.4947421875,
    "epoch5": 72.0287421875,
    "epoch6": 67.2069765625,
    "epoch7": 61.7226484375,
    "epoch8": 57.23270703125,
    "epoch9": 55.340796875,
    "epoch10": 54.52574609375,
    "epoch11": 54.27827734375,
    "epoch12": 53.4952265625,
    "epoch13": 52.39211328125,
    "epoch14": 51.08711328125,
    "epoch15": 49.8442578125,
    "epoch16": 48.5391484375,
    "epoch17": 47.51085546875,
    "epoch18": 46.3788125,
    "epoch19": 45.39912109375,
    "epoch20": 44.4001171875,
    "epoch21": 43.54038671875,
    "epoch22": 42.57193359375,
    "epoch23": 41.752328125,
    "epoch24": 40.70869140625,
    "epoch25": 39.7678671875,
    "epoch26": 38.57442578125,
    "epoch27": 37.9434375,
    "epoch28": 37.114078125,
    "epoch29": 36.5713125,
    "epoch30": 35.7985390625
}