{
    "epoch1": 91.30581369707662,
    "epoch2": 81.62685074344758,
    "epoch3": 79.04385080645162,
    "epoch4": 75.81474451864919,
    "epoch5": 71.75826927923387,
    "epoch6": 66.45331401209677,
    "epoch7": 61.60831180695565,
    "epoch8": 58.37499212449597,
    "epoch9": 58.00887175529234,
    "epoch10": 57.06857201360887,
    "epoch11": 55.97631048387097,
    "epoch12": 55.19262301537298,
    "epoch13": 54.51510521673387,
    "epoch14": 52.373680853074596,
    "epoch15": 51.65597041960685,
    "epoch16": 49.569402879284276,
    "epoch17": 49.561263545866936,
    "epoch18": 48.36551001764113,
    "epoch19": 47.625878118699596,
    "epoch20": 46.78710149949597,
    "epoch21": 46.04350034652218,
    "epoch22": 45.225326045866936,
    "epoch23": 44.074029737903224,
    "epoch24": 43.455338016633064,
    "epoch25": 42.43941374747984,
    "epoch26": 41.658553584929436,
    "epoch27": 41.02509923135081,
    "epoch28": 40.12639396421371,
    "epoch29": 39.458594537550404,
    "epoch30": 38.824321131552416
}