{
    "epoch1": 3191.4893617021276,
    "epoch2": 3191.4893617021276,
    "epoch3": 3010.7373670212764,
    "epoch4": 2641.748503989362,
    "epoch5": 2521.0668218085107,
    "epoch6": 2467.56133643617,
    "epoch7": 2411.268284574468,
    "epoch8": 2370.8279587765956,
    "epoch9": 2312.284408244681,
    "epoch10": 2267.627160904255,
    "epoch11": 2206.0023271276596,
    "epoch12": 2161.840093085106,
    "epoch13": 2142.7164228723404,
    "epoch14": 2101.878989361702,
    "epoch15": 2087.2518284574467,
    "epoch16": 2044.3311170212767,
    "epoch17": 2018.6271609042553,
    "epoch18": 2028.7593085106382,
    "epoch19": 1989.4689162234042,
    "epoch20": 1977.8598736702127,
    "epoch21": 1972.9717420212767,
    "epoch22": 1957.883477393617,
    "epoch23": 1938.021442819149,
    "epoch24": 1907.0503656914893,
    "epoch25": 1902.1058843085107,
    "epoch26": 1892.056515957447,
    "epoch27": 1883.0694813829787,
    "epoch28": 1878.1210106382978,
    "epoch29": 1875.8286236702127,
    "epoch30": 1875.2930518617022
}