{
    "epoch1": 3200.0,
    "epoch2": 3200.0,
    "epoch3": 3148.778,
    "epoch4": 2801.676,
    "epoch5": 2557.5735,
    "epoch6": 2469.6961666666666,
    "epoch7": 2427.1343333333334,
    "epoch8": 2381.9301666666665,
    "epoch9": 2339.662,
    "epoch10": 2283.5175,
    "epoch11": 2234.8438333333334,
    "epoch12": 2178.485,
    "epoch13": 2132.355666666667,
    "epoch14": 2102.1365,
    "epoch15": 2072.697166666667,
    "epoch16": 2045.477,
    "epoch17": 2020.5023333333334,
    "epoch18": 1995.27,
    "epoch19": 1982.0431666666666,
    "epoch20": 1960.9815,
    "epoch21": 1944.4571666666666,
    "epoch22": 1934.6066666666666,
    "epoch23": 1921.9756666666667,
    "epoch24": 1909.522,
    "epoch25": 1896.4728333333333,
    "epoch26": 1886.5186666666666,
    "epoch27": 1877.4316666666666,
    "epoch28": 1867.3161666666667,
    "epoch29": 1863.9921666666667,
    "epoch30": 1855.5135
}