{
    "epoch1": 0.2596594290502369,
    "epoch2": 0.371504190659523,
    "epoch3": 0.4058764938354492,
    "epoch4": 0.4344961141586304,
    "epoch5": 0.45706233813762664,
    "epoch6": 0.47579353530406954,
    "epoch7": 0.49028762519359587,
    "epoch8": 0.5079889202833175,
    "epoch9": 0.522902779173851,
    "epoch10": 0.5412953363895416,
    "epoch11": 0.5503861286640167,
    "epoch12": 0.5597376002311707,
    "epoch13": 0.5692080558776855,
    "epoch14": 0.5862559048652649,
    "epoch15": 0.5958670746326447,
    "epoch16": 0.6073439542293548,
    "epoch17": 0.6149952714920044,
    "epoch18": 0.6209427268505097,
    "epoch19": 0.6340916252136231,
    "epoch20": 0.64577220993042
}