{
    "epoch1": 0.134133335262537,
    "epoch2": 0.2583333379626274,
    "epoch3": 0.41076667273044587,
    "epoch4": 0.5368666741251945,
    "epoch5": 0.5721428641676902,
    "epoch6": 0.651533342897892,
    "epoch7": 0.7097666739821434,
    "epoch8": 0.7442333399057388,
    "epoch9": 0.7646000059843063,
    "epoch10": 0.7854333398342133,
    "epoch11": 0.8249666730165481,
    "epoch12": 0.8170666731595994,
    "epoch13": 0.8063000082969666,
    "epoch14": 0.8355000051856041,
    "epoch15": 0.8619333387613296,
    "epoch16": 0.8606666718125343,
    "epoch17": 0.8567000069022178,
    "epoch18": 0.8707666714191437,
    "epoch19": 0.8727666716575623,
    "epoch20": 0.8778000046014786,
    "epoch21": 0.8810000056028366,
    "epoch22": 0.8839333384037018,
    "epoch23": 0.8914666701555252,
    "epoch24": 0.8986333384513855,
    "epoch25": 0.899000004529953,
    "epoch26": 0.9054047646522522,
    "epoch27": 0.9119666709899902,
    "epoch28": 0.9161333367824555,
    "epoch29": 0.9127619088888168,
    "epoch30": 0.9173000032901764,
    "epoch31": 0.9282666690349579,
    "epoch32": 0.9261333365440368,
    "epoch33": 0.9258666689395905,
    "epoch34": 0.9248333371877671,
    "epoch35": 0.9346333363056183,
    "epoch36": 0.929400003194809,
    "epoch37": 0.9378285746574402,
    "epoch38": 0.9332666703462601,
    "epoch39": 0.9448666682243347,
    "epoch40": 0.9524666693210602,
    "epoch41": 0.9436000032424927,
    "epoch42": 0.951466668844223,
    "epoch43": 0.9548666681051254,
    "epoch44": 0.9448333368301391,
    "epoch45": 0.9494666686058044,
    "epoch46": 0.9539333355426788,
    "epoch47": 0.9550666681528092,
    "epoch48": 0.962133335351944,
    "epoch49": 0.9588000025749207,
    "epoch50": 0.9592666683197022
}