{
    "epoch1": 64.16360473632812,
    "epoch2": 53.66771240234375,
    "epoch3": 51.85787353515625,
    "epoch4": 48.97836608886719,
    "epoch5": 46.68626708984375,
    "epoch6": 42.901693725585936,
    "epoch7": 41.6259033203125,
    "epoch8": 39.47762756347656,
    "epoch9": 39.291384887695315,
    "epoch10": 38.65840148925781,
    "epoch11": 37.00316162109375,
    "epoch12": 35.422933959960936,
    "epoch13": 34.05992126464844,
    "epoch14": 32.84870300292969,
    "epoch15": 32.10161437988281,
    "epoch16": 30.492120361328126,
    "epoch17": 29.555892944335938,
    "epoch18": 28.270297241210937,
    "epoch19": 27.795941162109376,
    "epoch20": 27.177304077148438,
    "epoch21": 26.77940673828125,
    "epoch22": 26.401773071289064,
    "epoch23": 26.046749877929688,
    "epoch24": 26.367083740234374,
    "epoch25": 25.739019775390624,
    "epoch26": 25.469775390625,
    "epoch27": 25.22747802734375,
    "epoch28": 25.26774444580078,
    "epoch29": 25.196041870117188,
    "epoch30": 24.84312744140625,
    "epoch31": 24.64305725097656,
    "epoch32": 24.915863037109375,
    "epoch33": 24.371546936035156,
    "epoch34": 24.978718566894532,
    "epoch35": 24.1825439453125,
    "epoch36": 24.132386779785158,
    "epoch37": 23.915716552734374,
    "epoch38": 24.383714294433595,
    "epoch39": 23.765440368652342,
    "epoch40": 24.002557373046876,
    "epoch41": 24.23083038330078,
    "epoch42": 23.737533569335938,
    "epoch43": 23.779119873046874,
    "epoch44": 23.468751525878908,
    "epoch45": 23.4444091796875,
    "epoch46": 24.067633056640624,
    "epoch47": 23.32813415527344,
    "epoch48": 23.165060424804686,
    "epoch49": 23.78301544189453,
    "epoch50": 23.176634216308592,
    "epoch51": 23.426316833496095,
    "epoch52": 23.34490966796875,
    "epoch53": 23.34482421875,
    "epoch54": 23.073074340820312,
    "epoch55": 22.965789794921875,
    "epoch56": 22.87806854248047,
    "epoch57": 22.905789184570313,
    "epoch58": 22.792576599121094,
    "epoch59": 23.068389892578125,
    "epoch60": 22.902455139160157,
    "epoch61": 22.794918823242188,
    "epoch62": 22.859576416015624,
    "epoch63": 22.668803405761718,
    "epoch64": 23.066827392578126,
    "epoch65": 23.341000366210938,
    "epoch66": 22.56183776855469,
    "epoch67": 22.936285400390624,
    "epoch68": 22.675103759765626,
    "epoch69": 23.071614074707032,
    "epoch70": 22.457086181640626,
    "epoch71": 22.471795654296876,
    "epoch72": 22.707525634765624,
    "epoch73": 22.437521362304686,
    "epoch74": 23.062176513671876,
    "epoch75": 22.54622039794922,
    "epoch76": 23.175062561035155,
    "epoch77": 22.28411407470703,
    "epoch78": 22.350128173828125,
    "epoch79": 22.983309936523437,
    "epoch80": 22.67747802734375,
    "epoch81": 22.382196044921876,
    "epoch82": 22.22825469970703,
    "epoch83": 22.348175048828125,
    "epoch84": 22.42947998046875,
    "epoch85": 22.25145263671875,
    "epoch86": 22.18059539794922,
    "epoch87": 22.405796813964844,
    "epoch88": 22.405242919921875,
    "epoch89": 22.041656494140625,
    "epoch90": 22.510072326660158,
    "epoch91": 22.026641845703125,
    "epoch92": 22.26439208984375,
    "epoch93": 22.3389404296875,
    "epoch94": 22.8861083984375,
    "epoch95": 22.498306274414062,
    "epoch96": 21.927671813964842,
    "epoch97": 21.88258514404297,
    "epoch98": 22.687747192382812,
    "epoch99": 22.157302856445312,
    "epoch100": 22.558609008789062
}