{
    "epoch1": 102.33614951685855,
    "epoch2": 56.56834010074013,
    "epoch3": 53.16776958264803,
    "epoch4": 50.72944400185033,
    "epoch5": 47.9850495990954,
    "epoch6": 45.66764429995888,
    "epoch7": 42.86214085629112,
    "epoch8": 41.20142886513158,
    "epoch9": 39.42730712890625,
    "epoch10": 37.78960539165296,
    "epoch11": 36.70269132915296,
    "epoch12": 35.39505807976974,
    "epoch13": 33.73589445415296,
    "epoch14": 32.30742123252467,
    "epoch15": 30.825979132401315,
    "epoch16": 29.89396265933388,
    "epoch17": 29.086245888157894,
    "epoch18": 28.279550652754935,
    "epoch19": 27.57145931846217,
    "epoch20": 26.902915553042764,
    "epoch21": 26.450278834292764,
    "epoch22": 26.26252505653783,
    "epoch23": 25.84933150442023,
    "epoch24": 25.439878764905426,
    "epoch25": 25.501954731188324,
    "epoch26": 25.211904425370065,
    "epoch27": 25.08507658305921,
    "epoch28": 25.021730121813324,
    "epoch29": 24.606496710526315,
    "epoch30": 24.436961926912005,
    "epoch31": 24.400835539165296,
    "epoch32": 24.152957313939144,
    "epoch33": 24.164525082236842,
    "epoch34": 23.95956099660773,
    "epoch35": 23.966244346217106,
    "epoch36": 23.71274767423931,
    "epoch37": 23.712595086348685,
    "epoch38": 23.515342310855264,
    "epoch39": 23.598493074115954,
    "epoch40": 23.36852384868421,
    "epoch41": 23.48821379009046,
    "epoch42": 23.202810187088815,
    "epoch43": 23.310604697779606,
    "epoch44": 23.235295345908717,
    "epoch45": 23.03236951326069,
    "epoch46": 23.199053312602796,
    "epoch47": 23.10616904810855,
    "epoch48": 23.043702778063324,
    "epoch49": 22.95794035259046,
    "epoch50": 22.87203818873355,
    "epoch51": 22.764882940995065,
    "epoch52": 22.769420423005755,
    "epoch53": 22.699162533408717,
    "epoch54": 22.67314870733964,
    "epoch55": 22.64200150339227,
    "epoch56": 22.580935829564144,
    "epoch57": 22.744930869654606,
    "epoch58": 22.777734053762334,
    "epoch59": 22.764666105571546,
    "epoch60": 22.559327778063324,
    "epoch61": 22.49234330026727,
    "epoch62": 23.11713931435033,
    "epoch63": 22.535771420127467,
    "epoch64": 22.443057411595394,
    "epoch65": 22.427996183696546,
    "epoch66": 22.30226697419819,
    "epoch67": 22.427515933388158,
    "epoch68": 22.34470728824013,
    "epoch69": 22.405289499383223,
    "epoch70": 22.494776675575658,
    "epoch71": 22.184738962273848,
    "epoch72": 22.103759765625,
    "epoch73": 22.142478541324014,
    "epoch74": 22.293020148026315,
    "epoch75": 22.24102140727796,
    "epoch76": 22.185129266036185,
    "epoch77": 22.381113152754935,
    "epoch78": 22.0714400442023,
    "epoch79": 22.07587954872533,
    "epoch80": 22.132725765830592,
    "epoch81": 21.941558837890625,
    "epoch82": 22.140406558388158,
    "epoch83": 21.846046849300986,
    "epoch84": 21.91111193205181,
    "epoch85": 21.944422671669408,
    "epoch86": 21.89765207391036,
    "epoch87": 21.82408864874589,
    "epoch88": 21.975956967002467,
    "epoch89": 21.947662353515625,
    "epoch90": 21.77677515933388,
    "epoch91": 21.90606689453125,
    "epoch92": 21.830319053248356,
    "epoch93": 21.800892076994245,
    "epoch94": 21.769195556640625,
    "epoch95": 21.949750398334704,
    "epoch96": 21.66294459292763,
    "epoch97": 21.543778268914473,
    "epoch98": 21.73926584344161,
    "epoch99": 21.6414505807977,
    "epoch100": 21.481842041015625
}