{
    "epoch1": 3212.8623046875,
    "epoch2": 2976.91171875,
    "epoch3": 2628.372265625,
    "epoch4": 2483.221875,
    "epoch5": 2387.9716796875,
    "epoch6": 2184.3400390625,
    "epoch7": 2032.298828125,
    "epoch8": 1889.4484375,
    "epoch9": 1834.3224609375,
    "epoch10": 1737.421875,
    "epoch11": 1676.8021484375,
    "epoch12": 1671.3970703125,
    "epoch13": 1586.2583984375,
    "epoch14": 1575.7416015625,
    "epoch15": 1546.48115234375,
    "epoch16": 1516.059765625,
    "epoch17": 1506.89541015625,
    "epoch18": 1468.80810546875,
    "epoch19": 1461.158984375,
    "epoch20": 1442.85400390625,
    "epoch21": 1454.9046875,
    "epoch22": 1480.17578125,
    "epoch23": 1432.7982421875,
    "epoch24": 1420.2228515625,
    "epoch25": 1414.1966796875,
    "epoch26": 1426.37958984375,
    "epoch27": 1382.819140625,
    "epoch28": 1407.36728515625,
    "epoch29": 1373.6251953125,
    "epoch30": 1434.536328125,
    "epoch31": 1421.93173828125,
    "epoch32": 1361.51494140625,
    "epoch33": 1390.4521484375,
    "epoch34": 1363.8291015625,
    "epoch35": 1366.54150390625,
    "epoch36": 1479.858984375,
    "epoch37": 1367.71982421875,
    "epoch38": 1366.4654296875,
    "epoch39": 1380.39091796875,
    "epoch40": 1374.180859375,
    "epoch41": 1315.03798828125,
    "epoch42": 1322.56484375,
    "epoch43": 1322.85107421875,
    "epoch44": 1328.2921875,
    "epoch45": 1310.904296875,
    "epoch46": 1405.8212890625,
    "epoch47": 1339.184765625,
    "epoch48": 1338.19267578125,
    "epoch49": 1295.82578125,
    "epoch50": 1312.9447265625,
    "epoch51": 1382.1283203125,
    "epoch52": 1357.81689453125,
    "epoch53": 1313.20615234375,
    "epoch54": 1320.04521484375,
    "epoch55": 1341.11904296875,
    "epoch56": 1298.98701171875,
    "epoch57": 1292.0224609375,
    "epoch58": 1287.644140625,
    "epoch59": 1293.5763671875,
    "epoch60": 1418.24970703125,
    "epoch61": 1309.1265625,
    "epoch62": 1319.69443359375,
    "epoch63": 1372.50927734375,
    "epoch64": 1435.6142578125,
    "epoch65": 1412.3859375,
    "epoch66": 1482.55166015625,
    "epoch67": 1290.29853515625,
    "epoch68": 1286.402734375,
    "epoch69": 1288.0650390625,
    "epoch70": 1287.183203125,
    "epoch71": 1366.42841796875,
    "epoch72": 1271.961328125,
    "epoch73": 1273.155078125,
    "epoch74": 1340.422265625,
    "epoch75": 1390.99462890625,
    "epoch76": 1260.652734375,
    "epoch77": 1259.251171875,
    "epoch78": 1403.82353515625,
    "epoch79": 1369.209375,
    "epoch80": 1332.53134765625,
    "epoch81": 1321.21142578125,
    "epoch82": 1498.089453125,
    "epoch83": 1326.0837890625,
    "epoch84": 1257.66318359375,
    "epoch85": 1254.58515625,
    "epoch86": 1358.2662109375,
    "epoch87": 1252.934765625,
    "epoch88": 1376.48017578125,
    "epoch89": 1295.39169921875,
    "epoch90": 1252.9212890625,
    "epoch91": 1265.58505859375,
    "epoch92": 1258.8681640625,
    "epoch93": 1264.64833984375,
    "epoch94": 1328.50595703125,
    "epoch95": 1462.9662109375,
    "epoch96": 1260.621484375,
    "epoch97": 1251.7498046875,
    "epoch98": 1286.36689453125,
    "epoch99": 1363.8546875,
    "epoch100": 1309.744140625
}