{
    "epoch1": 144.410078125,
    "epoch2": 50.3422705078125,
    "epoch3": 44.4937451171875,
    "epoch4": 42.6556494140625,
    "epoch5": 40.8313916015625,
    "epoch6": 38.98128662109375,
    "epoch7": 37.1222900390625,
    "epoch8": 34.25672119140625,
    "epoch9": 32.82267333984375,
    "epoch10": 30.59357421875,
    "epoch11": 28.7258642578125,
    "epoch12": 27.58998046875,
    "epoch13": 27.3687109375,
    "epoch14": 26.75893798828125,
    "epoch15": 26.04699462890625,
    "epoch16": 25.66361572265625,
    "epoch17": 25.29267578125,
    "epoch18": 25.06608642578125,
    "epoch19": 24.864072265625,
    "epoch20": 24.7816357421875,
    "epoch21": 24.8022705078125,
    "epoch22": 24.48773681640625,
    "epoch23": 24.4200830078125,
    "epoch24": 24.260986328125,
    "epoch25": 24.1309326171875,
    "epoch26": 24.080302734375,
    "epoch27": 23.84922119140625,
    "epoch28": 23.8856396484375,
    "epoch29": 23.7958447265625,
    "epoch30": 23.665302734375,
    "epoch31": 23.34636474609375,
    "epoch32": 23.7681103515625,
    "epoch33": 23.4606298828125,
    "epoch34": 23.275849609375,
    "epoch35": 23.2927294921875,
    "epoch36": 23.21546630859375,
    "epoch37": 23.187802734375,
    "epoch38": 23.09488525390625,
    "epoch39": 23.33456298828125,
    "epoch40": 23.101396484375,
    "epoch41": 22.877548828125,
    "epoch42": 22.9335595703125,
    "epoch43": 22.977900390625,
    "epoch44": 22.8265576171875,
    "epoch45": 22.82734375,
    "epoch46": 22.90847412109375,
    "epoch47": 22.84722900390625,
    "epoch48": 22.8020556640625,
    "epoch49": 22.5542724609375,
    "epoch50": 22.33801025390625,
    "epoch51": 22.57202880859375,
    "epoch52": 22.658134765625,
    "epoch53": 22.67088623046875,
    "epoch54": 22.53928466796875,
    "epoch55": 22.46235107421875,
    "epoch56": 22.41483642578125,
    "epoch57": 22.38760009765625,
    "epoch58": 22.31814208984375,
    "epoch59": 22.2350830078125,
    "epoch60": 22.330185546875,
    "epoch61": 22.3006494140625,
    "epoch62": 22.17426025390625,
    "epoch63": 22.1708740234375,
    "epoch64": 22.22892578125,
    "epoch65": 22.00440185546875,
    "epoch66": 22.46004150390625,
    "epoch67": 22.1814013671875,
    "epoch68": 22.13647216796875,
    "epoch69": 22.4929296875,
    "epoch70": 22.0516943359375,
    "epoch71": 21.9967041015625,
    "epoch72": 22.09899658203125,
    "epoch73": 22.0205322265625,
    "epoch74": 22.06197265625,
    "epoch75": 22.0010791015625,
    "epoch76": 21.8616943359375,
    "epoch77": 21.79753662109375,
    "epoch78": 21.9568798828125,
    "epoch79": 21.98291259765625,
    "epoch80": 21.91143798828125,
    "epoch81": 21.8042822265625,
    "epoch82": 21.7581884765625,
    "epoch83": 22.100625,
    "epoch84": 21.9846337890625,
    "epoch85": 21.77108642578125,
    "epoch86": 21.79269775390625,
    "epoch87": 21.84105224609375,
    "epoch88": 21.7316845703125,
    "epoch89": 21.7430615234375,
    "epoch90": 21.5844775390625,
    "epoch91": 22.01556884765625,
    "epoch92": 21.78130859375,
    "epoch93": 21.74267578125,
    "epoch94": 21.61074951171875,
    "epoch95": 21.67050048828125,
    "epoch96": 21.64490966796875,
    "epoch97": 21.79371337890625,
    "epoch98": 21.88410400390625,
    "epoch99": 21.5368994140625,
    "epoch100": 21.58095458984375
}