{
    "epoch1": 94.53202097039474,
    "epoch2": 46.695730108963815,
    "epoch3": 45.42099480879934,
    "epoch4": 43.31669215152138,
    "epoch5": 41.45822625411184,
    "epoch6": 39.06369821648849,
    "epoch7": 37.131338019120065,
    "epoch8": 34.835661235608555,
    "epoch9": 33.32354093852796,
    "epoch10": 32.35676333778783,
    "epoch11": 31.24202366879112,
    "epoch12": 30.8711869089227,
    "epoch13": 30.70172119140625,
    "epoch14": 30.14354826274671,
    "epoch15": 30.005942896792764,
    "epoch16": 29.638344212582236,
    "epoch17": 29.494124563116777,
    "epoch18": 29.265538265830592,
    "epoch19": 29.156776829769736,
    "epoch20": 29.105960243626644,
    "epoch21": 28.66899992290296,
    "epoch22": 28.576846474095394,
    "epoch23": 28.85020687705592,
    "epoch24": 28.01877955386513,
    "epoch25": 28.15357087787829,
    "epoch26": 28.17650082236842,
    "epoch27": 27.802127235814144,
    "epoch28": 27.371659128289473,
    "epoch29": 27.1411421926398,
    "epoch30": 26.928908498663652,
    "epoch31": 26.862831517269736,
    "epoch32": 26.735987613075658,
    "epoch33": 26.428238718133223,
    "epoch34": 26.475601999383223,
    "epoch35": 26.27142333984375,
    "epoch36": 26.078089663856908,
    "epoch37": 26.149375513980264,
    "epoch38": 25.85392199064556,
    "epoch39": 25.763702392578125,
    "epoch40": 25.79651682000411,
    "epoch41": 25.68086644222862,
    "epoch42": 25.55582628752056,
    "epoch43": 25.29957982113487,
    "epoch44": 25.343944348787005,
    "epoch45": 25.3345658151727,
    "epoch46": 25.183253238075658,
    "epoch47": 25.23487613075658,
    "epoch48": 25.150299072265625,
    "epoch49": 24.73994847347862,
    "epoch50": 24.893991570723685,
    "epoch51": 25.07490298622533,
    "epoch52": 24.81726716694079,
    "epoch53": 24.656471653988486,
    "epoch54": 24.6097701223273,
    "epoch55": 24.49721968801398,
    "epoch56": 24.93307816354852,
    "epoch57": 24.498409873560856,
    "epoch58": 24.479374935752467,
    "epoch59": 24.51436414216694,
    "epoch60": 24.497839676706416,
    "epoch61": 24.31325972707648,
    "epoch62": 24.25717484323602,
    "epoch63": 24.473873740748356,
    "epoch64": 24.061905710320723,
    "epoch65": 24.101572137129935,
    "epoch66": 24.094058388157894,
    "epoch67": 24.18487548828125,
    "epoch68": 24.460452431126644,
    "epoch69": 24.19011166221217,
    "epoch70": 24.11231111225329,
    "epoch71": 23.8832076223273,
    "epoch72": 23.954646060341283,
    "epoch73": 24.705943860505755,
    "epoch74": 24.368321468955592,
    "epoch75": 24.178807308799342,
    "epoch76": 23.94702790912829,
    "epoch77": 23.984413548519736,
    "epoch78": 23.876625462582236,
    "epoch79": 23.796817177220394,
    "epoch80": 23.920141922800166,
    "epoch81": 24.061539499383223,
    "epoch82": 24.117638838918584,
    "epoch83": 23.793410451788652,
    "epoch84": 24.471811394942435,
    "epoch85": 23.941327546772204,
    "epoch86": 23.74251998098273,
    "epoch87": 23.864418431332236,
    "epoch88": 23.74570826480263,
    "epoch89": 23.8127152292352,
    "epoch90": 23.788660952919408,
    "epoch91": 23.725974635074014,
    "epoch92": 23.633546528063324,
    "epoch93": 23.58809300472862,
    "epoch94": 23.80267976459704,
    "epoch95": 23.519235711348685,
    "epoch96": 23.531641909950658,
    "epoch97": 23.454483835320723,
    "epoch98": 23.78032804790296,
    "epoch99": 23.748748779296875,
    "epoch100": 23.74395109477796
}