{
    "epoch1": 38.646907725232715,
    "epoch2": 31.54134547456782,
    "epoch3": 29.34547976230053,
    "epoch4": 28.45272242769282,
    "epoch5": 28.488013734208778,
    "epoch6": 27.519263734208778,
    "epoch7": 27.138427734375,
    "epoch8": 26.988896796043882,
    "epoch9": 26.47913896276596,
    "epoch10": 26.68537545711436,
    "epoch11": 26.481157018783243,
    "epoch12": 25.95650920462101,
    "epoch13": 25.62143918301197,
    "epoch14": 26.126644053357712,
    "epoch15": 25.537569086602392,
    "epoch16": 25.98796698387633,
    "epoch17": 25.836205015791222,
    "epoch18": 24.84728744182181,
    "epoch19": 24.82222926363032,
    "epoch20": 24.71761500581782,
    "epoch21": 24.63197878573803,
    "epoch22": 26.158943338597073,
    "epoch23": 24.28890406831782,
    "epoch24": 26.24077719830452,
    "epoch25": 24.23015188663564,
    "epoch26": 24.18925833194814,
    "epoch27": 24.092134516289892,
    "epoch28": 24.81676986369681,
    "epoch29": 24.082389669215427,
    "epoch30": 23.96991875831117,
    "epoch31": 25.13516560006649,
    "epoch32": 24.09632646276596,
    "epoch33": 24.404112470910903,
    "epoch34": 24.65460854388298,
    "epoch35": 24.87843874667553,
    "epoch36": 25.134477331283243,
    "epoch37": 24.61661091256649,
    "epoch38": 23.598708132480052,
    "epoch39": 23.90910956200133,
    "epoch40": 24.05312136386303,
    "epoch41": 23.63694211269947,
    "epoch42": 24.411143201462767,
    "epoch43": 23.61467337101064,
    "epoch44": 23.588576296542552,
    "epoch45": 24.110322992852392,
    "epoch46": 23.52481663480718,
    "epoch47": 24.091404691655587,
    "epoch48": 23.348482172539892,
    "epoch49": 23.374698720079788,
    "epoch50": 23.360008726728722,
    "epoch51": 23.27015458776596,
    "epoch52": 23.136427859042552,
    "epoch53": 23.29005984042553,
    "epoch54": 23.105564847905587,
    "epoch55": 23.303578478224733,
    "epoch56": 23.029883851396278,
    "epoch57": 24.14109769780585,
    "epoch58": 22.886934320977392,
    "epoch59": 24.179087537400267,
    "epoch60": 22.875828519780587,
    "epoch61": 23.03416150681516,
    "epoch62": 23.505295773769948,
    "epoch63": 23.42589033410904,
    "epoch64": 23.809326171875,
    "epoch65": 23.30600949551197,
    "epoch66": 22.731053129155587,
    "epoch67": 22.957093583776597,
    "epoch68": 24.020045503656913,
    "epoch69": 23.23151803523936,
    "epoch70": 23.557936648105052,
    "epoch71": 22.89662462599734,
    "epoch72": 22.667293467420212,
    "epoch73": 22.61848092586436,
    "epoch74": 23.28662109375,
    "epoch75": 22.52477767619681,
    "epoch76": 23.069585272606382,
    "epoch77": 22.7423407372008,
    "epoch78": 23.205613156582448,
    "epoch79": 22.334360974900267,
    "epoch80": 22.48243745844415,
    "epoch81": 22.35904774767287,
    "epoch82": 22.661335397273938,
    "epoch83": 23.560487138464097,
    "epoch84": 23.122914415724733,
    "epoch85": 23.2380682762633,
    "epoch86": 22.23777219082447,
    "epoch87": 23.376267453457448,
    "epoch88": 23.45398208942819,
    "epoch89": 22.56155979886968,
    "epoch90": 22.042734998337767,
    "epoch91": 22.37184435255984,
    "epoch92": 23.470118745844413,
    "epoch93": 22.11356175199468,
    "epoch94": 22.79837620511968,
    "epoch95": 23.10985029504654,
    "epoch96": 21.971357629654257,
    "epoch97": 22.48071548786569,
    "epoch98": 22.342482546542552,
    "epoch99": 22.020409117353722,
    "epoch100": 22.091505984042552
}