{
    "epoch1": 0.03342629860966436,
    "epoch2": 0.022977130968243845,
    "epoch3": 0.014480109326541424,
    "epoch4": 0.00983842022176231,
    "epoch5": 0.007432408232782637,
    "epoch6": 0.005746981729903529,
    "epoch7": 0.004514994234928201,
    "epoch8": 0.0035972561980147037,
    "epoch9": 0.0027850785465430346,
    "epoch10": 0.002227522286346122,
    "epoch11": 0.0018078511930070817,
    "epoch12": 0.001482459002985589,
    "epoch13": 0.0012296181333611809,
    "epoch14": 0.0010500758409409995,
    "epoch15": 0.0009163593424619326,
    "epoch16": 0.0007799061798235221,
    "epoch17": 0.0006856603656835373,
    "epoch18": 0.0006130398589096242,
    "epoch19": 0.0005550738691630202,
    "epoch20": 0.000495560786915913,
    "epoch21": 0.00045339370497517406,
    "epoch22": 0.0004098932657788898,
    "epoch23": 0.00037606964882973943,
    "epoch24": 0.00034893053300273153,
    "epoch25": 0.00032949588362938696,
    "epoch26": 0.0003359618652123778,
    "epoch27": 0.00028549993505528677,
    "epoch28": 0.00026812040197264945,
    "epoch29": 0.0002470594598919213,
    "epoch30": 0.00023763240178889265
}