{
    "epoch1": 98.5875859375,
    "epoch2": 75.7646171875,
    "epoch3": 67.0750234375,
    "epoch4": 57.82029296875,
    "epoch5": 54.7209609375,
    "epoch6": 52.97597265625,
    "epoch7": 49.84822265625,
    "epoch8": 46.65858984375,
    "epoch9": 44.0363984375,
    "epoch10": 41.82659375,
    "epoch11": 39.646796875,
    "epoch12": 37.84214453125,
    "epoch13": 35.99201953125,
    "epoch14": 34.2712265625,
    "epoch15": 33.38548828125,
    "epoch16": 31.96876171875,
    "epoch17": 31.010345703125,
    "epoch18": 30.06869921875,
    "epoch19": 29.17692578125,
    "epoch20": 28.457478515625,
    "epoch21": 27.673908203125,
    "epoch22": 26.953490234375,
    "epoch23": 26.254767578125,
    "epoch24": 25.674818359375,
    "epoch25": 24.8109921875,
    "epoch26": 24.342498046875,
    "epoch27": 23.804021484375,
    "epoch28": 23.30260546875,
    "epoch29": 22.840955078125,
    "epoch30": 22.658353515625
}