{
    "epoch1": 0.024147207289934157,
    "epoch2": 0.015285121649503708,
    "epoch3": 0.010943077970296144,
    "epoch4": 0.009860575851052999,
    "epoch5": 0.009532251302152872,
    "epoch6": 0.009096310706809163,
    "epoch7": 0.008885070960968734,
    "epoch8": 0.008787637064233422,
    "epoch9": 0.009335305308923125,
    "epoch10": 0.00890231323428452,
    "epoch11": 0.00848534400574863,
    "epoch12": 0.0083960915915668,
    "epoch13": 0.007943495269864797,
    "epoch14": 0.007996153319254518,
    "epoch15": 0.007861751317977905,
    "epoch16": 0.007948391186073423,
    "epoch17": 0.007680917344987393,
    "epoch18": 0.007821702072396875,
    "epoch19": 0.007872425811365246,
    "epoch20": 0.007626255694776774,
    "epoch21": 0.007560897897928953,
    "epoch22": 0.007647337904199958,
    "epoch23": 0.007528032688423991,
    "epoch24": 0.007434582244604826,
    "epoch25": 0.007439895113930106,
    "epoch26": 0.007431942271068692,
    "epoch27": 0.007498101983219385,
    "epoch28": 0.007277806149795651,
    "epoch29": 0.007352511677891016,
    "epoch30": 0.007375490805134177,
    "epoch31": 0.007406439585611224,
    "epoch32": 0.007892371015623212,
    "epoch33": 0.00731504918076098,
    "epoch34": 0.007358399499207735,
    "epoch35": 0.007269477983936667,
    "epoch36": 0.007326807640492916,
    "epoch37": 0.007278044614940882,
    "epoch38": 0.0072883188258856535,
    "epoch39": 0.0071633078157901766,
    "epoch40": 0.007211636379361152,
    "epoch41": 0.007307863282039762,
    "epoch42": 0.007697681151330471,
    "epoch43": 0.00717503004707396,
    "epoch44": 0.00716700037010014,
    "epoch45": 0.0071260299067944285,
    "epoch46": 0.007259815512225032,
    "epoch47": 0.007273110840469599,
    "epoch48": 0.0071717791724950075,
    "epoch49": 0.00856100362725556,
    "epoch50": 0.007141950260847807,
    "epoch51": 0.007296152738854289,
    "epoch52": 0.007049143733456731,
    "epoch53": 0.007365175010636449,
    "epoch54": 0.007326844055205584,
    "epoch55": 0.0074369278736412525,
    "epoch56": 0.007331231655552983,
    "epoch57": 0.007039027800783515,
    "epoch58": 0.007561326725408435,
    "epoch59": 0.0074920820537954565,
    "epoch60": 0.008294443925842642,
    "epoch61": 0.007076282659545541,
    "epoch62": 0.007013560459017754,
    "epoch63": 0.007004952151328325,
    "epoch64": 0.00699150231666863,
    "epoch65": 0.007068893034011125,
    "epoch66": 0.007328041363507509,
    "epoch67": 0.0076306466944515705,
    "epoch68": 0.006982101639732718,
    "epoch69": 0.0071922643575817345,
    "epoch70": 0.0070134888403117655,
    "epoch71": 0.00705083548091352,
    "epoch72": 0.006972169457003474,
    "epoch73": 0.007618822995573283,
    "epoch74": 0.007572477217763662,
    "epoch75": 0.0076332197990268465,
    "epoch76": 0.007425604294985533,
    "epoch77": 0.0073982754722237585,
    "epoch78": 0.006996412621811032,
    "epoch79": 0.006900496687740088,
    "epoch80": 0.006923219002783298,
    "epoch81": 0.006872855313122273,
    "epoch82": 0.006928544444963336,
    "epoch83": 0.007393016293644905,
    "epoch84": 0.006903565814718604,
    "epoch85": 0.006978162517771125,
    "epoch86": 0.0073158470913767815,
    "epoch87": 0.006959358043968677,
    "epoch88": 0.007069711200892925,
    "epoch89": 0.006887593772262335,
    "epoch90": 0.006994575820863247,
    "epoch91": 0.006846816185861826,
    "epoch92": 0.006820908142253756,
    "epoch93": 0.007067348156124353,
    "epoch94": 0.006835755659267306,
    "epoch95": 0.006885733408853412,
    "epoch96": 0.0071728558279573916,
    "epoch97": 0.00786033752374351,
    "epoch98": 0.007176648173481226,
    "epoch99": 0.006848263647407293,
    "epoch100": 0.007109751226380467
}