{
    "epoch1": 56.61631373355263,
    "epoch2": 40.15016897101151,
    "epoch3": 32.58955784847862,
    "epoch4": 30.179542943050986,
    "epoch5": 28.164913779810856,
    "epoch6": 27.82367585834704,
    "epoch7": 26.39836843390214,
    "epoch8": 25.916397897820723,
    "epoch9": 25.64029091282895,
    "epoch10": 25.460036428351152,
    "epoch11": 24.477317408511514,
    "epoch12": 23.917475650185033,
    "epoch13": 23.788630435341283,
    "epoch14": 23.284807707134046,
    "epoch15": 23.597659462376644,
    "epoch16": 24.114077919407894,
    "epoch17": 23.93758994654605,
    "epoch18": 22.801165129009046,
    "epoch19": 22.532241018194902,
    "epoch20": 22.693079898231908,
    "epoch21": 21.96509431537829,
    "epoch22": 22.18179481907895,
    "epoch23": 22.25037424187911,
    "epoch24": 22.822790848581416,
    "epoch25": 21.813588995682565,
    "epoch26": 22.81140939812911,
    "epoch27": 22.7891556589227,
    "epoch28": 21.35672318307977,
    "epoch29": 21.205087762129935,
    "epoch30": 21.837466591282894,
    "epoch31": 22.31717240182977,
    "epoch32": 21.21756945158306,
    "epoch33": 22.43721409847862,
    "epoch34": 21.251651161595394,
    "epoch35": 20.95265599300987,
    "epoch36": 21.02781918174342,
    "epoch37": 21.31853444952714,
    "epoch38": 20.991410104851973,
    "epoch39": 20.891219289679277,
    "epoch40": 21.60637624640214,
    "epoch41": 20.79542943050987,
    "epoch42": 21.05350695158306,
    "epoch43": 21.160952919407894,
    "epoch44": 20.538320440995065,
    "epoch45": 20.93980648643092,
    "epoch46": 20.65969527395148,
    "epoch47": 21.07858597604852,
    "epoch48": 20.952117919921875,
    "epoch49": 20.887401380037005,
    "epoch50": 21.48111283151727,
    "epoch51": 20.49213931435033,
    "epoch52": 20.688147293893916,
    "epoch53": 20.581589548211348,
    "epoch54": 20.94668257863898,
    "epoch55": 20.637399773848685,
    "epoch56": 20.734969289679277,
    "epoch57": 20.570275557668584,
    "epoch58": 20.22072400544819,
    "epoch59": 21.511919523540296,
    "epoch60": 22.15115035207648,
    "epoch61": 21.24687435752467,
    "epoch62": 19.98858642578125,
    "epoch63": 20.051320929276315,
    "epoch64": 21.45159912109375,
    "epoch65": 20.615923429790296,
    "epoch66": 21.28177040501645,
    "epoch67": 20.924475418893916,
    "epoch68": 21.19464753803454,
    "epoch69": 19.900273373252467,
    "epoch70": 20.111000462582236,
    "epoch71": 20.007965087890625,
    "epoch72": 19.9342972604852,
    "epoch73": 20.432199578536185,
    "epoch74": 21.641047427528783,
    "epoch75": 21.537432218852796,
    "epoch76": 20.424088327508223,
    "epoch77": 19.951536479749176,
    "epoch78": 20.50725515265214,
    "epoch79": 20.179173519736842,
    "epoch80": 19.769099185341283,
    "epoch81": 20.582015188116777,
    "epoch82": 21.402780633223685,
    "epoch83": 19.85968017578125,
    "epoch84": 20.182652523643092,
    "epoch85": 20.06227513363487,
    "epoch86": 20.378273411800986,
    "epoch87": 21.03618742290296,
    "epoch88": 20.57086181640625,
    "epoch89": 20.936743485300166,
    "epoch90": 19.932262219880755,
    "epoch91": 19.755327726665296,
    "epoch92": 20.029179623252467,
    "epoch93": 19.902878610711348,
    "epoch94": 20.012475264699834,
    "epoch95": 20.408656070106908,
    "epoch96": 19.903329949629935,
    "epoch97": 20.14284957082648,
    "epoch98": 19.745640804893092,
    "epoch99": 19.700068423622533,
    "epoch100": 20.16109908254523
}