{
    "epoch1": 42.530331420898435,
    "epoch2": 35.93046264648437,
    "epoch3": 31.62705078125,
    "epoch4": 29.27129211425781,
    "epoch5": 29.10150146484375,
    "epoch6": 26.85599365234375,
    "epoch7": 26.45792236328125,
    "epoch8": 26.643603515625,
    "epoch9": 28.008837890625,
    "epoch10": 25.7650634765625,
    "epoch11": 25.159445190429686,
    "epoch12": 25.157896423339842,
    "epoch13": 23.47495880126953,
    "epoch14": 23.884219360351562,
    "epoch15": 22.797996520996094,
    "epoch16": 24.029806518554686,
    "epoch17": 22.918843078613282,
    "epoch18": 23.842730712890624,
    "epoch19": 23.772091674804688,
    "epoch20": 23.219239807128908,
    "epoch21": 22.13588104248047,
    "epoch22": 23.037368774414062,
    "epoch23": 23.133843994140626,
    "epoch24": 22.198200988769532,
    "epoch25": 22.844326782226563,
    "epoch26": 23.241781616210936,
    "epoch27": 22.137811279296876,
    "epoch28": 22.092121887207032,
    "epoch29": 21.99534454345703,
    "epoch30": 23.141770935058595,
    "epoch31": 23.065184020996092,
    "epoch32": 25.46905517578125,
    "epoch33": 22.926005554199218,
    "epoch34": 22.696652221679688,
    "epoch35": 21.946820068359376,
    "epoch36": 21.974058532714842,
    "epoch37": 21.841490173339842,
    "epoch38": 22.717039489746092,
    "epoch39": 22.348239135742187,
    "epoch40": 22.176715087890624,
    "epoch41": 23.264035034179688,
    "epoch42": 25.121153259277342,
    "epoch43": 22.388677978515624,
    "epoch44": 22.39203643798828,
    "epoch45": 21.84931335449219,
    "epoch46": 21.780111694335936,
    "epoch47": 22.935166931152345,
    "epoch48": 21.848298645019533,
    "epoch49": 28.22113037109375,
    "epoch50": 22.476742553710938,
    "epoch51": 22.151544189453126,
    "epoch52": 22.165377807617187,
    "epoch53": 22.366265869140626,
    "epoch54": 24.172282409667968,
    "epoch55": 22.160792541503906,
    "epoch56": 23.404013061523436,
    "epoch57": 22.110498046875,
    "epoch58": 24.304951477050782,
    "epoch59": 23.785246276855467,
    "epoch60": 26.7351318359375,
    "epoch61": 22.434393310546874,
    "epoch62": 22.006100463867188,
    "epoch63": 22.26573791503906,
    "epoch64": 21.993251037597656,
    "epoch65": 22.73005828857422,
    "epoch66": 23.6132568359375,
    "epoch67": 23.301187133789064,
    "epoch68": 21.907911682128905,
    "epoch69": 22.834315490722656,
    "epoch70": 22.612413024902345,
    "epoch71": 21.828337097167967,
    "epoch72": 22.02864990234375,
    "epoch73": 24.721530151367187,
    "epoch74": 22.947653198242186,
    "epoch75": 24.30322265625,
    "epoch76": 24.05315399169922,
    "epoch77": 22.814970397949217,
    "epoch78": 22.079757690429688,
    "epoch79": 21.73039855957031,
    "epoch80": 21.88196716308594,
    "epoch81": 21.47753448486328,
    "epoch82": 21.314718627929686,
    "epoch83": 23.89410400390625,
    "epoch84": 21.178306579589844,
    "epoch85": 22.2826904296875,
    "epoch86": 23.23877410888672,
    "epoch87": 21.511538696289062,
    "epoch88": 21.660978698730467,
    "epoch89": 21.356973266601564,
    "epoch90": 21.152261352539064,
    "epoch91": 21.417193603515624,
    "epoch92": 21.583193969726562,
    "epoch93": 22.778411865234375,
    "epoch94": 21.46824951171875,
    "epoch95": 21.441371154785156,
    "epoch96": 22.466171264648438,
    "epoch97": 25.992852783203126,
    "epoch98": 23.325215148925782,
    "epoch99": 21.720936584472657,
    "epoch100": 22.945004272460938
}