{
    "epoch1": 0.0009969126107171177,
    "epoch2": 0.0007634303116550048,
    "epoch3": 0.0005565891563892364,
    "epoch4": 0.0003783989058186611,
    "epoch5": 0.00023502111590156954,
    "epoch6": 0.00013004303940882285,
    "epoch7": 6.34219830778117e-05,
    "epoch8": 2.9305617291053446e-05,
    "epoch9": 1.705123279437733e-05,
    "epoch10": 1.4101808345003519e-05,
    "epoch11": 1.3261776636985209e-05,
    "epoch12": 1.2506713304901495e-05,
    "epoch13": 1.1704357980003503e-05,
    "epoch14": 1.0936664621112868e-05,
    "epoch15": 1.0168186819403976e-05,
    "epoch16": 9.506294258850781e-06,
    "epoch17": 8.927310614429491e-06,
    "epoch18": 8.4163242578749e-06,
    "epoch19": 7.960270331144178e-06,
    "epoch20": 7.587365726673549e-06,
    "epoch21": 7.262212163671696e-06,
    "epoch22": 6.993284273145643e-06,
    "epoch23": 6.7448389697043846e-06,
    "epoch24": 6.5502072114516824e-06,
    "epoch25": 6.3699063969882745e-06,
    "epoch26": 6.2212331237484856e-06,
    "epoch27": 6.064245992699095e-06,
    "epoch28": 5.94481791479969e-06,
    "epoch29": 5.832934653881239e-06,
    "epoch30": 5.7340080420544835e-06
}