{
    "epoch1": 0.0004699495588429272,
    "epoch2": 0.0003217283815611154,
    "epoch3": 0.0002091269651427865,
    "epoch4": 0.00012725934089394286,
    "epoch5": 7.285600141040049e-05,
    "epoch6": 4.219077480956912e-05,
    "epoch7": 2.8612925958441338e-05,
    "epoch8": 2.4140238008840243e-05,
    "epoch9": 2.2845549618068616e-05,
    "epoch10": 2.2235935433855047e-05,
    "epoch11": 2.1743300396337872e-05,
    "epoch12": 2.1293786955538963e-05,
    "epoch13": 2.0849311686106374e-05,
    "epoch14": 2.0482897073634375e-05,
    "epoch15": 2.0154672888565983e-05,
    "epoch16": 1.9869448098688735e-05,
    "epoch17": 1.963383126349072e-05,
    "epoch18": 1.9427391470344445e-05,
    "epoch19": 1.924942181994993e-05,
    "epoch20": 1.9105741748717265e-05,
    "epoch21": 1.896410891549749e-05,
    "epoch22": 1.8859593097658944e-05,
    "epoch23": 1.8769452364722384e-05,
    "epoch24": 1.868035191318995e-05,
    "epoch25": 1.8616863982515498e-05,
    "epoch26": 1.8541495477165882e-05,
    "epoch27": 1.8478407040674937e-05,
    "epoch28": 1.843180677315104e-05,
    "epoch29": 1.83635337771193e-05,
    "epoch30": 1.832249332255742e-05
}