{
    "epoch1": 51.3856201171875,
    "epoch2": 47.593955993652344,
    "epoch3": 43.08894348144531,
    "epoch4": 40.229305267333984,
    "epoch5": 38.22882843017578,
    "epoch6": 34.28983688354492,
    "epoch7": 33.35961151123047,
    "epoch8": 32.100059509277344,
    "epoch9": 31.83497428894043,
    "epoch10": 31.65606689453125,
    "epoch11": 31.106945037841797,
    "epoch12": 31.059120178222656,
    "epoch13": 31.530540466308594,
    "epoch14": 31.28901481628418,
    "epoch15": 29.503448486328125,
    "epoch16": 29.68086051940918,
    "epoch17": 29.0379581451416,
    "epoch18": 28.516551971435547,
    "epoch19": 29.294870376586914,
    "epoch20": 28.1238956451416,
    "epoch21": 27.984149932861328,
    "epoch22": 27.934207916259766,
    "epoch23": 27.714828491210938,
    "epoch24": 27.491825103759766,
    "epoch25": 27.018096923828125,
    "epoch26": 27.683391571044922,
    "epoch27": 27.776803970336914,
    "epoch28": 26.937883377075195,
    "epoch29": 27.51495933532715,
    "epoch30": 26.00625991821289,
    "epoch31": 25.92380142211914,
    "epoch32": 25.51755714416504,
    "epoch33": 25.479951858520508,
    "epoch34": 25.76984977722168,
    "epoch35": 25.91876220703125,
    "epoch36": 26.16258430480957,
    "epoch37": 25.628965377807617,
    "epoch38": 25.098814010620117,
    "epoch39": 25.169660568237305,
    "epoch40": 24.92377471923828,
    "epoch41": 25.50396156311035,
    "epoch42": 24.706539154052734,
    "epoch43": 24.977548599243164,
    "epoch44": 24.541889190673828,
    "epoch45": 24.460403442382812,
    "epoch46": 26.928668975830078,
    "epoch47": 24.267709732055664,
    "epoch48": 24.131624221801758,
    "epoch49": 24.609569549560547,
    "epoch50": 24.268613815307617,
    "epoch51": 24.21335220336914,
    "epoch52": 23.701963424682617,
    "epoch53": 24.227956771850586,
    "epoch54": 24.879812240600586,
    "epoch55": 23.770503997802734,
    "epoch56": 24.68482208251953,
    "epoch57": 24.43994903564453,
    "epoch58": 24.33382225036621,
    "epoch59": 23.82097053527832,
    "epoch60": 23.58476448059082,
    "epoch61": 23.729665756225586,
    "epoch62": 24.014503479003906,
    "epoch63": 23.414966583251953,
    "epoch64": 23.59605598449707,
    "epoch65": 23.517902374267578,
    "epoch66": 23.475765228271484,
    "epoch67": 23.424936294555664,
    "epoch68": 23.216163635253906,
    "epoch69": 23.308942794799805,
    "epoch70": 23.73294448852539,
    "epoch71": 23.432016372680664,
    "epoch72": 24.793148040771484,
    "epoch73": 25.776386260986328,
    "epoch74": 23.67901039123535,
    "epoch75": 23.854698181152344,
    "epoch76": 23.796634674072266,
    "epoch77": 23.28360939025879,
    "epoch78": 23.765405654907227,
    "epoch79": 23.227296829223633,
    "epoch80": 23.86133575439453,
    "epoch81": 23.734092712402344,
    "epoch82": 23.325830459594727,
    "epoch83": 23.96510887145996,
    "epoch84": 23.36385154724121,
    "epoch85": 23.646677017211914,
    "epoch86": 22.921920776367188,
    "epoch87": 23.051910400390625,
    "epoch88": 23.317983627319336,
    "epoch89": 23.307680130004883,
    "epoch90": 24.880081176757812,
    "epoch91": 25.775007247924805,
    "epoch92": 22.97349739074707,
    "epoch93": 22.910114288330078,
    "epoch94": 23.081256866455078,
    "epoch95": 24.475173950195312,
    "epoch96": 24.333776473999023,
    "epoch97": 22.758100509643555,
    "epoch98": 23.7874813079834,
    "epoch99": 23.15597152709961,
    "epoch100": 22.751802444458008
}