{
    "epoch1": 131.44746875,
    "epoch2": 126.446234375,
    "epoch3": 121.8544375,
    "epoch4": 116.8748515625,
    "epoch5": 113.9922890625,
    "epoch6": 113.1122890625,
    "epoch7": 110.71428125,
    "epoch8": 109.2988359375,
    "epoch9": 108.306984375,
    "epoch10": 108.922421875,
    "epoch11": 107.214,
    "epoch12": 106.8016875,
    "epoch13": 105.5681875,
    "epoch14": 105.4728203125,
    "epoch15": 104.5441875,
    "epoch16": 103.61115625,
    "epoch17": 103.3939921875,
    "epoch18": 102.9837734375,
    "epoch19": 102.6069453125,
    "epoch20": 102.366265625,
    "epoch21": 101.535140625,
    "epoch22": 101.3495390625,
    "epoch23": 101.1202109375,
    "epoch24": 100.3966015625,
    "epoch25": 100.2264375,
    "epoch26": 99.8133828125,
    "epoch27": 99.4523203125,
    "epoch28": 99.516734375,
    "epoch29": 99.3599296875,
    "epoch30": 98.709921875
}