{
    "epoch1": 97.89604228251689,
    "epoch2": 87.26524229307432,
    "epoch3": 83.333251953125,
    "epoch4": 81.22647672086148,
    "epoch5": 80.40060837204392,
    "epoch6": 79.9236961570946,
    "epoch7": 78.95098052153716,
    "epoch8": 78.2020164695946,
    "epoch9": 76.9751174514358,
    "epoch10": 75.74658203125,
    "epoch11": 74.8309425147804,
    "epoch12": 73.41189822635135,
    "epoch13": 71.15611143369932,
    "epoch14": 70.7438766891892,
    "epoch15": 68.656494140625,
    "epoch16": 66.99237885346284,
    "epoch17": 65.46838708826013,
    "epoch18": 63.0817211254223,
    "epoch19": 62.760154930320944,
    "epoch20": 62.46336570945946,
    "epoch21": 61.79983108108108,
    "epoch22": 61.7883960620777,
    "epoch23": 61.72375158361486,
    "epoch24": 61.048115498310814,
    "epoch25": 60.8270362647804,
    "epoch26": 60.1785789695946,
    "epoch27": 60.60900548986486,
    "epoch28": 60.26698426942568,
    "epoch29": 60.341697899070944,
    "epoch30": 60.325485641891895
}