{
    "epoch1": 167.526640625,
    "epoch2": 114.82001953125,
    "epoch3": 90.2053125,
    "epoch4": 79.5791845703125,
    "epoch5": 75.961669921875,
    "epoch6": 74.95986328125,
    "epoch7": 73.9594921875,
    "epoch8": 72.891064453125,
    "epoch9": 71.6391015625,
    "epoch10": 70.2042138671875,
    "epoch11": 68.7230712890625,
    "epoch12": 67.139443359375,
    "epoch13": 65.13361328125,
    "epoch14": 62.86822265625,
    "epoch15": 61.4244091796875,
    "epoch16": 59.7764990234375,
    "epoch17": 59.632861328125,
    "epoch18": 58.8937353515625,
    "epoch19": 58.5093896484375,
    "epoch20": 58.2470361328125,
    "epoch21": 58.1179296875,
    "epoch22": 57.8037255859375,
    "epoch23": 57.6176123046875,
    "epoch24": 57.50865234375,
    "epoch25": 57.397177734375,
    "epoch26": 57.1010546875,
    "epoch27": 56.9670166015625,
    "epoch28": 56.705068359375,
    "epoch29": 56.40298828125,
    "epoch30": 55.9189794921875
}