{
    "epoch0": {
        "layer1": {
            "max_length": 2.012702703475952,
            "mean_length": 1.426938989547768,
            "median_length": 1.4386169910430908,
            "stdev_length": 0.24103262958201277,
            "sum_length": 141.26695996522903,
            "ratio_2_1": 2.460859344950198,
            "ratio_3_1": 2.347161640251225,
            "h": 4.58048772136028,
            "normh": 0.9252292921465541,
            "snr": Infinity,
            "mean_birth": 0.0,
            "stdev_birth": 0.0,
            "mean_death": 1.426938989547768,
            "stdev_death": 0.24103262958201277
        },
        "layer2": {
            "max_length": 0.742242157459259,
            "mean_length": 0.5443107305151044,
            "median_length": 0.5438287854194641,
            "stdev_length": 0.08303788821571696,
            "sum_length": 53.88676232099533,
            "ratio_2_1": 2.408967017193346,
            "ratio_3_1": 2.297491871288737,
            "h": 4.5831914191265275,
            "normh": 1.1495670406127119,
            "snr": Infinity,
            "mean_birth": 0.0,
            "stdev_birth": 0.0,
            "mean_death": 0.5443107305151044,
            "stdev_death": 0.08303788821571696
        },
        "layer3": {
            "max_length": 0.28367969393730164,
            "mean_length": 0.2061541789408886,
            "median_length": 0.2063756287097931,
            "stdev_length": 0.031291565880501665,
            "sum_length": 20.409263715147972,
            "ratio_2_1": 2.240785938947658,
            "ratio_3_1": 2.1281149405482527,
            "h": 4.583265756364965,
            "normh": 1.5196560418860416,
            "snr": Infinity,
            "mean_birth": 0.0,
            "stdev_birth": 0.0,
            "mean_death": 0.2061541789408886,
            "stdev_death": 0.031291565880501665
        },
        "layer4": {
            "max_length": 0.004460575059056282,
            "mean_length": 0.0004105438111406384,
            "median_length": 0.0001994837075471878,
            "stdev_length": 0.0006217051806978913,
            "sum_length": 0.0406438373029232,
            "ratio_2_1": 358072.0,
            "ratio_3_1": 271624.0,
            "h": 3.901527748410348,
            "normh": -1.2181204322255075,
            "snr": Infinity,
            "mean_birth": 0.0,
            "stdev_birth": 0.0,
            "mean_death": 0.0004105438111406384,
            "stdev_death": 0.0006217051806978913
        }
    }
}