{
    "epoch1": 137.89890625,
    "epoch2": 128.6428515625,
    "epoch3": 121.2479609375,
    "epoch4": 115.7604453125,
    "epoch5": 111.67115625,
    "epoch6": 108.962875,
    "epoch7": 107.1075234375,
    "epoch8": 105.9727109375,
    "epoch9": 104.8701328125,
    "epoch10": 103.932109375,
    "epoch11": 103.2038828125,
    "epoch12": 102.7065390625,
    "epoch13": 101.7696640625,
    "epoch14": 101.628921875,
    "epoch15": 100.6771640625,
    "epoch16": 100.3425390625,
    "epoch17": 99.9109375,
    "epoch18": 99.5343359375,
    "epoch19": 99.0975234375,
    "epoch20": 98.5985859375,
    "epoch21": 98.3380703125,
    "epoch22": 97.804890625,
    "epoch23": 97.6653125,
    "epoch24": 97.3463046875,
    "epoch25": 96.9245625,
    "epoch26": 96.84825,
    "epoch27": 96.4230078125,
    "epoch28": 96.028046875,
    "epoch29": 95.734484375,
    "epoch30": 95.59190625
}