{
    "epoch1": 0.03616179060190916,
    "epoch2": 0.02893934175372124,
    "epoch3": 0.02266039503738284,
    "epoch4": 0.017699589673429727,
    "epoch5": 0.014241238497197628,
    "epoch6": 0.012074943911284209,
    "epoch7": 0.010790659673511982,
    "epoch8": 0.010255801817402243,
    "epoch9": 0.009818803565576673,
    "epoch10": 0.00950256404466927,
    "epoch11": 0.009329532878473401,
    "epoch12": 0.009090736601501703,
    "epoch13": 0.008873720513656735,
    "epoch14": 0.008764116326346993,
    "epoch15": 0.008618136262521147,
    "epoch16": 0.008374620787799358,
    "epoch17": 0.008252279320731758,
    "epoch18": 0.00823100763373077,
    "epoch19": 0.008097053691744804,
    "epoch20": 0.00798658882267773,
    "epoch21": 0.007872142409905792,
    "epoch22": 0.007825843943282961,
    "epoch23": 0.007773551298305393,
    "epoch24": 0.0076640052255243065,
    "epoch25": 0.007633858965709806,
    "epoch26": 0.007556293299421668,
    "epoch27": 0.007798337610438466,
    "epoch28": 0.007621502410620451,
    "epoch29": 0.007595645356923341,
    "epoch30": 0.007459489814937115,
    "epoch31": 0.007515478413552046,
    "epoch32": 0.007404967537149787,
    "epoch33": 0.007453687721863389,
    "epoch34": 0.0073448433075100185,
    "epoch35": 0.007433417486026883,
    "epoch36": 0.007583161722868681,
    "epoch37": 0.0072682746686041355,
    "epoch38": 0.0073047753423452376,
    "epoch39": 0.007372362865135073,
    "epoch40": 0.007316429214552045,
    "epoch41": 0.00726699591614306,
    "epoch42": 0.0072387838270515205,
    "epoch43": 0.007192798610776663,
    "epoch44": 0.007821736996993423,
    "epoch45": 0.007184252142906189,
    "epoch46": 0.007225128775462508,
    "epoch47": 0.00717089343816042,
    "epoch48": 0.007269360637292266,
    "epoch49": 0.007123564323410392,
    "epoch50": 0.00721366754733026,
    "epoch51": 0.0071735814679414036,
    "epoch52": 0.0072113584727048876,
    "epoch53": 0.00730398828163743,
    "epoch54": 0.007194848591461777,
    "epoch55": 0.0071650039404630664,
    "epoch56": 0.00741058005951345,
    "epoch57": 0.007072912901639939,
    "epoch58": 0.007101097889244556,
    "epoch59": 0.007099126232787967,
    "epoch60": 0.007078670803457499,
    "epoch61": 0.007086241757497192,
    "epoch62": 0.007076926855370402,
    "epoch63": 0.007116222055628896,
    "epoch64": 0.0070442607626318935,
    "epoch65": 0.007044754596427083,
    "epoch66": 0.007121869130060077,
    "epoch67": 0.007200903492048383,
    "epoch68": 0.007113241357728839,
    "epoch69": 0.007240251265466213,
    "epoch70": 0.007057383842766285,
    "epoch71": 0.007037156959995627,
    "epoch72": 0.007060332084074616,
    "epoch73": 0.007059561740607023,
    "epoch74": 0.0070170804392546415,
    "epoch75": 0.007087865797802806,
    "epoch76": 0.0070330888032913205,
    "epoch77": 0.007005272293463349,
    "epoch78": 0.007008637208491564,
    "epoch79": 0.007007026439532637,
    "epoch80": 0.007289295410737395,
    "epoch81": 0.007240111753344536,
    "epoch82": 0.007077778829261661,
    "epoch83": 0.00698805614374578,
    "epoch84": 0.007291155867278576,
    "epoch85": 0.007146359793841839,
    "epoch86": 0.007001036638393998,
    "epoch87": 0.007178153982385993,
    "epoch88": 0.007194172358140349,
    "epoch89": 0.0071159939281642435,
    "epoch90": 0.00707608899101615,
    "epoch91": 0.006982208183035255,
    "epoch92": 0.0070088736712932585,
    "epoch93": 0.007002611737698316,
    "epoch94": 0.006932942662388086,
    "epoch95": 0.007044778810814023,
    "epoch96": 0.006996128894388676,
    "epoch97": 0.007016792194917798,
    "epoch98": 0.007105593476444483,
    "epoch99": 0.0070312268566340205,
    "epoch100": 0.007208608603104949
}