{
    "epoch1": 62.96727873149671,
    "epoch2": 50.56889584189967,
    "epoch3": 44.393037494860195,
    "epoch4": 40.23282663445724,
    "epoch5": 36.95045551500822,
    "epoch6": 33.45516164679276,
    "epoch7": 31.089609246504935,
    "epoch8": 29.52628687808388,
    "epoch9": 28.710404245476973,
    "epoch10": 28.09730288856908,
    "epoch11": 27.244908383018092,
    "epoch12": 26.82429905941612,
    "epoch13": 26.40867855674342,
    "epoch14": 25.881770083778783,
    "epoch15": 25.312814812911185,
    "epoch16": 25.0074752004523,
    "epoch17": 24.440426475123356,
    "epoch18": 24.088144402754935,
    "epoch19": 24.062267102693255,
    "epoch20": 23.8135986328125,
    "epoch21": 23.652915553042764,
    "epoch22": 23.27303113435444,
    "epoch23": 23.35722592002467,
    "epoch24": 23.147497879831416,
    "epoch25": 22.964493600945723,
    "epoch26": 22.754574424342106,
    "epoch27": 22.633116069592926,
    "epoch28": 23.092490748355264,
    "epoch29": 22.574771278782894,
    "epoch30": 22.61884348016036,
    "epoch31": 22.46847212942023,
    "epoch32": 22.36912777549342,
    "epoch33": 22.502415707236842,
    "epoch34": 22.198369076377467,
    "epoch35": 22.386391087582236,
    "epoch36": 22.273949874074834,
    "epoch37": 23.05836245888158,
    "epoch38": 21.95640804893092,
    "epoch39": 21.82842214483964,
    "epoch40": 22.434024208470394,
    "epoch41": 22.329315185546875,
    "epoch42": 22.10235595703125,
    "epoch43": 22.14579210783306,
    "epoch44": 23.134646767064144,
    "epoch45": 22.07246961091694,
    "epoch46": 21.533872905530426,
    "epoch47": 21.65785618832237,
    "epoch48": 22.389849211040296,
    "epoch49": 21.970961721319902,
    "epoch50": 21.815993459601152,
    "epoch51": 21.55979517886513,
    "epoch52": 21.601300691303454,
    "epoch53": 22.019911916632402,
    "epoch54": 21.79492990594161,
    "epoch55": 21.388880679481908,
    "epoch56": 21.236867804276315,
    "epoch57": 21.206065930818255,
    "epoch58": 21.222728528474505,
    "epoch59": 21.15897570158306,
    "epoch60": 21.208166825143916,
    "epoch61": 21.38460982473273,
    "epoch62": 21.367706298828125,
    "epoch63": 20.894547311883223,
    "epoch64": 21.19479048879523,
    "epoch65": 21.108727706106084,
    "epoch66": 20.93313919870477,
    "epoch67": 20.963987651624176,
    "epoch68": 21.01384694952714,
    "epoch69": 21.002785130550986,
    "epoch70": 21.33316200657895,
    "epoch71": 20.926621286492598,
    "epoch72": 20.820995130037005,
    "epoch73": 20.825291683799342,
    "epoch74": 20.69120226408306,
    "epoch75": 20.86574193050987,
    "epoch76": 21.067215768914473,
    "epoch77": 20.7095658151727,
    "epoch78": 21.03267468904194,
    "epoch79": 20.794422350431745,
    "epoch80": 21.007965087890625,
    "epoch81": 20.711716501336348,
    "epoch82": 21.135665090460527,
    "epoch83": 20.6440140573602,
    "epoch84": 20.552607486122533,
    "epoch85": 21.03029271175987,
    "epoch86": 20.58112375359786,
    "epoch87": 20.653660824424342,
    "epoch88": 21.231197959498356,
    "epoch89": 20.891225714432565,
    "epoch90": 20.752153898540296,
    "epoch91": 20.841245952405426,
    "epoch92": 20.454951236122533,
    "epoch93": 20.484888980263158,
    "epoch94": 20.46009585731908,
    "epoch95": 20.52889050935444,
    "epoch96": 20.643484015213815,
    "epoch97": 20.68795455129523,
    "epoch98": 20.82152677837171,
    "epoch99": 20.621572394120065,
    "epoch100": 20.284462376644736
}