{
    "epoch1": 90.77053031394009,
    "epoch2": 68.87388392857143,
    "epoch3": 58.376629104262676,
    "epoch4": 54.06261250720046,
    "epoch5": 50.76669156826037,
    "epoch6": 48.23290340581797,
    "epoch7": 45.46033896169355,
    "epoch8": 42.60452818980415,
    "epoch9": 39.846405169930875,
    "epoch10": 37.39243411578341,
    "epoch11": 34.89574182747696,
    "epoch12": 32.90576846918203,
    "epoch13": 31.112612957229263,
    "epoch14": 29.85400390625,
    "epoch15": 28.718245967741936,
    "epoch16": 27.88560042842742,
    "epoch17": 27.039811797955068,
    "epoch18": 26.383892569124423,
    "epoch19": 25.73495103686636,
    "epoch20": 25.085453719038018,
    "epoch21": 24.676076018865206,
    "epoch22": 24.025386124711982,
    "epoch23": 23.476238479262673,
    "epoch24": 23.076756912442395,
    "epoch25": 22.467379662298388,
    "epoch26": 22.264520179291473,
    "epoch27": 21.64354793706797,
    "epoch28": 21.2721436671947,
    "epoch29": 20.863258748559907,
    "epoch30": 20.65615999423963
}