{
    "epoch0": {
        "layer1": {
            "max_length": 13.904208183288574,
            "mean_length": 8.456344431096857,
            "median_length": 8.404862403869629,
            "stdev_length": 1.7340657799159902,
            "sum_length": 837.1780986785889,
            "ratio_2_1": 2.7960356186936624,
            "ratio_3_1": 2.46767258846816,
            "h": 4.574273158769931,
            "normh": 0.6796802564825446,
            "snr": Infinity,
            "mean_birth": 0.0,
            "stdev_birth": 0.0,
            "mean_death": 8.456344431096857,
            "stdev_death": 1.7340657799159902
        },
        "layer2": {
            "max_length": 8.308433532714844,
            "mean_length": 4.778660502096619,
            "median_length": 4.748214244842529,
            "stdev_length": 1.122021586759857,
            "sum_length": 473.0873897075653,
            "ratio_2_1": 2.9869571465336433,
            "ratio_3_1": 2.9477010644019424,
            "h": 4.56804336586623,
            "normh": 0.7416521527146913,
            "snr": Infinity,
            "mean_birth": 0.0,
            "stdev_birth": 0.0,
            "mean_death": 4.778660502096619,
            "stdev_death": 1.122021586759857
        },
        "layer3": {
            "max_length": 4.677948474884033,
            "mean_length": 2.6463407542970447,
            "median_length": 2.6147053241729736,
            "stdev_length": 0.5856064975772978,
            "sum_length": 261.9877346754074,
            "ratio_2_1": 2.7540702253005227,
            "ratio_3_1": 2.6732119218063204,
            "h": 4.5713543231531615,
            "normh": 0.8209608355953839,
            "snr": Infinity,
            "mean_birth": 0.0,
            "stdev_birth": 0.0,
            "mean_death": 2.6463407542970447,
            "stdev_death": 0.5856064975772978
        },
        "layer4": {
            "max_length": 2.4789655208587646,
            "mean_length": 1.507047003567821,
            "median_length": 1.4542697668075562,
            "stdev_length": 0.2974889214698038,
            "sum_length": 149.19765335321426,
            "ratio_2_1": 2.4262140227897095,
            "ratio_3_1": 2.3065783539889666,
            "h": 4.57630903900102,
            "normh": 0.9142977796362455,
            "snr": Infinity,
            "mean_birth": 0.0,
            "stdev_birth": 0.0,
            "mean_death": 1.507047003567821,
            "stdev_death": 0.2974889214698038
        },
        "layer5": {
            "max_length": 0.11080267280340195,
            "mean_length": 0.058401713561680585,
            "median_length": 0.055258430540561676,
            "stdev_length": 0.015739026751497548,
            "sum_length": 5.781769642606378,
            "ratio_2_1": 3.8870779044812966,
            "ratio_3_1": 3.715327522107344,
            "h": 4.56033576266703,
            "normh": 2.598911658508205,
            "snr": Infinity,
            "mean_birth": 0.0,
            "stdev_birth": 0.0,
            "mean_death": 0.058401713561680585,
            "stdev_death": 0.015739026751497548
        }
    }
}