{
    "epoch1": 0.03136224066838622,
    "epoch2": 0.02561966935172677,
    "epoch3": 0.021632824869205553,
    "epoch4": 0.018129192758351564,
    "epoch5": 0.015142759308218956,
    "epoch6": 0.012553196400403976,
    "epoch7": 0.010519320494495332,
    "epoch8": 0.00900358873574684,
    "epoch9": 0.007906161171073714,
    "epoch10": 0.007024572424901028,
    "epoch11": 0.006324238027445972,
    "epoch12": 0.005590395031807323,
    "epoch13": 0.005014079875157525,
    "epoch14": 0.0044845549467330175,
    "epoch15": 0.004023792493777971,
    "epoch16": 0.003693177345364044,
    "epoch17": 0.0032394569910441837,
    "epoch18": 0.0029287992510944605,
    "epoch19": 0.0026292316033504903,
    "epoch20": 0.0023503437308439365,
    "epoch21": 0.0021406842958337315,
    "epoch22": 0.001909164721534277,
    "epoch23": 0.0016970692959148437,
    "epoch24": 0.0015208813128992915,
    "epoch25": 0.0013731816531314205,
    "epoch26": 0.0012392774030255775,
    "epoch27": 0.0011535651719896123,
    "epoch28": 0.0010155132040381432,
    "epoch29": 0.0009313242238325378,
    "epoch30": 0.000849752463788415
}