{
    "epoch1": 5716.8475,
    "epoch2": 5183.051875,
    "epoch3": 4985.3303125,
    "epoch4": 4760.983125,
    "epoch5": 4467.5215625,
    "epoch6": 4205.7015625,
    "epoch7": 4024.179375,
    "epoch8": 3906.53875,
    "epoch9": 3840.11,
    "epoch10": 3778.65125,
    "epoch11": 3712.266875,
    "epoch12": 3631.2253125,
    "epoch13": 3511.26625,
    "epoch14": 3432.42,
    "epoch15": 3362.9990625,
    "epoch16": 3324.960625,
    "epoch17": 3253.15125,
    "epoch18": 3173.53875,
    "epoch19": 3087.7721875,
    "epoch20": 3005.945,
    "epoch21": 2934.4209375,
    "epoch22": 2852.489375,
    "epoch23": 2767.3759375,
    "epoch24": 2709.6284375,
    "epoch25": 2644.3428125,
    "epoch26": 2590.6053125,
    "epoch27": 2530.33640625,
    "epoch28": 2475.7725,
    "epoch29": 2408.80359375,
    "epoch30": 2342.80265625
}