{
    "epoch1": 0.7858796247857809,
    "epoch2": 0.9065018134951591,
    "epoch3": 0.9302740030121803,
    "epoch4": 0.9450196215224266,
    "epoch5": 0.9544616212272644,
    "epoch6": 0.960903335134983,
    "epoch7": 0.9665457158708572,
    "epoch8": 0.9706832394659519,
    "epoch9": 0.9722667631864548,
    "epoch10": 0.9747456202101707,
    "epoch11": 0.9783734294342995,
    "epoch12": 0.9805220961117744,
    "epoch13": 0.9827280008268356,
    "epoch14": 0.9845026673960686,
    "epoch15": 0.9858126673555374,
    "epoch16": 0.9874359054327011,
    "epoch17": 0.9879720005321503,
    "epoch18": 0.989565905213356,
    "epoch19": 0.9907666671299934,
    "epoch20": 0.9910005718755722,
    "epoch21": 0.9922573337173461,
    "epoch22": 0.9928866670441627,
    "epoch23": 0.9928694288825989,
    "epoch24": 0.9936251431846619,
    "epoch25": 0.9942525716972351,
    "epoch26": 0.9945687621641159,
    "epoch27": 0.9946899050474167,
    "epoch28": 0.9946533335590363,
    "epoch29": 0.9954192383003235,
    "epoch30": 0.9958293335580826,
    "epoch31": 0.9957933335494995,
    "epoch32": 0.996149333562851,
    "epoch33": 0.9963912382555008,
    "epoch34": 0.9964653335189819,
    "epoch35": 0.9969813334751129,
    "epoch36": 0.9971152382135391,
    "epoch37": 0.9966813335371018,
    "epoch38": 0.9972306668043137,
    "epoch39": 0.9973287620306015,
    "epoch40": 0.9978506667757034,
    "epoch41": 0.9973780953788758,
    "epoch42": 0.9975600001335144,
    "epoch43": 0.9979900953722,
    "epoch44": 0.997812000117302,
    "epoch45": 0.9976365715551376,
    "epoch46": 0.9976840000915528,
    "epoch47": 0.9978506667852401,
    "epoch48": 0.9981440001106262,
    "epoch49": 0.9982026667261124,
    "epoch50": 0.9982093334531784
}