{
    "epoch1": 0.9040661307977738,
    "epoch2": 0.9282144025869081,
    "epoch3": 0.9445537450703687,
    "epoch4": 0.9541826635713541,
    "epoch5": 0.9598568475406596,
    "epoch6": 0.9623440515228516,
    "epoch7": 0.9669745695167677,
    "epoch8": 0.9677743136081952,
    "epoch9": 0.9721329185589719,
    "epoch10": 0.9727927073407311,
    "epoch11": 0.9730846140240524,
    "epoch12": 0.9754318628681827,
    "epoch13": 0.975871722122758,
    "epoch14": 0.9752319268095745,
    "epoch15": 0.9775111973571686,
    "epoch16": 0.9779030719839908,
    "epoch17": 0.9795105575428357,
    "epoch18": 0.9792626367420701,
    "epoch19": 0.9794225856633195,
    "epoch20": 0.9793825983543543,
    "epoch21": 0.9798144602615407,
    "epoch22": 0.9792546393660804,
    "epoch23": 0.9803502887430209,
    "epoch24": 0.9813099815840913,
    "epoch25": 0.9805902119961901,
    "epoch26": 0.9807101734654688,
    "epoch27": 0.9817258486248939,
    "epoch28": 0.9807981453163839,
    "epoch29": 0.9818777999413448,
    "epoch30": 0.9789187469718095,
    "epoch31": 0.9804302631893451,
    "epoch32": 0.980830135106354,
    "epoch33": 0.980102368142463,
    "epoch34": 0.9807421633126411,
    "epoch35": 0.9815179150758916,
    "epoch36": 0.9804702502981029,
    "epoch37": 0.9810380686267552,
    "epoch38": 0.9809181069858701,
    "epoch39": 0.9814619329577444,
    "epoch40": 0.9799184270074409,
    "epoch41": 0.980822137673162,
    "epoch42": 0.9814299431963754,
    "epoch43": 0.9813579663262486,
    "epoch44": 0.9815579022990536,
    "epoch45": 0.9798704422938846,
    "epoch46": 0.9822136923928179,
    "epoch47": 0.9813499688072534,
    "epoch48": 0.9811820225100142,
    "epoch49": 0.9819097896169106,
    "epoch50": 0.9815099176426996
}