{
    "epoch1": 0.0003225687755038962,
    "epoch2": 0.0001727069945191033,
    "epoch3": 8.78548692271579e-05,
    "epoch4": 4.779697884805501e-05,
    "epoch5": 3.405458694214758e-05,
    "epoch6": 3.085972916596802e-05,
    "epoch7": 3.00689306222921e-05,
    "epoch8": 2.9523859246182836e-05,
    "epoch9": 2.896333482749469e-05,
    "epoch10": 2.8430963820937903e-05,
    "epoch11": 2.793691049919289e-05,
    "epoch12": 2.747905020532926e-05,
    "epoch13": 2.7087832851975692e-05,
    "epoch14": 2.6735998148978978e-05,
    "epoch15": 2.6448918580172177e-05,
    "epoch16": 2.6208163731553215e-05,
    "epoch17": 2.601012469312991e-05,
    "epoch18": 2.5847768270068628e-05,
    "epoch19": 2.5711336401855077e-05,
    "epoch20": 2.5601789885968175e-05,
    "epoch21": 2.5511715444736183e-05,
    "epoch22": 2.5432851179630234e-05,
    "epoch23": 2.5371954670845298e-05,
    "epoch24": 2.5308473285804213e-05,
    "epoch25": 2.5262927487347042e-05,
    "epoch26": 2.5219523465921156e-05,
    "epoch27": 2.5182715498431208e-05,
    "epoch28": 2.5147793018504672e-05,
    "epoch29": 2.511378861186131e-05,
    "epoch30": 2.5087720488500054e-05
}