{
    "epoch1": 200.0,
    "epoch2": 200.0,
    "epoch3": 199.488265625,
    "epoch4": 187.023625,
    "epoch5": 164.491828125,
    "epoch6": 151.465796875,
    "epoch7": 146.690734375,
    "epoch8": 144.0375,
    "epoch9": 142.593390625,
    "epoch10": 140.969859375,
    "epoch11": 137.8156875,
    "epoch12": 135.63965625,
    "epoch13": 131.78103125,
    "epoch14": 131.332265625,
    "epoch15": 128.1138046875,
    "epoch16": 125.242765625,
    "epoch17": 124.062953125,
    "epoch18": 121.579546875,
    "epoch19": 120.1286328125,
    "epoch20": 118.6962421875,
    "epoch21": 117.15346875,
    "epoch22": 115.4007421875,
    "epoch23": 114.895625,
    "epoch24": 112.850203125,
    "epoch25": 112.53525,
    "epoch26": 110.6235546875,
    "epoch27": 109.8900078125,
    "epoch28": 109.917171875,
    "epoch29": 108.903828125,
    "epoch30": 107.1958046875
}