{
    "epoch1": 200.0,
    "epoch2": 200.0,
    "epoch3": 199.891390625,
    "epoch4": 194.95609375,
    "epoch5": 176.73590625,
    "epoch6": 159.165328125,
    "epoch7": 149.991828125,
    "epoch8": 146.214015625,
    "epoch9": 143.5989375,
    "epoch10": 141.63496875,
    "epoch11": 139.673421875,
    "epoch12": 137.541375,
    "epoch13": 135.441203125,
    "epoch14": 132.299875,
    "epoch15": 130.439921875,
    "epoch16": 128.000203125,
    "epoch17": 126.1680234375,
    "epoch18": 124.008984375,
    "epoch19": 122.1687109375,
    "epoch20": 120.945890625,
    "epoch21": 119.1411484375,
    "epoch22": 117.8767578125,
    "epoch23": 116.898875,
    "epoch24": 115.6479375,
    "epoch25": 113.9898359375,
    "epoch26": 113.3272265625,
    "epoch27": 112.2385625,
    "epoch28": 111.1408828125,
    "epoch29": 110.4498828125,
    "epoch30": 109.9433984375
}