{
    "epoch1": 0.024658147751799097,
    "epoch2": 0.01330554865948532,
    "epoch3": 0.008026050251868108,
    "epoch4": 0.0055620959079217,
    "epoch5": 0.004033844890174172,
    "epoch6": 0.0029994049565056744,
    "epoch7": 0.0021951848301915047,
    "epoch8": 0.0015989050582942107,
    "epoch9": 0.0011442418934008026,
    "epoch10": 0.0008412394090555608,
    "epoch11": 0.0006432878808877633,
    "epoch12": 0.0005222417233238483,
    "epoch13": 0.00044127637975970686,
    "epoch14": 0.00037718286393615216,
    "epoch15": 0.00033174012945813087,
    "epoch16": 0.00030036946807977864,
    "epoch17": 0.0002678360485689431,
    "epoch18": 0.0002465566546522061,
    "epoch19": 0.00022435716480527924,
    "epoch20": 0.0002076320659240161,
    "epoch21": 0.00019300016894071038,
    "epoch22": 0.00018062611390790983,
    "epoch23": 0.00017246291131216466,
    "epoch24": 0.00016089153296374917,
    "epoch25": 0.00015061393842979274,
    "epoch26": 0.00014128295325739916,
    "epoch27": 0.00015666751563042888,
    "epoch28": 0.00012772586800881823,
    "epoch29": 0.00012334249708067586,
    "epoch30": 0.00011623047999898478
}