{
    "epoch1": 77.60753863790761,
    "epoch2": 63.09508215862772,
    "epoch3": 55.96549656080163,
    "epoch4": 52.68790336277174,
    "epoch5": 47.96206797724185,
    "epoch6": 45.542055876358695,
    "epoch7": 42.00985585088315,
    "epoch8": 39.52678116508152,
    "epoch9": 37.41014563519022,
    "epoch10": 35.66011644446331,
    "epoch11": 33.51741359544837,
    "epoch12": 31.51880944293478,
    "epoch13": 29.35916801120924,
    "epoch14": 28.218935759171195,
    "epoch15": 28.440986965013586,
    "epoch16": 26.29180377462636,
    "epoch17": 26.250302522078805,
    "epoch18": 25.301033351732336,
    "epoch19": 25.163980235224184,
    "epoch20": 24.20497993800951,
    "epoch21": 24.099405039911684,
    "epoch22": 22.952450959578805,
    "epoch23": 22.47091011379076,
    "epoch24": 22.002433445142664,
    "epoch25": 22.290078868036684,
    "epoch26": 21.35490218452785,
    "epoch27": 21.494514797044836,
    "epoch28": 20.35829892365829,
    "epoch29": 20.804484491762906,
    "epoch30": 19.813736625339676
}