{
    "epoch1": 3197.842529296875,
    "epoch2": 2742.548828125,
    "epoch3": 2770.1484375,
    "epoch4": 2733.384033203125,
    "epoch5": 2637.120849609375,
    "epoch6": 2573.49462890625,
    "epoch7": 2530.42724609375,
    "epoch8": 2495.2197265625,
    "epoch9": 2448.316650390625,
    "epoch10": 2409.04296875,
    "epoch11": 2353.789306640625,
    "epoch12": 2337.75634765625,
    "epoch13": 2292.2939453125,
    "epoch14": 2240.442138671875,
    "epoch15": 2216.234619140625,
    "epoch16": 2147.673583984375,
    "epoch17": 2138.44580078125,
    "epoch18": 2087.26708984375,
    "epoch19": 2065.14208984375,
    "epoch20": 2036.1058349609375,
    "epoch21": 2022.3380126953125,
    "epoch22": 1977.848876953125,
    "epoch23": 1982.2161865234375,
    "epoch24": 1947.7005615234375,
    "epoch25": 1949.36328125,
    "epoch26": 1941.8406982421875,
    "epoch27": 1927.82275390625,
    "epoch28": 1897.4871826171875,
    "epoch29": 1928.0345458984375,
    "epoch30": 1871.1063232421875,
    "epoch31": 1901.9515380859375,
    "epoch32": 1872.698486328125,
    "epoch33": 1875.8577880859375,
    "epoch34": 1883.5689697265625,
    "epoch35": 1849.607421875,
    "epoch36": 1871.4942626953125,
    "epoch37": 1862.6380615234375,
    "epoch38": 1852.1617431640625,
    "epoch39": 1838.3050537109375,
    "epoch40": 1842.1630859375,
    "epoch41": 1840.3140869140625,
    "epoch42": 1856.232421875,
    "epoch43": 1818.43798828125,
    "epoch44": 1823.5946044921875,
    "epoch45": 1845.796142578125,
    "epoch46": 1822.2308349609375,
    "epoch47": 1833.1051025390625,
    "epoch48": 1806.6949462890625,
    "epoch49": 1832.186767578125,
    "epoch50": 1784.0440673828125,
    "epoch51": 1828.6153564453125,
    "epoch52": 1822.2989501953125,
    "epoch53": 1820.023681640625,
    "epoch54": 1813.054931640625,
    "epoch55": 1818.8372802734375,
    "epoch56": 1812.2962646484375,
    "epoch57": 1814.034912109375,
    "epoch58": 1793.03662109375,
    "epoch59": 1812.76416015625,
    "epoch60": 1799.3480224609375,
    "epoch61": 1816.5291748046875,
    "epoch62": 1790.802734375,
    "epoch63": 1795.9825439453125,
    "epoch64": 1791.174560546875,
    "epoch65": 1821.302978515625,
    "epoch66": 1779.70458984375,
    "epoch67": 1782.3443603515625,
    "epoch68": 1798.1595458984375,
    "epoch69": 1826.2855224609375,
    "epoch70": 1794.2099609375,
    "epoch71": 1807.2337646484375,
    "epoch72": 1809.976318359375,
    "epoch73": 1774.09423828125,
    "epoch74": 1791.232177734375,
    "epoch75": 1787.7454833984375,
    "epoch76": 1778.300537109375,
    "epoch77": 1751.975830078125,
    "epoch78": 1818.999755859375,
    "epoch79": 1746.5345458984375,
    "epoch80": 1803.3941650390625,
    "epoch81": 1766.2691650390625,
    "epoch82": 1782.940185546875,
    "epoch83": 1781.494384765625,
    "epoch84": 1759.1805419921875,
    "epoch85": 1792.06640625,
    "epoch86": 1763.4375,
    "epoch87": 1789.5806884765625,
    "epoch88": 1781.5386962890625,
    "epoch89": 1744.87060546875,
    "epoch90": 1764.38525390625,
    "epoch91": 1779.3973388671875,
    "epoch92": 1740.5084228515625,
    "epoch93": 1767.1683349609375,
    "epoch94": 1747.7381591796875,
    "epoch95": 1768.674560546875,
    "epoch96": 1733.700927734375,
    "epoch97": 1806.5086669921875,
    "epoch98": 1742.570556640625,
    "epoch99": 1758.6688232421875,
    "epoch100": 1773.8204345703125
}