{
    "epoch1": 0.4806000080108643,
    "epoch2": 0.6402000064849853,
    "epoch3": 0.758266674876213,
    "epoch4": 0.8166000058650971,
    "epoch5": 0.8176666730642319,
    "epoch6": 0.8411333386898041,
    "epoch7": 0.8458000051975251,
    "epoch8": 0.8490000052452087,
    "epoch9": 0.8675333375930786,
    "epoch10": 0.8724666721820832,
    "epoch11": 0.8791333372592927,
    "epoch12": 0.8835333375930786,
    "epoch13": 0.8935333380699158,
    "epoch14": 0.895000004529953,
    "epoch15": 0.8936666710376739,
    "epoch16": 0.8990000040531159,
    "epoch17": 0.9023333368301392,
    "epoch18": 0.890200003862381,
    "epoch19": 0.8976666703224182,
    "epoch20": 0.9020000047683716,
    "epoch21": 0.9043333375453949,
    "epoch22": 0.9170000035762786,
    "epoch23": 0.9083333368301392,
    "epoch24": 0.9160000042915344,
    "epoch25": 0.9123333370685578,
    "epoch26": 0.9096666705608368,
    "epoch27": 0.9163333370685577,
    "epoch28": 0.9196666700839996,
    "epoch29": 0.9222000031471252,
    "epoch30": 0.9290000035762787,
    "epoch31": 0.9220000042915344,
    "epoch32": 0.9286666705608367,
    "epoch33": 0.9232000041007996,
    "epoch34": 0.9232000036239624,
    "epoch35": 0.9160666697025299,
    "epoch36": 0.9275333359241485,
    "epoch37": 0.9298666706085205,
    "epoch38": 0.9208666698932648,
    "epoch39": 0.9342000029087066,
    "epoch40": 0.9290000040531159,
    "epoch41": 0.921400003194809,
    "epoch42": 0.9288666694164276,
    "epoch43": 0.9292000036239624,
    "epoch44": 0.9365333361625672,
    "epoch45": 0.9273333368301392,
    "epoch46": 0.9285333366394043,
    "epoch47": 0.9325333371162414,
    "epoch48": 0.9258666706085205,
    "epoch49": 0.9272000036239624,
    "epoch50": 0.9305333371162414
}