{
    "epoch0": {
        "layer1": {
            "max_length": 1.2034894227981567,
            "mean_length": 0.8838475171965782,
            "median_length": 0.8890275955200195,
            "stdev_length": 0.15356247726108452,
            "sum_length": 87.50090420246124,
            "ratio_2_1": 2.7274358886524013,
            "ratio_3_1": 2.7227468562200188,
            "h": 4.579497798086464,
            "normh": 1.0241183214446348,
            "snr": Infinity,
            "mean_birth": 0.0,
            "stdev_birth": 0.0,
            "mean_death": 0.8838475171965782,
            "stdev_death": 0.15356247726108452
        },
        "layer2": {
            "max_length": 0.4498113989830017,
            "mean_length": 0.3377936151292589,
            "median_length": 0.3365461826324463,
            "stdev_length": 0.052595330240462694,
            "sum_length": 33.44156789779663,
            "ratio_2_1": 2.39724519432697,
            "ratio_3_1": 2.380283358537105,
            "h": 4.582811567500634,
            "normh": 1.3057188424262838,
            "snr": Infinity,
            "mean_birth": 0.0,
            "stdev_birth": 0.0,
            "mean_death": 0.3377936151292589,
            "stdev_death": 0.052595330240462694
        },
        "layer3": {
            "max_length": 0.1692630499601364,
            "mean_length": 0.12654985773442973,
            "median_length": 0.12553533911705017,
            "stdev_length": 0.019495807295587662,
            "sum_length": 12.528435915708542,
            "ratio_2_1": 2.56378000032853,
            "ratio_3_1": 2.509780966660417,
            "h": 4.583078466384646,
            "normh": 1.8129259387608587,
            "snr": Infinity,
            "mean_birth": 0.0,
            "stdev_birth": 0.0,
            "mean_death": 0.12654985773442973,
            "stdev_death": 0.019495807295587662
        },
        "layer4": {
            "max_length": 0.003675466403365135,
            "mean_length": 0.0004286014220931313,
            "median_length": 0.0002612359821796417,
            "stdev_length": 0.0005843737722924026,
            "sum_length": 0.04243154078722,
            "ratio_2_1": 983.5858919056077,
            "ratio_3_1": 485.4453184470946,
            "h": 4.0138879949595765,
            "normh": -1.2702726685430423,
            "snr": Infinity,
            "mean_birth": 0.0,
            "stdev_birth": 0.0,
            "mean_death": 0.0004286014220931313,
            "stdev_death": 0.0005843737722924026
        }
    }
}