{
    "epoch1": 0.05307481090227763,
    "epoch2": 0.033330817520618436,
    "epoch3": 0.027347314233581225,
    "epoch4": 0.02276081175853809,
    "epoch5": 0.01876182562361161,
    "epoch6": 0.015531889473398527,
    "epoch7": 0.013220825201521317,
    "epoch8": 0.011358955595642328,
    "epoch9": 0.010276782357444366,
    "epoch10": 0.008760937365392844,
    "epoch11": 0.007737409028535088,
    "epoch12": 0.006857916479930282,
    "epoch13": 0.00601333137601614,
    "epoch14": 0.005358723814909657,
    "epoch15": 0.004741970278943578,
    "epoch16": 0.004234770080074668,
    "epoch17": 0.0037772518582642077,
    "epoch18": 0.00336957136169076,
    "epoch19": 0.003054173127748072,
    "epoch20": 0.0027061068064843613,
    "epoch21": 0.002431078728598853,
    "epoch22": 0.0021843843705331286,
    "epoch23": 0.0019881467102095484,
    "epoch24": 0.0017865107433559994,
    "epoch25": 0.0016182710998691619,
    "epoch26": 0.0014784015404681365,
    "epoch27": 0.0013503528394115468,
    "epoch28": 0.0012913052497121194,
    "epoch29": 0.0011663591217560072,
    "epoch30": 0.0010682570398785173
}