{
    "epoch1": 9428.939516129032,
    "epoch2": 5442.845766129032,
    "epoch3": 5082.727318548387,
    "epoch4": 4828.946572580645,
    "epoch5": 4512.283770161291,
    "epoch6": 4239.017137096775,
    "epoch7": 4141.929939516129,
    "epoch8": 4048.3180443548385,
    "epoch9": 3940.795866935484,
    "epoch10": 3809.3477822580644,
    "epoch11": 3717.336945564516,
    "epoch12": 3592.1953125,
    "epoch13": 3426.9478326612902,
    "epoch14": 3311.5919858870966,
    "epoch15": 3221.9513608870966,
    "epoch16": 3125.435483870968,
    "epoch17": 3056.0877016129034,
    "epoch18": 2989.146925403226,
    "epoch19": 2887.6575100806454,
    "epoch20": 2830.5806451612902,
    "epoch21": 2751.3949092741937,
    "epoch22": 2687.7222782258063,
    "epoch23": 2613.0504032258063,
    "epoch24": 2552.1131552419356,
    "epoch25": 2488.8576108870966,
    "epoch26": 2430.6388608870966,
    "epoch27": 2387.4763104838707,
    "epoch28": 2323.3356854838707,
    "epoch29": 2300.8377016129034,
    "epoch30": 2264.547379032258
}