{
    "epoch1": 83.34882269965277,
    "epoch2": 78.40970865885417,
    "epoch3": 71.09682210286458,
    "epoch4": 66.01426866319444,
    "epoch5": 66.72819010416667,
    "epoch6": 62.539286295572914,
    "epoch7": 60.73687744140625,
    "epoch8": 61.36683485243056,
    "epoch9": 60.213134765625,
    "epoch10": 58.594570583767364,
    "epoch11": 56.974263509114586,
    "epoch12": 55.03990342881944,
    "epoch13": 54.756069607204864,
    "epoch14": 52.63087293836806,
    "epoch15": 51.846272786458336,
    "epoch16": 49.073092990451386,
    "epoch17": 48.09418402777778,
    "epoch18": 46.054443359375,
    "epoch19": 43.614217122395836,
    "epoch20": 41.954867892795136,
    "epoch21": 43.095550537109375,
    "epoch22": 40.26238674587674,
    "epoch23": 40.076904296875,
    "epoch24": 38.529334174262154,
    "epoch25": 38.22967529296875,
    "epoch26": 36.81964111328125,
    "epoch27": 37.94542439778646,
    "epoch28": 35.730807834201386,
    "epoch29": 34.49107869466146,
    "epoch30": 34.950602213541664
}