{
    "epoch1": 106.54641971072635,
    "epoch2": 78.58234137457771,
    "epoch3": 72.03030642947635,
    "epoch4": 64.8675438133446,
    "epoch5": 61.149757179054056,
    "epoch6": 60.68860193201014,
    "epoch7": 58.432801942567565,
    "epoch8": 57.07733979096284,
    "epoch9": 56.258630701013516,
    "epoch10": 55.22983200485642,
    "epoch11": 54.079487568623314,
    "epoch12": 52.90632918074324,
    "epoch13": 50.9231056007179,
    "epoch14": 50.143373231630065,
    "epoch15": 48.98307511613176,
    "epoch16": 47.077032965582774,
    "epoch17": 45.65361724028716,
    "epoch18": 44.24382720122466,
    "epoch19": 42.77536093222128,
    "epoch20": 41.30540342588682,
    "epoch21": 40.08126913534628,
    "epoch22": 38.464579814189186,
    "epoch23": 36.91139344911318,
    "epoch24": 36.0501148120777,
    "epoch25": 35.44143594277872,
    "epoch26": 34.612024255701016,
    "epoch27": 33.62129500105574,
    "epoch28": 32.74440126161318,
    "epoch29": 31.9421947582348,
    "epoch30": 31.00473434860642
}