{
    "epoch1": 0.05585742990175883,
    "epoch2": 0.04997201139728228,
    "epoch3": 0.04537704773247242,
    "epoch4": 0.04180984819928805,
    "epoch5": 0.03927192464470863,
    "epoch6": 0.03747281307975451,
    "epoch7": 0.03607460235555967,
    "epoch8": 0.03492327220737934,
    "epoch9": 0.03384394198656082,
    "epoch10": 0.03274634790917238,
    "epoch11": 0.03165805836518606,
    "epoch12": 0.030520564566055935,
    "epoch13": 0.029436626161138218,
    "epoch14": 0.028331490233540535,
    "epoch15": 0.02722699319322904,
    "epoch16": 0.026182736580570538,
    "epoch17": 0.0251933466643095,
    "epoch18": 0.024305129423737526,
    "epoch19": 0.02339199185371399,
    "epoch20": 0.022503718733787537,
    "epoch21": 0.021748739294707775,
    "epoch22": 0.020927773788571358,
    "epoch23": 0.020158729205528896,
    "epoch24": 0.019463174665967625,
    "epoch25": 0.018858130710820358,
    "epoch26": 0.01821357353279988,
    "epoch27": 0.017665513791143894,
    "epoch28": 0.01715989938626687,
    "epoch29": 0.01671627163887024,
    "epoch30": 0.01629222898433606
}