{
    "epoch1": 53.19618918678977,
    "epoch2": 50.02702747691762,
    "epoch3": 46.95582164417613,
    "epoch4": 43.9364540793679,
    "epoch5": 40.96802590110085,
    "epoch6": 37.30508700284091,
    "epoch7": 35.16190407492898,
    "epoch8": 34.59499012340199,
    "epoch9": 34.14183460582387,
    "epoch10": 33.15130892666903,
    "epoch11": 32.989660089666195,
    "epoch12": 32.63691850142045,
    "epoch13": 32.7974159934304,
    "epoch14": 32.29032204367898,
    "epoch15": 32.07487903941762,
    "epoch16": 32.621002197265625,
    "epoch17": 31.581709428267047,
    "epoch18": 32.2430947043679,
    "epoch19": 31.4262168190696,
    "epoch20": 31.17776211825284,
    "epoch21": 31.060191761363637,
    "epoch22": 32.02672784978693,
    "epoch23": 30.827903053977273,
    "epoch24": 30.755801114169035,
    "epoch25": 31.11343661221591,
    "epoch26": 30.49337491122159,
    "epoch27": 30.922429865056817,
    "epoch28": 30.52297696200284,
    "epoch29": 30.448375355113637,
    "epoch30": 30.192324551669035,
    "epoch31": 30.952858664772727,
    "epoch32": 30.79024713689631,
    "epoch33": 30.996953790838067,
    "epoch34": 30.147344415838067,
    "epoch35": 30.589433149857953,
    "epoch36": 29.96673583984375,
    "epoch37": 30.03546142578125,
    "epoch38": 29.914811567826703,
    "epoch39": 29.932794744318183,
    "epoch40": 30.631852583451703,
    "epoch41": 29.91452581232244,
    "epoch42": 29.782492897727273,
    "epoch43": 29.688670765269887,
    "epoch44": 29.763816139914773,
    "epoch45": 29.697776100852273,
    "epoch46": 29.4707558371804,
    "epoch47": 29.804387872869317,
    "epoch48": 29.423600630326703,
    "epoch49": 29.199812455610797,
    "epoch50": 29.202348188920453,
    "epoch51": 29.153459028764203,
    "epoch52": 29.958196466619317,
    "epoch53": 29.538502086292613,
    "epoch54": 28.88733742453835,
    "epoch55": 28.76626309481534,
    "epoch56": 28.88717096502131,
    "epoch57": 29.254044966264203,
    "epoch58": 29.237781871448863,
    "epoch59": 28.929926091974433,
    "epoch60": 28.531272194602273,
    "epoch61": 29.02989890358665,
    "epoch62": 28.488275701349433,
    "epoch63": 28.90920743075284,
    "epoch64": 28.585931951349433,
    "epoch65": 28.346779563210227,
    "epoch66": 28.54661698774858,
    "epoch67": 28.267223011363637,
    "epoch68": 28.18798828125,
    "epoch69": 28.797943115234375,
    "epoch70": 28.15293468128551,
    "epoch71": 27.935544100674715,
    "epoch72": 28.122908158735797,
    "epoch73": 27.842085404829547,
    "epoch74": 29.15933504971591,
    "epoch75": 27.64390147816051,
    "epoch76": 27.639149058948863,
    "epoch77": 27.775515469637785,
    "epoch78": 27.601434881036933,
    "epoch79": 27.87059159712358,
    "epoch80": 27.412031693892047,
    "epoch81": 27.655706232244317,
    "epoch82": 27.974484530362215,
    "epoch83": 27.27255526455966,
    "epoch84": 27.34670465642756,
    "epoch85": 27.222950328480113,
    "epoch86": 27.64511663263494,
    "epoch87": 28.56973544034091,
    "epoch88": 27.111297607421875,
    "epoch89": 27.41079157049006,
    "epoch90": 27.787819602272727,
    "epoch91": 27.2358925559304,
    "epoch92": 27.666265314275567,
    "epoch93": 28.29844804243608,
    "epoch94": 27.006336558948863,
    "epoch95": 26.64534967595881,
    "epoch96": 27.196483265269887,
    "epoch97": 27.432733709161933,
    "epoch98": 27.08144031871449,
    "epoch99": 26.826360529119317,
    "epoch100": 26.68620439009233
}