{
    "epoch1": 83.41980374243951,
    "epoch2": 80.57083228326613,
    "epoch3": 77.59022177419355,
    "epoch4": 73.43297946068549,
    "epoch5": 68.69872259324596,
    "epoch6": 63.058574061239916,
    "epoch7": 59.50672174269153,
    "epoch8": 57.17143003402218,
    "epoch9": 56.14871314264113,
    "epoch10": 55.04121251260081,
    "epoch11": 54.37932365171371,
    "epoch12": 53.33045614919355,
    "epoch13": 51.887301537298384,
    "epoch14": 50.681093277469756,
    "epoch15": 49.980197045110884,
    "epoch16": 48.481173607610884,
    "epoch17": 47.15141050277218,
    "epoch18": 45.96996676537298,
    "epoch19": 44.855941280241936,
    "epoch20": 43.849991336945564,
    "epoch21": 43.31749306955645,
    "epoch22": 42.08483099168347,
    "epoch23": 41.54114163306452,
    "epoch24": 40.85779989919355,
    "epoch25": 39.947360131048384,
    "epoch26": 38.791326707409276,
    "epoch27": 37.91906344506048,
    "epoch28": 36.83540196572581,
    "epoch29": 36.01285676033266,
    "epoch30": 34.89722467237903
}