{
    "epoch1": 0.043002878626187645,
    "epoch2": 0.02788946231206258,
    "epoch3": 0.023195362960298855,
    "epoch4": 0.019042682461440565,
    "epoch5": 0.015334972304602464,
    "epoch6": 0.012667219402889411,
    "epoch7": 0.010685676832993825,
    "epoch8": 0.00927041716252764,
    "epoch9": 0.008232903356353441,
    "epoch10": 0.00735315273826321,
    "epoch11": 0.006619605763504902,
    "epoch12": 0.006013619527220726,
    "epoch13": 0.005517780144388477,
    "epoch14": 0.005017832589025299,
    "epoch15": 0.0046553701938440405,
    "epoch16": 0.004228080064058304,
    "epoch17": 0.0038905777813245854,
    "epoch18": 0.0035679299384355546,
    "epoch19": 0.003286337472187976,
    "epoch20": 0.0030203630759691198,
    "epoch21": 0.0027781909642120204,
    "epoch22": 0.0025424840394407512,
    "epoch23": 0.0023394934833049774,
    "epoch24": 0.0021509470650926234,
    "epoch25": 0.0019330591894686222,
    "epoch26": 0.001765535989155372,
    "epoch27": 0.0016093980831404528,
    "epoch28": 0.0014823131922942897,
    "epoch29": 0.001365827606059611,
    "epoch30": 0.0012356336694210768
}