{
    "epoch1": 0.888161657444002,
    "epoch2": 0.9139464995463451,
    "epoch3": 0.9251849659649856,
    "epoch4": 0.9397570511396588,
    "epoch5": 0.9476854651004308,
    "epoch6": 0.9533743271944977,
    "epoch7": 0.9563887240862374,
    "epoch8": 0.9570635891132321,
    "epoch9": 0.9619726070259313,
    "epoch10": 0.9624975021899498,
    "epoch11": 0.9669466120937876,
    "epoch12": 0.9655868841204446,
    "epoch13": 0.967056590136326,
    "epoch14": 0.9677864442203455,
    "epoch15": 0.9706858641813813,
    "epoch16": 0.9705508910901688,
    "epoch17": 0.9712707471833232,
    "epoch18": 0.9713657281680528,
    "epoch19": 0.9728704272949846,
    "epoch20": 0.973815238218359,
    "epoch21": 0.9720955821090497,
    "epoch22": 0.9732553501578242,
    "epoch23": 0.9734053201995786,
    "epoch24": 0.9741351742120867,
    "epoch25": 0.9744951022050304,
    "epoch26": 0.9722555502131804,
    "epoch27": 0.9730953821967159,
    "epoch28": 0.9740951821771151,
    "epoch29": 0.97364527223063,
    "epoch30": 0.9732453520954477,
    "epoch31": 0.9750549902655653,
    "epoch32": 0.9762047601446965,
    "epoch33": 0.9751149782465115,
    "epoch34": 0.9725804852023407,
    "epoch35": 0.9746450721752736,
    "epoch36": 0.9728554301299088,
    "epoch37": 0.9737952420936062,
    "epoch38": 0.9750299951811358,
    "epoch39": 0.975204960092786,
    "epoch40": 0.9733053401121495,
    "epoch41": 0.9759748061760214,
    "epoch42": 0.9753949221337563,
    "epoch43": 0.97566486824467,
    "epoch44": 0.9746050802118134,
    "epoch45": 0.9757848441708067,
    "epoch46": 0.9764047198904869,
    "epoch47": 0.9762347541530474,
    "epoch48": 0.975144972183351,
    "epoch49": 0.975824836134267,
    "epoch50": 0.9744201171305198
}