{
    "epoch1": 166.3675625,
    "epoch2": 132.467671875,
    "epoch3": 127.85596875,
    "epoch4": 126.989875,
    "epoch5": 124.4211875,
    "epoch6": 121.93078125,
    "epoch7": 119.14790625,
    "epoch8": 119.621109375,
    "epoch9": 116.5019609375,
    "epoch10": 114.471828125,
    "epoch11": 113.5643671875,
    "epoch12": 110.7411875,
    "epoch13": 110.440765625,
    "epoch14": 110.2372578125,
    "epoch15": 110.201765625,
    "epoch16": 108.1029296875,
    "epoch17": 108.1536171875,
    "epoch18": 105.619734375,
    "epoch19": 105.6393828125,
    "epoch20": 105.231453125,
    "epoch21": 105.051484375,
    "epoch22": 104.400578125,
    "epoch23": 104.263375,
    "epoch24": 103.0174921875,
    "epoch25": 103.4845390625,
    "epoch26": 103.4159296875,
    "epoch27": 102.745484375,
    "epoch28": 102.36159375,
    "epoch29": 101.816453125,
    "epoch30": 101.32265625
}