{
    "epoch1": 46.303148542131694,
    "epoch2": 38.943062918526785,
    "epoch3": 35.693045479910715,
    "epoch4": 31.740339006696427,
    "epoch5": 29.359534127371653,
    "epoch6": 27.771207536969865,
    "epoch7": 26.914764404296875,
    "epoch8": 26.57189723423549,
    "epoch9": 26.88059343610491,
    "epoch10": 25.897426060267858,
    "epoch11": 26.623927525111608,
    "epoch12": 25.22591073172433,
    "epoch13": 25.620069231305802,
    "epoch14": 24.75058855329241,
    "epoch15": 25.074151175362722,
    "epoch16": 25.510609218052455,
    "epoch17": 24.241646902901785,
    "epoch18": 24.19392830984933,
    "epoch19": 24.371669224330358,
    "epoch20": 24.457312447684153,
    "epoch21": 24.784092494419642,
    "epoch22": 25.043263026646205,
    "epoch23": 23.66017804827009,
    "epoch24": 23.62056623186384,
    "epoch25": 24.27209690638951,
    "epoch26": 24.902908325195312,
    "epoch27": 23.498014177594865,
    "epoch28": 23.671112060546875,
    "epoch29": 24.00040762765067,
    "epoch30": 23.595727103097097,
    "epoch31": 23.703678676060267,
    "epoch32": 24.411810738699778,
    "epoch33": 23.42751203264509,
    "epoch34": 23.65022713797433,
    "epoch35": 23.761795043945312,
    "epoch36": 23.361498151506698,
    "epoch37": 23.516795567103795,
    "epoch38": 23.645220075334823,
    "epoch39": 24.012028285435267,
    "epoch40": 23.381807599748885,
    "epoch41": 23.44679914202009,
    "epoch42": 23.342838832310267,
    "epoch43": 23.435760498046875,
    "epoch44": 23.320277622767858,
    "epoch45": 23.088385445731028,
    "epoch46": 23.538323538643972,
    "epoch47": 23.58217293875558,
    "epoch48": 24.424573625837052,
    "epoch49": 23.487378801618302,
    "epoch50": 23.090972900390625,
    "epoch51": 23.186453683035715,
    "epoch52": 23.274629865373885,
    "epoch53": 23.031487601143972,
    "epoch54": 23.226446969168528,
    "epoch55": 23.02640860421317,
    "epoch56": 23.230111258370535,
    "epoch57": 22.95407976422991,
    "epoch58": 23.936266217912948,
    "epoch59": 23.224866594587052,
    "epoch60": 23.210178920200892,
    "epoch61": 22.996667044503347,
    "epoch62": 23.822727748325892,
    "epoch63": 23.238135201590403,
    "epoch64": 22.727887834821427,
    "epoch65": 23.490668160574778,
    "epoch66": 23.252811976841517,
    "epoch67": 22.785799298967635,
    "epoch68": 23.406895228794642,
    "epoch69": 22.79705592564174,
    "epoch70": 23.54787336077009,
    "epoch71": 23.449962071010045,
    "epoch72": 23.134863717215403,
    "epoch73": 23.038094656808035,
    "epoch74": 23.054068429129465,
    "epoch75": 22.80682591029576,
    "epoch76": 23.681828090122767,
    "epoch77": 24.225102015904017,
    "epoch78": 23.86244637625558,
    "epoch79": 22.59462629045759,
    "epoch80": 22.710906982421875,
    "epoch81": 23.033758980887278,
    "epoch82": 23.501776559012278,
    "epoch83": 23.057094029017858,
    "epoch84": 22.880048479352677,
    "epoch85": 22.862128121512278,
    "epoch86": 23.115474155970983,
    "epoch87": 22.71307591029576,
    "epoch88": 22.86197989327567,
    "epoch89": 25.293858119419642,
    "epoch90": 24.045933314732142,
    "epoch91": 22.837271554129465,
    "epoch92": 22.558744158063615,
    "epoch93": 23.591807774135045,
    "epoch94": 22.627044677734375,
    "epoch95": 22.399396623883927,
    "epoch96": 22.57851300920759,
    "epoch97": 22.653660365513392,
    "epoch98": 22.825921194893972,
    "epoch99": 23.40010506766183,
    "epoch100": 22.67977033342634
}