{
    "epoch1": 0.0005287593987304718,
    "epoch2": 0.0004854649293702096,
    "epoch3": 0.00044502580654807387,
    "epoch4": 0.00040699240285903217,
    "epoch5": 0.00037131720688194037,
    "epoch6": 0.00033781574689783155,
    "epoch7": 0.0003065427590627223,
    "epoch8": 0.00027716354583390057,
    "epoch9": 0.0002497766981832683,
    "epoch10": 0.0002243233477929607,
    "epoch11": 0.00020045589364599435,
    "epoch12": 0.0001787821849575266,
    "epoch13": 0.00015859730367083103,
    "epoch14": 0.00013999871676787735,
    "epoch15": 0.00012317498069023714,
    "epoch16": 0.00010784907382912934,
    "epoch17": 9.41374190733768e-05,
    "epoch18": 8.176670118700713e-05,
    "epoch19": 7.080977651639842e-05,
    "epoch20": 6.111108319601044e-05,
    "epoch21": 5.257865690509789e-05,
    "epoch22": 4.534758598310873e-05,
    "epoch23": 3.912539192242548e-05,
    "epoch24": 3.370710874150973e-05,
    "epoch25": 2.933399569883477e-05,
    "epoch26": 2.5724966217239853e-05,
    "epoch27": 2.2690955411235336e-05,
    "epoch28": 2.024220102612162e-05,
    "epoch29": 1.831550554925343e-05,
    "epoch30": 1.683226182649378e-05
}