{
    "epoch1": 183.61166015625,
    "epoch2": 183.01125,
    "epoch3": 182.3934765625,
    "epoch4": 181.727578125,
    "epoch5": 181.01408203125,
    "epoch6": 180.28162109375,
    "epoch7": 179.4828125,
    "epoch8": 178.63916015625,
    "epoch9": 177.71146484375,
    "epoch10": 176.76001953125,
    "epoch11": 175.67720703125,
    "epoch12": 174.52412109375,
    "epoch13": 173.28775390625,
    "epoch14": 171.93185546875,
    "epoch15": 170.44892578125,
    "epoch16": 168.82130859375,
    "epoch17": 167.087734375,
    "epoch18": 165.1687109375,
    "epoch19": 163.084521484375,
    "epoch20": 160.745263671875,
    "epoch21": 158.189736328125,
    "epoch22": 155.4193359375,
    "epoch23": 152.496142578125,
    "epoch24": 149.0594921875,
    "epoch25": 145.543759765625,
    "epoch26": 141.9506640625,
    "epoch27": 138.16783203125,
    "epoch28": 134.9312890625,
    "epoch29": 131.62732421875,
    "epoch30": 129.272138671875
}