{
    "epoch1": 183.45275390625,
    "epoch2": 182.846171875,
    "epoch3": 182.22630859375,
    "epoch4": 181.56916015625,
    "epoch5": 180.86859375,
    "epoch6": 180.117734375,
    "epoch7": 179.3147265625,
    "epoch8": 178.44564453125,
    "epoch9": 177.50748046875,
    "epoch10": 176.4915625,
    "epoch11": 175.3765234375,
    "epoch12": 174.18533203125,
    "epoch13": 172.8712890625,
    "epoch14": 171.423046875,
    "epoch15": 169.84623046875,
    "epoch16": 168.16951171875,
    "epoch17": 166.353515625,
    "epoch18": 164.32619140625,
    "epoch19": 162.07763671875,
    "epoch20": 159.5930078125,
    "epoch21": 156.821396484375,
    "epoch22": 153.79513671875,
    "epoch23": 150.34001953125,
    "epoch24": 146.514853515625,
    "epoch25": 142.82779296875,
    "epoch26": 139.750595703125,
    "epoch27": 135.597978515625,
    "epoch28": 130.89337890625,
    "epoch29": 126.4796875,
    "epoch30": 124.514228515625
}