{
    "epoch1": 3200.0,
    "epoch2": 3200.0,
    "epoch3": 3120.59825,
    "epoch4": 2490.01125,
    "epoch5": 2267.65625,
    "epoch6": 2206.46775,
    "epoch7": 2137.005,
    "epoch8": 2077.578125,
    "epoch9": 2012.47275,
    "epoch10": 1944.425375,
    "epoch11": 1915.293625,
    "epoch12": 1904.02675,
    "epoch13": 1861.26625,
    "epoch14": 1828.36225,
    "epoch15": 1802.029,
    "epoch16": 1783.385625,
    "epoch17": 1773.880125,
    "epoch18": 1767.085875,
    "epoch19": 1750.543375,
    "epoch20": 1752.143125,
    "epoch21": 1734.651375,
    "epoch22": 1717.309625,
    "epoch23": 1716.424375,
    "epoch24": 1709.348875,
    "epoch25": 1694.925625,
    "epoch26": 1707.797125,
    "epoch27": 1694.15775,
    "epoch28": 1686.848875,
    "epoch29": 1665.411125,
    "epoch30": 1668.391625
}