{
    "epoch0": {
        "layer1": {
            "max_length": 0.9500805139541626,
            "mean_length": 0.5971664109013297,
            "median_length": 0.6149725914001465,
            "stdev_length": 0.11979132774575184,
            "sum_length": 59.119474679231644,
            "ratio_2_1": 2.7651319778940437,
            "ratio_3_1": 2.693664357402224,
            "h": 4.574612274249323,
            "normh": 1.1213493209755243,
            "snr": Infinity,
            "mean_birth": 0.0,
            "stdev_birth": 0.0,
            "mean_death": 0.5971664109013297,
            "stdev_death": 0.11979132774575184
        },
        "layer2": {
            "max_length": 0.4030226171016693,
            "mean_length": 0.24046679458232842,
            "median_length": 0.23721639811992645,
            "stdev_length": 0.0510241523079566,
            "sum_length": 23.806212663650513,
            "ratio_2_1": 3.0683282492359254,
            "ratio_3_1": 2.9124176863558273,
            "h": 4.572503010020524,
            "normh": 1.4424542781524237,
            "snr": Infinity,
            "mean_birth": 0.0,
            "stdev_birth": 0.0,
            "mean_death": 0.24046679458232842,
            "stdev_death": 0.0510241523079566
        },
        "layer3": {
            "max_length": 0.12818951904773712,
            "mean_length": 0.0834718050830292,
            "median_length": 0.08200681954622269,
            "stdev_length": 0.016603208250870964,
            "sum_length": 8.26370870321989,
            "ratio_2_1": 2.6943835939886154,
            "ratio_3_1": 2.6850162331428247,
            "h": 4.575123056637491,
            "normh": 2.166381222623885,
            "snr": Infinity,
            "mean_birth": 0.0,
            "stdev_birth": 0.0,
            "mean_death": 0.0834718050830292,
            "stdev_death": 0.016603208250870964
        },
        "layer4": {
            "max_length": 0.00165461003780365,
            "mean_length": 0.00038957776445330995,
            "median_length": 0.0002531185746192932,
            "stdev_length": 0.00038725526317310996,
            "sum_length": 0.038568198680877686,
            "ratio_2_1": 614.3690476190476,
            "ratio_3_1": 554.8809523809524,
            "h": 4.156233945246138,
            "normh": -1.2767484423397075,
            "snr": Infinity,
            "mean_birth": 0.0,
            "stdev_birth": 0.0,
            "mean_death": 0.00038957776445330995,
            "stdev_death": 0.00038725526317310996
        }
    }
}