{
    "epoch1": 0.06542842959364255,
    "epoch2": 0.04938714247610834,
    "epoch3": 0.04492286054624452,
    "epoch4": 0.04119398113754061,
    "epoch5": 0.036978168620003596,
    "epoch6": 0.03328294576042228,
    "epoch7": 0.029669659315711923,
    "epoch8": 0.026992870287762746,
    "epoch9": 0.025102142865459125,
    "epoch10": 0.02399335542900695,
    "epoch11": 0.023517046744624775,
    "epoch12": 0.023249913834863238,
    "epoch13": 0.023011531370381515,
    "epoch14": 0.022787303456829652,
    "epoch15": 0.022534252144396305,
    "epoch16": 0.022417633069886103,
    "epoch17": 0.022184215382569365,
    "epoch18": 0.021939353086054325,
    "epoch19": 0.021709005658825237,
    "epoch20": 0.02186024985793564,
    "epoch21": 0.021723444366620645,
    "epoch22": 0.021275435367392168,
    "epoch23": 0.021104295117159683,
    "epoch24": 0.020920880656275485,
    "epoch25": 0.020747022185888555,
    "epoch26": 0.020603201248579554,
    "epoch27": 0.020573460807402928,
    "epoch28": 0.020440033430026636,
    "epoch29": 0.020395375995172396,
    "epoch30": 0.020367080863151286,
    "epoch31": 0.020038539233307045,
    "epoch32": 0.01990267675783899,
    "epoch33": 0.019983524560100503,
    "epoch34": 0.019775028961400192,
    "epoch35": 0.020540760933525033,
    "epoch36": 0.01968195517030027,
    "epoch37": 0.019694191196726427,
    "epoch38": 0.01939233175168435,
    "epoch39": 0.01993389582882325,
    "epoch40": 0.019396273833182123,
    "epoch41": 0.019242677009767957,
    "epoch42": 0.019129473922981158,
    "epoch43": 0.019182494324114587,
    "epoch44": 0.019083266870843038,
    "epoch45": 0.019200936063296266,
    "epoch46": 0.018907101928359933,
    "epoch47": 0.0188253466039896,
    "epoch48": 0.01906219745675723,
    "epoch49": 0.01875938754528761,
    "epoch50": 0.018638187191552587,
    "epoch51": 0.018663240907092888,
    "epoch52": 0.018516442738473415,
    "epoch53": 0.018540161351362865,
    "epoch54": 0.018745818692776892,
    "epoch55": 0.018307738316555817,
    "epoch56": 0.01867327673567666,
    "epoch57": 0.01859872177657154,
    "epoch58": 0.01835540206068092,
    "epoch59": 0.018304307634631794,
    "epoch60": 0.01865910076432758,
    "epoch61": 0.018152127145893045,
    "epoch62": 0.01827136158115334,
    "epoch63": 0.01805504783987999,
    "epoch64": 0.01803833329015308,
    "epoch65": 0.018622496268815465,
    "epoch66": 0.018277941168182425,
    "epoch67": 0.017828387001322374,
    "epoch68": 0.017795791021651693,
    "epoch69": 0.017835137537784047,
    "epoch70": 0.018030499935977988,
    "epoch71": 0.017977548349234793,
    "epoch72": 0.017886462828351393,
    "epoch73": 0.017601060163643625,
    "epoch74": 0.017588325155278046,
    "epoch75": 0.017767781702180702,
    "epoch76": 0.017504926460484665,
    "epoch77": 0.01752437785681751,
    "epoch78": 0.017994670404328242,
    "epoch79": 0.017540279879338212,
    "epoch80": 0.017645194609132078,
    "epoch81": 0.017730650698973074,
    "epoch82": 0.01762227238052421,
    "epoch83": 0.017375192501478724,
    "epoch84": 0.017438229380382433,
    "epoch85": 0.01747092076887687,
    "epoch86": 0.017236170669396717,
    "epoch87": 0.01783626578334305,
    "epoch88": 0.01720182618333234,
    "epoch89": 0.017768721303178206,
    "epoch90": 0.01712057211746772,
    "epoch91": 0.017224405374791887,
    "epoch92": 0.018255778691834874,
    "epoch93": 0.017112754388815828,
    "epoch94": 0.01719043745348851,
    "epoch95": 0.01701677694088883,
    "epoch96": 0.01712692104693916,
    "epoch97": 0.017559382133185863,
    "epoch98": 0.01748194048802058,
    "epoch99": 0.017063314612540934,
    "epoch100": 0.017121035398708448
}