{
    "epoch1": 113.09264766808712,
    "epoch2": 49.959635416666664,
    "epoch3": 48.68646795099432,
    "epoch4": 47.038411458333336,
    "epoch5": 44.40816983309659,
    "epoch6": 42.12374600497159,
    "epoch7": 40.25943270596591,
    "epoch8": 36.99904563210227,
    "epoch9": 34.68236194957387,
    "epoch10": 33.12509987571023,
    "epoch11": 31.337332060842805,
    "epoch12": 30.656993519176137,
    "epoch13": 30.53284061316288,
    "epoch14": 30.266736579663824,
    "epoch15": 30.114796031605113,
    "epoch16": 30.06490996389678,
    "epoch17": 29.921384869199812,
    "epoch18": 29.82315710819129,
    "epoch19": 29.537510727391098,
    "epoch20": 29.374374852035984,
    "epoch21": 29.494436553030305,
    "epoch22": 29.118840997869317,
    "epoch23": 28.99383175011837,
    "epoch24": 28.995485247987688,
    "epoch25": 28.954920913233902,
    "epoch26": 28.715045350970644,
    "epoch27": 28.62636681758996,
    "epoch28": 28.41305819424716,
    "epoch29": 28.59344852331913,
    "epoch30": 28.571954900568183,
    "epoch31": 28.362805915601324,
    "epoch32": 28.061815666429926,
    "epoch33": 28.19226444128788,
    "epoch34": 28.088371508049242,
    "epoch35": 28.495892149029356,
    "epoch36": 28.29204952355587,
    "epoch37": 28.16180789831913,
    "epoch38": 28.004220673532195,
    "epoch39": 28.01507198449337,
    "epoch40": 27.974724047111742,
    "epoch41": 27.913614908854168,
    "epoch42": 27.751866196141098,
    "epoch43": 27.805112896543562,
    "epoch44": 27.752728086529356,
    "epoch45": 27.786939216382574,
    "epoch46": 27.61505126953125,
    "epoch47": 27.453530051491477,
    "epoch48": 27.488789876302082,
    "epoch49": 27.517986875591856,
    "epoch50": 27.430671460700758,
    "epoch51": 27.374498771898676,
    "epoch52": 27.594806093158144,
    "epoch53": 27.304511792732008,
    "epoch54": 27.400827118844695,
    "epoch55": 27.453681714607008,
    "epoch56": 27.185258345170453,
    "epoch57": 27.319802024147727,
    "epoch58": 27.259922836766098,
    "epoch59": 26.860334916548297,
    "epoch60": 27.028767903645832,
    "epoch61": 27.005853826349433,
    "epoch62": 27.020820386482008,
    "epoch63": 26.76910030480587,
    "epoch64": 26.81552771366004,
    "epoch65": 26.916768391927082,
    "epoch66": 27.039683948863637,
    "epoch67": 26.710896809895832,
    "epoch68": 26.57822302616004,
    "epoch69": 26.557543205492426,
    "epoch70": 26.576395670572918,
    "epoch71": 26.315131909919508,
    "epoch72": 26.359332460345644,
    "epoch73": 26.308233087713067,
    "epoch74": 26.611180160984848,
    "epoch75": 26.77886962890625,
    "epoch76": 26.133835301254734,
    "epoch77": 26.296334931344695,
    "epoch78": 26.551824396306817,
    "epoch79": 26.293961958451703,
    "epoch80": 26.10897549715909,
    "epoch81": 26.02771366003788,
    "epoch82": 25.938474712949812,
    "epoch83": 26.054502544981062,
    "epoch84": 26.013681122750945,
    "epoch85": 26.046098188920453,
    "epoch86": 25.724278305516098,
    "epoch87": 25.797772031841856,
    "epoch88": 25.806562943892047,
    "epoch89": 26.007207697088067,
    "epoch90": 25.758811257102273,
    "epoch91": 25.55367949514678,
    "epoch92": 25.683046283143938,
    "epoch93": 25.820723100142047,
    "epoch94": 25.668529163707387,
    "epoch95": 25.97637569543087,
    "epoch96": 25.499519116950758,
    "epoch97": 25.355694395123106,
    "epoch98": 25.222234552556817,
    "epoch99": 25.47354033499053,
    "epoch100": 25.511998032078598
}