{
    "epoch1": 50.96229722764757,
    "epoch2": 47.636623806423614,
    "epoch3": 45.237881130642364,
    "epoch4": 43.70648871527778,
    "epoch5": 41.38140530056424,
    "epoch6": 40.0545654296875,
    "epoch7": 37.32762315538194,
    "epoch8": 36.18370564778646,
    "epoch9": 34.534701877170136,
    "epoch10": 33.15526326497396,
    "epoch11": 32.83600531684028,
    "epoch12": 32.44804212782118,
    "epoch13": 31.575849745008682,
    "epoch14": 31.509911431206596,
    "epoch15": 31.18301052517361,
    "epoch16": 31.489156087239582,
    "epoch17": 31.308854844835068,
    "epoch18": 30.505862765842014,
    "epoch19": 30.211476643880207,
    "epoch20": 31.53115505642361,
    "epoch21": 31.261732313368057,
    "epoch22": 29.890248616536457,
    "epoch23": 30.255693223741318,
    "epoch24": 29.867838541666668,
    "epoch25": 30.003760443793404,
    "epoch26": 29.47719997829861,
    "epoch27": 30.158179389105904,
    "epoch28": 29.855784098307293,
    "epoch29": 30.112877739800346,
    "epoch30": 29.048648410373264,
    "epoch31": 29.500257703993057,
    "epoch32": 29.449510362413193,
    "epoch33": 29.870198567708332,
    "epoch34": 29.111985948350693,
    "epoch35": 30.986799452039932,
    "epoch36": 28.77313232421875,
    "epoch37": 29.838056776258682,
    "epoch38": 29.065504286024307,
    "epoch39": 30.38127983940972,
    "epoch40": 29.36119927300347,
    "epoch41": 29.170006646050346,
    "epoch42": 29.021036783854168,
    "epoch43": 29.191864013671875,
    "epoch44": 29.15853542751736,
    "epoch45": 29.5406494140625,
    "epoch46": 28.958004421657986,
    "epoch47": 28.776540120442707,
    "epoch48": 29.393551296657986,
    "epoch49": 28.60846625434028,
    "epoch50": 28.784135606553818,
    "epoch51": 28.741119384765625,
    "epoch52": 28.597930908203125,
    "epoch53": 28.319807264539932,
    "epoch54": 29.274739583333332,
    "epoch55": 28.132548014322918,
    "epoch56": 28.00664605034722,
    "epoch57": 28.999267578125,
    "epoch58": 28.69864230685764,
    "epoch59": 28.722096761067707,
    "epoch60": 29.34726291232639,
    "epoch61": 27.968090481228298,
    "epoch62": 28.771260579427082,
    "epoch63": 28.484117296006943,
    "epoch64": 27.894378662109375,
    "epoch65": 29.43309868706597,
    "epoch66": 29.07994927300347,
    "epoch67": 28.203077528211807,
    "epoch68": 28.105004204644096,
    "epoch69": 27.896530151367188,
    "epoch70": 28.508568657769096,
    "epoch71": 28.557613796657986,
    "epoch72": 28.492184109157986,
    "epoch73": 27.80721876356337,
    "epoch74": 27.74029541015625,
    "epoch75": 28.32846408420139,
    "epoch76": 27.628426445855034,
    "epoch77": 27.581624348958332,
    "epoch78": 28.862531873914932,
    "epoch79": 27.73050096299913,
    "epoch80": 28.239105224609375,
    "epoch81": 28.438917371961807,
    "epoch82": 28.11514621310764,
    "epoch83": 27.460886637369793,
    "epoch84": 28.08086649576823,
    "epoch85": 27.865575154622395,
    "epoch86": 27.520056830512154,
    "epoch87": 28.520870632595486,
    "epoch88": 27.16469489203559,
    "epoch89": 28.62179226345486,
    "epoch90": 26.975628323025173,
    "epoch91": 27.54220750596788,
    "epoch92": 29.253468831380207,
    "epoch93": 27.64581298828125,
    "epoch94": 26.847766452365452,
    "epoch95": 26.72463141547309,
    "epoch96": 27.363113403320312,
    "epoch97": 28.176283094618057,
    "epoch98": 28.056291368272568,
    "epoch99": 27.502544826931423,
    "epoch100": 27.420542399088543
}