{
    "epoch1": 3317.17890625,
    "epoch2": 2857.3798828125,
    "epoch3": 2615.952734375,
    "epoch4": 2446.076171875,
    "epoch5": 2371.2306640625,
    "epoch6": 2184.3294921875,
    "epoch7": 2102.2279296875,
    "epoch8": 1949.2794921875,
    "epoch9": 1850.4455078125,
    "epoch10": 1771.0607421875,
    "epoch11": 1756.6259765625,
    "epoch12": 1688.720703125,
    "epoch13": 1613.93603515625,
    "epoch14": 1566.646484375,
    "epoch15": 1535.18369140625,
    "epoch16": 1537.6541015625,
    "epoch17": 1479.816015625,
    "epoch18": 1468.56513671875,
    "epoch19": 1457.0404296875,
    "epoch20": 1438.73720703125,
    "epoch21": 1415.3857421875,
    "epoch22": 1395.50419921875,
    "epoch23": 1485.91796875,
    "epoch24": 1400.764453125,
    "epoch25": 1420.38486328125,
    "epoch26": 1360.73330078125,
    "epoch27": 1362.58544921875,
    "epoch28": 1374.04169921875,
    "epoch29": 1350.719921875,
    "epoch30": 1361.213671875,
    "epoch31": 1381.66142578125,
    "epoch32": 1398.09248046875,
    "epoch33": 1357.07451171875,
    "epoch34": 1376.63251953125,
    "epoch35": 1371.38076171875,
    "epoch36": 1362.01953125,
    "epoch37": 1393.1181640625,
    "epoch38": 1349.9572265625,
    "epoch39": 1340.22822265625,
    "epoch40": 1345.32529296875,
    "epoch41": 1366.1466796875,
    "epoch42": 1335.86171875,
    "epoch43": 1370.290625,
    "epoch44": 1348.417578125,
    "epoch45": 1333.999609375,
    "epoch46": 1343.98515625,
    "epoch47": 1351.408984375,
    "epoch48": 1404.64775390625,
    "epoch49": 1319.49951171875,
    "epoch50": 1317.1431640625,
    "epoch51": 1394.7484375,
    "epoch52": 1495.80234375,
    "epoch53": 1327.57421875,
    "epoch54": 1318.028515625,
    "epoch55": 1320.39541015625,
    "epoch56": 1321.31669921875,
    "epoch57": 1311.54990234375,
    "epoch58": 1351.7904296875,
    "epoch59": 1332.0173828125,
    "epoch60": 1309.9708984375,
    "epoch61": 1318.285546875,
    "epoch62": 1308.9171875,
    "epoch63": 1315.34853515625,
    "epoch64": 1325.80146484375,
    "epoch65": 1337.32021484375,
    "epoch66": 1348.163671875,
    "epoch67": 1385.20849609375,
    "epoch68": 1306.424609375,
    "epoch69": 1352.78642578125,
    "epoch70": 1325.63203125,
    "epoch71": 1384.48203125,
    "epoch72": 1302.9037109375,
    "epoch73": 1314.53095703125,
    "epoch74": 1338.779296875,
    "epoch75": 1403.1349609375,
    "epoch76": 1359.08359375,
    "epoch77": 1316.65888671875,
    "epoch78": 1314.492578125,
    "epoch79": 1328.28857421875,
    "epoch80": 1294.86357421875,
    "epoch81": 1301.16494140625,
    "epoch82": 1303.81875,
    "epoch83": 1310.389453125,
    "epoch84": 1307.5095703125,
    "epoch85": 1295.473828125,
    "epoch86": 1373.55400390625,
    "epoch87": 1289.51845703125,
    "epoch88": 1354.3263671875,
    "epoch89": 1431.3408203125,
    "epoch90": 1336.8720703125,
    "epoch91": 1333.73291015625,
    "epoch92": 1313.6095703125,
    "epoch93": 1311.74443359375,
    "epoch94": 1312.98427734375,
    "epoch95": 1347.2263671875,
    "epoch96": 1303.3416015625,
    "epoch97": 1412.1765625,
    "epoch98": 1310.44150390625,
    "epoch99": 1280.60009765625,
    "epoch100": 1281.48076171875
}