{
    "epoch1": 4343.144325657895,
    "epoch2": 3276.0822368421054,
    "epoch3": 2929.356085526316,
    "epoch4": 2691.650082236842,
    "epoch5": 2517.4395559210525,
    "epoch6": 2370.4535361842104,
    "epoch7": 2195.638363486842,
    "epoch8": 2065.6909950657896,
    "epoch9": 1962.4825246710527,
    "epoch10": 1886.8480674342106,
    "epoch11": 1833.0779194078948,
    "epoch12": 1812.7680921052631,
    "epoch13": 1731.791324013158,
    "epoch14": 1702.174136513158,
    "epoch15": 1671.4740953947369,
    "epoch16": 1628.8711965460527,
    "epoch17": 1625.4077919407894,
    "epoch18": 1602.3884662828948,
    "epoch19": 1563.332853618421,
    "epoch20": 1553.698087993421,
    "epoch21": 1522.6971628289473,
    "epoch22": 1510.9820106907894,
    "epoch23": 1509.135074013158,
    "epoch24": 1508.3369654605262,
    "epoch25": 1486.1291118421052,
    "epoch26": 1491.3770559210527,
    "epoch27": 1497.5052425986842,
    "epoch28": 1474.020662006579,
    "epoch29": 1463.7080592105262,
    "epoch30": 1469.5470805921052,
    "epoch31": 1502.910978618421,
    "epoch32": 1502.674136513158,
    "epoch33": 1466.8123972039473,
    "epoch34": 1433.2417763157894,
    "epoch35": 1455.9228001644738,
    "epoch36": 1439.6664268092106,
    "epoch37": 1431.9289679276317,
    "epoch38": 1449.7492804276317,
    "epoch39": 1447.748355263158,
    "epoch40": 1445.4063527960527,
    "epoch41": 1421.4175575657894,
    "epoch42": 1427.2384868421052,
    "epoch43": 1419.0571546052631,
    "epoch44": 1425.1037212171052,
    "epoch45": 1404.0511924342106,
    "epoch46": 1418.6120476973683,
    "epoch47": 1411.4224917763158,
    "epoch48": 1410.7629523026317,
    "epoch49": 1405.1982935855262,
    "epoch50": 1396.978207236842,
    "epoch51": 1395.5744243421052,
    "epoch52": 1458.1517269736842,
    "epoch53": 1393.923828125,
    "epoch54": 1398.9752261513158,
    "epoch55": 1394.5843955592106,
    "epoch56": 1399.980777138158,
    "epoch57": 1401.5072985197369,
    "epoch58": 1437.621402138158,
    "epoch59": 1384.3036595394738,
    "epoch60": 1385.1589226973683,
    "epoch61": 1387.0637335526317,
    "epoch62": 1386.2253289473683,
    "epoch63": 1371.677734375,
    "epoch64": 1418.0980674342106,
    "epoch65": 1388.5025699013158,
    "epoch66": 1392.4806743421052,
    "epoch67": 1369.9911595394738,
    "epoch68": 1375.380037006579,
    "epoch69": 1364.2590460526317,
    "epoch70": 1357.1681743421052,
    "epoch71": 1383.8142475328948,
    "epoch72": 1379.903988486842,
    "epoch73": 1373.5841899671052,
    "epoch74": 1366.8386101973683,
    "epoch75": 1370.3904194078948,
    "epoch76": 1412.7849506578948,
    "epoch77": 1358.13671875,
    "epoch78": 1365.9130345394738,
    "epoch79": 1372.1351768092106,
    "epoch80": 1371.3148643092106,
    "epoch81": 1369.1791735197369,
    "epoch82": 1380.6550164473683,
    "epoch83": 1369.4440789473683,
    "epoch84": 1345.571134868421,
    "epoch85": 1348.8163034539473,
    "epoch86": 1346.5859375,
    "epoch87": 1371.560238486842,
    "epoch88": 1343.6094777960527,
    "epoch89": 1386.2764185855262,
    "epoch90": 1349.0126439144738,
    "epoch91": 1353.3679070723683,
    "epoch92": 1354.1577919407894,
    "epoch93": 1363.7290296052631,
    "epoch94": 1338.669613486842,
    "epoch95": 1338.8826069078948,
    "epoch96": 1339.396175986842,
    "epoch97": 1341.6215049342106,
    "epoch98": 1357.537931743421,
    "epoch99": 1340.0943667763158,
    "epoch100": 1340.2213199013158
}