{
    "epoch1": 0.24864450574386865,
    "epoch2": 0.3249375072773546,
    "epoch3": 0.33311531553044915,
    "epoch4": 0.34704872965812683,
    "epoch5": 0.3544873706996441,
    "epoch6": 0.37256635120138526,
    "epoch7": 0.39725466817617416,
    "epoch8": 0.4009539666585624,
    "epoch9": 0.3879208955913782,
    "epoch10": 0.3962921276688576,
    "epoch11": 0.4215857982635498,
    "epoch12": 0.3893392910249531,
    "epoch13": 0.4112965129315853,
    "epoch14": 0.4203515346162021,
    "epoch15": 0.4312195349484682,
    "epoch16": 0.42877440620213747,
    "epoch17": 0.4328799331560731,
    "epoch18": 0.4300225432962179,
    "epoch19": 0.4402196817100048,
    "epoch20": 0.44695556350052357
}