{
    "epoch1": 3200.0,
    "epoch2": 3199.3525,
    "epoch3": 3147.65325,
    "epoch4": 2954.33125,
    "epoch5": 2661.94225,
    "epoch6": 2415.369,
    "epoch7": 2219.11025,
    "epoch8": 2121.90325,
    "epoch9": 2069.817125,
    "epoch10": 2035.86825,
    "epoch11": 2005.312625,
    "epoch12": 1978.731875,
    "epoch13": 1953.677375,
    "epoch14": 1929.71975,
    "epoch15": 1896.8675,
    "epoch16": 1880.365875,
    "epoch17": 1857.272875,
    "epoch18": 1832.05525,
    "epoch19": 1812.7935,
    "epoch20": 1792.93,
    "epoch21": 1771.80625,
    "epoch22": 1748.579375,
    "epoch23": 1732.232875,
    "epoch24": 1709.2535,
    "epoch25": 1684.544625,
    "epoch26": 1670.70175,
    "epoch27": 1643.04,
    "epoch28": 1625.707875,
    "epoch29": 1604.727125,
    "epoch30": 1586.533625
}