{
    "epoch1": 0.07003936059772968,
    "epoch2": 0.03859190735965967,
    "epoch3": 0.03261902034282684,
    "epoch4": 0.029974202066659926,
    "epoch5": 0.027212692238390446,
    "epoch6": 0.024396648909896613,
    "epoch7": 0.0218586633913219,
    "epoch8": 0.01964739980176091,
    "epoch9": 0.017621801886707544,
    "epoch10": 0.015946256276220084,
    "epoch11": 0.014416756387799979,
    "epoch12": 0.013316907361149788,
    "epoch13": 0.01227310225367546,
    "epoch14": 0.011579411756247281,
    "epoch15": 0.0110466118901968,
    "epoch16": 0.010707201575860381,
    "epoch17": 0.010376953426748515,
    "epoch18": 0.01013426510617137,
    "epoch19": 0.009922756440937519,
    "epoch20": 0.009777347650378942,
    "epoch21": 0.009657667204737663,
    "epoch22": 0.009467387106269598,
    "epoch23": 0.009394592978060246,
    "epoch24": 0.009251083014532924,
    "epoch25": 0.009168994333595037,
    "epoch26": 0.009056514874100686,
    "epoch27": 0.008985547348856926,
    "epoch28": 0.008925796393305064,
    "epoch29": 0.008811563532799483,
    "epoch30": 0.008796878810971975,
    "epoch31": 0.008656411617994308,
    "epoch32": 0.008596577541902661,
    "epoch33": 0.008519110362976789,
    "epoch34": 0.008494849503040313,
    "epoch35": 0.008504847390577197,
    "epoch36": 0.008407623181119562,
    "epoch37": 0.008302566083148121,
    "epoch38": 0.008216980611905456,
    "epoch39": 0.008217857871204614,
    "epoch40": 0.008165574073791504,
    "epoch41": 0.00813433383591473,
    "epoch42": 0.008065483206883073,
    "epoch43": 0.008075379999354482,
    "epoch44": 0.008031582552939653,
    "epoch45": 0.007976944325491786,
    "epoch46": 0.008017437485978007,
    "epoch47": 0.007915174867957831,
    "epoch48": 0.008004864305257797,
    "epoch49": 0.007891784375533461,
    "epoch50": 0.007879937905818224,
    "epoch51": 0.007898436207324267,
    "epoch52": 0.007901502354070545,
    "epoch53": 0.00789011912420392,
    "epoch54": 0.007782864011824131,
    "epoch55": 0.007735984213650226,
    "epoch56": 0.0076974817551672455,
    "epoch57": 0.007716039754450321,
    "epoch58": 0.007733113598078489,
    "epoch59": 0.007642009062692523,
    "epoch60": 0.007710445765405893,
    "epoch61": 0.0077169205527752634,
    "epoch62": 0.007593297772109509,
    "epoch63": 0.00761306956410408,
    "epoch64": 0.007622562441974878,
    "epoch65": 0.00755711025558412,
    "epoch66": 0.0076514043845236305,
    "epoch67": 0.007529656076803804,
    "epoch68": 0.007538396818563342,
    "epoch69": 0.007628774456679821,
    "epoch70": 0.007527981745079159,
    "epoch71": 0.007568129152059555,
    "epoch72": 0.007498084753751755,
    "epoch73": 0.007463764538988471,
    "epoch74": 0.007559869159013033,
    "epoch75": 0.007486593537032604,
    "epoch76": 0.007439690083265305,
    "epoch77": 0.007632546871900558,
    "epoch78": 0.007442198367789388,
    "epoch79": 0.0074529310688376425,
    "epoch80": 0.007413015840575099,
    "epoch81": 0.007561679603531957,
    "epoch82": 0.007393830036744475,
    "epoch83": 0.007444662647321821,
    "epoch84": 0.007466888288035989,
    "epoch85": 0.007408250635489821,
    "epoch86": 0.007393909012898802,
    "epoch87": 0.007375398417934775,
    "epoch88": 0.007384133990854025,
    "epoch89": 0.007378581399098039,
    "epoch90": 0.007345156883820892,
    "epoch91": 0.00742343096062541,
    "epoch92": 0.007356993760913611,
    "epoch93": 0.007535762991756201,
    "epoch94": 0.0073393156286329034,
    "epoch95": 0.007330005476251245,
    "epoch96": 0.007332348823547363,
    "epoch97": 0.0073747375514358286,
    "epoch98": 0.0073180850595235825,
    "epoch99": 0.007320050382986665,
    "epoch100": 0.0073438316583633425
}