{
    "epoch1": 72.82870483398438,
    "epoch2": 51.25174560546875,
    "epoch3": 51.20341796875,
    "epoch4": 48.79683227539063,
    "epoch5": 46.173333740234376,
    "epoch6": 43.12318725585938,
    "epoch7": 40.752984619140626,
    "epoch8": 39.408444213867185,
    "epoch9": 38.81412963867187,
    "epoch10": 37.45867919921875,
    "epoch11": 36.231527709960936,
    "epoch12": 34.54580383300781,
    "epoch13": 33.561093139648435,
    "epoch14": 32.2383056640625,
    "epoch15": 30.995767211914064,
    "epoch16": 29.977127075195312,
    "epoch17": 29.03104248046875,
    "epoch18": 28.435650634765626,
    "epoch19": 28.071893310546876,
    "epoch20": 27.555191040039062,
    "epoch21": 27.340869140625,
    "epoch22": 26.910964965820312,
    "epoch23": 26.58687744140625,
    "epoch24": 26.276162719726564,
    "epoch25": 26.109674072265626,
    "epoch26": 25.603921508789064,
    "epoch27": 25.834609985351562,
    "epoch28": 25.109101867675783,
    "epoch29": 24.849134826660155,
    "epoch30": 25.731787109375,
    "epoch31": 24.690802001953124,
    "epoch32": 24.609535217285156,
    "epoch33": 24.68995056152344,
    "epoch34": 24.712384033203126,
    "epoch35": 24.996109008789062,
    "epoch36": 24.798648071289062,
    "epoch37": 23.636639404296876,
    "epoch38": 23.47112274169922,
    "epoch39": 23.27455291748047,
    "epoch40": 23.642100524902343,
    "epoch41": 23.90638122558594,
    "epoch42": 23.247068786621092,
    "epoch43": 22.947552490234376,
    "epoch44": 23.453025817871094,
    "epoch45": 23.077638244628908,
    "epoch46": 23.991749572753907,
    "epoch47": 22.99956817626953,
    "epoch48": 24.126763916015626,
    "epoch49": 22.413758850097658,
    "epoch50": 22.379005432128906,
    "epoch51": 23.648976135253907,
    "epoch52": 23.748332214355468,
    "epoch53": 23.816302490234374,
    "epoch54": 22.48085174560547,
    "epoch55": 22.283645629882812,
    "epoch56": 22.357301330566408,
    "epoch57": 22.06385192871094,
    "epoch58": 23.083981323242188,
    "epoch59": 22.242974853515626,
    "epoch60": 23.22557830810547,
    "epoch61": 23.332025146484376,
    "epoch62": 22.107345581054688,
    "epoch63": 22.63177490234375,
    "epoch64": 22.061892700195312,
    "epoch65": 22.385774230957033,
    "epoch66": 23.13734130859375,
    "epoch67": 22.493487548828124,
    "epoch68": 22.605072021484375,
    "epoch69": 23.264988708496094,
    "epoch70": 22.491778564453124,
    "epoch71": 22.252081298828124,
    "epoch72": 21.928990173339844,
    "epoch73": 22.199382019042968,
    "epoch74": 23.075494384765626,
    "epoch75": 22.512557983398438,
    "epoch76": 22.16993103027344,
    "epoch77": 23.64276123046875,
    "epoch78": 22.16797790527344,
    "epoch79": 22.459461975097657,
    "epoch80": 22.177532958984376,
    "epoch81": 23.402284240722658,
    "epoch82": 22.029173278808592,
    "epoch83": 22.468423461914064,
    "epoch84": 21.730010986328125,
    "epoch85": 21.981520080566405,
    "epoch86": 22.16068115234375,
    "epoch87": 21.760157775878906,
    "epoch88": 22.252455139160155,
    "epoch89": 21.989093017578124,
    "epoch90": 21.920606994628905,
    "epoch91": 22.64713897705078,
    "epoch92": 22.300418090820312,
    "epoch93": 23.304920959472657,
    "epoch94": 22.010426330566407,
    "epoch95": 21.832200622558595,
    "epoch96": 21.83220520019531,
    "epoch97": 22.627279663085936,
    "epoch98": 22.03472900390625,
    "epoch99": 21.665864562988283,
    "epoch100": 22.243061828613282
}