{
    "epoch1": 5985.874155405405,
    "epoch2": 5055.4590371621625,
    "epoch3": 4954.2035472972975,
    "epoch4": 4787.570945945946,
    "epoch5": 4610.498310810811,
    "epoch6": 4424.304054054054,
    "epoch7": 4224.986908783784,
    "epoch8": 4045.1896114864867,
    "epoch9": 3962.5802364864867,
    "epoch10": 3886.4408783783783,
    "epoch11": 3838.974239864865,
    "epoch12": 3767.1296452702704,
    "epoch13": 3737.435810810811,
    "epoch14": 3697.7280405405404,
    "epoch15": 3617.070945945946,
    "epoch16": 3516.4721283783783,
    "epoch17": 3487.154349662162,
    "epoch18": 3438.4203969594596,
    "epoch19": 3408.7690033783783,
    "epoch20": 3364.990287162162,
    "epoch21": 3323.445945945946,
    "epoch22": 3301.250633445946,
    "epoch23": 3226.7827280405404,
    "epoch24": 3198.6326013513512,
    "epoch25": 3157.7198057432433,
    "epoch26": 3118.8855574324325,
    "epoch27": 3032.900337837838,
    "epoch28": 3020.0033783783783,
    "epoch29": 2946.2195945945946,
    "epoch30": 2893.9816300675675
}