{
    "epoch1": 0.13181030936539173,
    "epoch2": 0.10178231634199619,
    "epoch3": 0.07842295337468386,
    "epoch4": 0.06103588920086622,
    "epoch5": 0.04890623688697815,
    "epoch6": 0.041635842993855476,
    "epoch7": 0.03807593137025833,
    "epoch8": 0.037012068554759026,
    "epoch9": 0.03732919553294778,
    "epoch10": 0.037846395280212164,
    "epoch11": 0.03750917036086321,
    "epoch12": 0.03684234572574496,
    "epoch13": 0.03610007930546999,
    "epoch14": 0.03552983375266194,
    "epoch15": 0.034566739574074745,
    "epoch16": 0.0339864157140255,
    "epoch17": 0.033236713614314795,
    "epoch18": 0.03235211595892906,
    "epoch19": 0.03183246776461601,
    "epoch20": 0.030967533588409424,
    "epoch21": 0.030090688727796078,
    "epoch22": 0.02897408464923501,
    "epoch23": 0.02826331229880452,
    "epoch24": 0.027176448609679937,
    "epoch25": 0.02644770359620452,
    "epoch26": 0.02578206779435277,
    "epoch27": 0.025187351275235415,
    "epoch28": 0.024514916352927685,
    "epoch29": 0.02385389292612672,
    "epoch30": 0.02300252066925168,
    "epoch31": 0.022328742314130068,
    "epoch32": 0.021343558095395565,
    "epoch33": 0.020848830230534077,
    "epoch34": 0.020233141258358955,
    "epoch35": 0.019446315709501505,
    "epoch36": 0.0190682178363204,
    "epoch37": 0.01846953108906746,
    "epoch38": 0.017812703037634492,
    "epoch39": 0.017671431880444288,
    "epoch40": 0.017023215536028147,
    "epoch41": 0.016523783328011632,
    "epoch42": 0.01598077593371272,
    "epoch43": 0.01590854162350297,
    "epoch44": 0.015363044803962111,
    "epoch45": 0.015163411851972342,
    "epoch46": 0.015142156044021249,
    "epoch47": 0.014662225265055895,
    "epoch48": 0.014544395264238119,
    "epoch49": 0.014352713478729129,
    "epoch50": 0.014183048391714692,
    "epoch51": 0.013836344936862588,
    "epoch52": 0.014011063612997532,
    "epoch53": 0.013623352395370603,
    "epoch54": 0.013428487116470933,
    "epoch55": 0.01343936799094081,
    "epoch56": 0.013307245448231697,
    "epoch57": 0.013236311729997396,
    "epoch58": 0.013035096228122711,
    "epoch59": 0.01298000500537455,
    "epoch60": 0.012950280448421836,
    "epoch61": 0.012838058173656464,
    "epoch62": 0.012788371415808797,
    "epoch63": 0.012617310974746943,
    "epoch64": 0.01279229111969471,
    "epoch65": 0.012745656538754702,
    "epoch66": 0.012361782835796475,
    "epoch67": 0.012704630848020315,
    "epoch68": 0.01245012623257935,
    "epoch69": 0.012263329699635506,
    "epoch70": 0.01253245328553021,
    "epoch71": 0.01218899223022163,
    "epoch72": 0.012354715960100293,
    "epoch73": 0.012303146766498685,
    "epoch74": 0.012140916660428047,
    "epoch75": 0.012214469024911523,
    "epoch76": 0.012087790062651038,
    "epoch77": 0.012178739299997687,
    "epoch78": 0.012033457634970546,
    "epoch79": 0.01202017581090331,
    "epoch80": 0.012009727070108056,
    "epoch81": 0.011921648867428303,
    "epoch82": 0.012016518507152796,
    "epoch83": 0.011865484295412898,
    "epoch84": 0.01187519496306777,
    "epoch85": 0.012002290226519108,
    "epoch86": 0.01181704131886363,
    "epoch87": 0.011797453742474318,
    "epoch88": 0.011838823091238737,
    "epoch89": 0.011760434368625283,
    "epoch90": 0.011786189395934343,
    "epoch91": 0.011738208821043372,
    "epoch92": 0.011714187916368246,
    "epoch93": 0.011747313430532813,
    "epoch94": 0.011672192253172398,
    "epoch95": 0.011662479024380445,
    "epoch96": 0.011655285954475403,
    "epoch97": 0.011700109113007784,
    "epoch98": 0.011611471883952618,
    "epoch99": 0.011689307866618037,
    "epoch100": 0.01165294530801475
}