{
    "epoch1": 199.82639723557693,
    "epoch2": 178.794189453125,
    "epoch3": 120.7174823467548,
    "epoch4": 89.4033954326923,
    "epoch5": 70.73981651893028,
    "epoch6": 58.94384296123798,
    "epoch7": 51.18531681941106,
    "epoch8": 47.76358736478365,
    "epoch9": 45.99770883413461,
    "epoch10": 45.70320012019231,
    "epoch11": 44.83603140024039,
    "epoch12": 44.593017578125,
    "epoch13": 44.17796912560096,
    "epoch14": 44.12805645282452,
    "epoch15": 43.40495887169471,
    "epoch16": 43.08588115985577,
    "epoch17": 42.69318096454327,
    "epoch18": 42.21597055288461,
    "epoch19": 41.75876089242789,
    "epoch20": 41.49493408203125,
    "epoch21": 41.60014460637019,
    "epoch22": 40.52971942608173,
    "epoch23": 39.91222675030048,
    "epoch24": 39.47978797325721,
    "epoch25": 39.22010920597957,
    "epoch26": 38.34763981745793,
    "epoch27": 37.93086360051082,
    "epoch28": 37.48121995192308,
    "epoch29": 37.49463125375601,
    "epoch30": 36.62519719050481,
    "epoch31": 36.292440561147835,
    "epoch32": 35.77902456430289,
    "epoch33": 34.54670832707332,
    "epoch34": 34.39148888221154,
    "epoch35": 34.195605938251205,
    "epoch36": 33.7510751577524,
    "epoch37": 33.132162240835335,
    "epoch38": 32.41521277794471,
    "epoch39": 32.44871638371394,
    "epoch40": 32.225292499248795,
    "epoch41": 31.992091252253605,
    "epoch42": 31.526766263521633,
    "epoch43": 31.22743342472957,
    "epoch44": 31.13434072641226,
    "epoch45": 30.45001924954928,
    "epoch46": 30.81397423377404,
    "epoch47": 30.702317457932693,
    "epoch48": 30.12657987154447,
    "epoch49": 30.188199556790867,
    "epoch50": 30.097379244290867,
    "epoch51": 29.786400428185097,
    "epoch52": 29.639554537259617,
    "epoch53": 29.84464909480168,
    "epoch54": 29.37120643028846,
    "epoch55": 29.356231689453125,
    "epoch56": 29.40796133188101,
    "epoch57": 29.331700251652645,
    "epoch58": 29.210176908052883,
    "epoch59": 28.98773193359375,
    "epoch60": 28.95697490985577,
    "epoch61": 29.04479745718149,
    "epoch62": 28.75483820988582,
    "epoch63": 28.720872145432693,
    "epoch64": 28.754856989933895,
    "epoch65": 28.912217360276443,
    "epoch66": 28.45606173001803,
    "epoch67": 28.46728280874399,
    "epoch68": 29.07690899188702,
    "epoch69": 28.303138146033653,
    "epoch70": 28.702310415414665,
    "epoch71": 28.14306171123798,
    "epoch72": 28.17841045673077,
    "epoch73": 28.3040043757512,
    "epoch74": 28.072303185096153,
    "epoch75": 28.294900747445915,
    "epoch76": 28.28800846980168,
    "epoch77": 28.22852736253005,
    "epoch78": 28.203711876502403,
    "epoch79": 28.027878981370193,
    "epoch80": 28.079547588641827,
    "epoch81": 27.86321786733774,
    "epoch82": 27.72472675030048,
    "epoch83": 27.931544377253605,
    "epoch84": 27.63654503455529,
    "epoch85": 27.79426692082332,
    "epoch86": 27.80033757136418,
    "epoch87": 27.59332744891827,
    "epoch88": 27.866551325871395,
    "epoch89": 27.47986778846154,
    "epoch90": 27.761265681340145,
    "epoch91": 27.43321814903846,
    "epoch92": 27.723463792067307,
    "epoch93": 27.64617685171274,
    "epoch94": 27.172654371995193,
    "epoch95": 27.39399836613582,
    "epoch96": 27.71069101186899,
    "epoch97": 27.533982496995193,
    "epoch98": 27.807396521935097,
    "epoch99": 27.495567908653847,
    "epoch100": 27.901808518629807
}