{
    "epoch1": 199.2859344482422,
    "epoch2": 129.9488067626953,
    "epoch3": 91.36150360107422,
    "epoch4": 74.07696533203125,
    "epoch5": 67.52944946289062,
    "epoch6": 62.9248046875,
    "epoch7": 60.021759033203125,
    "epoch8": 58.91472244262695,
    "epoch9": 58.88152313232422,
    "epoch10": 59.279991149902344,
    "epoch11": 59.158016204833984,
    "epoch12": 58.818946838378906,
    "epoch13": 58.429534912109375,
    "epoch14": 58.157169342041016,
    "epoch15": 57.59503173828125,
    "epoch16": 57.332061767578125,
    "epoch17": 56.952728271484375,
    "epoch18": 56.43572235107422,
    "epoch19": 56.204620361328125,
    "epoch20": 55.68470764160156,
    "epoch21": 55.1695556640625,
    "epoch22": 54.42658233642578,
    "epoch23": 54.14400863647461,
    "epoch24": 53.373722076416016,
    "epoch25": 52.884552001953125,
    "epoch26": 52.43346405029297,
    "epoch27": 52.07664489746094,
    "epoch28": 51.62054443359375,
    "epoch29": 51.190399169921875,
    "epoch30": 50.539573669433594,
    "epoch31": 50.0618896484375,
    "epoch32": 49.18103790283203,
    "epoch33": 48.884586334228516,
    "epoch34": 48.35875701904297,
    "epoch35": 47.54304504394531,
    "epoch36": 47.234798431396484,
    "epoch37": 46.586734771728516,
    "epoch38": 45.78052520751953,
    "epoch39": 45.78628921508789,
    "epoch40": 44.919742584228516,
    "epoch41": 44.28078842163086,
    "epoch42": 43.46331787109375,
    "epoch43": 43.54993438720703,
    "epoch44": 42.66493606567383,
    "epoch45": 42.459781646728516,
    "epoch46": 42.62110900878906,
    "epoch47": 41.775184631347656,
    "epoch48": 41.73676300048828,
    "epoch49": 41.482765197753906,
    "epoch50": 41.265235900878906,
    "epoch51": 40.50756072998047,
    "epoch52": 41.150150299072266,
    "epoch53": 40.338096618652344,
    "epoch54": 39.91743469238281,
    "epoch55": 40.18813705444336,
    "epoch56": 39.946571350097656,
    "epoch57": 39.89638137817383,
    "epoch58": 39.42918395996094,
    "epoch59": 39.35430908203125,
    "epoch60": 39.403770446777344,
    "epoch61": 39.12907028198242,
    "epoch62": 39.11970520019531,
    "epoch63": 38.60942077636719,
    "epoch64": 39.286407470703125,
    "epoch65": 39.22491455078125,
    "epoch66": 37.99458694458008,
    "epoch67": 39.222991943359375,
    "epoch68": 38.5175895690918,
    "epoch69": 37.89274215698242,
    "epoch70": 38.89912414550781,
    "epoch71": 37.72006607055664,
    "epoch72": 38.50332260131836,
    "epoch73": 38.384239196777344,
    "epoch74": 37.81345748901367,
    "epoch75": 38.2151985168457,
    "epoch76": 37.805320739746094,
    "epoch77": 38.2139892578125,
    "epoch78": 37.74527359008789,
    "epoch79": 37.76124572753906,
    "epoch80": 37.78092956542969,
    "epoch81": 37.47419738769531,
    "epoch82": 37.88289260864258,
    "epoch83": 37.28462600708008,
    "epoch84": 37.379364013671875,
    "epoch85": 37.936180114746094,
    "epoch86": 37.25602722167969,
    "epoch87": 37.200225830078125,
    "epoch88": 37.4361457824707,
    "epoch89": 37.127113342285156,
    "epoch90": 37.334251403808594,
    "epoch91": 37.11949157714844,
    "epoch92": 37.09002685546875,
    "epoch93": 37.27606964111328,
    "epoch94": 36.974632263183594,
    "epoch95": 36.93813705444336,
    "epoch96": 36.98748016357422,
    "epoch97": 37.216712951660156,
    "epoch98": 36.734336853027344,
    "epoch99": 37.159183502197266,
    "epoch100": 37.07477569580078
}