{
    "epoch1": 82.20649739583334,
    "epoch2": 79.2247265625,
    "epoch3": 78.66994791666667,
    "epoch4": 79.11395833333333,
    "epoch5": 79.55512369791667,
    "epoch6": 80.245703125,
    "epoch7": 80.658828125,
    "epoch8": 81.03466145833333,
    "epoch9": 81.22145833333333,
    "epoch10": 81.47358723958334,
    "epoch11": 81.23088541666667,
    "epoch12": 81.26094401041667,
    "epoch13": 81.42301432291667,
    "epoch14": 81.31305338541667,
    "epoch15": 81.38240885416667,
    "epoch16": 81.21802734375,
    "epoch17": 81.52990885416666,
    "epoch18": 81.179375,
    "epoch19": 81.49982421875,
    "epoch20": 81.01243489583334,
    "epoch21": 81.22104166666666,
    "epoch22": 81.133515625,
    "epoch23": 81.00182291666667,
    "epoch24": 80.96143229166667,
    "epoch25": 80.96541015625,
    "epoch26": 81.03634765625,
    "epoch27": 81.00100260416667,
    "epoch28": 80.84291666666667,
    "epoch29": 80.95190755208333,
    "epoch30": 80.83292317708333
}