{
    "epoch1": 80.24083411175272,
    "epoch2": 68.41835088315217,
    "epoch3": 60.45481275475544,
    "epoch4": 55.6376953125,
    "epoch5": 52.81860882302989,
    "epoch6": 49.92732570482337,
    "epoch7": 47.74697477921195,
    "epoch8": 44.97812818444294,
    "epoch9": 43.29018236243206,
    "epoch10": 41.0917676842731,
    "epoch11": 39.0177001953125,
    "epoch12": 37.86246921705163,
    "epoch13": 36.36994469684103,
    "epoch14": 34.80403203549592,
    "epoch15": 33.724853515625,
    "epoch16": 32.97005562160326,
    "epoch17": 32.1788675059443,
    "epoch18": 31.009062393851902,
    "epoch19": 30.23676598590353,
    "epoch20": 31.069553541100543,
    "epoch21": 28.411026664402176,
    "epoch22": 27.841213060461957,
    "epoch23": 27.004224694293477,
    "epoch24": 27.090549634850543,
    "epoch25": 26.479738981827445,
    "epoch26": 26.28088909646739,
    "epoch27": 25.497555940047555,
    "epoch28": 26.737076469089676,
    "epoch29": 25.978401515794836,
    "epoch30": 23.885689113451086
}