{
    "epoch1": 118.3961083723262,
    "epoch2": 73.6658902907754,
    "epoch3": 62.09239221256684,
    "epoch4": 57.59902970421123,
    "epoch5": 52.727220504679146,
    "epoch6": 49.79024795287433,
    "epoch7": 47.02237215909091,
    "epoch8": 44.543496198195186,
    "epoch9": 42.28055543950535,
    "epoch10": 40.62234709224599,
    "epoch11": 38.32062061330214,
    "epoch12": 36.68310807987968,
    "epoch13": 35.27772236380348,
    "epoch14": 33.87029735544786,
    "epoch15": 32.68307152406417,
    "epoch16": 31.860892066343585,
    "epoch17": 30.619213736631018,
    "epoch18": 29.92248339321524,
    "epoch19": 29.057779077540108,
    "epoch20": 28.473254198696523,
    "epoch21": 27.82052922376337,
    "epoch22": 26.97259619401738,
    "epoch23": 26.363200304979948,
    "epoch24": 25.69925269468583,
    "epoch25": 25.298397288602942,
    "epoch26": 24.61423170120321,
    "epoch27": 24.142826182319517,
    "epoch28": 23.63040503843583,
    "epoch29": 23.191239137700535,
    "epoch30": 22.616380660929146
}