{
    "epoch1": 0.0001416851534304442,
    "epoch2": 0.00013969144805741962,
    "epoch3": 0.00013758116750977933,
    "epoch4": 0.0001357371971971588,
    "epoch5": 0.00013390454376349225,
    "epoch6": 0.00013205784802266862,
    "epoch7": 0.00013022637052927165,
    "epoch8": 0.00012857226451160387,
    "epoch9": 0.00012696506579231936,
    "epoch10": 0.0001255435239727376,
    "epoch11": 0.000124099686727277,
    "epoch12": 0.00012267135749425507,
    "epoch13": 0.0001213498190190876,
    "epoch14": 0.0001200516852986766,
    "epoch15": 0.00011885414711287013,
    "epoch16": 0.00011774896636779886,
    "epoch17": 0.00011657850482151843,
    "epoch18": 0.00011547616290044971,
    "epoch19": 0.00011447615026554558,
    "epoch20": 0.000113489936957194,
    "epoch21": 0.00011257109723374015,
    "epoch22": 0.00011170275243784999,
    "epoch23": 0.00011086395068559795,
    "epoch24": 0.00011012637347448617,
    "epoch25": 0.00010936758022580761,
    "epoch26": 0.00010861384464078583,
    "epoch27": 0.00010792663160827943,
    "epoch28": 0.00010725978238042444,
    "epoch29": 0.00010668907067156397,
    "epoch30": 0.00010609511882648803
}