{
    "epoch1": 90.300146484375,
    "epoch2": 87.346884765625,
    "epoch3": 84.7371484375,
    "epoch4": 82.281259765625,
    "epoch5": 80.358076171875,
    "epoch6": 78.5053955078125,
    "epoch7": 76.8183203125,
    "epoch8": 75.475380859375,
    "epoch9": 74.4405078125,
    "epoch10": 73.442060546875,
    "epoch11": 72.647783203125,
    "epoch12": 71.870634765625,
    "epoch13": 71.2298876953125,
    "epoch14": 70.6852490234375,
    "epoch15": 70.221640625,
    "epoch16": 69.82275390625,
    "epoch17": 69.5206689453125,
    "epoch18": 69.1952392578125,
    "epoch19": 68.94125,
    "epoch20": 68.765576171875,
    "epoch21": 68.6539404296875,
    "epoch22": 68.572412109375,
    "epoch23": 68.5354541015625,
    "epoch24": 68.5235302734375,
    "epoch25": 68.55673828125,
    "epoch26": 68.6127392578125,
    "epoch27": 68.68716796875,
    "epoch28": 68.8080712890625,
    "epoch29": 68.9315478515625,
    "epoch30": 69.099599609375
}