{
    "epoch1": 0.5348376251637935,
    "epoch2": 0.8191738161385059,
    "epoch3": 0.8658500056087971,
    "epoch4": 0.8843228619158268,
    "epoch5": 0.8995600040853023,
    "epoch6": 0.9031400038480759,
    "epoch7": 0.9157233370900154,
    "epoch8": 0.9234000031471252,
    "epoch9": 0.9259623840034008,
    "epoch10": 0.9349400026142597,
    "epoch11": 0.9374771455705165,
    "epoch12": 0.9411700028061867,
    "epoch13": 0.9463833353757858,
    "epoch14": 0.9493438118457794,
    "epoch15": 0.9545795260488987,
    "epoch16": 0.9545733355879784,
    "epoch17": 0.9590700019001961,
    "epoch18": 0.9625571446299553,
    "epoch19": 0.9663738111495972,
    "epoch20": 0.9686495253324509,
    "epoch21": 0.9700066681027413,
    "epoch22": 0.9728433348417282,
    "epoch23": 0.9731433347463608,
    "epoch24": 0.9746261917591095,
    "epoch25": 0.9756533345699311,
    "epoch26": 0.9794361914873123,
    "epoch27": 0.980720000910759,
    "epoch28": 0.9829666677355766,
    "epoch29": 0.98341333411932,
    "epoch30": 0.9864333340644836,
    "epoch31": 0.9859600006341934,
    "epoch32": 0.9868866672515869,
    "epoch33": 0.9875733338594437,
    "epoch34": 0.9893466673851014,
    "epoch35": 0.9890133338809013,
    "epoch36": 0.9918933337450028,
    "epoch37": 0.9913400003433227,
    "epoch38": 0.9911400002956391,
    "epoch39": 0.9927000003576278,
    "epoch40": 0.9926428574562073,
    "epoch41": 0.993300000333786,
    "epoch42": 0.9939700003385544,
    "epoch43": 0.9945533336400986,
    "epoch44": 0.9957133335113525,
    "epoch45": 0.9952266669034958,
    "epoch46": 0.9940866668701172,
    "epoch47": 0.9960800001621246,
    "epoch48": 0.9960133334636688,
    "epoch49": 0.9968733335494995,
    "epoch50": 0.9976000001192092
}