{
    "epoch1": 0.7427391488846543,
    "epoch2": 0.8442217710492708,
    "epoch3": 0.8676230495067523,
    "epoch4": 0.874400484476158,
    "epoch5": 0.8798361354165798,
    "epoch6": 0.8898481257099042,
    "epoch7": 0.8970423705286259,
    "epoch8": 0.8993405317373985,
    "epoch9": 0.9040767428257482,
    "epoch10": 0.9108713068407502,
    "epoch11": 0.9083133532131891,
    "epoch12": 0.9095123945523224,
    "epoch13": 0.9133293404281854,
    "epoch14": 0.9149680294150071,
    "epoch15": 0.9179656311905355,
    "epoch16": 0.9206434892092963,
    "epoch17": 0.9204036811415812,
    "epoch18": 0.925899284349071,
    "epoch19": 0.9220423697710609,
    "epoch20": 0.9265587566424903,
    "epoch21": 0.9296962465885446,
    "epoch22": 0.9310951275791196,
    "epoch23": 0.9326938480781994,
    "epoch24": 0.9316546795465391,
    "epoch25": 0.9275379734073611,
    "epoch26": 0.9388888917095084,
    "epoch27": 0.938489211691941,
    "epoch28": 0.9329336564317882,
    "epoch29": 0.9398880923966424,
    "epoch30": 0.9412869733872173,
    "epoch31": 0.9386490839276668,
    "epoch32": 0.9388489237220453,
    "epoch33": 0.9382094353508892,
    "epoch34": 0.93864908378473,
    "epoch35": 0.9406874530035243,
    "epoch36": 0.9456834557245104,
    "epoch37": 0.9414468453370696,
    "epoch38": 0.9436850547790527,
    "epoch39": 0.9404876127803354,
    "epoch40": 0.9394884120932014,
    "epoch41": 0.9432853741897381,
    "epoch42": 0.9430055982774967,
    "epoch43": 0.9428057579113711,
    "epoch44": 0.9412070371264176,
    "epoch45": 0.9430455665508334,
    "epoch46": 0.9404476445069988,
    "epoch47": 0.9448840955464388,
    "epoch48": 0.942845726041771,
    "epoch49": 0.9428057579113711,
    "epoch50": 0.9442446071752827
}