{
    "epoch1": 200.0,
    "epoch2": 200.0,
    "epoch3": 200.0,
    "epoch4": 200.0,
    "epoch5": 200.0,
    "epoch6": 200.0,
    "epoch7": 200.0,
    "epoch8": 200.0,
    "epoch9": 200.0,
    "epoch10": 200.0,
    "epoch11": 200.0,
    "epoch12": 200.0,
    "epoch13": 200.0,
    "epoch14": 200.0,
    "epoch15": 199.7125496031746,
    "epoch16": 199.04645647321428,
    "epoch17": 198.08465091765873,
    "epoch18": 193.7222687251984,
    "epoch19": 188.57381572420636,
    "epoch20": 177.81533668154762,
    "epoch21": 166.61351376488096,
    "epoch22": 160.26703559027777,
    "epoch23": 152.27588665674602,
    "epoch24": 146.14163256448413,
    "epoch25": 141.5373728918651,
    "epoch26": 139.02351500496033,
    "epoch27": 138.4896453373016,
    "epoch28": 138.27256944444446,
    "epoch29": 137.85348462301587,
    "epoch30": 137.34292844742063
}