{
    "epoch1": 3273.384314903846,
    "epoch2": 2963.8446514423076,
    "epoch3": 2668.668269230769,
    "epoch4": 2328.012469951923,
    "epoch5": 2110.987530048077,
    "epoch6": 1956.895282451923,
    "epoch7": 1899.7376802884614,
    "epoch8": 1862.9091045673076,
    "epoch9": 1882.6697716346155,
    "epoch10": 1813.3888221153845,
    "epoch11": 1823.8823617788462,
    "epoch12": 1779.5162259615386,
    "epoch13": 1764.7315204326924,
    "epoch14": 1748.206280048077,
    "epoch15": 1731.819110576923,
    "epoch16": 1719.587890625,
    "epoch17": 1704.272235576923,
    "epoch18": 1674.2826021634614,
    "epoch19": 1702.9899338942307,
    "epoch20": 1650.490985576923,
    "epoch21": 1649.0321514423076,
    "epoch22": 1643.8544170673076,
    "epoch23": 1624.3306790865386,
    "epoch24": 1681.5634014423076,
    "epoch25": 1591.7450420673076,
    "epoch26": 1602.9879807692307,
    "epoch27": 1576.5030048076924,
    "epoch28": 1581.7438401442307,
    "epoch29": 1586.9740084134614,
    "epoch30": 1583.2901141826924,
    "epoch31": 1568.530498798077,
    "epoch32": 1563.5946514423076,
    "epoch33": 1544.8997896634614,
    "epoch34": 1533.1798377403845,
    "epoch35": 1545.5540865384614,
    "epoch36": 1531.8963341346155,
    "epoch37": 1528.6754807692307,
    "epoch38": 1538.123798076923,
    "epoch39": 1507.9747596153845,
    "epoch40": 1537.8541165865386,
    "epoch41": 1495.8649338942307,
    "epoch42": 1491.4917367788462,
    "epoch43": 1589.7698317307693,
    "epoch44": 1478.301532451923,
    "epoch45": 1476.5821814903845,
    "epoch46": 1470.3506610576924,
    "epoch47": 1465.4568810096155,
    "epoch48": 1479.6158353365386,
    "epoch49": 1468.6045673076924,
    "epoch50": 1511.6670673076924,
    "epoch51": 1445.1346153846155,
    "epoch52": 1433.2146935096155,
    "epoch53": 1452.561748798077,
    "epoch54": 1443.0166766826924,
    "epoch55": 1462.6645132211538,
    "epoch56": 1427.4899338942307,
    "epoch57": 1417.6274038461538,
    "epoch58": 1415.192608173077,
    "epoch59": 1402.0453725961538,
    "epoch60": 1414.2423377403845,
    "epoch61": 1436.9947415865386,
    "epoch62": 1432.9938401442307,
    "epoch63": 1406.8043870192307,
    "epoch64": 1463.4833233173076,
    "epoch65": 1447.1852463942307,
    "epoch66": 1385.3167067307693,
    "epoch67": 1398.313701923077,
    "epoch68": 1381.0895432692307,
    "epoch69": 1389.0082632211538,
    "epoch70": 1395.3076923076924,
    "epoch71": 1374.2578125,
    "epoch72": 1376.7020733173076,
    "epoch73": 1386.4513221153845,
    "epoch74": 1411.9986478365386,
    "epoch75": 1371.2626201923076,
    "epoch76": 1389.7925180288462,
    "epoch77": 1361.2874098557693,
    "epoch78": 1393.5335036057693,
    "epoch79": 1381.7065805288462,
    "epoch80": 1418.339092548077,
    "epoch81": 1367.3960336538462,
    "epoch82": 1360.9555288461538,
    "epoch83": 1378.7432391826924,
    "epoch84": 1357.8282752403845,
    "epoch85": 1371.434344951923,
    "epoch86": 1349.0360576923076,
    "epoch87": 1354.484375,
    "epoch88": 1355.9966947115386,
    "epoch89": 1346.6455829326924,
    "epoch90": 1348.219501201923,
    "epoch91": 1374.7074819711538,
    "epoch92": 1354.989032451923,
    "epoch93": 1344.2732872596155,
    "epoch94": 1335.641826923077,
    "epoch95": 1435.9729567307693,
    "epoch96": 1360.2014723557693,
    "epoch97": 1356.0428185096155,
    "epoch98": 1362.0303485576924,
    "epoch99": 1341.4927884615386,
    "epoch100": 1395.7632211538462
}