{
    "epoch1": 58.301629929315474,
    "epoch2": 48.474539620535715,
    "epoch3": 43.694859095982146,
    "epoch4": 39.02016291542659,
    "epoch5": 35.74346633184524,
    "epoch6": 33.84732685391865,
    "epoch7": 32.74867466517857,
    "epoch8": 32.14952838231647,
    "epoch9": 31.68679470486111,
    "epoch10": 31.024791899181547,
    "epoch11": 30.62851872519841,
    "epoch12": 30.582897367931547,
    "epoch13": 30.30390082465278,
    "epoch14": 29.970743815104168,
    "epoch15": 29.323468889508927,
    "epoch16": 29.438817584325395,
    "epoch17": 28.89373101128472,
    "epoch18": 28.655513702876984,
    "epoch19": 28.392302982390873,
    "epoch20": 28.16831364707341,
    "epoch21": 27.905155242435516,
    "epoch22": 27.648693266369047,
    "epoch23": 27.278182741195437,
    "epoch24": 27.32154095362103,
    "epoch25": 27.237517826140873,
    "epoch26": 26.833465091765873,
    "epoch27": 26.63723415798611,
    "epoch28": 26.398753332713294,
    "epoch29": 26.629183330233136,
    "epoch30": 26.223194909474206,
    "epoch31": 26.196498325892858,
    "epoch32": 25.828826419890873,
    "epoch33": 25.582108754960316,
    "epoch34": 25.822527204241073,
    "epoch35": 25.739095052083332,
    "epoch36": 25.34593951512897,
    "epoch37": 25.11077396453373,
    "epoch38": 24.9804203093998,
    "epoch39": 24.946808345734127,
    "epoch40": 24.803991892981152,
    "epoch41": 24.731408497643848,
    "epoch42": 24.68451412140377,
    "epoch43": 24.849002898685516,
    "epoch44": 24.6422603546627,
    "epoch45": 24.181737506200395,
    "epoch46": 24.116112118675595,
    "epoch47": 24.01487126426091,
    "epoch48": 24.009459480406747,
    "epoch49": 24.023563445560516,
    "epoch50": 23.844930013020832,
    "epoch51": 23.790372333829364,
    "epoch52": 23.703816731770832,
    "epoch53": 23.615238250248016,
    "epoch54": 23.4059322296627,
    "epoch55": 23.418782552083332,
    "epoch56": 23.634748186383927,
    "epoch57": 23.337935190352184,
    "epoch58": 23.172768244667658,
    "epoch59": 23.754623170882937,
    "epoch60": 23.211881122891864,
    "epoch61": 22.982189360119047,
    "epoch62": 22.994690910218253,
    "epoch63": 22.87680392795139,
    "epoch64": 23.00604732452877,
    "epoch65": 22.64025103856647,
    "epoch66": 22.79428439670139,
    "epoch67": 22.886478484623016,
    "epoch68": 22.70392330109127,
    "epoch69": 22.70583767361111,
    "epoch70": 22.429305788070437,
    "epoch71": 22.41603693886409,
    "epoch72": 22.676161024305557,
    "epoch73": 22.449925982762895,
    "epoch74": 22.496248759920636,
    "epoch75": 22.51492164248512,
    "epoch76": 22.355962844122026,
    "epoch77": 22.510176401289684,
    "epoch78": 22.458031063988095,
    "epoch79": 22.308192661830358,
    "epoch80": 22.281651088169642,
    "epoch81": 22.16171603732639,
    "epoch82": 22.682285853794642,
    "epoch83": 22.18600802951389,
    "epoch84": 22.400592137896826,
    "epoch85": 22.174161396329364,
    "epoch86": 21.913711790054563,
    "epoch87": 22.123744419642858,
    "epoch88": 22.31226360987103,
    "epoch89": 22.177798316592263,
    "epoch90": 22.03090510292659,
    "epoch91": 22.03833782862103,
    "epoch92": 22.35634261842758,
    "epoch93": 22.022147042410715,
    "epoch94": 22.097483801463294,
    "epoch95": 22.153552827380953,
    "epoch96": 21.78363715277778,
    "epoch97": 21.708687918526785,
    "epoch98": 21.888226221478174,
    "epoch99": 22.1705322265625,
    "epoch100": 22.025468129960316
}