{
    "epoch1": 9.056836147647118e-05,
    "epoch2": 9.037071341390402e-05,
    "epoch3": 9.039719489828712e-05,
    "epoch4": 9.040747969356744e-05,
    "epoch5": 9.038044392673328e-05,
    "epoch6": 9.033819748765381e-05,
    "epoch7": 9.033591671868635e-05,
    "epoch8": 9.030842037736874e-05,
    "epoch9": 9.027282940678561e-05,
    "epoch10": 9.023235598942847e-05,
    "epoch11": 9.019821223228064e-05,
    "epoch12": 9.018116729930625e-05,
    "epoch13": 9.01570799651381e-05,
    "epoch14": 9.012678733597568e-05,
    "epoch15": 9.011596106574871e-05,
    "epoch16": 9.010841838517081e-05,
    "epoch17": 9.009901081026328e-05,
    "epoch18": 9.008329294283612e-05,
    "epoch19": 9.005809891823447e-05,
    "epoch20": 9.004397922035424e-05,
    "epoch21": 9.00416921776923e-05,
    "epoch22": 9.005083164811368e-05,
    "epoch23": 9.005310702741554e-05,
    "epoch24": 9.002189372768044e-05,
    "epoch25": 9.000672549882438e-05,
    "epoch26": 9.001292390621529e-05,
    "epoch27": 8.999210571437289e-05,
    "epoch28": 8.998317022360425e-05,
    "epoch29": 8.997937379899668e-05,
    "epoch30": 8.995918483878996e-05
}