{
    "epoch1": 0.03196832046229789,
    "epoch2": 0.019416231483696623,
    "epoch3": 0.018136479535159913,
    "epoch4": 0.017444278113543987,
    "epoch5": 0.016831492271987682,
    "epoch6": 0.016316876905237105,
    "epoch7": 0.01591198802232108,
    "epoch8": 0.015388750243297916,
    "epoch9": 0.014923587292829093,
    "epoch10": 0.01466845272188174,
    "epoch11": 0.014377995334724163,
    "epoch12": 0.014976888835588668,
    "epoch13": 0.014508304443765194,
    "epoch14": 0.013852399912603359,
    "epoch15": 0.013651705376724613,
    "epoch16": 0.013669507399676963,
    "epoch17": 0.013707456268132367,
    "epoch18": 0.013423527561207401,
    "epoch19": 0.013540373451294416,
    "epoch20": 0.013450921641940132,
    "epoch21": 0.0131273954670797,
    "epoch22": 0.013137939524777393,
    "epoch23": 0.013342125638526804,
    "epoch24": 0.01314296248428365,
    "epoch25": 0.012983803102310667,
    "epoch26": 0.012970507511512396,
    "epoch27": 0.013072963031206994,
    "epoch28": 0.012767206491070224,
    "epoch29": 0.012813114808832711,
    "epoch30": 0.012994877518491542,
    "epoch31": 0.012919542240969677,
    "epoch32": 0.012672327904704404,
    "epoch33": 0.012626794870308738,
    "epoch34": 0.012587472043455915,
    "epoch35": 0.012548890430480242,
    "epoch36": 0.012576721767161755,
    "epoch37": 0.012532227999590178,
    "epoch38": 0.012693105978851623,
    "epoch39": 0.013268156264452859,
    "epoch40": 0.012921242261345082,
    "epoch41": 0.01280009304668675,
    "epoch42": 0.012510342731517046,
    "epoch43": 0.012304022848764633,
    "epoch44": 0.012364380784887583,
    "epoch45": 0.012470405370472594,
    "epoch46": 0.01233828022204181,
    "epoch47": 0.012198029997500968,
    "epoch48": 0.012792897024290992,
    "epoch49": 0.01208802519683191,
    "epoch50": 0.01220411038462152,
    "epoch51": 0.012060325622479332,
    "epoch52": 0.012517709592159124,
    "epoch53": 0.01216819651543777,
    "epoch54": 0.012090619643555676,
    "epoch55": 0.012010652631362702,
    "epoch56": 0.011988348773423028,
    "epoch57": 0.012361746390369978,
    "epoch58": 0.011901358142495155,
    "epoch59": 0.011931903472051341,
    "epoch60": 0.011882208634484956,
    "epoch61": 0.012196007967391547,
    "epoch62": 0.011929453479403511,
    "epoch63": 0.012058864387267448,
    "epoch64": 0.011820321615309791,
    "epoch65": 0.011943384747397392,
    "epoch66": 0.011830665101792584,
    "epoch67": 0.01185254836851295,
    "epoch68": 0.01172157143183211,
    "epoch69": 0.01173746877131944,
    "epoch70": 0.011703605337583639,
    "epoch71": 0.012167091025634015,
    "epoch72": 0.012041999165840606,
    "epoch73": 0.01186613104444869,
    "epoch74": 0.011717096595291762,
    "epoch75": 0.012214073445647955,
    "epoch76": 0.011745188434786618,
    "epoch77": 0.011625227974133288,
    "epoch78": 0.011709819745985752,
    "epoch79": 0.011828235281195412,
    "epoch80": 0.01162753071873746,
    "epoch81": 0.011554826516658068,
    "epoch82": 0.011559424773254928,
    "epoch83": 0.012263215999019908,
    "epoch84": 0.011515556943622674,
    "epoch85": 0.012064834382939846,
    "epoch86": 0.011438481053931917,
    "epoch87": 0.01193405917667328,
    "epoch88": 0.012152012546566572,
    "epoch89": 0.011483809197361165,
    "epoch90": 0.011569087621458668,
    "epoch91": 0.011526765965638643,
    "epoch92": 0.01150535206568051,
    "epoch93": 0.011365841301356224,
    "epoch94": 0.011310058239688899,
    "epoch95": 0.011594238364078264,
    "epoch96": 0.011441445384333108,
    "epoch97": 0.011380218841294025,
    "epoch98": 0.011579980508998987,
    "epoch99": 0.011336838400506593,
    "epoch100": 0.011344700754481428
}