{
    "epoch1": 3264.0069813829787,
    "epoch2": 2238.063829787234,
    "epoch3": 1959.3538896276596,
    "epoch4": 1899.962932180851,
    "epoch5": 1858.2132646276596,
    "epoch6": 1832.6271609042553,
    "epoch7": 1798.1761968085107,
    "epoch8": 1764.388796542553,
    "epoch9": 1722.118517287234,
    "epoch10": 1700.9727393617022,
    "epoch11": 1680.189494680851,
    "epoch12": 1661.5009973404256,
    "epoch13": 1640.106715425532,
    "epoch14": 1624.2365359042553,
    "epoch15": 1613.2749335106382,
    "epoch16": 1598.5603390957447,
    "epoch17": 1600.4145611702127,
    "epoch18": 1598.7144281914893,
    "epoch19": 1581.016289893617,
    "epoch20": 1578.185671542553,
    "epoch21": 1586.682347074468,
    "epoch22": 1568.703125,
    "epoch23": 1577.3641954787233,
    "epoch24": 1563.4418218085107,
    "epoch25": 1561.2993683510638,
    "epoch26": 1545.596409574468,
    "epoch27": 1540.568982712766,
    "epoch28": 1553.079953457447,
    "epoch29": 1553.1017287234042,
    "epoch30": 1530.3851396276596,
    "epoch31": 1527.5842752659576,
    "epoch32": 1526.7036236702127,
    "epoch33": 1520.7627992021276,
    "epoch34": 1529.685505319149,
    "epoch35": 1510.248171542553,
    "epoch36": 1528.268284574468,
    "epoch37": 1514.720079787234,
    "epoch38": 1510.021609042553,
    "epoch39": 1493.2396941489362,
    "epoch40": 1504.5831117021276,
    "epoch41": 1492.5242686170213,
    "epoch42": 1499.0398936170213,
    "epoch43": 1486.5708111702127,
    "epoch44": 1486.2257313829787,
    "epoch45": 1477.2149268617022,
    "epoch46": 1489.9767287234042,
    "epoch47": 1471.3344414893618,
    "epoch48": 1476.5503656914893,
    "epoch49": 1469.373171542553,
    "epoch50": 1474.4900265957447,
    "epoch51": 1457.329953457447,
    "epoch52": 1457.4115691489362,
    "epoch53": 1455.231715425532,
    "epoch54": 1456.1800199468084,
    "epoch55": 1447.1131981382978,
    "epoch56": 1467.8356050531916,
    "epoch57": 1437.915890957447,
    "epoch58": 1441.9266954787233,
    "epoch59": 1443.2318816489362,
    "epoch60": 1434.529421542553,
    "epoch61": 1439.587765957447,
    "epoch62": 1425.3916223404256,
    "epoch63": 1420.365192819149,
    "epoch64": 1432.3324468085107,
    "epoch65": 1422.2130984042553,
    "epoch66": 1424.6356382978724,
    "epoch67": 1426.334109042553,
    "epoch68": 1421.237533244681,
    "epoch69": 1407.652925531915,
    "epoch70": 1410.4704122340424,
    "epoch71": 1407.4313497340424,
    "epoch72": 1405.3936170212767,
    "epoch73": 1401.4168882978724,
    "epoch74": 1403.5079787234042,
    "epoch75": 1397.703125,
    "epoch76": 1394.6708776595744,
    "epoch77": 1388.3448304521276,
    "epoch78": 1395.6677194148936,
    "epoch79": 1386.8083444148936,
    "epoch80": 1380.998088430851,
    "epoch81": 1401.440824468085,
    "epoch82": 1384.2960438829787,
    "epoch83": 1375.8585438829787,
    "epoch84": 1392.3407579787233,
    "epoch85": 1379.8081781914893,
    "epoch86": 1384.2068650265958,
    "epoch87": 1368.4444813829787,
    "epoch88": 1382.1404587765958,
    "epoch89": 1373.593085106383,
    "epoch90": 1369.5326628989362,
    "epoch91": 1368.4852061170213,
    "epoch92": 1368.7692819148936,
    "epoch93": 1362.2528257978724,
    "epoch94": 1366.3710106382978,
    "epoch95": 1363.6586602393618,
    "epoch96": 1355.427609707447,
    "epoch97": 1361.5388962765958,
    "epoch98": 1357.882147606383,
    "epoch99": 1353.1924035904256,
    "epoch100": 1348.193484042553
}