{
    "epoch1": 128.49790602463943,
    "epoch2": 53.83114389272836,
    "epoch3": 53.19149076021635,
    "epoch4": 51.86706073467548,
    "epoch5": 50.32508732722356,
    "epoch6": 49.07308725210336,
    "epoch7": 47.18487079326923,
    "epoch8": 45.1212392953726,
    "epoch9": 43.4933096078726,
    "epoch10": 41.88782207782452,
    "epoch11": 38.82264592097356,
    "epoch12": 37.31644850510817,
    "epoch13": 36.05999990609976,
    "epoch14": 33.83109694260817,
    "epoch15": 32.729766845703125,
    "epoch16": 31.549478384164665,
    "epoch17": 31.304091233473557,
    "epoch18": 30.69487586388221,
    "epoch19": 30.633087158203125,
    "epoch20": 30.67699021559495,
    "epoch21": 29.635150615985577,
    "epoch22": 29.924825815054085,
    "epoch23": 29.313748873197117,
    "epoch24": 29.33521681565505,
    "epoch25": 29.19816471980168,
    "epoch26": 29.124058650090145,
    "epoch27": 28.8977778508113,
    "epoch28": 29.253150353064903,
    "epoch29": 28.94031231219952,
    "epoch30": 28.973736102764423,
    "epoch31": 28.572537935697117,
    "epoch32": 28.446810208834133,
    "epoch33": 28.638711782602165,
    "epoch34": 28.040858342097355,
    "epoch35": 27.969482421875,
    "epoch36": 27.759486271784855,
    "epoch37": 27.812596247746395,
    "epoch38": 28.281465970552883,
    "epoch39": 27.885540301983173,
    "epoch40": 27.56218778170072,
    "epoch41": 27.487623948317307,
    "epoch42": 27.581521841195915,
    "epoch43": 27.7993657038762,
    "epoch44": 27.189051701472355,
    "epoch45": 27.689467210036057,
    "epoch46": 27.299269456129807,
    "epoch47": 26.849276029146633,
    "epoch48": 27.04119873046875,
    "epoch49": 26.57976825420673,
    "epoch50": 27.842677189753605,
    "epoch51": 26.861248309795673,
    "epoch52": 26.65147282527043,
    "epoch53": 26.93834510216346,
    "epoch54": 26.33002647986779,
    "epoch55": 26.65990741436298,
    "epoch56": 26.181680532602165,
    "epoch57": 26.082594651442307,
    "epoch58": 27.0427973820613,
    "epoch59": 25.90294705904447,
    "epoch60": 25.912522536057693,
    "epoch61": 26.38830331655649,
    "epoch62": 25.86028817983774,
    "epoch63": 25.780789888822117,
    "epoch64": 25.88960383488582,
    "epoch65": 25.569993239182693,
    "epoch66": 27.33703143780048,
    "epoch67": 25.86039616511418,
    "epoch68": 25.905480018028847,
    "epoch69": 25.928558349609375,
    "epoch70": 25.5047114445613,
    "epoch71": 25.502713716947117,
    "epoch72": 25.78259746844952,
    "epoch73": 25.286207932692307,
    "epoch74": 25.824610783503605,
    "epoch75": 25.72019841120793,
    "epoch76": 25.95044180063101,
    "epoch77": 25.13173029972957,
    "epoch78": 25.064049353966347,
    "epoch79": 25.125319260817307,
    "epoch80": 25.545062725360577,
    "epoch81": 24.92457697941707,
    "epoch82": 24.795546311598557,
    "epoch83": 25.30920175405649,
    "epoch84": 24.800152118389423,
    "epoch85": 24.817274827223557,
    "epoch86": 24.67822969876803,
    "epoch87": 24.67595731295072,
    "epoch88": 24.584082970252403,
    "epoch89": 24.84095881535457,
    "epoch90": 24.44275371844952,
    "epoch91": 24.72028292142428,
    "epoch92": 24.65863976111779,
    "epoch93": 24.304358849158653,
    "epoch94": 24.65021690955529,
    "epoch95": 24.299729567307693,
    "epoch96": 24.97108107346755,
    "epoch97": 24.188734788161057,
    "epoch98": 24.604454627403847,
    "epoch99": 24.333153357872597,
    "epoch100": 24.96549870417668
}