{
    "epoch1": 0.00014831507782218977,
    "epoch2": 0.00013141736562829464,
    "epoch3": 0.00011943192701437511,
    "epoch4": 0.0001110618888924364,
    "epoch5": 0.00010587223529000767,
    "epoch6": 0.00010287883167620749,
    "epoch7": 0.00010122309744474478,
    "epoch8": 0.0001004872375051491,
    "epoch9": 0.00010045355622423813,
    "epoch10": 0.00010073794241179713,
    "epoch11": 0.00010116381803527474,
    "epoch12": 0.00010167484026169405,
    "epoch13": 0.00010215958260232582,
    "epoch14": 0.00010268946149153634,
    "epoch15": 0.00010307531294529327,
    "epoch16": 0.00010323228241759352,
    "epoch17": 0.00010334846039768309,
    "epoch18": 0.00010382221473264507,
    "epoch19": 0.00010371701006079093,
    "epoch20": 0.00010427127708680927,
    "epoch21": 0.00010430998023366555,
    "epoch22": 0.0001042122313810978,
    "epoch23": 0.00010443029896123335,
    "epoch24": 0.00010433557239593939,
    "epoch25": 0.00010443295206641779,
    "epoch26": 0.00010441360296681524,
    "epoch27": 0.00010468741646036506,
    "epoch28": 0.00010456248273840174,
    "epoch29": 0.00010444393032230437,
    "epoch30": 0.00010468422959093005
}