{
    "epoch1": 126.780283203125,
    "epoch2": 97.858447265625,
    "epoch3": 81.4813427734375,
    "epoch4": 73.7577783203125,
    "epoch5": 71.4594873046875,
    "epoch6": 71.104541015625,
    "epoch7": 72.2145458984375,
    "epoch8": 73.870556640625,
    "epoch9": 74.7542041015625,
    "epoch10": 75.9466455078125,
    "epoch11": 76.782353515625,
    "epoch12": 77.6113623046875,
    "epoch13": 78.2003955078125,
    "epoch14": 78.774130859375,
    "epoch15": 79.2083203125,
    "epoch16": 79.5532568359375,
    "epoch17": 79.55578125,
    "epoch18": 79.952890625,
    "epoch19": 79.9116162109375,
    "epoch20": 80.1355078125,
    "epoch21": 80.3687451171875,
    "epoch22": 80.480673828125,
    "epoch23": 80.314921875,
    "epoch24": 80.5256396484375,
    "epoch25": 80.271767578125,
    "epoch26": 80.2607470703125,
    "epoch27": 80.480966796875,
    "epoch28": 80.3998779296875,
    "epoch29": 80.5253173828125,
    "epoch30": 80.4748974609375
}