{
    "epoch1": 39.51155512383644,
    "epoch2": 31.84943535987367,
    "epoch3": 29.927864237034573,
    "epoch4": 29.141679479720743,
    "epoch5": 28.159901720412233,
    "epoch6": 28.881615172041222,
    "epoch7": 28.15177235704787,
    "epoch8": 26.868782205784573,
    "epoch9": 26.851656000664892,
    "epoch10": 26.874935068982712,
    "epoch11": 26.2145087059508,
    "epoch12": 25.66927775930851,
    "epoch13": 25.513817320478722,
    "epoch14": 26.82878729637633,
    "epoch15": 25.437284429022608,
    "epoch16": 24.97074208361037,
    "epoch17": 24.5936590965758,
    "epoch18": 24.2647393409242,
    "epoch19": 24.4341729346742,
    "epoch20": 24.11360850232713,
    "epoch21": 24.08254030917553,
    "epoch22": 25.76045908826463,
    "epoch23": 23.61619275681516,
    "epoch24": 23.452904234541222,
    "epoch25": 23.79505952875665,
    "epoch26": 23.68895185754654,
    "epoch27": 23.4189764793883,
    "epoch28": 23.87808811918218,
    "epoch29": 23.20033556349734,
    "epoch30": 23.02169215425532,
    "epoch31": 23.77573605801197,
    "epoch32": 23.03529909823803,
    "epoch33": 23.924259266954788,
    "epoch34": 22.897889482214097,
    "epoch35": 22.74046033494016,
    "epoch36": 22.608162088597073,
    "epoch37": 22.660164041722073,
    "epoch38": 23.0250244140625,
    "epoch39": 22.987748815658243,
    "epoch40": 23.090534616023938,
    "epoch41": 22.529094290226062,
    "epoch42": 22.46798381399601,
    "epoch43": 22.46102580618351,
    "epoch44": 22.46927464261968,
    "epoch45": 22.247917012965427,
    "epoch46": 22.127690741356382,
    "epoch47": 22.583561024767288,
    "epoch48": 22.469669423204788,
    "epoch49": 22.087046521775267,
    "epoch50": 22.00357640043218,
    "epoch51": 23.01058375581782,
    "epoch52": 24.267113218916222,
    "epoch53": 22.03324208361037,
    "epoch54": 22.004804895279257,
    "epoch55": 22.32798994348404,
    "epoch56": 21.993049783909573,
    "epoch57": 21.78211098528923,
    "epoch58": 21.6737969581117,
    "epoch59": 21.934315782912233,
    "epoch60": 21.83753999750665,
    "epoch61": 21.81785291306516,
    "epoch62": 21.51966890375665,
    "epoch63": 21.877080389793882,
    "epoch64": 21.88063601230053,
    "epoch65": 21.571852663730052,
    "epoch66": 22.52437510388963,
    "epoch67": 22.284034242021278,
    "epoch68": 21.81654390375665,
    "epoch69": 22.851970266788562,
    "epoch70": 24.00704111951463,
    "epoch71": 22.43272107712766,
    "epoch72": 21.235712578956118,
    "epoch73": 21.38954195063165,
    "epoch74": 21.37490520071476,
    "epoch75": 22.05533161569149,
    "epoch76": 21.371397627160903,
    "epoch77": 21.223188684341757,
    "epoch78": 22.2276299659242,
    "epoch79": 21.48805269281915,
    "epoch80": 22.820218999335108,
    "epoch81": 21.25864621426197,
    "epoch82": 21.16456896193484,
    "epoch83": 20.80832883144947,
    "epoch84": 21.10840103474069,
    "epoch85": 20.957645497423538,
    "epoch86": 21.101149538730052,
    "epoch87": 22.40291774019282,
    "epoch88": 21.216309892370347,
    "epoch89": 21.655256555435507,
    "epoch90": 21.0395819481383,
    "epoch91": 20.84678877160904,
    "epoch92": 21.018330026180188,
    "epoch93": 20.94526964552859,
    "epoch94": 20.90281904504654,
    "epoch95": 20.959821985123007,
    "epoch96": 21.00350627493351,
    "epoch97": 21.302936959773938,
    "epoch98": 20.642185941655587,
    "epoch99": 21.122802734375,
    "epoch100": 21.86432793799867
}