{
    "epoch1": 81.52939860026042,
    "epoch2": 78.83350626627605,
    "epoch3": 75.82760111490886,
    "epoch4": 72.60955810546875,
    "epoch5": 69.38971455891927,
    "epoch6": 64.6010030110677,
    "epoch7": 57.976837158203125,
    "epoch8": 55.45386759440104,
    "epoch9": 53.284149169921875,
    "epoch10": 52.699798583984375,
    "epoch11": 51.59089660644531,
    "epoch12": 51.851786295572914,
    "epoch13": 50.658203125,
    "epoch14": 50.859598795572914,
    "epoch15": 49.97724914550781,
    "epoch16": 49.31029764811198,
    "epoch17": 49.027425130208336,
    "epoch18": 48.058807373046875,
    "epoch19": 47.212799072265625,
    "epoch20": 46.46595764160156,
    "epoch21": 45.81988016764323,
    "epoch22": 44.987996419270836,
    "epoch23": 43.79051717122396,
    "epoch24": 43.13280741373698,
    "epoch25": 42.19141387939453,
    "epoch26": 41.114949544270836,
    "epoch27": 40.49420420328776,
    "epoch28": 39.8565419514974,
    "epoch29": 39.02949523925781,
    "epoch30": 38.864000956217446
}