{
    "epoch1": 2603.8565,
    "epoch2": 2179.20775,
    "epoch3": 2106.26625,
    "epoch4": 2055.056125,
    "epoch5": 1971.646,
    "epoch6": 1919.551,
    "epoch7": 1883.004375,
    "epoch8": 1859.1035,
    "epoch9": 1835.83425,
    "epoch10": 1790.52225,
    "epoch11": 1775.110875,
    "epoch12": 1749.662875,
    "epoch13": 1726.861625,
    "epoch14": 1706.73675,
    "epoch15": 1693.938125,
    "epoch16": 1705.27275,
    "epoch17": 1675.1035,
    "epoch18": 1676.033125,
    "epoch19": 1670.47625,
    "epoch20": 1655.00025,
    "epoch21": 1643.454875,
    "epoch22": 1634.757875,
    "epoch23": 1628.916375,
    "epoch24": 1621.141,
    "epoch25": 1615.739,
    "epoch26": 1611.096125,
    "epoch27": 1604.6765,
    "epoch28": 1601.732875,
    "epoch29": 1594.491875,
    "epoch30": 1597.917875
}