{
    "epoch1": 0.040282896616392665,
    "epoch2": 0.031181580904457305,
    "epoch3": 0.027898359008961253,
    "epoch4": 0.025158582876125973,
    "epoch5": 0.022370130755007267,
    "epoch6": 0.019795041531324387,
    "epoch7": 0.01730942850311597,
    "epoch8": 0.014882668128444089,
    "epoch9": 0.012816851130790181,
    "epoch10": 0.011076085010750426,
    "epoch11": 0.00984496483579278,
    "epoch12": 0.008887937913338343,
    "epoch13": 0.008144357707351446,
    "epoch14": 0.00751799267406265,
    "epoch15": 0.006994943470797605,
    "epoch16": 0.006462800290642513,
    "epoch17": 0.0060061864658362335,
    "epoch18": 0.005580402341567808,
    "epoch19": 0.005217095241985387,
    "epoch20": 0.004872667137533426,
    "epoch21": 0.004545692535531189,
    "epoch22": 0.004242102201614115,
    "epoch23": 0.0040145860984921455,
    "epoch24": 0.0037201441462255186,
    "epoch25": 0.0035077450512391,
    "epoch26": 0.003254090306452579,
    "epoch27": 0.0030625949148088694,
    "epoch28": 0.0029340965104185874,
    "epoch29": 0.0027014528815117148,
    "epoch30": 0.0025233537243265244
}