{
    "epoch1": 105.38152581292229,
    "epoch2": 85.53130938555744,
    "epoch3": 81.6207374366554,
    "epoch4": 79.58559438344595,
    "epoch5": 77.48336544552365,
    "epoch6": 75.13328758445945,
    "epoch7": 72.32456846494932,
    "epoch8": 70.21920528927365,
    "epoch9": 66.07146062077703,
    "epoch10": 63.53567092483108,
    "epoch11": 61.653993348817565,
    "epoch12": 60.646728515625,
    "epoch13": 58.7822265625,
    "epoch14": 58.71071975295608,
    "epoch15": 58.070959142736484,
    "epoch16": 57.55156645903716,
    "epoch17": 55.61664643158784,
    "epoch18": 54.257261533994935,
    "epoch19": 53.11454484269426,
    "epoch20": 52.1758934227196,
    "epoch21": 51.2678783519848,
    "epoch22": 50.60625395903716,
    "epoch23": 49.975496859163854,
    "epoch24": 49.300880225929056,
    "epoch25": 48.66054885451858,
    "epoch26": 48.21801427892736,
    "epoch27": 47.374993401604726,
    "epoch28": 46.799415382179056,
    "epoch29": 47.11483847128378,
    "epoch30": 45.2639259132179
}