{
    "epoch1": 93.09786648220486,
    "epoch2": 84.97013346354167,
    "epoch3": 83.19297960069444,
    "epoch4": 81.39046223958333,
    "epoch5": 79.08536105685764,
    "epoch6": 76.90725368923611,
    "epoch7": 74.32035997178819,
    "epoch8": 69.90907796223958,
    "epoch9": 67.01445176866319,
    "epoch10": 63.41956922743056,
    "epoch11": 62.203389485677086,
    "epoch12": 60.18254258897569,
    "epoch13": 59.83525254991319,
    "epoch14": 60.55265977647569,
    "epoch15": 59.903788248697914,
    "epoch16": 58.493916829427086,
    "epoch17": 58.082539876302086,
    "epoch18": 57.18274603949653,
    "epoch19": 56.506062825520836,
    "epoch20": 55.16412353515625,
    "epoch21": 55.17730712890625,
    "epoch22": 54.27546183268229,
    "epoch23": 54.240763346354164,
    "epoch24": 53.10259331597222,
    "epoch25": 53.87114800347222,
    "epoch26": 52.12658013237847,
    "epoch27": 52.343044704861114,
    "epoch28": 50.32483249240451,
    "epoch29": 51.40296427408854,
    "epoch30": 50.303978814019096
}