{
    "epoch1": 0.3068452427784602,
    "epoch2": 0.6520833390809241,
    "epoch3": 0.7135912760027817,
    "epoch4": 0.7874008014443374,
    "epoch5": 0.7872023866290138,
    "epoch6": 0.8157738152714002,
    "epoch7": 0.8300595308343569,
    "epoch8": 0.8201388954406693,
    "epoch9": 0.8578373069564501,
    "epoch10": 0.8536706400059518,
    "epoch11": 0.8675595277122089,
    "epoch12": 0.8784722263614336,
    "epoch13": 0.8792658763982001,
    "epoch14": 0.8784722263614336,
    "epoch15": 0.8802579403633163,
    "epoch16": 0.8867063529434658,
    "epoch17": 0.8883928603359631,
    "epoch18": 0.8896825427100772,
    "epoch19": 0.8891865117918878,
    "epoch20": 0.9000992090219543,
    "epoch21": 0.888988098573117,
    "epoch22": 0.9065476216021038,
    "epoch23": 0.9105158753338314,
    "epoch24": 0.901587304614839,
    "epoch25": 0.8999007958031836,
    "epoch26": 0.9075396848576409,
    "epoch27": 0.9115079385893685,
    "epoch28": 0.9174603195417494,
    "epoch29": 0.914484129065559,
    "epoch30": 0.9139880974377904,
    "epoch31": 0.9162698430674416,
    "epoch32": 0.9070436532298723,
    "epoch33": 0.9125000018449057,
    "epoch34": 0.9202380967991692,
    "epoch35": 0.9154761930306753,
    "epoch36": 0.9033730179071426,
    "epoch37": 0.92043651001794,
    "epoch38": 0.9172619063229788,
    "epoch39": 0.9113095253705978,
    "epoch40": 0.9098214304872921,
    "epoch41": 0.9167658746952102,
    "epoch42": 0.917956351169518,
    "epoch43": 0.9207341284269378,
    "epoch44": 0.9232142872753597,
    "epoch45": 0.9167658746952102,
    "epoch46": 0.9108134944524083,
    "epoch47": 0.9273809542258581,
    "epoch48": 0.9303571447020486,
    "epoch49": 0.9330357167692411,
    "epoch50": 0.9177579386603265
}