{
    "epoch1": 0.11775000157952309,
    "epoch2": 0.4484523875117302,
    "epoch3": 0.6214000070989132,
    "epoch4": 0.7161309608519077,
    "epoch5": 0.7587500080466271,
    "epoch6": 0.8076166731119155,
    "epoch7": 0.8258166726529598,
    "epoch8": 0.8391142918169499,
    "epoch9": 0.8606000056266785,
    "epoch10": 0.8648000058531761,
    "epoch11": 0.8696666718125343,
    "epoch12": 0.8805166715979577,
    "epoch13": 0.887680957019329,
    "epoch14": 0.8928357184827328,
    "epoch15": 0.9004309567809105,
    "epoch16": 0.8989666713476181,
    "epoch17": 0.9048142899274826,
    "epoch18": 0.9140833383798599,
    "epoch19": 0.9081142907142639,
    "epoch20": 0.9173500032424927,
    "epoch21": 0.9221833370923996,
    "epoch22": 0.9240857175588608,
    "epoch23": 0.9210333366990089,
    "epoch24": 0.9264476224184036,
    "epoch25": 0.9343000026345253,
    "epoch26": 0.9338000029921532,
    "epoch27": 0.9394000033140183,
    "epoch28": 0.9380500020682812,
    "epoch29": 0.9398166691064834,
    "epoch30": 0.944366669356823,
    "epoch31": 0.9425166692733765,
    "epoch32": 0.9411000024080276,
    "epoch33": 0.9500333359241485,
    "epoch34": 0.9519833354949951,
    "epoch35": 0.9591666685342789,
    "epoch36": 0.9578666681051254,
    "epoch37": 0.9562333356142044,
    "epoch38": 0.9609642874598503,
    "epoch39": 0.9621666686534882,
    "epoch40": 0.9592833353281021,
    "epoch41": 0.9581333351135254,
    "epoch42": 0.9651666687726974,
    "epoch43": 0.9576333352327346,
    "epoch44": 0.9696333349943161,
    "epoch45": 0.9689166678786277,
    "epoch46": 0.9735166677236557,
    "epoch47": 0.9704000014662743,
    "epoch48": 0.9741666679382324,
    "epoch49": 0.9738333345651626,
    "epoch50": 0.9728333346843719
}