{
    "epoch1": 0.0008654959534760564,
    "epoch2": 0.0008129561529494822,
    "epoch3": 0.0007627600186970085,
    "epoch4": 0.0007146092457696795,
    "epoch5": 0.0006685852305963636,
    "epoch6": 0.0006244053062982857,
    "epoch7": 0.0005821005324833095,
    "epoch8": 0.0005414765747264028,
    "epoch9": 0.0005025206529535353,
    "epoch10": 0.0004652892978629097,
    "epoch11": 0.00042996820819098504,
    "epoch12": 0.00039632630127016454,
    "epoch13": 0.000364378034719266,
    "epoch14": 0.0003341115970397368,
    "epoch15": 0.00030546420370228586,
    "epoch16": 0.00027837189729325475,
    "epoch17": 0.00025281315116444604,
    "epoch18": 0.00022876722709042952,
    "epoch19": 0.00020611381740309298,
    "epoch20": 0.00018497645010938867,
    "epoch21": 0.00016523280239198358,
    "epoch22": 0.00014689658550196328,
    "epoch23": 0.00012989726528758183,
    "epoch24": 0.00011419930320698768,
    "epoch25": 0.00010000043926993385,
    "epoch26": 8.703113460796886e-05,
    "epoch27": 7.528604932304006e-05,
    "epoch28": 6.487336657301057e-05,
    "epoch29": 5.557232128921896e-05,
    "epoch30": 4.737639126688009e-05
}