{
    "epoch1": 186.69515625,
    "epoch2": 186.32150390625,
    "epoch3": 185.93125,
    "epoch4": 185.52177734375,
    "epoch5": 185.092109375,
    "epoch6": 184.63828125,
    "epoch7": 184.15912109375,
    "epoch8": 183.6501953125,
    "epoch9": 183.1096875,
    "epoch10": 182.54671875,
    "epoch11": 181.9534765625,
    "epoch12": 181.31990234375,
    "epoch13": 180.6440234375,
    "epoch14": 179.9201171875,
    "epoch15": 179.15623046875,
    "epoch16": 178.33603515625,
    "epoch17": 177.467734375,
    "epoch18": 176.54115234375,
    "epoch19": 175.54859375,
    "epoch20": 174.4758203125,
    "epoch21": 173.3041015625,
    "epoch22": 172.03869140625,
    "epoch23": 170.6293359375,
    "epoch24": 169.061015625,
    "epoch25": 167.3396484375,
    "epoch26": 165.414140625,
    "epoch27": 163.26068359375,
    "epoch28": 160.830283203125,
    "epoch29": 157.893603515625,
    "epoch30": 155.112490234375
}