{
    "epoch1": 0.00012658855071640573,
    "epoch2": 7.439684733981267e-05,
    "epoch3": 5.073984296541312e-05,
    "epoch4": 4.2568107257466184e-05,
    "epoch5": 4.0418917396891626e-05,
    "epoch6": 3.971864616505627e-05,
    "epoch7": 3.921740150690312e-05,
    "epoch8": 3.8763767991440545e-05,
    "epoch9": 3.8372285035620735e-05,
    "epoch10": 3.804731660420657e-05,
    "epoch11": 3.778451750213208e-05,
    "epoch12": 3.757996570266187e-05,
    "epoch13": 3.742098085331236e-05,
    "epoch14": 3.7299328032986526e-05,
    "epoch15": 3.721157516110907e-05,
    "epoch16": 3.712172609448316e-05,
    "epoch17": 3.7054629272915915e-05,
    "epoch18": 3.6997384794631215e-05,
    "epoch19": 3.6944245695394786e-05,
    "epoch20": 3.690417214147601e-05,
    "epoch21": 3.685888136510584e-05,
    "epoch22": 3.6819928900285956e-05,
    "epoch23": 3.678810983819858e-05,
    "epoch24": 3.677000896959726e-05,
    "epoch25": 3.673029162359853e-05,
    "epoch26": 3.670636266406291e-05,
    "epoch27": 3.668252222814772e-05,
    "epoch28": 3.666174549584866e-05,
    "epoch29": 3.66409579107767e-05,
    "epoch30": 3.6623119834302995e-05
}