{
    "epoch1": 146.79068359375,
    "epoch2": 145.06138671875,
    "epoch3": 143.28396484375,
    "epoch4": 141.457919921875,
    "epoch5": 139.5787890625,
    "epoch6": 137.67265625,
    "epoch7": 135.634013671875,
    "epoch8": 133.48455078125,
    "epoch9": 131.24541015625,
    "epoch10": 129.026103515625,
    "epoch11": 126.796484375,
    "epoch12": 124.684375,
    "epoch13": 122.473466796875,
    "epoch14": 120.00720703125,
    "epoch15": 117.4889453125,
    "epoch16": 115.44013671875,
    "epoch17": 113.755419921875,
    "epoch18": 112.22669921875,
    "epoch19": 110.52859375,
    "epoch20": 109.172734375,
    "epoch21": 107.8154296875,
    "epoch22": 106.89736328125,
    "epoch23": 106.324404296875,
    "epoch24": 105.70486328125,
    "epoch25": 105.424306640625,
    "epoch26": 105.085517578125,
    "epoch27": 104.718974609375,
    "epoch28": 104.407939453125,
    "epoch29": 104.20908203125,
    "epoch30": 104.0179296875
}