{
    "epoch1": 6141.665898617512,
    "epoch2": 4488.348214285715,
    "epoch3": 3728.877880184332,
    "epoch4": 3441.9328917050693,
    "epoch5": 3166.216301843318,
    "epoch6": 2943.9821428571427,
    "epoch7": 2725.757776497696,
    "epoch8": 2510.50633640553,
    "epoch9": 2323.9173387096776,
    "epoch10": 2184.082949308756,
    "epoch11": 2063.976094470046,
    "epoch12": 1962.2488479262672,
    "epoch13": 1870.1807315668202,
    "epoch14": 1804.873271889401,
    "epoch15": 1741.1669066820277,
    "epoch16": 1686.70017281106,
    "epoch17": 1629.510512672811,
    "epoch18": 1587.669642857143,
    "epoch19": 1558.1813076036867,
    "epoch20": 1519.145017281106,
    "epoch21": 1488.0316820276498,
    "epoch22": 1447.14357718894,
    "epoch23": 1402.0885656682028,
    "epoch24": 1381.51224078341,
    "epoch25": 1336.4003456221199,
    "epoch26": 1318.2786578341013,
    "epoch27": 1271.278801843318,
    "epoch28": 1246.6283122119817,
    "epoch29": 1211.3038594470047,
    "epoch30": 1201.1962125576038
}