{
    "epoch1": 4938.5005787037035,
    "epoch2": 4034.004340277778,
    "epoch3": 3535.0578703703704,
    "epoch4": 3314.4973958333335,
    "epoch5": 3069.1018518518517,
    "epoch6": 2838.708912037037,
    "epoch7": 2649.0732060185187,
    "epoch8": 2456.870659722222,
    "epoch9": 2290.889178240741,
    "epoch10": 2131.8103298611113,
    "epoch11": 2024.637008101852,
    "epoch12": 1938.7566550925926,
    "epoch13": 1839.9545717592594,
    "epoch14": 1819.9798900462963,
    "epoch15": 1741.177806712963,
    "epoch16": 1692.3492476851852,
    "epoch17": 1657.2413194444443,
    "epoch18": 1674.9308449074074,
    "epoch19": 1548.2015335648148,
    "epoch20": 1533.9751157407406,
    "epoch21": 1482.2962962962963,
    "epoch22": 1444.6244212962963,
    "epoch23": 1415.3255208333333,
    "epoch24": 1354.0308159722222,
    "epoch25": 1366.1317997685185,
    "epoch26": 1304.283275462963,
    "epoch27": 1324.2407407407406,
    "epoch28": 1340.1212384259259,
    "epoch29": 1215.8003472222222,
    "epoch30": 1224.03125
}