{
    "epoch1": 0.059251245111227036,
    "epoch2": 0.05308005786859072,
    "epoch3": 0.04657738426556954,
    "epoch4": 0.03985508144474947,
    "epoch5": 0.03333656618801447,
    "epoch6": 0.028813774196001198,
    "epoch7": 0.026268092915415764,
    "epoch8": 0.025422171617929753,
    "epoch9": 0.024458654081592195,
    "epoch10": 0.024103066239219446,
    "epoch11": 0.023781223222613335,
    "epoch12": 0.023478181602863166,
    "epoch13": 0.023928663979929227,
    "epoch14": 0.02300775029624884,
    "epoch15": 0.022933474240394738,
    "epoch16": 0.022448669760846175,
    "epoch17": 0.02235221554740117,
    "epoch18": 0.02226965458920369,
    "epoch19": 0.021846181283203456,
    "epoch20": 0.0217500812588976,
    "epoch21": 0.021614727277595263,
    "epoch22": 0.021433325126194037,
    "epoch23": 0.02155232787705385,
    "epoch24": 0.021226405667570922,
    "epoch25": 0.021061804360495165,
    "epoch26": 0.020994585365630113,
    "epoch27": 0.020869381582507722,
    "epoch28": 0.021168625698639795,
    "epoch29": 0.02077973297295662,
    "epoch30": 0.020662851703281585,
    "epoch31": 0.020679794968320772,
    "epoch32": 0.02055007591843605,
    "epoch33": 0.020503230321292695,
    "epoch34": 0.020412873978225086,
    "epoch35": 0.02038351811755162,
    "epoch36": 0.020302882632957056,
    "epoch37": 0.020674936903210785,
    "epoch38": 0.020370007349321477,
    "epoch39": 0.0202278160275175,
    "epoch40": 0.020138296227042492,
    "epoch41": 0.020274325632132016,
    "epoch42": 0.019973694418485347,
    "epoch43": 0.019913181375998717,
    "epoch44": 0.020027422847656105,
    "epoch45": 0.020330541122418184,
    "epoch46": 0.019882088168882407,
    "epoch47": 0.02099339570850134,
    "epoch48": 0.019747493645319573,
    "epoch49": 0.01999691193206952,
    "epoch50": 0.01961670944897028,
    "epoch51": 0.019700727067314662,
    "epoch52": 0.019509553264539976,
    "epoch53": 0.019630242282381423,
    "epoch54": 0.019935296633495733,
    "epoch55": 0.01941197458654642,
    "epoch56": 0.019425754578640826,
    "epoch57": 0.019322773370032128,
    "epoch58": 0.019248983894403163,
    "epoch59": 0.019210245890113022,
    "epoch60": 0.019363873853133276,
    "epoch61": 0.01912075890084872,
    "epoch62": 0.01964046211483387,
    "epoch63": 0.019068341630582627,
    "epoch64": 0.019004736453867875,
    "epoch65": 0.019002890285964195,
    "epoch66": 0.019121501666422073,
    "epoch67": 0.018995366632365264,
    "epoch68": 0.01887462452913706,
    "epoch69": 0.0189664913341403,
    "epoch70": 0.018894750983096086,
    "epoch71": 0.018868070740539294,
    "epoch72": 0.018804535198097046,
    "epoch73": 0.01869858930317255,
    "epoch74": 0.01888665291838921,
    "epoch75": 0.018802390792048894,
    "epoch76": 0.01872895178026878,
    "epoch77": 0.019046773202717304,
    "epoch78": 0.01858273786134445,
    "epoch79": 0.018591689590651255,
    "epoch80": 0.01876502247670522,
    "epoch81": 0.018478804697784092,
    "epoch82": 0.018474899232387543,
    "epoch83": 0.018339302032612838,
    "epoch84": 0.01879661351155776,
    "epoch85": 0.0184077644147552,
    "epoch86": 0.018436563917650625,
    "epoch87": 0.018374425287430104,
    "epoch88": 0.018263479623083886,
    "epoch89": 0.018214910219495114,
    "epoch90": 0.018233492540625427,
    "epoch91": 0.01859756329884896,
    "epoch92": 0.01812825366281546,
    "epoch93": 0.018344462992480166,
    "epoch94": 0.018113348418130323,
    "epoch95": 0.018299496947572783,
    "epoch96": 0.018252455701048557,
    "epoch97": 0.017994982190430164,
    "epoch98": 0.018501966260373592,
    "epoch99": 0.017966347173429452,
    "epoch100": 0.017918851799689807
}