{
    "epoch1": 48.06904484675481,
    "epoch2": 46.54510028545673,
    "epoch3": 44.72490985576923,
    "epoch4": 42.30490347055289,
    "epoch5": 38.819305419921875,
    "epoch6": 35.748452993539665,
    "epoch7": 33.71260422926683,
    "epoch8": 32.69050950270433,
    "epoch9": 32.98114013671875,
    "epoch10": 32.998861459585335,
    "epoch11": 32.25282170222356,
    "epoch12": 32.20081270658053,
    "epoch13": 31.39221660907452,
    "epoch14": 31.482339712289665,
    "epoch15": 31.059185321514423,
    "epoch16": 31.539757361778847,
    "epoch17": 30.8656733586238,
    "epoch18": 30.55583777794471,
    "epoch19": 31.08934842623197,
    "epoch20": 30.55523446890024,
    "epoch21": 30.38269747220553,
    "epoch22": 30.35399451622596,
    "epoch23": 31.5272944523738,
    "epoch24": 30.069918118990383,
    "epoch25": 30.22631131685697,
    "epoch26": 30.397679255558895,
    "epoch27": 30.164632943960335,
    "epoch28": 31.166184645432693,
    "epoch29": 29.714768629807693,
    "epoch30": 30.135044978215145,
    "epoch31": 29.926025390625,
    "epoch32": 29.81377704326923,
    "epoch33": 29.62744375375601,
    "epoch34": 29.591641939603367,
    "epoch35": 29.639404296875,
    "epoch36": 29.706280048076923,
    "epoch37": 30.715374286358173,
    "epoch38": 29.15220994215745,
    "epoch39": 29.84240957406851,
    "epoch40": 29.722069373497597,
    "epoch41": 29.01170231745793,
    "epoch42": 29.126072810246395,
    "epoch43": 29.113973764272835,
    "epoch44": 28.875032865084133,
    "epoch45": 28.802696814903847,
    "epoch46": 29.517047588641827,
    "epoch47": 29.41948758638822,
    "epoch48": 28.8660395695613,
    "epoch49": 28.661661001352165,
    "epoch50": 28.764070951021633,
    "epoch51": 28.565828763521633,
    "epoch52": 28.775423490084133,
    "epoch53": 28.463902400090145,
    "epoch54": 28.35301091120793,
    "epoch55": 28.844808725210335,
    "epoch56": 28.34337674654447,
    "epoch57": 28.83025653545673,
    "epoch58": 28.313455434945915,
    "epoch59": 28.442234919621395,
    "epoch60": 29.0529057429387,
    "epoch61": 28.190216064453125,
    "epoch62": 29.566554142878605,
    "epoch63": 28.06165489783654,
    "epoch64": 28.25079110952524,
    "epoch65": 28.314589280348557,
    "epoch66": 27.85254375751202,
    "epoch67": 27.756993220402645,
    "epoch68": 27.844153771033653,
    "epoch69": 27.72254591721755,
    "epoch70": 27.712315486027645,
    "epoch71": 28.14776846078726,
    "epoch72": 27.740966796875,
    "epoch73": 27.672450138972355,
    "epoch74": 28.41327843299279,
    "epoch75": 27.534926194411057,
    "epoch76": 27.54973660982572,
    "epoch77": 27.46941669170673,
    "epoch78": 27.611905611478367,
    "epoch79": 27.301429161658653,
    "epoch80": 27.28166081355168,
    "epoch81": 27.23994563176082,
    "epoch82": 27.12720430814303,
    "epoch83": 27.43402334359976,
    "epoch84": 27.212918795072117,
    "epoch85": 27.043184720552883,
    "epoch86": 27.79936100886418,
    "epoch87": 27.71466299203726,
    "epoch88": 27.21723351111779,
    "epoch89": 27.07470937875601,
    "epoch90": 27.27544227013221,
    "epoch91": 27.00214327298678,
    "epoch92": 27.05566875751202,
    "epoch93": 26.78575721153846,
    "epoch94": 27.0746577336238,
    "epoch95": 26.78363506610577,
    "epoch96": 27.53827843299279,
    "epoch97": 26.637925368088943,
    "epoch98": 26.77673574594351,
    "epoch99": 26.557469294621395,
    "epoch100": 26.56280987079327
}