{
    "epoch1": 0.03004065425031715,
    "epoch2": 0.021915096789598465,
    "epoch3": 0.019223654125299718,
    "epoch4": 0.017607927322387695,
    "epoch5": 0.015928455731934972,
    "epoch6": 0.014244411554601457,
    "epoch7": 0.012676361430850294,
    "epoch8": 0.01130773639306426,
    "epoch9": 0.010144447286923727,
    "epoch10": 0.009159869876586728,
    "epoch11": 0.008380818491180738,
    "epoch12": 0.007683666060782141,
    "epoch13": 0.007151788773222102,
    "epoch14": 0.006682300112313694,
    "epoch15": 0.006240265236960517,
    "epoch16": 0.005860492173168395,
    "epoch17": 0.0055102686811652445,
    "epoch18": 0.005273761201856865,
    "epoch19": 0.004959689453244209,
    "epoch20": 0.004695119284507301,
    "epoch21": 0.004498918695996205,
    "epoch22": 0.004261990595195029,
    "epoch23": 0.00404109014198184,
    "epoch24": 0.0038175904450731147,
    "epoch25": 0.003629314946010709,
    "epoch26": 0.0034746629341195026,
    "epoch27": 0.0033031239484747252,
    "epoch28": 0.003164212348767453,
    "epoch29": 0.002977760405176216,
    "epoch30": 0.0028484391255511176
}