{
    "epoch1": 8393.643581081082,
    "epoch2": 5378.8230574324325,
    "epoch3": 5036.033361486487,
    "epoch4": 4943.513935810811,
    "epoch5": 4816.442989864865,
    "epoch6": 4646.2090371621625,
    "epoch7": 4495.45777027027,
    "epoch8": 4297.097128378378,
    "epoch9": 4111.220439189189,
    "epoch10": 4020.582347972973,
    "epoch11": 3942.211570945946,
    "epoch12": 3900.6013513513512,
    "epoch13": 3862.7335304054054,
    "epoch14": 3798.7470439189187,
    "epoch15": 3790.9248310810813,
    "epoch16": 3759.478462837838,
    "epoch17": 3696.904983108108,
    "epoch18": 3631.113175675676,
    "epoch19": 3603.540962837838,
    "epoch20": 3578.2880067567567,
    "epoch21": 3541.297508445946,
    "epoch22": 3527.9520692567567,
    "epoch23": 3456.9774070945946,
    "epoch24": 3396.5933277027025,
    "epoch25": 3383.1421030405404,
    "epoch26": 3320.0496199324325,
    "epoch27": 3274.516891891892,
    "epoch28": 3247.238175675676,
    "epoch29": 3229.391891891892,
    "epoch30": 3160.5532094594596
}