{
    "epoch1": 0.00010221600189652235,
    "epoch2": 0.00010086449941809405,
    "epoch3": 0.00010014258835326473,
    "epoch4": 9.972729752917075e-05,
    "epoch5": 9.94637581788993e-05,
    "epoch6": 9.927602776770073e-05,
    "epoch7": 9.909599971251737e-05,
    "epoch8": 9.892962791127502e-05,
    "epoch9": 9.878952243525419e-05,
    "epoch10": 9.866127342320397e-05,
    "epoch11": 9.852827904069272e-05,
    "epoch12": 9.840350036029122e-05,
    "epoch13": 9.82867687343969e-05,
    "epoch14": 9.816905931074871e-05,
    "epoch15": 9.806285791455594e-05,
    "epoch16": 9.795172622943938e-05,
    "epoch17": 9.78473130180646e-05,
    "epoch18": 9.774101510629408e-05,
    "epoch19": 9.764869317223201e-05,
    "epoch20": 9.756107400789916e-05,
    "epoch21": 9.745383773406502e-05,
    "epoch22": 9.736395885738602e-05,
    "epoch23": 9.72808647020429e-05,
    "epoch24": 9.719363312797213e-05,
    "epoch25": 9.710891426948365e-05,
    "epoch26": 9.702965872747882e-05,
    "epoch27": 9.696256744973653e-05,
    "epoch28": 9.686511813015385e-05,
    "epoch29": 9.678538879597908e-05,
    "epoch30": 9.671487683590385e-05
}