{
    "epoch1": 115.491826171875,
    "epoch2": 110.66005859375,
    "epoch3": 107.840087890625,
    "epoch4": 106.531064453125,
    "epoch5": 105.819990234375,
    "epoch6": 105.4423828125,
    "epoch7": 105.12068359375,
    "epoch8": 104.7829296875,
    "epoch9": 104.578681640625,
    "epoch10": 104.269794921875,
    "epoch11": 103.944248046875,
    "epoch12": 103.533037109375,
    "epoch13": 103.171884765625,
    "epoch14": 102.7445703125,
    "epoch15": 102.249521484375,
    "epoch16": 101.677138671875,
    "epoch17": 101.15255859375,
    "epoch18": 100.693916015625,
    "epoch19": 100.2394140625,
    "epoch20": 99.76,
    "epoch21": 99.35318359375,
    "epoch22": 98.949248046875,
    "epoch23": 98.505986328125,
    "epoch24": 98.09841796875,
    "epoch25": 97.710419921875,
    "epoch26": 97.3567578125,
    "epoch27": 96.974853515625,
    "epoch28": 96.799111328125,
    "epoch29": 96.47900390625,
    "epoch30": 96.13849609375
}