{
    "epoch1": 118.03673828125,
    "epoch2": 111.133134765625,
    "epoch3": 107.954326171875,
    "epoch4": 106.0241015625,
    "epoch5": 105.181806640625,
    "epoch6": 104.352080078125,
    "epoch7": 103.737451171875,
    "epoch8": 103.130556640625,
    "epoch9": 102.60787109375,
    "epoch10": 102.19048828125,
    "epoch11": 101.719140625,
    "epoch12": 101.32615234375,
    "epoch13": 101.0016796875,
    "epoch14": 100.689033203125,
    "epoch15": 100.301923828125,
    "epoch16": 100.04642578125,
    "epoch17": 99.652548828125,
    "epoch18": 99.389921875,
    "epoch19": 99.120341796875,
    "epoch20": 98.752734375,
    "epoch21": 98.475419921875,
    "epoch22": 98.24818359375,
    "epoch23": 98.009716796875,
    "epoch24": 97.743251953125,
    "epoch25": 97.441826171875,
    "epoch26": 97.1669921875,
    "epoch27": 96.912099609375,
    "epoch28": 96.784267578125,
    "epoch29": 96.624794921875,
    "epoch30": 96.28341796875
}