{
    "epoch1": 141.77766498766448,
    "epoch2": 140.6906609786184,
    "epoch3": 139.6048005756579,
    "epoch4": 138.49807257401315,
    "epoch5": 137.36818976151315,
    "epoch6": 136.18717876233552,
    "epoch7": 134.99888209292763,
    "epoch8": 133.77497944078948,
    "epoch9": 132.5159333881579,
    "epoch10": 131.23569849917763,
    "epoch11": 129.93926038240133,
    "epoch12": 128.59012643914474,
    "epoch13": 127.22157689144737,
    "epoch14": 125.82884457236842,
    "epoch15": 124.41383120888158,
    "epoch16": 122.97442948190789,
    "epoch17": 121.54677220394737,
    "epoch18": 120.05477744654605,
    "epoch19": 118.5316097861842,
    "epoch20": 117.01125616776316,
    "epoch21": 115.45511667351974,
    "epoch22": 113.865478515625,
    "epoch23": 112.29280170641448,
    "epoch24": 110.73005756578948,
    "epoch25": 109.12277703536184,
    "epoch26": 107.5835025185033,
    "epoch27": 106.04452354029605,
    "epoch28": 104.54998458059211,
    "epoch29": 103.09474583675987,
    "epoch30": 101.69175961143092
}