{
    "epoch1": 139.63184895833334,
    "epoch2": 138.51475260416666,
    "epoch3": 137.36850260416668,
    "epoch4": 136.2009375,
    "epoch5": 135.02110677083334,
    "epoch6": 133.81348958333334,
    "epoch7": 132.60111979166666,
    "epoch8": 131.32744791666667,
    "epoch9": 130.05415364583334,
    "epoch10": 128.7419140625,
    "epoch11": 127.38826822916667,
    "epoch12": 125.99537760416666,
    "epoch13": 124.59,
    "epoch14": 123.14627604166667,
    "epoch15": 121.66013020833333,
    "epoch16": 120.1555859375,
    "epoch17": 118.6363671875,
    "epoch18": 117.10421875,
    "epoch19": 115.53436197916666,
    "epoch20": 113.9610546875,
    "epoch21": 112.36658854166667,
    "epoch22": 110.81653645833333,
    "epoch23": 109.1694140625,
    "epoch24": 107.60081380208334,
    "epoch25": 105.93962239583334,
    "epoch26": 104.36940104166666,
    "epoch27": 102.81005859375,
    "epoch28": 101.28453125,
    "epoch29": 99.75738932291667,
    "epoch30": 98.23955078125
}