{
    "epoch1": 139.09180704752603,
    "epoch2": 119.946533203125,
    "epoch3": 106.61964925130208,
    "epoch4": 97.61013793945312,
    "epoch5": 90.83835856119792,
    "epoch6": 86.39732869466145,
    "epoch7": 83.61322021484375,
    "epoch8": 81.96042887369792,
    "epoch9": 81.2864278157552,
    "epoch10": 81.10931396484375,
    "epoch11": 80.99925740559895,
    "epoch12": 80.75535583496094,
    "epoch13": 80.42918395996094,
    "epoch14": 80.04703776041667,
    "epoch15": 79.71484375,
    "epoch16": 79.10096232096355,
    "epoch17": 78.60242716471355,
    "epoch18": 77.92001342773438,
    "epoch19": 77.61144002278645,
    "epoch20": 77.16094462076823,
    "epoch21": 76.47264607747395,
    "epoch22": 75.74915568033855,
    "epoch23": 75.26034545898438,
    "epoch24": 74.6246846516927,
    "epoch25": 74.12038167317708,
    "epoch26": 73.68649291992188,
    "epoch27": 72.28566487630208,
    "epoch28": 71.77879842122395,
    "epoch29": 71.33689371744792,
    "epoch30": 70.37696329752605
}