{
    "epoch1": 120.79326171875,
    "epoch2": 48.30321568080357,
    "epoch3": 47.58438895089286,
    "epoch4": 45.91480189732143,
    "epoch5": 44.35292271205357,
    "epoch6": 41.88329380580357,
    "epoch7": 39.80645577566964,
    "epoch8": 37.15733119419643,
    "epoch9": 35.473423549107146,
    "epoch10": 33.623681640625,
    "epoch11": 32.35768694196429,
    "epoch12": 31.913877650669644,
    "epoch13": 31.538678850446427,
    "epoch14": 31.29671107700893,
    "epoch15": 31.028620256696428,
    "epoch16": 30.833192661830356,
    "epoch17": 30.764170619419644,
    "epoch18": 30.378672572544644,
    "epoch19": 30.273936244419644,
    "epoch20": 30.034720284598215,
    "epoch21": 29.901838030133927,
    "epoch22": 29.922816685267858,
    "epoch23": 29.80233677455357,
    "epoch24": 29.5328369140625,
    "epoch25": 29.40076381138393,
    "epoch26": 29.296857561383927,
    "epoch27": 29.293359375,
    "epoch28": 29.357815987723214,
    "epoch29": 29.029828752790177,
    "epoch30": 29.078935895647323,
    "epoch31": 29.001553780691964,
    "epoch32": 28.86876220703125,
    "epoch33": 28.845315987723215,
    "epoch34": 28.727626255580358,
    "epoch35": 28.675737653459823,
    "epoch36": 28.638931710379463,
    "epoch37": 28.49374476841518,
    "epoch38": 28.941655622209822,
    "epoch39": 28.5627685546875,
    "epoch40": 28.412737165178573,
    "epoch41": 28.42317592075893,
    "epoch42": 28.33607177734375,
    "epoch43": 28.37445765904018,
    "epoch44": 28.45100795200893,
    "epoch45": 28.150631277901784,
    "epoch46": 28.156480189732143,
    "epoch47": 28.200552804129465,
    "epoch48": 28.23387451171875,
    "epoch49": 28.04671630859375,
    "epoch50": 27.813298688616072,
    "epoch51": 27.79238978794643,
    "epoch52": 27.839100864955356,
    "epoch53": 27.895016043526784,
    "epoch54": 27.634078543526787,
    "epoch55": 27.66454380580357,
    "epoch56": 27.54446498325893,
    "epoch57": 27.432552664620534,
    "epoch58": 27.504713657924107,
    "epoch59": 27.70000523158482,
    "epoch60": 27.22958461216518,
    "epoch61": 27.215122767857142,
    "epoch62": 27.179945591517857,
    "epoch63": 27.19207066127232,
    "epoch64": 27.284817940848214,
    "epoch65": 27.301042829241073,
    "epoch66": 27.232622419084823,
    "epoch67": 27.054000418526787,
    "epoch68": 26.90525076729911,
    "epoch69": 27.193404715401787,
    "epoch70": 26.96625453404018,
    "epoch71": 27.547372000558035,
    "epoch72": 27.08783656529018,
    "epoch73": 26.663896833147323,
    "epoch74": 26.662158203125,
    "epoch75": 26.918116978236608,
    "epoch76": 26.7519287109375,
    "epoch77": 26.686551339285714,
    "epoch78": 26.388828822544642,
    "epoch79": 26.665572684151787,
    "epoch80": 26.627851213727677,
    "epoch81": 26.701051548549106,
    "epoch82": 26.58208530970982,
    "epoch83": 26.30300816127232,
    "epoch84": 26.24453125,
    "epoch85": 26.3892822265625,
    "epoch86": 26.245724051339284,
    "epoch87": 26.2814208984375,
    "epoch88": 26.226841517857142,
    "epoch89": 26.136500767299108,
    "epoch90": 26.003719656808034,
    "epoch91": 26.272923060825892,
    "epoch92": 26.0112060546875,
    "epoch93": 26.154131208147323,
    "epoch94": 25.985348074776784,
    "epoch95": 25.732005092075894,
    "epoch96": 25.958326939174107,
    "epoch97": 25.71693812779018,
    "epoch98": 25.367372349330356,
    "epoch99": 25.756558663504464,
    "epoch100": 25.434054129464286
}