{
    "epoch1": 0.20503190053360804,
    "epoch2": 0.1428505325956004,
    "epoch3": 0.20059030609471457,
    "epoch4": 0.2180130034685135,
    "epoch5": 0.24530332216194697,
    "epoch6": 0.24293063368116105,
    "epoch7": 0.24655832137380326,
    "epoch8": 0.30139195706163135,
    "epoch9": 0.27752947168690817,
    "epoch10": 0.3104095884731838,
    "epoch11": 0.30974418989249636,
    "epoch12": 0.28067382318632944,
    "epoch13": 0.32279322828565327,
    "epoch14": 0.30744210311344694,
    "epoch15": 0.3192827616419111,
    "epoch16": 0.3375693325485502,
    "epoch17": 0.3083905705383846,
    "epoch18": 0.28316076951367514,
    "epoch19": 0.3480432629585266,
    "epoch20": 0.29069332778453827
}