{
    "epoch1": 0.01979616944919582,
    "epoch2": 0.00960879431416591,
    "epoch3": 0.005968216108158231,
    "epoch4": 0.004051787744241732,
    "epoch5": 0.0028285770461446156,
    "epoch6": 0.0019402502997157474,
    "epoch7": 0.0013380170987349832,
    "epoch8": 0.0009683633645720504,
    "epoch9": 0.0007488749542972073,
    "epoch10": 0.0005979833831251772,
    "epoch11": 0.0005058455372582776,
    "epoch12": 0.0004291139746244341,
    "epoch13": 0.0003824334346939361,
    "epoch14": 0.0003272713047745465,
    "epoch15": 0.0002915522631223279,
    "epoch16": 0.000259798387425555,
    "epoch17": 0.00023461467288951907,
    "epoch18": 0.00021474321544735208,
    "epoch19": 0.00019445394179826877,
    "epoch20": 0.0001782638301611533,
    "epoch21": 0.0001652911635540443,
    "epoch22": 0.00015646945333476955,
    "epoch23": 0.0001471706475260564,
    "epoch24": 0.00014326296136628284,
    "epoch25": 0.0001300186218200165,
    "epoch26": 0.00012427290332400135,
    "epoch27": 0.0001186375241188755,
    "epoch28": 0.00011394716744285284,
    "epoch29": 0.00012714054645146934,
    "epoch30": 0.00011123925044861001
}