{
    "epoch1": 0.0016822568721752598,
    "epoch2": 0.0009203243562320936,
    "epoch3": 0.00037399839499685993,
    "epoch4": 8.654452387059335e-05,
    "epoch5": 2.557769792473197e-05,
    "epoch6": 2.189060562742214e-05,
    "epoch7": 1.907208548605097e-05,
    "epoch8": 1.684844751372834e-05,
    "epoch9": 1.5337818418906595e-05,
    "epoch10": 1.4344899951196258e-05,
    "epoch11": 1.3644331784802754e-05,
    "epoch12": 1.3132936048618022e-05,
    "epoch13": 1.2762433648947234e-05,
    "epoch14": 1.2483637096380889e-05,
    "epoch15": 1.2253999479059194e-05,
    "epoch16": 1.207334890041883e-05,
    "epoch17": 1.193648465451142e-05,
    "epoch18": 1.1803345629391334e-05,
    "epoch19": 1.1700406716230242e-05,
    "epoch20": 1.1609086747000596e-05,
    "epoch21": 1.1527828517083138e-05,
    "epoch22": 1.1462420679686608e-05,
    "epoch23": 1.1394250371254424e-05,
    "epoch24": 1.1340412898797079e-05,
    "epoch25": 1.1286695221669177e-05,
    "epoch26": 1.124228236001362e-05,
    "epoch27": 1.1202579253468827e-05,
    "epoch28": 1.117220483580069e-05,
    "epoch29": 1.1133850818454654e-05,
    "epoch30": 1.1103181450932091e-05
}