{
    "epoch1": 200.0,
    "epoch2": 200.0,
    "epoch3": 200.0,
    "epoch4": 199.82750252143217,
    "epoch5": 180.37407022188603,
    "epoch6": 155.34780005042865,
    "epoch7": 149.63105143721634,
    "epoch8": 145.16775403429148,
    "epoch9": 140.25088250126072,
    "epoch10": 136.45300680786687,
    "epoch11": 132.63935640443773,
    "epoch12": 128.99711611195158,
    "epoch13": 126.21287191124559,
    "epoch14": 123.68598714069591,
    "epoch15": 121.34118917044881,
    "epoch16": 119.2437121785174,
    "epoch17": 117.40976424609178,
    "epoch18": 115.837107602118,
    "epoch19": 114.23726676752395,
    "epoch20": 112.8966685577408,
    "epoch21": 111.65997699193142,
    "epoch22": 110.5058386913767,
    "epoch23": 109.21906517902168,
    "epoch24": 108.3549388552698,
    "epoch25": 107.24567416792738,
    "epoch26": 106.27773575390822,
    "epoch27": 105.4939170448815,
    "epoch28": 104.81487960161371,
    "epoch29": 104.10876040090771,
    "epoch30": 103.4579708774584
}