{
    "epoch0": {
        "layer1": {
            "max_length": 1.8890198469161987,
            "mean_length": 0.46332854213136615,
            "median_length": 0.3704626262187958,
            "stdev_length": 0.30078348540519817,
            "sum_length": 45.86952567100525,
            "ratio_2_1": 19.127679415544403,
            "ratio_3_1": 17.537808541046438,
            "h": 4.4211183085506995,
            "normh": 1.1556059360443198,
            "snr": Infinity,
            "mean_birth": 0.0,
            "stdev_birth": 0.0,
            "mean_death": 0.46332854213136615,
            "stdev_death": 0.30078348540519817
        },
        "layer2": {
            "max_length": 0.7326110005378723,
            "mean_length": 0.18403080418103873,
            "median_length": 0.14414772391319275,
            "stdev_length": 0.1186511731277737,
            "sum_length": 18.219049613922834,
            "ratio_2_1": 19.221994834763795,
            "ratio_3_1": 16.49870303970539,
            "h": 4.422804733650698,
            "normh": 1.5238084095821576,
            "snr": Infinity,
            "mean_birth": 0.0,
            "stdev_birth": 0.0,
            "mean_death": 0.18403080418103873,
            "stdev_death": 0.1186511731277737
        },
        "layer3": {
            "max_length": 0.0174083411693573,
            "mean_length": 0.0008631755757813502,
            "median_length": 0.00035657361149787903,
            "stdev_length": 0.0019969995003738784,
            "sum_length": 0.08545438200235367,
            "ratio_2_1": 1178.465306122449,
            "ratio_3_1": 858.8874635568513,
            "h": 3.577471227697356,
            "normh": -1.4543910454658748,
            "snr": Infinity,
            "mean_birth": 0.0,
            "stdev_birth": 0.0,
            "mean_death": 0.0008631755757813502,
            "stdev_death": 0.0019969995003738784
        }
    }
}