{
    "epoch1": 0.1104293242096901,
    "epoch2": 0.06528844963759184,
    "epoch3": 0.04836889170110226,
    "epoch4": 0.04819339606910944,
    "epoch5": 0.049358523450791836,
    "epoch6": 0.046897316351532936,
    "epoch7": 0.04431586805731058,
    "epoch8": 0.04317489638924599,
    "epoch9": 0.041964550036937,
    "epoch10": 0.04069328913465142,
    "epoch11": 0.03961010277271271,
    "epoch12": 0.03872026549652219,
    "epoch13": 0.037228208500891924,
    "epoch14": 0.03585906187072396,
    "epoch15": 0.034800078719854355,
    "epoch16": 0.033782786689698696,
    "epoch17": 0.031999033875763416,
    "epoch18": 0.03078200574964285,
    "epoch19": 0.029921348206698895,
    "epoch20": 0.028415572363883257,
    "epoch21": 0.027633302845060825,
    "epoch22": 0.026452258694916964,
    "epoch23": 0.026167685631662607,
    "epoch24": 0.025120193138718605,
    "epoch25": 0.024293843656778336,
    "epoch26": 0.02400020370259881,
    "epoch27": 0.023309984244406223,
    "epoch28": 0.023266231641173363,
    "epoch29": 0.02256586402654648,
    "epoch30": 0.0223753759637475,
    "epoch31": 0.022078924346715212,
    "epoch32": 0.022136402782052755,
    "epoch33": 0.02162867644801736,
    "epoch34": 0.021663138642907143,
    "epoch35": 0.021668814588338137,
    "epoch36": 0.021131619811058044,
    "epoch37": 0.020895614754408598,
    "epoch38": 0.021107768639922142,
    "epoch39": 0.020668418146669865,
    "epoch40": 0.020720765460282564,
    "epoch41": 0.020590759813785553,
    "epoch42": 0.02049629855901003,
    "epoch43": 0.020332345739006996,
    "epoch44": 0.020043355878442526,
    "epoch45": 0.020014595240354538,
    "epoch46": 0.019849594682455063,
    "epoch47": 0.01987655693665147,
    "epoch48": 0.019873093347996473,
    "epoch49": 0.019505199044942856,
    "epoch50": 0.019519242458045483,
    "epoch51": 0.01943771308287978,
    "epoch52": 0.01930545037612319,
    "epoch53": 0.019185503013432026,
    "epoch54": 0.019273770973086357,
    "epoch55": 0.018935990519821644,
    "epoch56": 0.01916363649070263,
    "epoch57": 0.018907015677541494,
    "epoch58": 0.0185596717055887,
    "epoch59": 0.018864713609218597,
    "epoch60": 0.018309646053239703,
    "epoch61": 0.01853047707118094,
    "epoch62": 0.018455549841746688,
    "epoch63": 0.018475537188351154,
    "epoch64": 0.018101454246789217,
    "epoch65": 0.018220867961645126,
    "epoch66": 0.018060544272884727,
    "epoch67": 0.017945561092346907,
    "epoch68": 0.017861004220321774,
    "epoch69": 0.018076382810249925,
    "epoch70": 0.01818917994387448,
    "epoch71": 0.017639305209740996,
    "epoch72": 0.01807870762422681,
    "epoch73": 0.017460691276937723,
    "epoch74": 0.01766642602160573,
    "epoch75": 0.017883245600387454,
    "epoch76": 0.017193592386320233,
    "epoch77": 0.017715982859954238,
    "epoch78": 0.01732024666853249,
    "epoch79": 0.017653298564255238,
    "epoch80": 0.017290261574089527,
    "epoch81": 0.01786650810390711,
    "epoch82": 0.017134425463154912,
    "epoch83": 0.017596697434782982,
    "epoch84": 0.017054720548912883,
    "epoch85": 0.017097925301641226,
    "epoch86": 0.01738287042826414,
    "epoch87": 0.017078722128644586,
    "epoch88": 0.01688359002582729,
    "epoch89": 0.01673667225986719,
    "epoch90": 0.016725755063816905,
    "epoch91": 0.017010106705129147,
    "epoch92": 0.016643745126202703,
    "epoch93": 0.016657850705087185,
    "epoch94": 0.016670435899868608,
    "epoch95": 0.016829685075208545,
    "epoch96": 0.016726676607504487,
    "epoch97": 0.016541675431653857,
    "epoch98": 0.016795875038951635,
    "epoch99": 0.016454563243314624,
    "epoch100": 0.01704042125493288
}