{
    "epoch1": 92.65196228027344,
    "epoch2": 55.189327239990234,
    "epoch3": 47.22509002685547,
    "epoch4": 48.535091400146484,
    "epoch5": 49.72767639160156,
    "epoch6": 48.5257453918457,
    "epoch7": 47.02861022949219,
    "epoch8": 46.74183654785156,
    "epoch9": 46.27424621582031,
    "epoch10": 45.65583419799805,
    "epoch11": 45.439754486083984,
    "epoch12": 45.32591247558594,
    "epoch13": 44.734806060791016,
    "epoch14": 44.20175552368164,
    "epoch15": 43.988800048828125,
    "epoch16": 43.9034538269043,
    "epoch17": 42.694435119628906,
    "epoch18": 42.2934684753418,
    "epoch19": 42.26966094970703,
    "epoch20": 41.21111297607422,
    "epoch21": 41.04804611206055,
    "epoch22": 40.14585876464844,
    "epoch23": 40.4676399230957,
    "epoch24": 39.540924072265625,
    "epoch25": 38.826812744140625,
    "epoch26": 38.80181121826172,
    "epoch27": 38.00082015991211,
    "epoch28": 38.22225570678711,
    "epoch29": 37.25181579589844,
    "epoch30": 37.05358123779297,
    "epoch31": 36.6925163269043,
    "epoch32": 36.940521240234375,
    "epoch33": 35.96766662597656,
    "epoch34": 36.12990188598633,
    "epoch35": 36.201847076416016,
    "epoch36": 35.35567855834961,
    "epoch37": 35.044410705566406,
    "epoch38": 35.67290496826172,
    "epoch39": 34.675994873046875,
    "epoch40": 34.848262786865234,
    "epoch41": 34.82929611206055,
    "epoch42": 34.55908203125,
    "epoch43": 34.502960205078125,
    "epoch44": 33.640830993652344,
    "epoch45": 33.956825256347656,
    "epoch46": 33.59421157836914,
    "epoch47": 33.66313171386719,
    "epoch48": 33.92243576049805,
    "epoch49": 32.949066162109375,
    "epoch50": 33.405914306640625,
    "epoch51": 32.93339157104492,
    "epoch52": 32.994537353515625,
    "epoch53": 32.77105712890625,
    "epoch54": 33.13251495361328,
    "epoch55": 32.34425354003906,
    "epoch56": 33.055057525634766,
    "epoch57": 32.69221496582031,
    "epoch58": 31.870759963989258,
    "epoch59": 32.825439453125,
    "epoch60": 31.427886962890625,
    "epoch61": 32.066471099853516,
    "epoch62": 31.998886108398438,
    "epoch63": 32.021148681640625,
    "epoch64": 31.427160263061523,
    "epoch65": 31.665815353393555,
    "epoch66": 31.438335418701172,
    "epoch67": 31.366823196411133,
    "epoch68": 31.163311004638672,
    "epoch69": 31.21103858947754,
    "epoch70": 31.888065338134766,
    "epoch71": 30.202730178833008,
    "epoch72": 32.028472900390625,
    "epoch73": 30.466758728027344,
    "epoch74": 30.911216735839844,
    "epoch75": 31.392614364624023,
    "epoch76": 30.08864974975586,
    "epoch77": 31.409931182861328,
    "epoch78": 30.099594116210938,
    "epoch79": 31.268970489501953,
    "epoch80": 30.126052856445312,
    "epoch81": 31.62067413330078,
    "epoch82": 29.605615615844727,
    "epoch83": 31.106735229492188,
    "epoch84": 29.77693748474121,
    "epoch85": 30.042848587036133,
    "epoch86": 30.658466339111328,
    "epoch87": 30.187129974365234,
    "epoch88": 29.482139587402344,
    "epoch89": 29.477298736572266,
    "epoch90": 29.30591583251953,
    "epoch91": 30.237396240234375,
    "epoch92": 28.70602798461914,
    "epoch93": 28.680423736572266,
    "epoch94": 29.502004623413086,
    "epoch95": 29.822725296020508,
    "epoch96": 29.52424430847168,
    "epoch97": 29.139270782470703,
    "epoch98": 29.68572998046875,
    "epoch99": 28.659074783325195,
    "epoch100": 30.222171783447266
}