{
    "epoch1": 2926.954,
    "epoch2": 2729.19875,
    "epoch3": 2319.09225,
    "epoch4": 2313.5535,
    "epoch5": 2321.725,
    "epoch6": 2269.67075,
    "epoch7": 2195.8575,
    "epoch8": 2131.0575,
    "epoch9": 2069.771,
    "epoch10": 1994.2595,
    "epoch11": 1947.468625,
    "epoch12": 1919.80175,
    "epoch13": 1906.87975,
    "epoch14": 1895.224375,
    "epoch15": 1879.584,
    "epoch16": 1854.417625,
    "epoch17": 1874.37475,
    "epoch18": 1869.310125,
    "epoch19": 1819.6835,
    "epoch20": 1836.840375,
    "epoch21": 1835.217625,
    "epoch22": 1805.35825,
    "epoch23": 1803.94925,
    "epoch24": 1798.20675,
    "epoch25": 1794.48625,
    "epoch26": 1778.575875,
    "epoch27": 1776.01075,
    "epoch28": 1764.847,
    "epoch29": 1760.18525,
    "epoch30": 1755.318875
}