{
    "epoch1": 0.051064259558916095,
    "epoch2": 0.033040442938605946,
    "epoch3": 0.02869600144525369,
    "epoch4": 0.02459917056063811,
    "epoch5": 0.02062549429635207,
    "epoch6": 0.017043754396339258,
    "epoch7": 0.014214061728368203,
    "epoch8": 0.01216957460468014,
    "epoch9": 0.010514479627211889,
    "epoch10": 0.00921348137781024,
    "epoch11": 0.008184094075113535,
    "epoch12": 0.007135546921441953,
    "epoch13": 0.006294876088698705,
    "epoch14": 0.005646090302616358,
    "epoch15": 0.005158012888083856,
    "epoch16": 0.0045535031240433455,
    "epoch17": 0.004168608024095495,
    "epoch18": 0.0037830075792347393,
    "epoch19": 0.003486356092616916,
    "epoch20": 0.0032645512294645113,
    "epoch21": 0.0030063755965481203,
    "epoch22": 0.002780068021578093,
    "epoch23": 0.0026309206771353883,
    "epoch24": 0.0023928104434162377,
    "epoch25": 0.0022271951970954736,
    "epoch26": 0.0020622642089923224,
    "epoch27": 0.0019234614834810297,
    "epoch28": 0.001808100185977916,
    "epoch29": 0.0016781506361439823,
    "epoch30": 0.0015506483924885592
}