{
    "epoch1": 43.438589913504465,
    "epoch2": 38.189915248325896,
    "epoch3": 33.13724844796317,
    "epoch4": 28.99704851422991,
    "epoch5": 27.081529889787948,
    "epoch6": 26.418840680803573,
    "epoch7": 26.19388689313616,
    "epoch8": 25.091177804129465,
    "epoch9": 24.815296718052455,
    "epoch10": 24.866043090820312,
    "epoch11": 24.748020717075892,
    "epoch12": 24.014358520507812,
    "epoch13": 23.944972446986608,
    "epoch14": 24.338649204799108,
    "epoch15": 24.818396432059153,
    "epoch16": 23.703364780970983,
    "epoch17": 23.74548121861049,
    "epoch18": 24.337554931640625,
    "epoch19": 24.034899030412948,
    "epoch20": 23.474746704101562,
    "epoch21": 24.314889090401785,
    "epoch22": 23.559221540178573,
    "epoch23": 24.311089651925222,
    "epoch24": 23.318616594587052,
    "epoch25": 23.541414533342635,
    "epoch26": 24.821162632533483,
    "epoch27": 23.290924072265625,
    "epoch28": 23.538870675223215,
    "epoch29": 23.27772957938058,
    "epoch30": 23.535315377371653,
    "epoch31": 23.535306658063615,
    "epoch32": 23.218835013253347,
    "epoch33": 23.25665283203125,
    "epoch34": 23.21411350795201,
    "epoch35": 23.32330322265625,
    "epoch36": 23.555934361049108,
    "epoch37": 22.856469290597097,
    "epoch38": 24.248703002929688,
    "epoch39": 23.28405543736049,
    "epoch40": 23.613324846540177,
    "epoch41": 23.148509434291295,
    "epoch42": 23.35937282017299,
    "epoch43": 23.356246948242188,
    "epoch44": 23.05672127859933,
    "epoch45": 23.034070696149552,
    "epoch46": 23.856212071010045,
    "epoch47": 22.913216727120535,
    "epoch48": 23.292835780552455,
    "epoch49": 24.1510009765625,
    "epoch50": 23.291493007114955,
    "epoch51": 23.37929425920759,
    "epoch52": 24.074412754603795,
    "epoch53": 22.897493634905135,
    "epoch54": 23.010053362165177,
    "epoch55": 23.190381731305802,
    "epoch56": 22.86401585170201,
    "epoch57": 23.282237461635045,
    "epoch58": 23.029630388532365,
    "epoch59": 23.449377877371653,
    "epoch60": 23.167681012834823,
    "epoch61": 23.082170758928573,
    "epoch62": 22.88269260951451,
    "epoch63": 23.153065272739955,
    "epoch64": 24.153333391462052,
    "epoch65": 23.509536743164062,
    "epoch66": 24.052337646484375,
    "epoch67": 23.037512642996653,
    "epoch68": 26.561427525111608,
    "epoch69": 22.89886692592076,
    "epoch70": 23.263761247907365,
    "epoch71": 23.935030255998885,
    "epoch72": 22.991254534040177,
    "epoch73": 22.995027814592635,
    "epoch74": 22.97043718610491,
    "epoch75": 22.924527849469865,
    "epoch76": 23.339675903320312,
    "epoch77": 23.272426060267858,
    "epoch78": 22.779353550502233,
    "epoch79": 23.141595023018972,
    "epoch80": 23.33093479701451,
    "epoch81": 22.938790457589285,
    "epoch82": 23.689213344029017,
    "epoch83": 23.208060128348215,
    "epoch84": 22.673025948660715,
    "epoch85": 23.31821550641741,
    "epoch86": 23.175746372767858,
    "epoch87": 22.98494393484933,
    "epoch88": 22.78291974748884,
    "epoch89": 22.56569562639509,
    "epoch90": 23.42673601422991,
    "epoch91": 23.403161185128347,
    "epoch92": 22.803702218191965,
    "epoch93": 22.748877389090403,
    "epoch94": 22.786488124302455,
    "epoch95": 24.52484130859375,
    "epoch96": 22.472399030412948,
    "epoch97": 22.894921439034597,
    "epoch98": 22.815272739955358,
    "epoch99": 22.630344935825892,
    "epoch100": 22.662126813616073
}