{
    "epoch1": 0.12582404953625767,
    "epoch2": 0.21435791244631278,
    "epoch3": 0.28300020177947716,
    "epoch4": 0.3351665266016696,
    "epoch5": 0.3618336541855589,
    "epoch6": 0.3900495019364864,
    "epoch7": 0.41620773346500195,
    "epoch8": 0.4263775437436205,
    "epoch9": 0.4536032885947126,
    "epoch10": 0.47362141437987065,
    "epoch11": 0.5014636126604486,
    "epoch12": 0.5127156611452711,
    "epoch13": 0.5282838271653398,
    "epoch14": 0.557971531723408,
    "epoch15": 0.5659539626633867,
    "epoch16": 0.5953338796153982,
    "epoch17": 0.5946306300924179,
    "epoch18": 0.6163184538166574,
    "epoch19": 0.6476948254920066,
    "epoch20": 0.6500171784390795
}