{
    "epoch1": 4966.920138888889,
    "epoch2": 3121.5587797619046,
    "epoch3": 2800.863343253968,
    "epoch4": 2492.5396825396824,
    "epoch5": 2268.2891865079364,
    "epoch6": 2127.137152777778,
    "epoch7": 2076.0793650793653,
    "epoch8": 2043.9786706349207,
    "epoch9": 2009.3621031746031,
    "epoch10": 1986.7410714285713,
    "epoch11": 1969.4171626984128,
    "epoch12": 1948.1639384920634,
    "epoch13": 1926.4557291666667,
    "epoch14": 1926.357390873016,
    "epoch15": 1898.5477430555557,
    "epoch16": 1898.0011160714287,
    "epoch17": 1870.6488095238096,
    "epoch18": 1868.6608382936508,
    "epoch19": 1842.694816468254,
    "epoch20": 1845.9061259920634,
    "epoch21": 1826.492931547619,
    "epoch22": 1815.274181547619,
    "epoch23": 1804.2594246031747,
    "epoch24": 1798.0040922619048,
    "epoch25": 1779.560515873016,
    "epoch26": 1764.961929563492,
    "epoch27": 1738.364955357143,
    "epoch28": 1708.577380952381,
    "epoch29": 1707.555431547619,
    "epoch30": 1688.1212797619048,
    "epoch31": 1666.8988095238096,
    "epoch32": 1674.233878968254,
    "epoch33": 1656.321056547619,
    "epoch34": 1657.0975942460318,
    "epoch35": 1637.3468501984128,
    "epoch36": 1620.5240575396826,
    "epoch37": 1615.5977182539682,
    "epoch38": 1598.860119047619,
    "epoch39": 1598.735367063492,
    "epoch40": 1599.1920882936508,
    "epoch41": 1581.697296626984,
    "epoch42": 1594.3324652777778,
    "epoch43": 1558.617683531746,
    "epoch44": 1556.5071924603174,
    "epoch45": 1551.6475694444443,
    "epoch46": 1556.0672123015872,
    "epoch47": 1533.6566220238096,
    "epoch48": 1542.2103174603174,
    "epoch49": 1518.3506944444443,
    "epoch50": 1508.6866319444443,
    "epoch51": 1534.5550595238096,
    "epoch52": 1519.2863343253969,
    "epoch53": 1525.9324156746031,
    "epoch54": 1507.937996031746,
    "epoch55": 1505.0152529761904,
    "epoch56": 1492.2503720238096,
    "epoch57": 1509.419890873016,
    "epoch58": 1489.3699156746031,
    "epoch59": 1470.478298611111,
    "epoch60": 1464.0989583333333,
    "epoch61": 1477.4264632936508,
    "epoch62": 1480.4501488095239,
    "epoch63": 1480.2392113095239,
    "epoch64": 1443.1710069444443,
    "epoch65": 1452.7025049603174,
    "epoch66": 1462.5207093253969,
    "epoch67": 1443.0753968253969,
    "epoch68": 1447.303695436508,
    "epoch69": 1478.686507936508,
    "epoch70": 1471.1431051587301,
    "epoch71": 1434.8844246031747,
    "epoch72": 1428.7839781746031,
    "epoch73": 1444.8386656746031,
    "epoch74": 1438.0101686507937,
    "epoch75": 1450.2576884920634,
    "epoch76": 1434.8408978174602,
    "epoch77": 1432.0631200396826,
    "epoch78": 1423.2836061507937,
    "epoch79": 1421.0830853174602,
    "epoch80": 1447.3718998015872,
    "epoch81": 1413.849578373016,
    "epoch82": 1433.5598958333333,
    "epoch83": 1438.4649057539682,
    "epoch84": 1412.631820436508,
    "epoch85": 1417.9713541666667,
    "epoch86": 1412.0250496031747,
    "epoch87": 1413.2838541666667,
    "epoch88": 1403.6509176587301,
    "epoch89": 1404.227306547619,
    "epoch90": 1417.5035962301588,
    "epoch91": 1408.064484126984,
    "epoch92": 1409.447048611111,
    "epoch93": 1405.9272073412699,
    "epoch94": 1410.9991319444443,
    "epoch95": 1383.413070436508,
    "epoch96": 1390.312251984127,
    "epoch97": 1398.571056547619,
    "epoch98": 1421.251736111111,
    "epoch99": 1400.5731646825398,
    "epoch100": 1394.7864583333333
}