{
    "epoch1": 187.03355634973406,
    "epoch2": 184.8483834773936,
    "epoch3": 181.83620761303192,
    "epoch4": 177.28278756648936,
    "epoch5": 169.76849235372342,
    "epoch6": 156.25612948803192,
    "epoch7": 145.85349484707447,
    "epoch8": 148.67832654587767,
    "epoch9": 151.86594082446808,
    "epoch10": 151.51429521276594,
    "epoch11": 150.22641705452128,
    "epoch12": 148.1522190824468,
    "epoch13": 146.26085646609042,
    "epoch14": 144.10502202460106,
    "epoch15": 142.51197847406914,
    "epoch16": 141.26618600398936,
    "epoch17": 139.39616231715425,
    "epoch18": 136.30338887965425,
    "epoch19": 135.15148146609042,
    "epoch20": 135.07117478390958,
    "epoch21": 133.30632895611703,
    "epoch22": 131.7745387300532,
    "epoch23": 130.16777135970744,
    "epoch24": 128.5936253324468,
    "epoch25": 128.74603141622342,
    "epoch26": 127.72367436835107,
    "epoch27": 126.14687915558511,
    "epoch28": 124.5257542386968,
    "epoch29": 124.82272273936171,
    "epoch30": 124.82339802194149
}