{
    "epoch1": 0.027835822043319542,
    "epoch2": 0.0200403714897456,
    "epoch3": 0.014526105373752889,
    "epoch4": 0.010943714059302929,
    "epoch5": 0.00857638591400313,
    "epoch6": 0.006850856356322765,
    "epoch7": 0.005540747622338434,
    "epoch8": 0.004487676438185628,
    "epoch9": 0.003682944882678351,
    "epoch10": 0.00308460851105068,
    "epoch11": 0.0025630916050566293,
    "epoch12": 0.0021236563226449544,
    "epoch13": 0.0018156480919397264,
    "epoch14": 0.0014841484134430411,
    "epoch15": 0.0012228870203856517,
    "epoch16": 0.001024985698879593,
    "epoch17": 0.0008802834135066303,
    "epoch18": 0.0007515518049735369,
    "epoch19": 0.0006614125326180969,
    "epoch20": 0.0005819713093202423,
    "epoch21": 0.0005232897011511442,
    "epoch22": 0.00046143741282220517,
    "epoch23": 0.00041281878441589434,
    "epoch24": 0.0003720545738124875,
    "epoch25": 0.00034148323417563614,
    "epoch26": 0.00032428172185232314,
    "epoch27": 0.00029492537470543066,
    "epoch28": 0.00027664112254839255,
    "epoch29": 0.00026163012807955965,
    "epoch30": 0.0002489094705971958
}