{
    "epoch1": 0.10275684575742436,
    "epoch2": 0.1769247352485619,
    "epoch3": 0.2242365771579364,
    "epoch4": 0.2831094338307305,
    "epoch5": 0.31260248876753305,
    "epoch6": 0.33384677424790365,
    "epoch7": 0.3720563165252171,
    "epoch8": 0.39863980194878956,
    "epoch9": 0.42830403338349055,
    "epoch10": 0.436939960907376,
    "epoch11": 0.48100614216592574,
    "epoch12": 0.4962281750308143,
    "epoch13": 0.5234170541876838,
    "epoch14": 0.5416078690498595,
    "epoch15": 0.5827308817515298,
    "epoch16": 0.5681710299991426,
    "epoch17": 0.6163437910496242,
    "epoch18": 0.6329438005174909,
    "epoch19": 0.6580445823215303,
    "epoch20": 0.6640312463518173
}