{
    "epoch1": 187.37890625,
    "epoch2": 185.955328125,
    "epoch3": 184.155984375,
    "epoch4": 181.81853125,
    "epoch5": 178.7009375,
    "epoch6": 174.306671875,
    "epoch7": 168.045546875,
    "epoch8": 160.26175,
    "epoch9": 151.728484375,
    "epoch10": 146.673546875,
    "epoch11": 144.355359375,
    "epoch12": 144.9044375,
    "epoch13": 146.48984375,
    "epoch14": 146.21959375,
    "epoch15": 145.634578125,
    "epoch16": 144.92596875,
    "epoch17": 143.994421875,
    "epoch18": 142.8091875,
    "epoch19": 141.66096875,
    "epoch20": 140.52665625,
    "epoch21": 137.978171875,
    "epoch22": 136.012875,
    "epoch23": 134.89825,
    "epoch24": 133.375203125,
    "epoch25": 132.017734375,
    "epoch26": 130.5944296875,
    "epoch27": 129.46978125,
    "epoch28": 128.140484375,
    "epoch29": 127.212484375,
    "epoch30": 125.892078125
}