{
    "epoch1": 140.31292594747342,
    "epoch2": 135.14122755984042,
    "epoch3": 132.64375207779256,
    "epoch4": 129.93603515625,
    "epoch5": 125.19970703125,
    "epoch6": 124.36452792553192,
    "epoch7": 121.47689494680851,
    "epoch8": 119.95338472406915,
    "epoch9": 116.86888090093085,
    "epoch10": 115.30072930518617,
    "epoch11": 114.16137175864361,
    "epoch12": 112.89320146276596,
    "epoch13": 113.9829724900266,
    "epoch14": 113.57845744680851,
    "epoch15": 110.68201462765957,
    "epoch16": 109.33649850398936,
    "epoch17": 109.1133435837766,
    "epoch18": 109.25714760638297,
    "epoch19": 107.78533286236703,
    "epoch20": 107.99115899268617,
    "epoch21": 105.70481840093085,
    "epoch22": 107.16568317819149,
    "epoch23": 105.57098778257979,
    "epoch24": 105.16911153590425,
    "epoch25": 105.73636968085107,
    "epoch26": 105.05038646941489,
    "epoch27": 103.56945021609043,
    "epoch28": 104.27733336103724,
    "epoch29": 103.7930310837766,
    "epoch30": 104.20767536569149
}