{
    "epoch0": {
        "layer1": {
            "max_length": 15.133936882019043,
            "mean_length": 8.568556756684274,
            "median_length": 8.400932312011719,
            "stdev_length": 1.918390045276979,
            "sum_length": 848.2871189117432,
            "ratio_2_1": 3.0760336836711146,
            "ratio_3_1": 2.8163677650759844,
            "h": 4.570663518062257,
            "normh": 0.6778162489136116,
            "snr": Infinity,
            "mean_birth": 0.0,
            "stdev_birth": 0.0,
            "mean_death": 8.568556756684274,
            "stdev_death": 1.918390045276979
        },
        "layer2": {
            "max_length": 8.821297645568848,
            "mean_length": 4.777205402200872,
            "median_length": 4.665423393249512,
            "stdev_length": 1.1801795846100533,
            "sum_length": 472.94333481788635,
            "ratio_2_1": 3.1189906449781275,
            "ratio_3_1": 3.0960781569224,
            "h": 4.565627512356175,
            "normh": 0.7412965763114133,
            "snr": Infinity,
            "mean_birth": 0.0,
            "stdev_birth": 0.0,
            "mean_death": 4.777205402200872,
            "stdev_death": 1.1801795846100533
        },
        "layer3": {
            "max_length": 4.9898834228515625,
            "mean_length": 2.6963290698600537,
            "median_length": 2.6752326488494873,
            "stdev_length": 0.6776466288766471,
            "sum_length": 266.9365779161453,
            "ratio_2_1": 2.904697944454118,
            "ratio_3_1": 2.8714763207689304,
            "h": 4.564961746875924,
            "normh": 0.8170668842132333,
            "snr": Infinity,
            "mean_birth": 0.0,
            "stdev_birth": 0.0,
            "mean_death": 2.6963290698600537,
            "stdev_death": 0.6776466288766471
        },
        "layer4": {
            "max_length": 2.699397087097168,
            "mean_length": 1.4861642483508948,
            "median_length": 1.4361481666564941,
            "stdev_length": 0.3094963714280526,
            "sum_length": 147.1302605867386,
            "ratio_2_1": 2.5209492625158303,
            "ratio_3_1": 2.3621122374497583,
            "h": 4.574496310716228,
            "normh": 0.9164905976074008,
            "snr": Infinity,
            "mean_birth": 0.0,
            "stdev_birth": 0.0,
            "mean_death": 1.4861642483508948,
            "stdev_death": 0.3094963714280526
        },
        "layer5": {
            "max_length": 0.11422126740217209,
            "mean_length": 0.05650675840525314,
            "median_length": 0.05393187701702118,
            "stdev_length": 0.015732405979248663,
            "sum_length": 5.594169082120061,
            "ratio_2_1": 3.579949824613129,
            "ratio_3_1": 3.2325723312667964,
            "h": 4.558852762583001,
            "normh": 2.6478405316438023,
            "snr": Infinity,
            "mean_birth": 0.0,
            "stdev_birth": 0.0,
            "mean_death": 0.05650675840525314,
            "stdev_death": 0.015732405979248663
        }
    }
}