{
    "epoch1": 2064.283203125,
    "epoch2": 1978.919189453125,
    "epoch3": 1897.59619140625,
    "epoch4": 1842.7158203125,
    "epoch5": 1858.81298828125,
    "epoch6": 1789.3017578125,
    "epoch7": 1775.4869384765625,
    "epoch8": 1767.2330322265625,
    "epoch9": 1743.8121337890625,
    "epoch10": 1704.837158203125,
    "epoch11": 1673.904296875,
    "epoch12": 1820.687744140625,
    "epoch13": 1652.2877197265625,
    "epoch14": 1693.977783203125,
    "epoch15": 1629.7210693359375,
    "epoch16": 1619.083251953125,
    "epoch17": 1597.5849609375,
    "epoch18": 1611.186767578125,
    "epoch19": 1627.6337890625,
    "epoch20": 1565.677001953125,
    "epoch21": 1548.14794921875,
    "epoch22": 1552.5323486328125,
    "epoch23": 1709.0728759765625,
    "epoch24": 1527.23388671875,
    "epoch25": 1538.6053466796875,
    "epoch26": 1515.3033447265625,
    "epoch27": 1558.2689208984375,
    "epoch28": 1508.683837890625,
    "epoch29": 1577.6339111328125,
    "epoch30": 1494.38134765625,
    "epoch31": 1508.3135986328125,
    "epoch32": 1523.321044921875,
    "epoch33": 1492.940185546875,
    "epoch34": 1501.7471923828125,
    "epoch35": 1489.5106201171875,
    "epoch36": 1511.9173583984375,
    "epoch37": 1473.6318359375,
    "epoch38": 1528.0037841796875,
    "epoch39": 1470.20654296875,
    "epoch40": 1500.4169921875,
    "epoch41": 1466.126953125,
    "epoch42": 1474.9954833984375,
    "epoch43": 1566.615478515625,
    "epoch44": 1545.2454833984375,
    "epoch45": 1475.7706298828125,
    "epoch46": 1451.2952880859375,
    "epoch47": 1484.6199951171875,
    "epoch48": 1499.0257568359375,
    "epoch49": 1483.649169921875,
    "epoch50": 1443.303955078125,
    "epoch51": 1457.8529052734375,
    "epoch52": 1434.936767578125,
    "epoch53": 1417.9940185546875,
    "epoch54": 1469.3480224609375,
    "epoch55": 1436.10009765625,
    "epoch56": 1487.0660400390625,
    "epoch57": 1434.8319091796875,
    "epoch58": 1429.1864013671875,
    "epoch59": 1410.8629150390625,
    "epoch60": 1444.6971435546875,
    "epoch61": 1440.1964111328125,
    "epoch62": 1511.7161865234375,
    "epoch63": 1422.2769775390625,
    "epoch64": 1400.56396484375,
    "epoch65": 1418.5906982421875,
    "epoch66": 1433.945556640625,
    "epoch67": 1396.1468505859375,
    "epoch68": 1413.8826904296875,
    "epoch69": 1396.2574462890625,
    "epoch70": 1392.57666015625,
    "epoch71": 1416.1107177734375,
    "epoch72": 1383.765380859375,
    "epoch73": 1391.9056396484375,
    "epoch74": 1432.2786865234375,
    "epoch75": 1382.5130615234375,
    "epoch76": 1396.2313232421875,
    "epoch77": 1384.1329345703125,
    "epoch78": 1402.7000732421875,
    "epoch79": 1432.394775390625,
    "epoch80": 1437.62109375,
    "epoch81": 1440.2032470703125,
    "epoch82": 1390.7392578125,
    "epoch83": 1384.560546875,
    "epoch84": 1428.4503173828125,
    "epoch85": 1364.9146728515625,
    "epoch86": 1410.6904296875,
    "epoch87": 1369.8409423828125,
    "epoch88": 1366.669677734375,
    "epoch89": 1363.4647216796875,
    "epoch90": 1364.224609375,
    "epoch91": 1437.7431640625,
    "epoch92": 1357.7396240234375,
    "epoch93": 1371.5850830078125,
    "epoch94": 1376.8145751953125,
    "epoch95": 1395.15283203125,
    "epoch96": 1391.709228515625,
    "epoch97": 1355.8583984375,
    "epoch98": 1373.7802734375,
    "epoch99": 1401.579833984375,
    "epoch100": 1348.148681640625
}