{
    "epoch1": 2629.9150390625,
    "epoch2": 1983.552734375,
    "epoch3": 1907.163330078125,
    "epoch4": 1866.6920166015625,
    "epoch5": 1838.79931640625,
    "epoch6": 1814.583740234375,
    "epoch7": 1789.1661376953125,
    "epoch8": 1757.162353515625,
    "epoch9": 1745.117431640625,
    "epoch10": 1719.830078125,
    "epoch11": 1705.6822509765625,
    "epoch12": 1675.7911376953125,
    "epoch13": 1664.278564453125,
    "epoch14": 1642.330078125,
    "epoch15": 1625.03759765625,
    "epoch16": 1611.5953369140625,
    "epoch17": 1608.164306640625,
    "epoch18": 1590.9188232421875,
    "epoch19": 1572.2919921875,
    "epoch20": 1578.244873046875,
    "epoch21": 1560.197265625,
    "epoch22": 1552.9923095703125,
    "epoch23": 1549.112548828125,
    "epoch24": 1545.0848388671875,
    "epoch25": 1525.33544921875,
    "epoch26": 1528.6026611328125,
    "epoch27": 1529.7984619140625,
    "epoch28": 1512.0860595703125,
    "epoch29": 1522.6334228515625,
    "epoch30": 1503.3848876953125,
    "epoch31": 1505.598876953125,
    "epoch32": 1504.5435791015625,
    "epoch33": 1493.3193359375,
    "epoch34": 1500.9136962890625,
    "epoch35": 1489.008056640625,
    "epoch36": 1485.5672607421875,
    "epoch37": 1490.862548828125,
    "epoch38": 1489.6590576171875,
    "epoch39": 1476.7374267578125,
    "epoch40": 1477.4581298828125,
    "epoch41": 1470.9097900390625,
    "epoch42": 1468.7877197265625,
    "epoch43": 1463.8262939453125,
    "epoch44": 1454.1956787109375,
    "epoch45": 1468.5909423828125,
    "epoch46": 1451.187255859375,
    "epoch47": 1454.7513427734375,
    "epoch48": 1447.344970703125,
    "epoch49": 1445.8902587890625,
    "epoch50": 1447.3773193359375,
    "epoch51": 1441.8095703125,
    "epoch52": 1441.3170166015625,
    "epoch53": 1440.252685546875,
    "epoch54": 1437.3643798828125,
    "epoch55": 1437.599365234375,
    "epoch56": 1425.3983154296875,
    "epoch57": 1434.9161376953125,
    "epoch58": 1428.566650390625,
    "epoch59": 1436.9349365234375,
    "epoch60": 1429.12744140625,
    "epoch61": 1432.2305908203125,
    "epoch62": 1429.197265625,
    "epoch63": 1410.548828125,
    "epoch64": 1412.8304443359375,
    "epoch65": 1418.0367431640625,
    "epoch66": 1418.0655517578125,
    "epoch67": 1418.035400390625,
    "epoch68": 1403.26611328125,
    "epoch69": 1411.0328369140625,
    "epoch70": 1400.676025390625,
    "epoch71": 1413.181640625,
    "epoch72": 1400.458984375,
    "epoch73": 1403.484375,
    "epoch74": 1395.5386962890625,
    "epoch75": 1399.8916015625,
    "epoch76": 1389.67724609375,
    "epoch77": 1394.0550537109375,
    "epoch78": 1392.8974609375,
    "epoch79": 1393.31640625,
    "epoch80": 1394.9530029296875,
    "epoch81": 1390.8709716796875,
    "epoch82": 1385.6063232421875,
    "epoch83": 1380.5115966796875,
    "epoch84": 1387.7547607421875,
    "epoch85": 1384.59765625,
    "epoch86": 1381.856689453125,
    "epoch87": 1385.42822265625,
    "epoch88": 1386.0401611328125,
    "epoch89": 1373.6192626953125,
    "epoch90": 1377.865478515625,
    "epoch91": 1377.361328125,
    "epoch92": 1383.6024169921875,
    "epoch93": 1375.385009765625,
    "epoch94": 1383.3287353515625,
    "epoch95": 1365.67041015625,
    "epoch96": 1364.3663330078125,
    "epoch97": 1358.4591064453125,
    "epoch98": 1363.1510009765625,
    "epoch99": 1368.8863525390625,
    "epoch100": 1363.7037353515625
}