{
    "epoch1": 0.06206650907794634,
    "epoch2": 0.048826820527513824,
    "epoch3": 0.040211066914101444,
    "epoch4": 0.03511341909567515,
    "epoch5": 0.03241248056292534,
    "epoch6": 0.03047825178752343,
    "epoch7": 0.028689999754230183,
    "epoch8": 0.026897096385558445,
    "epoch9": 0.025126594429214794,
    "epoch10": 0.023391931938628357,
    "epoch11": 0.021731819336613018,
    "epoch12": 0.020112724043428898,
    "epoch13": 0.018618928113331396,
    "epoch14": 0.017325942404568195,
    "epoch15": 0.016087316597501438,
    "epoch16": 0.015129489048073689,
    "epoch17": 0.014229903152833382,
    "epoch18": 0.013464448663095633,
    "epoch19": 0.012781683666010698,
    "epoch20": 0.012233183719217777,
    "epoch21": 0.01171189205100139,
    "epoch22": 0.011249702501421174,
    "epoch23": 0.010828816797584295,
    "epoch24": 0.010466901352629066,
    "epoch25": 0.010161803336814046,
    "epoch26": 0.00980891838359336,
    "epoch27": 0.009538413491100073,
    "epoch28": 0.009236716432496905,
    "epoch29": 0.008973480357478062,
    "epoch30": 0.008737522332618633
}