{
    "epoch1": 6952.9765625,
    "epoch2": 5874.838541666667,
    "epoch3": 5398.714192708333,
    "epoch4": 5223.127278645833,
    "epoch5": 5178.659830729167,
    "epoch6": 5140.414713541667,
    "epoch7": 5066.973958333333,
    "epoch8": 4990.077799479167,
    "epoch9": 4895.147786458333,
    "epoch10": 4781.5283203125,
    "epoch11": 4684.307942708333,
    "epoch12": 4558.863932291667,
    "epoch13": 4384.984375,
    "epoch14": 4248.095703125,
    "epoch15": 4129.761067708333,
    "epoch16": 4139.489583333333,
    "epoch17": 3912.3841145833335,
    "epoch18": 3945.0006510416665,
    "epoch19": 3865.2060546875,
    "epoch20": 3922.2770182291665,
    "epoch21": 3957.7115885416665,
    "epoch22": 3970.5416666666665,
    "epoch23": 3884.7825520833335,
    "epoch24": 3859.8414713541665,
    "epoch25": 3796.0263671875,
    "epoch26": 3803.8623046875,
    "epoch27": 3790.8649088541665,
    "epoch28": 3770.4036458333335,
    "epoch29": 3746.0966796875,
    "epoch30": 3722.5403645833335
}