{
    "epoch1": 0.00038412675086874515,
    "epoch2": 0.0003480668348493055,
    "epoch3": 0.0003164823807310313,
    "epoch4": 0.0002879342788946815,
    "epoch5": 0.0002629311967757531,
    "epoch6": 0.00024055722344201057,
    "epoch7": 0.00022104407195001842,
    "epoch8": 0.00020401640620548278,
    "epoch9": 0.00018959188426379114,
    "epoch10": 0.00017748686812410597,
    "epoch11": 0.00016703764034900815,
    "epoch12": 0.00015844566041778307,
    "epoch13": 0.00015158201837039086,
    "epoch14": 0.0001458845538945752,
    "epoch15": 0.0001416260477344622,
    "epoch16": 0.00013821948083204917,
    "epoch17": 0.00013577823847299442,
    "epoch18": 0.00013378397383348784,
    "epoch19": 0.00013245388443465346,
    "epoch20": 0.0001314685273609939,
    "epoch21": 0.00013081167853670194,
    "epoch22": 0.00013037381479080067,
    "epoch23": 0.0001300643397553358,
    "epoch24": 0.00012988373426196632,
    "epoch25": 0.00012978366343304514,
    "epoch26": 0.00012971524316526483,
    "epoch27": 0.00012966107147803995,
    "epoch28": 0.00012963608754944288,
    "epoch29": 0.00012961786887899507,
    "epoch30": 0.00012956659302290063
}