{
    "epoch1": 0.04230167822021505,
    "epoch2": 0.02662102819379905,
    "epoch3": 0.021688304375857115,
    "epoch4": 0.016746246083842023,
    "epoch5": 0.012793168152237067,
    "epoch6": 0.010306101515079323,
    "epoch7": 0.008594946530850037,
    "epoch8": 0.007210208917967975,
    "epoch9": 0.006062184586999533,
    "epoch10": 0.0051982613614476895,
    "epoch11": 0.004472356851455634,
    "epoch12": 0.003915171351526742,
    "epoch13": 0.0034783630626802537,
    "epoch14": 0.003116049588678162,
    "epoch15": 0.002799345296807587,
    "epoch16": 0.0024975818738786747,
    "epoch17": 0.0022383801608710833,
    "epoch18": 0.002011850186492033,
    "epoch19": 0.001809333132215492,
    "epoch20": 0.0016280788746055055,
    "epoch21": 0.001461777455203802,
    "epoch22": 0.0013116307407313877,
    "epoch23": 0.0011836099185292487,
    "epoch24": 0.0010623897352438096,
    "epoch25": 0.0009571123765730906,
    "epoch26": 0.0008619611193274108,
    "epoch27": 0.0007830176277227862,
    "epoch28": 0.0007320565858643259,
    "epoch29": 0.0006597000066666742,
    "epoch30": 0.0006049199905448958
}