{
    "epoch1": 39.91746748254654,
    "epoch2": 31.126854429853722,
    "epoch3": 29.10059892370346,
    "epoch4": 28.796586706283243,
    "epoch5": 29.477440367353722,
    "epoch6": 30.20533784906915,
    "epoch7": 26.5678399268617,
    "epoch8": 26.71276595744681,
    "epoch9": 26.3605047997008,
    "epoch10": 26.49039020944149,
    "epoch11": 25.789330015791222,
    "epoch12": 25.02882677443484,
    "epoch13": 25.256441156914892,
    "epoch14": 25.473362699468087,
    "epoch15": 25.21126994680851,
    "epoch16": 24.29111951462766,
    "epoch17": 24.6492919921875,
    "epoch18": 24.660234167220743,
    "epoch19": 24.15046334773936,
    "epoch20": 24.12348061419548,
    "epoch21": 24.834012944647608,
    "epoch22": 24.735587911402927,
    "epoch23": 24.64993870511968,
    "epoch24": 23.82629134807181,
    "epoch25": 23.833711664727392,
    "epoch26": 23.760157808344413,
    "epoch27": 24.6017754737367,
    "epoch28": 23.93688705119681,
    "epoch29": 23.63122298869681,
    "epoch30": 23.41444429438165,
    "epoch31": 23.77462184175532,
    "epoch32": 23.60236764461436,
    "epoch33": 23.68331324800532,
    "epoch34": 24.06025078956117,
    "epoch35": 23.28515625,
    "epoch36": 23.649546521775267,
    "epoch37": 24.522663522273938,
    "epoch38": 23.11978993517287,
    "epoch39": 23.184437853224733,
    "epoch40": 24.064744015957448,
    "epoch41": 23.43359375,
    "epoch42": 23.00237387799202,
    "epoch43": 23.381319086602392,
    "epoch44": 24.832706532579788,
    "epoch45": 23.024964677526597,
    "epoch46": 23.48338025681516,
    "epoch47": 23.179622568982712,
    "epoch48": 22.79270642869016,
    "epoch49": 23.08811398769947,
    "epoch50": 22.996852144281913,
    "epoch51": 22.647559632646278,
    "epoch52": 22.90700060255984,
    "epoch53": 22.56039104055851,
    "epoch54": 23.82604720744681,
    "epoch55": 23.415623441655587,
    "epoch56": 22.72276273686835,
    "epoch57": 23.111582654587767,
    "epoch58": 22.83054562832447,
    "epoch59": 22.397938829787233,
    "epoch60": 22.673415163730052,
    "epoch61": 22.24035904255319,
    "epoch62": 22.65605520694814,
    "epoch63": 22.624446787732712,
    "epoch64": 23.048280107214097,
    "epoch65": 22.894871488530587,
    "epoch66": 22.076810796210108,
    "epoch67": 23.55786392536569,
    "epoch68": 22.59022554438165,
    "epoch69": 22.10942954205452,
    "epoch70": 22.65851998836436,
    "epoch71": 22.325322577293882,
    "epoch72": 23.512108336103722,
    "epoch73": 23.11670181599069,
    "epoch74": 21.89080161236702,
    "epoch75": 22.1857001122008,
    "epoch76": 22.38978609125665,
    "epoch77": 22.20827273105053,
    "epoch78": 21.92925116356383,
    "epoch79": 22.82277468417553,
    "epoch80": 21.88509287732713,
    "epoch81": 23.48529702044548,
    "epoch82": 21.823930456283243,
    "epoch83": 22.127501142785903,
    "epoch84": 22.12813486951463,
    "epoch85": 21.70411714594415,
    "epoch86": 21.541629872423538,
    "epoch87": 22.017271650598403,
    "epoch88": 22.01124345495346,
    "epoch89": 21.548295690658243,
    "epoch90": 22.050737096908243,
    "epoch91": 21.48549441073803,
    "epoch92": 21.833420773769948,
    "epoch93": 22.25324395362367,
    "epoch94": 21.62076130319149,
    "epoch95": 21.4684292407746,
    "epoch96": 21.79713212682846,
    "epoch97": 21.96505412649601,
    "epoch98": 23.3331610497008,
    "epoch99": 22.864286382147608,
    "epoch100": 21.10384807180851
}