{
    "epoch1": 44.47383117675781,
    "epoch2": 37.36538314819336,
    "epoch3": 32.38056182861328,
    "epoch4": 30.949491500854492,
    "epoch5": 31.7449951171875,
    "epoch6": 30.72311782836914,
    "epoch7": 28.944795608520508,
    "epoch8": 29.367210388183594,
    "epoch9": 28.690858840942383,
    "epoch10": 29.087688446044922,
    "epoch11": 28.389020919799805,
    "epoch12": 28.03580665588379,
    "epoch13": 28.354196548461914,
    "epoch14": 29.350725173950195,
    "epoch15": 27.236127853393555,
    "epoch16": 27.560321807861328,
    "epoch17": 27.055782318115234,
    "epoch18": 26.622753143310547,
    "epoch19": 26.635183334350586,
    "epoch20": 26.719205856323242,
    "epoch21": 26.710317611694336,
    "epoch22": 26.519332885742188,
    "epoch23": 26.456737518310547,
    "epoch24": 26.05928611755371,
    "epoch25": 25.84430694580078,
    "epoch26": 26.050439834594727,
    "epoch27": 26.048551559448242,
    "epoch28": 26.348134994506836,
    "epoch29": 25.623279571533203,
    "epoch30": 25.248620986938477,
    "epoch31": 25.031391143798828,
    "epoch32": 26.06318473815918,
    "epoch33": 25.1226749420166,
    "epoch34": 24.804231643676758,
    "epoch35": 24.987916946411133,
    "epoch36": 24.912282943725586,
    "epoch37": 25.26246452331543,
    "epoch38": 25.243087768554688,
    "epoch39": 24.815515518188477,
    "epoch40": 24.592754364013672,
    "epoch41": 25.525075912475586,
    "epoch42": 25.14792823791504,
    "epoch43": 25.355152130126953,
    "epoch44": 24.434526443481445,
    "epoch45": 24.315105438232422,
    "epoch46": 24.377195358276367,
    "epoch47": 25.660533905029297,
    "epoch48": 25.089685440063477,
    "epoch49": 24.46438217163086,
    "epoch50": 24.1925048828125,
    "epoch51": 24.393720626831055,
    "epoch52": 25.019737243652344,
    "epoch53": 24.05678939819336,
    "epoch54": 24.179466247558594,
    "epoch55": 24.366573333740234,
    "epoch56": 24.181230545043945,
    "epoch57": 24.13338279724121,
    "epoch58": 23.92609977722168,
    "epoch59": 24.23556137084961,
    "epoch60": 24.062835693359375,
    "epoch61": 23.97852897644043,
    "epoch62": 23.889381408691406,
    "epoch63": 23.913705825805664,
    "epoch64": 24.861915588378906,
    "epoch65": 24.67362403869629,
    "epoch66": 24.023448944091797,
    "epoch67": 23.784395217895508,
    "epoch68": 23.893226623535156,
    "epoch69": 23.817989349365234,
    "epoch70": 23.779544830322266,
    "epoch71": 23.47977638244629,
    "epoch72": 23.4663143157959,
    "epoch73": 23.602285385131836,
    "epoch74": 23.884105682373047,
    "epoch75": 23.418657302856445,
    "epoch76": 23.57927131652832,
    "epoch77": 26.398818969726562,
    "epoch78": 23.542390823364258,
    "epoch79": 24.269084930419922,
    "epoch80": 23.49116325378418,
    "epoch81": 23.582237243652344,
    "epoch82": 23.23680305480957,
    "epoch83": 23.686691284179688,
    "epoch84": 23.827911376953125,
    "epoch85": 23.187232971191406,
    "epoch86": 24.28717041015625,
    "epoch87": 23.128416061401367,
    "epoch88": 23.633468627929688,
    "epoch89": 23.492919921875,
    "epoch90": 23.557416915893555,
    "epoch91": 23.532840728759766,
    "epoch92": 23.357666015625,
    "epoch93": 23.077051162719727,
    "epoch94": 23.86575698852539,
    "epoch95": 23.70094871520996,
    "epoch96": 22.937036514282227,
    "epoch97": 23.272987365722656,
    "epoch98": 22.863969802856445,
    "epoch99": 23.342939376831055,
    "epoch100": 24.280344009399414
}