{
    "epoch1": 0.00013681518371837836,
    "epoch2": 4.6942305227275934e-05,
    "epoch3": 1.774303627462359e-05,
    "epoch4": 1.310789445657671e-05,
    "epoch5": 1.1776688109724395e-05,
    "epoch6": 1.0553933561216884e-05,
    "epoch7": 9.447782484130585e-06,
    "epoch8": 8.501687372093632e-06,
    "epoch9": 7.734063947888596e-06,
    "epoch10": 7.111610369671931e-06,
    "epoch11": 6.628684588273851e-06,
    "epoch12": 6.24805062731563e-06,
    "epoch13": 5.96827031919626e-06,
    "epoch14": 5.737809520724113e-06,
    "epoch15": 5.58085196250128e-06,
    "epoch16": 5.409208068764807e-06,
    "epoch17": 5.298428187719158e-06,
    "epoch18": 5.208275514632987e-06,
    "epoch19": 5.140536734870693e-06,
    "epoch20": 5.068731588532198e-06,
    "epoch21": 5.0210993817927376e-06,
    "epoch22": 5.002245250428435e-06,
    "epoch23": 4.916044098081329e-06,
    "epoch24": 4.881587502798842e-06,
    "epoch25": 4.850274990076286e-06,
    "epoch26": 4.829482748694621e-06,
    "epoch27": 4.803715208860619e-06,
    "epoch28": 4.769325394287686e-06,
    "epoch29": 4.752425853742655e-06,
    "epoch30": 4.732830626532329e-06
}