{
    "epoch1": 3191.4893617021276,
    "epoch2": 3148.9886968085107,
    "epoch3": 2704.4800531914893,
    "epoch4": 2468.4027593085107,
    "epoch5": 2384.0234375,
    "epoch6": 2344.557347074468,
    "epoch7": 2298.955285904255,
    "epoch8": 2253.93633643617,
    "epoch9": 2202.406748670213,
    "epoch10": 2166.811835106383,
    "epoch11": 2126.632313829787,
    "epoch12": 2082.7413563829787,
    "epoch13": 2034.4847074468084,
    "epoch14": 2003.9022606382978,
    "epoch15": 1962.5274268617022,
    "epoch16": 1951.4790558510638,
    "epoch17": 1926.3472406914893,
    "epoch18": 1899.5126329787233,
    "epoch19": 1868.3011968085107,
    "epoch20": 1858.5641622340424,
    "epoch21": 1839.2222406914893,
    "epoch22": 1809.1196808510638,
    "epoch23": 1827.444647606383,
    "epoch24": 1811.412234042553,
    "epoch25": 1796.826130319149,
    "epoch26": 1776.990192819149,
    "epoch27": 1767.0028257978724,
    "epoch28": 1769.1160239361702,
    "epoch29": 1750.6090425531916,
    "epoch30": 1739.6173537234042
}