{
    "epoch1": 3200.0,
    "epoch2": 3194.355,
    "epoch3": 2951.361,
    "epoch4": 2577.0425,
    "epoch5": 2431.7266666666665,
    "epoch6": 2375.9693333333335,
    "epoch7": 2338.6686666666665,
    "epoch8": 2294.335,
    "epoch9": 2241.2831666666666,
    "epoch10": 2196.653,
    "epoch11": 2151.333166666667,
    "epoch12": 2107.1338333333333,
    "epoch13": 2068.5718333333334,
    "epoch14": 2026.381,
    "epoch15": 2000.3401666666666,
    "epoch16": 1964.2428333333332,
    "epoch17": 1938.4378333333334,
    "epoch18": 1919.2476666666666,
    "epoch19": 1893.6371666666666,
    "epoch20": 1870.6813333333334,
    "epoch21": 1854.0548333333334,
    "epoch22": 1842.0166666666667,
    "epoch23": 1814.4195,
    "epoch24": 1810.8295,
    "epoch25": 1797.6828333333333,
    "epoch26": 1787.563,
    "epoch27": 1775.5506666666668,
    "epoch28": 1762.0016666666668,
    "epoch29": 1757.7171666666666,
    "epoch30": 1748.358
}