{
    "epoch0": {
        "layer1": {
            "max_length": 1.3013888597488403,
            "mean_length": 0.8640170609108125,
            "median_length": 0.8517513275146484,
            "stdev_length": 0.15200349979379954,
            "sum_length": 85.53768903017044,
            "ratio_2_1": 2.3395439059295664,
            "ratio_3_1": 2.2955470405858414,
            "h": 4.579755651548053,
            "normh": 1.0293998262577262,
            "snr": Infinity,
            "mean_birth": 0.0,
            "stdev_birth": 0.0,
            "mean_death": 0.8640170609108125,
            "stdev_death": 0.15200349979379954
        },
        "layer2": {
            "max_length": 0.46709805727005005,
            "mean_length": 0.3239042528650977,
            "median_length": 0.3201148808002472,
            "stdev_length": 0.05545668208899818,
            "sum_length": 32.066521033644676,
            "ratio_2_1": 2.4083409315727846,
            "ratio_3_1": 2.398193235095927,
            "h": 4.580376960514663,
            "normh": 1.3208260032206978,
            "snr": Infinity,
            "mean_birth": 0.0,
            "stdev_birth": 0.0,
            "mean_death": 0.3239042528650977,
            "stdev_death": 0.05545668208899818
        },
        "layer3": {
            "max_length": 0.17060726881027222,
            "mean_length": 0.12310447144990015,
            "median_length": 0.12173168361186981,
            "stdev_length": 0.021064419171271484,
            "sum_length": 12.187342673540115,
            "ratio_2_1": 2.6097985010080342,
            "ratio_3_1": 2.5249954296197967,
            "h": 4.580121797628687,
            "normh": 1.8317571565042536,
            "snr": Infinity,
            "mean_birth": 0.0,
            "stdev_birth": 0.0,
            "mean_death": 0.12310447144990015,
            "stdev_death": 0.021064419171271484
        },
        "layer4": {
            "max_length": 0.004196342080831528,
            "mean_length": 0.00035558810288255864,
            "median_length": 0.00017808005213737488,
            "stdev_length": 0.000564724781959063,
            "sum_length": 0.035203222185373306,
            "ratio_2_1": 1358.1083844580778,
            "ratio_3_1": 979.2229038854806,
            "h": 3.8973989446410475,
            "normh": -1.1645784906398562,
            "snr": Infinity,
            "mean_birth": 0.0,
            "stdev_birth": 0.0,
            "mean_death": 0.00035558810288255864,
            "stdev_death": 0.000564724781959063
        }
    }
}