{
    "epoch1": 0.00011177690621116199,
    "epoch2": 0.00010052003368036822,
    "epoch3": 9.61682032684621e-05,
    "epoch4": 9.500472407671623e-05,
    "epoch5": 9.475470599318214e-05,
    "epoch6": 9.457878915964102e-05,
    "epoch7": 9.438135153686744e-05,
    "epoch8": 9.414796440614737e-05,
    "epoch9": 9.393400687622489e-05,
    "epoch10": 9.36868909666373e-05,
    "epoch11": 9.349725626998406e-05,
    "epoch12": 9.326676151795255e-05,
    "epoch13": 9.310184956302692e-05,
    "epoch14": 9.28953980019287e-05,
    "epoch15": 9.268016810892732e-05,
    "epoch16": 9.253099650959484e-05,
    "epoch17": 9.239792514745204e-05,
    "epoch18": 9.228526210063137e-05,
    "epoch19": 9.212856971043948e-05,
    "epoch20": 9.197509477507993e-05,
    "epoch21": 9.185246507331612e-05,
    "epoch22": 9.181160024309066e-05,
    "epoch23": 9.170260759401572e-05,
    "epoch24": 9.163106061714642e-05,
    "epoch25": 9.151380888488347e-05,
    "epoch26": 9.139790554763749e-05,
    "epoch27": 9.147001211113092e-05,
    "epoch28": 9.132649083039723e-05,
    "epoch29": 9.12208932777503e-05,
    "epoch30": 9.122253426176031e-05
}