{
    "epoch1": 2385.83925,
    "epoch2": 2172.43525,
    "epoch3": 2005.54725,
    "epoch4": 1953.33625,
    "epoch5": 1965.153625,
    "epoch6": 1973.37775,
    "epoch7": 1957.379125,
    "epoch8": 1940.336625,
    "epoch9": 1916.56625,
    "epoch10": 1897.04375,
    "epoch11": 1867.85575,
    "epoch12": 1845.336375,
    "epoch13": 1821.888,
    "epoch14": 1801.10775,
    "epoch15": 1785.68175,
    "epoch16": 1761.087,
    "epoch17": 1746.3135,
    "epoch18": 1724.556125,
    "epoch19": 1710.904875,
    "epoch20": 1692.901125,
    "epoch21": 1670.375,
    "epoch22": 1652.595375,
    "epoch23": 1645.097125,
    "epoch24": 1624.518125,
    "epoch25": 1613.04225,
    "epoch26": 1598.65475,
    "epoch27": 1577.74075,
    "epoch28": 1578.05925,
    "epoch29": 1563.044875,
    "epoch30": 1544.32425
}