{
    "epoch1": 0.06925800144672394,
    "epoch2": 0.04084947872906923,
    "epoch3": 0.035910146310925484,
    "epoch4": 0.033363966085016725,
    "epoch5": 0.030874460376799105,
    "epoch6": 0.028287668898701667,
    "epoch7": 0.025835413578897716,
    "epoch8": 0.023625141102820636,
    "epoch9": 0.0214578902348876,
    "epoch10": 0.019249314069747926,
    "epoch11": 0.017237018886953594,
    "epoch12": 0.015466670412570238,
    "epoch13": 0.013790901098400355,
    "epoch14": 0.012619210593402385,
    "epoch15": 0.011753821279853582,
    "epoch16": 0.011172466538846492,
    "epoch17": 0.010752170253545046,
    "epoch18": 0.010517248325049878,
    "epoch19": 0.01025517089292407,
    "epoch20": 0.010091814491897822,
    "epoch21": 0.0099129275418818,
    "epoch22": 0.010045972373336553,
    "epoch23": 0.009682082990184426,
    "epoch24": 0.009539613546803594,
    "epoch25": 0.009414990106597543,
    "epoch26": 0.009368880512192845,
    "epoch27": 0.009242967190220951,
    "epoch28": 0.009118848200887441,
    "epoch29": 0.009030019957572221,
    "epoch30": 0.008933051396161318,
    "epoch31": 0.008876627963036298,
    "epoch32": 0.008811102062463761,
    "epoch33": 0.008735156990587712,
    "epoch34": 0.008668761746957899,
    "epoch35": 0.008577878959476948,
    "epoch36": 0.008515041368082166,
    "epoch37": 0.00847315057180822,
    "epoch38": 0.008386912336573005,
    "epoch39": 0.008374506700783968,
    "epoch40": 0.008304291125386953,
    "epoch41": 0.008262180723249912,
    "epoch42": 0.008214366622269154,
    "epoch43": 0.008162127016112209,
    "epoch44": 0.008146440982818604,
    "epoch45": 0.008098113676533103,
    "epoch46": 0.008063219394534827,
    "epoch47": 0.008076652139425277,
    "epoch48": 0.008025714661926031,
    "epoch49": 0.007963237399235368,
    "epoch50": 0.008002996072173118,
    "epoch51": 0.00792610109783709,
    "epoch52": 0.007901450712233781,
    "epoch53": 0.00802541645243764,
    "epoch54": 0.007871830370277166,
    "epoch55": 0.007815179415047169,
    "epoch56": 0.0078080074395984415,
    "epoch57": 0.007841997127979995,
    "epoch58": 0.00775434598326683,
    "epoch59": 0.0077945364639163016,
    "epoch60": 0.00772795551456511,
    "epoch61": 0.007679522875696421,
    "epoch62": 0.00770799838937819,
    "epoch63": 0.00768986539915204,
    "epoch64": 0.007707401225343346,
    "epoch65": 0.007662336574867368,
    "epoch66": 0.007656558649614453,
    "epoch67": 0.0076330806594341995,
    "epoch68": 0.007634482206776738,
    "epoch69": 0.007624173117801547,
    "epoch70": 0.007658077217638492,
    "epoch71": 0.007643892103806138,
    "epoch72": 0.007543141068890691,
    "epoch73": 0.007554674660786987,
    "epoch74": 0.007530017523095012,
    "epoch75": 0.007602026965469122,
    "epoch76": 0.007504890812560916,
    "epoch77": 0.0075004333164542915,
    "epoch78": 0.007533568097278476,
    "epoch79": 0.00750037245452404,
    "epoch80": 0.007493959320709109,
    "epoch81": 0.007464207522571087,
    "epoch82": 0.007487640390172601,
    "epoch83": 0.007556919055059552,
    "epoch84": 0.00743656549602747,
    "epoch85": 0.00746644102036953,
    "epoch86": 0.0074229370802640915,
    "epoch87": 0.007541105290874839,
    "epoch88": 0.007400891929864884,
    "epoch89": 0.007410870678722858,
    "epoch90": 0.007422827230766415,
    "epoch91": 0.007405980722978711,
    "epoch92": 0.007383398432284594,
    "epoch93": 0.0074273916892707344,
    "epoch94": 0.0073775577824562785,
    "epoch95": 0.007424610340967775,
    "epoch96": 0.007447244646027684,
    "epoch97": 0.007347302511334419,
    "epoch98": 0.007370214629918337,
    "epoch99": 0.007394031574949622,
    "epoch100": 0.007468284945935011
}