{
    "epoch1": 65.44776893028846,
    "epoch2": 45.85013897235577,
    "epoch3": 41.83447265625,
    "epoch4": 37.37861328125,
    "epoch5": 33.99497445913462,
    "epoch6": 32.22883488581731,
    "epoch7": 31.437518780048077,
    "epoch8": 30.863294396033655,
    "epoch9": 30.475664813701922,
    "epoch10": 30.04394343449519,
    "epoch11": 29.813209885817308,
    "epoch12": 29.59217247596154,
    "epoch13": 29.328707181490383,
    "epoch14": 29.23704364483173,
    "epoch15": 28.845802659254808,
    "epoch16": 28.599793419471155,
    "epoch17": 28.403485576923078,
    "epoch18": 28.266702974759614,
    "epoch19": 27.889417442908655,
    "epoch20": 27.957675405649038,
    "epoch21": 27.420147235576923,
    "epoch22": 27.414776141826923,
    "epoch23": 27.19840557391827,
    "epoch24": 27.0637939453125,
    "epoch25": 26.939009915865384,
    "epoch26": 26.639075646033653,
    "epoch27": 26.6080322265625,
    "epoch28": 26.796503155048075,
    "epoch29": 26.222921048677886,
    "epoch30": 26.379064002403847,
    "epoch31": 26.2079345703125,
    "epoch32": 26.185452974759617,
    "epoch33": 25.836070838341346,
    "epoch34": 25.76686072716346,
    "epoch35": 25.831640625,
    "epoch36": 25.595055213341347,
    "epoch37": 25.586688701923077,
    "epoch38": 25.604343825120193,
    "epoch39": 25.296343524639422,
    "epoch40": 25.45552509014423,
    "epoch41": 25.338106595552883,
    "epoch42": 25.649117337740385,
    "epoch43": 25.418885216346155,
    "epoch44": 25.070284329927883,
    "epoch45": 25.02288348858173,
    "epoch46": 24.9964111328125,
    "epoch47": 24.830628380408655,
    "epoch48": 24.848497596153845,
    "epoch49": 24.683323317307693,
    "epoch50": 24.813001427283655,
    "epoch51": 24.71594426081731,
    "epoch52": 24.953985126201925,
    "epoch53": 24.756133563701923,
    "epoch54": 24.583054762620193,
    "epoch55": 24.673792442908653,
    "epoch56": 24.54248798076923,
    "epoch57": 24.876853590745192,
    "epoch58": 24.477493990384616,
    "epoch59": 24.561388221153845,
    "epoch60": 24.416965895432693,
    "epoch61": 24.30150428185096,
    "epoch62": 24.473431865985578,
    "epoch63": 24.357887620192308,
    "epoch64": 24.46363994891827,
    "epoch65": 24.245813927283653,
    "epoch66": 24.497733248197115,
    "epoch67": 24.240029672475963,
    "epoch68": 24.12760479266827,
    "epoch69": 24.15062537560096,
    "epoch70": 24.33042743389423,
    "epoch71": 24.202745643028845,
    "epoch72": 24.072066556490384,
    "epoch73": 24.079079026442308,
    "epoch74": 24.207172100360577,
    "epoch75": 23.85955528846154,
    "epoch76": 24.178756009615384,
    "epoch77": 24.17827336237981,
    "epoch78": 24.100783128004807,
    "epoch79": 24.134713040865385,
    "epoch80": 24.1641845703125,
    "epoch81": 23.908302659254808,
    "epoch82": 24.263998647836537,
    "epoch83": 23.809108323317307,
    "epoch84": 23.932928936298076,
    "epoch85": 23.877298677884614,
    "epoch86": 23.820269305889422,
    "epoch87": 23.97046837439904,
    "epoch88": 23.981432166466345,
    "epoch89": 24.049864783653845,
    "epoch90": 23.656298828125,
    "epoch91": 23.757825646033655,
    "epoch92": 23.710869891826924,
    "epoch93": 23.91863544170673,
    "epoch94": 23.779013296274037,
    "epoch95": 23.87489295372596,
    "epoch96": 23.737107496995193,
    "epoch97": 23.584241661658655,
    "epoch98": 23.671242112379808,
    "epoch99": 23.636386343149038,
    "epoch100": 23.568524639423078
}