{
    "epoch1": 0.06585081045826276,
    "epoch2": 0.055593892104095884,
    "epoch3": 0.05075861679183112,
    "epoch4": 0.045900699165132314,
    "epoch5": 0.040920650172564715,
    "epoch6": 0.036346922939022384,
    "epoch7": 0.03226837495134936,
    "epoch8": 0.029143832623958588,
    "epoch9": 0.0267068762332201,
    "epoch10": 0.025369074195623398,
    "epoch11": 0.024586012379990682,
    "epoch12": 0.024364236535297498,
    "epoch13": 0.023857496885789767,
    "epoch14": 0.023614132983816996,
    "epoch15": 0.023313186234898038,
    "epoch16": 0.023072151467204094,
    "epoch17": 0.023014842118653987,
    "epoch18": 0.022541112990842924,
    "epoch19": 0.022421173026992217,
    "epoch20": 0.022197546540862985,
    "epoch21": 0.022039137987626925,
    "epoch22": 0.022121161946819887,
    "epoch23": 0.022128103714850213,
    "epoch24": 0.021827631526523165,
    "epoch25": 0.022025325646003086,
    "epoch26": 0.021457501066227753,
    "epoch27": 0.021453776189850435,
    "epoch28": 0.0214140091298355,
    "epoch29": 0.021205454443891842,
    "epoch30": 0.021518439675370853,
    "epoch31": 0.020946147437724803,
    "epoch32": 0.020852320206662018,
    "epoch33": 0.020852392849822838,
    "epoch34": 0.020723902102973726,
    "epoch35": 0.02062889664537377,
    "epoch36": 0.020722276634640165,
    "epoch37": 0.02066698597951068,
    "epoch38": 0.020426911405391164,
    "epoch39": 0.021649991472562153,
    "epoch40": 0.020545445589555636,
    "epoch41": 0.02086831981109248,
    "epoch42": 0.02027862870858775,
    "epoch43": 0.02031164274861415,
    "epoch44": 0.020312024901310604,
    "epoch45": 0.02009295268605153,
    "epoch46": 0.019983840692374442,
    "epoch47": 0.020334698570271332,
    "epoch48": 0.020095438903404608,
    "epoch49": 0.019993036054074764,
    "epoch50": 0.019839992332789633,
    "epoch51": 0.020398323010239337,
    "epoch52": 0.019824363601704437,
    "epoch53": 0.019830299644834466,
    "epoch54": 0.019835614495807223,
    "epoch55": 0.01991239914463626,
    "epoch56": 0.02015745287968053,
    "epoch57": 0.019902902965744335,
    "epoch58": 0.020081423740420077,
    "epoch59": 0.020008662508593664,
    "epoch60": 0.01975211925390694,
    "epoch61": 0.020113056318627462,
    "epoch62": 0.01965968631621864,
    "epoch63": 0.019704328539470833,
    "epoch64": 0.019778638560738828,
    "epoch65": 0.01994593720883131,
    "epoch66": 0.019595475246508915,
    "epoch67": 0.020117683853540156,
    "epoch68": 0.019986870388189953,
    "epoch69": 0.020252022788756423,
    "epoch70": 0.0196882722278436,
    "epoch71": 0.021365987757841747,
    "epoch72": 0.0196794837506281,
    "epoch73": 0.019778914749622345,
    "epoch74": 0.019697102304134104,
    "epoch75": 0.01989755251755317,
    "epoch76": 0.020556146796378825,
    "epoch77": 0.01987127193974124,
    "epoch78": 0.019894806668162346,
    "epoch79": 0.019747028437753517,
    "epoch80": 0.02048767337368594,
    "epoch81": 0.020073909726407792,
    "epoch82": 0.020101390365097258,
    "epoch83": 0.020286003748575848,
    "epoch84": 0.02016943734553125,
    "epoch85": 0.019966440482272044,
    "epoch86": 0.019833739329543378,
    "epoch87": 0.01991049096816116,
    "epoch88": 0.01983282208028767,
    "epoch89": 0.02031994600676828,
    "epoch90": 0.019890601850218244,
    "epoch91": 0.020399764076703124,
    "epoch92": 0.020193245365387864,
    "epoch93": 0.02021032799449232,
    "epoch94": 0.020045012856523197,
    "epoch95": 0.020196292445891433,
    "epoch96": 0.02014465630054474,
    "epoch97": 0.020831628185179498,
    "epoch98": 0.02019916981872585,
    "epoch99": 0.02014504869778951,
    "epoch100": 0.02019314654171467
}