{
    "epoch1": 85.90592215401786,
    "epoch2": 53.68238002232143,
    "epoch3": 52.09126325334822,
    "epoch4": 50.24157017299107,
    "epoch5": 47.976206752232144,
    "epoch6": 45.28092215401786,
    "epoch7": 43.182470703125,
    "epoch8": 40.144192940848214,
    "epoch9": 38.20732421875,
    "epoch10": 36.29549037388393,
    "epoch11": 35.6302001953125,
    "epoch12": 35.32172154017857,
    "epoch13": 35.393763950892854,
    "epoch14": 35.005461774553574,
    "epoch15": 34.69159458705357,
    "epoch16": 34.228759765625,
    "epoch17": 34.352197265625,
    "epoch18": 33.81144321986607,
    "epoch19": 33.54046456473214,
    "epoch20": 33.73254045758929,
    "epoch21": 33.42112165178571,
    "epoch22": 33.20550013950893,
    "epoch23": 33.217354910714285,
    "epoch24": 32.99914899553571,
    "epoch25": 32.998545619419644,
    "epoch26": 32.747813197544644,
    "epoch27": 32.432809012276785,
    "epoch28": 32.359528459821426,
    "epoch29": 32.31056431361607,
    "epoch30": 32.29967564174107,
    "epoch31": 32.18599679129464,
    "epoch32": 32.096404157366074,
    "epoch33": 31.9230224609375,
    "epoch34": 31.790056501116073,
    "epoch35": 31.761886160714287,
    "epoch36": 31.658670479910715,
    "epoch37": 31.424755859375,
    "epoch38": 31.630116489955356,
    "epoch39": 31.655165318080357,
    "epoch40": 31.479764229910714,
    "epoch41": 31.596369280133928,
    "epoch42": 30.878892299107143,
    "epoch43": 30.991064453125,
    "epoch44": 31.19644949776786,
    "epoch45": 30.90245884486607,
    "epoch46": 30.770769391741073,
    "epoch47": 30.77779017857143,
    "epoch48": 30.54932338169643,
    "epoch49": 30.30272739955357,
    "epoch50": 30.3243408203125,
    "epoch51": 30.222049386160716,
    "epoch52": 30.55733468191964,
    "epoch53": 30.0587646484375,
    "epoch54": 30.150844029017858,
    "epoch55": 30.387503487723215,
    "epoch56": 29.92208775111607,
    "epoch57": 29.82412806919643,
    "epoch58": 29.649714006696428,
    "epoch59": 29.911893136160714,
    "epoch60": 29.680416434151784,
    "epoch61": 29.61971261160714,
    "epoch62": 29.496515764508928,
    "epoch63": 29.661478097098215,
    "epoch64": 29.306741768973215,
    "epoch65": 29.182791573660715,
    "epoch66": 29.3531982421875,
    "epoch67": 29.1146728515625,
    "epoch68": 29.25238037109375,
    "epoch69": 29.000514439174108,
    "epoch70": 28.985300990513394,
    "epoch71": 29.136907087053572,
    "epoch72": 29.05142124720982,
    "epoch73": 28.828107561383927,
    "epoch74": 28.665387834821427,
    "epoch75": 28.671873256138394,
    "epoch76": 29.014085170200893,
    "epoch77": 28.69473876953125,
    "epoch78": 28.445731026785715,
    "epoch79": 28.623807198660714,
    "epoch80": 28.627901785714286,
    "epoch81": 28.44148995535714,
    "epoch82": 28.454762486049106,
    "epoch83": 28.3305419921875,
    "epoch84": 28.31599818638393,
    "epoch85": 28.48319266183036,
    "epoch86": 28.32525634765625,
    "epoch87": 28.448270089285714,
    "epoch88": 28.33815743582589,
    "epoch89": 28.317782156808036,
    "epoch90": 28.248582240513393,
    "epoch91": 28.608138602120537,
    "epoch92": 28.39936000279018,
    "epoch93": 28.07363978794643,
    "epoch94": 28.198060825892856,
    "epoch95": 28.0024169921875,
    "epoch96": 28.037184361049107,
    "epoch97": 28.103329031808034,
    "epoch98": 28.215872628348215,
    "epoch99": 28.091062709263394,
    "epoch100": 28.00844203404018
}