{
    "epoch1": 0.06148851960897446,
    "epoch2": 0.048042899618546166,
    "epoch3": 0.03879381467898687,
    "epoch4": 0.03391488728423913,
    "epoch5": 0.03111359290778637,
    "epoch6": 0.028846643989284833,
    "epoch7": 0.026362406462430953,
    "epoch8": 0.02406708300113678,
    "epoch9": 0.021909556848307452,
    "epoch10": 0.019811425109704336,
    "epoch11": 0.01800740659236908,
    "epoch12": 0.01642733719199896,
    "epoch13": 0.014919506944715976,
    "epoch14": 0.013508647680282593,
    "epoch15": 0.012408642563968897,
    "epoch16": 0.011430826410651207,
    "epoch17": 0.010693953993419806,
    "epoch18": 0.010003314881275097,
    "epoch19": 0.00936348292355736,
    "epoch20": 0.008905235150208076,
    "epoch21": 0.008260572049766778,
    "epoch22": 0.007765848624209563,
    "epoch23": 0.007328374000887076,
    "epoch24": 0.006921921980877718,
    "epoch25": 0.0065363142639398575,
    "epoch26": 0.006204828713089227,
    "epoch27": 0.0058821274433285,
    "epoch28": 0.00552205682421724,
    "epoch29": 0.005209565923238794,
    "epoch30": 0.0050108954310417175
}