{
    "epoch1": 106.44224446614584,
    "epoch2": 89.6189453125,
    "epoch3": 81.892529296875,
    "epoch4": 79.72259928385417,
    "epoch5": 78.52784830729166,
    "epoch6": 77.11802571614584,
    "epoch7": 74.99834798177083,
    "epoch8": 72.9046875,
    "epoch9": 70.63871256510417,
    "epoch10": 68.54886881510417,
    "epoch11": 65.98184814453126,
    "epoch12": 63.641255696614586,
    "epoch13": 61.40768636067708,
    "epoch14": 61.01567789713542,
    "epoch15": 60.62947184244792,
    "epoch16": 60.13480224609375,
    "epoch17": 58.99390462239583,
    "epoch18": 58.2346923828125,
    "epoch19": 57.46405843098958,
    "epoch20": 58.143603515625,
    "epoch21": 55.993603515625,
    "epoch22": 54.2519775390625,
    "epoch23": 53.466471354166664,
    "epoch24": 53.15049641927083,
    "epoch25": 52.133540852864584,
    "epoch26": 51.852701822916664,
    "epoch27": 51.5819091796875,
    "epoch28": 50.85081787109375,
    "epoch29": 50.07060953776042,
    "epoch30": 49.85299886067708
}