{
    "epoch1": 46.82825215657552,
    "epoch2": 44.588470458984375,
    "epoch3": 42.30601247151693,
    "epoch4": 40.00466664632162,
    "epoch5": 36.11974080403646,
    "epoch6": 33.69032541910807,
    "epoch7": 31.680104573567707,
    "epoch8": 31.515391031901043,
    "epoch9": 30.962608337402344,
    "epoch10": 30.281720479329426,
    "epoch11": 29.861610412597656,
    "epoch12": 29.878211975097656,
    "epoch13": 29.504364013671875,
    "epoch14": 29.43334452311198,
    "epoch15": 28.877660115559895,
    "epoch16": 28.80438486735026,
    "epoch17": 28.984970092773438,
    "epoch18": 28.658180236816406,
    "epoch19": 29.082537333170574,
    "epoch20": 28.89197540283203,
    "epoch21": 28.290751139322918,
    "epoch22": 28.12665557861328,
    "epoch23": 28.143020629882812,
    "epoch24": 27.909996032714844,
    "epoch25": 27.900924682617188,
    "epoch26": 27.547157287597656,
    "epoch27": 27.318758646647137,
    "epoch28": 27.613670349121094,
    "epoch29": 27.917699178059895,
    "epoch30": 27.294453938802082,
    "epoch31": 27.134567260742188,
    "epoch32": 27.60168202718099,
    "epoch33": 27.242205301920574,
    "epoch34": 27.038551330566406,
    "epoch35": 26.941370646158855,
    "epoch36": 27.1676762898763,
    "epoch37": 27.099472045898438,
    "epoch38": 27.594151814778645,
    "epoch39": 26.655502319335938,
    "epoch40": 27.11188252766927,
    "epoch41": 26.741366068522137,
    "epoch42": 26.33342742919922,
    "epoch43": 26.29211171468099,
    "epoch44": 26.70965830485026,
    "epoch45": 26.528366088867188,
    "epoch46": 26.02161407470703,
    "epoch47": 26.11366017659505,
    "epoch48": 25.992090861002605,
    "epoch49": 27.014015197753906,
    "epoch50": 25.995595296223957,
    "epoch51": 25.833839416503906,
    "epoch52": 25.770375569661457,
    "epoch53": 25.69640858968099,
    "epoch54": 26.09301503499349,
    "epoch55": 25.517491658528645,
    "epoch56": 25.857655843098957,
    "epoch57": 25.305585225423176,
    "epoch58": 25.542490641276043,
    "epoch59": 25.44732666015625,
    "epoch60": 25.359151204427082,
    "epoch61": 25.30401611328125,
    "epoch62": 25.1033935546875,
    "epoch63": 28.16724904378255,
    "epoch64": 25.261632283528645,
    "epoch65": 24.891082763671875,
    "epoch66": 24.931070963541668,
    "epoch67": 26.89147440592448,
    "epoch68": 24.939163208007812,
    "epoch69": 24.782272338867188,
    "epoch70": 24.794354756673176,
    "epoch71": 24.91661326090495,
    "epoch72": 24.95611826578776,
    "epoch73": 24.665517171223957,
    "epoch74": 24.88403828938802,
    "epoch75": 26.350184122721355,
    "epoch76": 24.575363159179688,
    "epoch77": 24.60254414876302,
    "epoch78": 24.592300415039062,
    "epoch79": 24.557383219401043,
    "epoch80": 24.859171549479168,
    "epoch81": 24.73693593343099,
    "epoch82": 24.599998474121094,
    "epoch83": 24.38434600830078,
    "epoch84": 24.475326538085938,
    "epoch85": 24.463918050130207,
    "epoch86": 24.303192138671875,
    "epoch87": 24.321014404296875,
    "epoch88": 24.9601313273112,
    "epoch89": 24.27454121907552,
    "epoch90": 25.167160034179688,
    "epoch91": 24.324803670247395,
    "epoch92": 24.204190572102863,
    "epoch93": 24.2178955078125,
    "epoch94": 24.60516357421875,
    "epoch95": 24.568036397298176,
    "epoch96": 24.203038533528645,
    "epoch97": 24.297693888346355,
    "epoch98": 24.2445068359375,
    "epoch99": 24.233250935872395,
    "epoch100": 24.20867156982422
}