{
    "epoch1": 0.023760826885700227,
    "epoch2": 0.014306644815951586,
    "epoch3": 0.010582865215837955,
    "epoch4": 0.010052259406074881,
    "epoch5": 0.009160147281363606,
    "epoch6": 0.008779282961040736,
    "epoch7": 0.008514143852517008,
    "epoch8": 0.008498035138472915,
    "epoch9": 0.00805758023634553,
    "epoch10": 0.008239392563700676,
    "epoch11": 0.008578462107107044,
    "epoch12": 0.008045841148123145,
    "epoch13": 0.007775231217965484,
    "epoch14": 0.0076793448999524115,
    "epoch15": 0.008943375619128346,
    "epoch16": 0.007510965829715133,
    "epoch17": 0.007650306914001703,
    "epoch18": 0.007392969215288758,
    "epoch19": 0.007495528738945723,
    "epoch20": 0.007718420075252652,
    "epoch21": 0.007368091354146599,
    "epoch22": 0.007462809886783361,
    "epoch23": 0.007331225043162704,
    "epoch24": 0.007368647446855903,
    "epoch25": 0.007458016648888588,
    "epoch26": 0.007219311036169529,
    "epoch27": 0.007254513446241617,
    "epoch28": 0.0073491617571562525,
    "epoch29": 0.0074188355822116135,
    "epoch30": 0.007749850116670132,
    "epoch31": 0.007572683086618781,
    "epoch32": 0.007345400145277381,
    "epoch33": 0.007141205156221986,
    "epoch34": 0.0072032098658382894,
    "epoch35": 0.00715140257962048,
    "epoch36": 0.0071112948004156355,
    "epoch37": 0.0072177060879766945,
    "epoch38": 0.0071807521861046554,
    "epoch39": 0.007075295876711607,
    "epoch40": 0.00705945030786097,
    "epoch41": 0.007100623426958918,
    "epoch42": 0.007249477133154869,
    "epoch43": 0.00705044767819345,
    "epoch44": 0.0075349267572164536,
    "epoch45": 0.007118648523464799,
    "epoch46": 0.007483294745907187,
    "epoch47": 0.007566545624285936,
    "epoch48": 0.0071942521259188656,
    "epoch49": 0.00720515912398696,
    "epoch50": 0.007226576143875718,
    "epoch51": 0.007073533488437533,
    "epoch52": 0.0070410980843007565,
    "epoch53": 0.00709135252982378,
    "epoch54": 0.007257397891953588,
    "epoch55": 0.007107827858999371,
    "epoch56": 0.007007095357403159,
    "epoch57": 0.007103563612326979,
    "epoch58": 0.007073538051918149,
    "epoch59": 0.006963624525815249,
    "epoch60": 0.007579637039452791,
    "epoch61": 0.0073242791462689635,
    "epoch62": 0.00744054801762104,
    "epoch63": 0.007196243433281779,
    "epoch64": 0.0071349750272929665,
    "epoch65": 0.007032225141301751,
    "epoch66": 0.0070468254387378694,
    "epoch67": 0.007103228522464633,
    "epoch68": 0.007075013592839241,
    "epoch69": 0.007012041844427585,
    "epoch70": 0.007130316970869899,
    "epoch71": 0.006988457217812538,
    "epoch72": 0.006963534699752927,
    "epoch73": 0.006964188674464822,
    "epoch74": 0.007337145274505019,
    "epoch75": 0.006950507452711463,
    "epoch76": 0.0069049244280904535,
    "epoch77": 0.007235699892044067,
    "epoch78": 0.00699082794599235,
    "epoch79": 0.006998159363865853,
    "epoch80": 0.006947391061112284,
    "epoch81": 0.007373906346037984,
    "epoch82": 0.007059343950822949,
    "epoch83": 0.0073921591974794865,
    "epoch84": 0.007172963349148631,
    "epoch85": 0.007087097549811005,
    "epoch86": 0.00697667608037591,
    "epoch87": 0.007139656273648143,
    "epoch88": 0.007171418936923146,
    "epoch89": 0.007048634765669704,
    "epoch90": 0.007158100930973887,
    "epoch91": 0.007092096842825413,
    "epoch92": 0.007505919691175223,
    "epoch93": 0.00704310261644423,
    "epoch94": 0.007526604644954205,
    "epoch95": 0.006940127722918988,
    "epoch96": 0.007159637706354261,
    "epoch97": 0.007150953030213713,
    "epoch98": 0.006970889680087566,
    "epoch99": 0.007103866897523403,
    "epoch100": 0.007010549446567893
}