{
    "epoch1": 53.35419986122533,
    "epoch2": 39.650422748766445,
    "epoch3": 33.182279887952305,
    "epoch4": 29.373374537417764,
    "epoch5": 28.10594418174342,
    "epoch6": 27.200246710526315,
    "epoch7": 25.866845381887334,
    "epoch8": 25.398998059724505,
    "epoch9": 24.935476202713815,
    "epoch10": 24.22409378854852,
    "epoch11": 24.34415797183388,
    "epoch12": 24.314000179893092,
    "epoch13": 23.99974782843339,
    "epoch14": 23.854015149568255,
    "epoch15": 23.997555381373356,
    "epoch16": 23.809767873663652,
    "epoch17": 22.79216886821546,
    "epoch18": 22.62925158048931,
    "epoch19": 23.21143381219161,
    "epoch20": 22.368952700966283,
    "epoch21": 22.315696314761514,
    "epoch22": 22.127439800061676,
    "epoch23": 23.710081401624176,
    "epoch24": 22.211266768606084,
    "epoch25": 23.627648604543584,
    "epoch26": 23.023853502775495,
    "epoch27": 21.79654894377056,
    "epoch28": 21.836970279091283,
    "epoch29": 21.53234060187089,
    "epoch30": 21.75423230622944,
    "epoch31": 22.17761872944079,
    "epoch32": 22.303916529605264,
    "epoch33": 21.805153294613486,
    "epoch34": 23.45496408562911,
    "epoch35": 21.303513376336348,
    "epoch36": 21.0169677734375,
    "epoch37": 22.02283517937911,
    "epoch38": 21.19967490748355,
    "epoch39": 21.204258968955592,
    "epoch40": 21.374346281352796,
    "epoch41": 21.07326146175987,
    "epoch42": 21.133257414165296,
    "epoch43": 21.382118626644736,
    "epoch44": 21.547176963404606,
    "epoch45": 21.067516126130755,
    "epoch46": 21.324326364617598,
    "epoch47": 21.809004934210527,
    "epoch48": 21.078765869140625,
    "epoch49": 21.086510909231084,
    "epoch50": 21.697443911903783,
    "epoch51": 20.785639712685033,
    "epoch52": 22.10657541375411,
    "epoch53": 20.761305959601152,
    "epoch54": 21.04665816457648,
    "epoch55": 20.64524279142681,
    "epoch56": 20.677210757606908,
    "epoch57": 21.64069888466283,
    "epoch58": 20.85740260074013,
    "epoch59": 20.421818783408717,
    "epoch60": 20.68924913908306,
    "epoch61": 21.184832121196546,
    "epoch62": 21.378949617084704,
    "epoch63": 20.95756771689967,
    "epoch64": 21.005417673211348,
    "epoch65": 20.890430651212995,
    "epoch66": 20.273636667351973,
    "epoch67": 22.35537398488898,
    "epoch68": 20.48241545024671,
    "epoch69": 20.07865504214638,
    "epoch70": 20.01171071905839,
    "epoch71": 20.338117097553454,
    "epoch72": 20.936749910053454,
    "epoch73": 20.11957590203536,
    "epoch74": 21.079716732627467,
    "epoch75": 21.158848812705592,
    "epoch76": 20.979230378803454,
    "epoch77": 21.33255165501645,
    "epoch78": 20.30479672080592,
    "epoch79": 21.278357254831416,
    "epoch80": 20.652115671258223,
    "epoch81": 20.733705219469574,
    "epoch82": 20.63213308233964,
    "epoch83": 19.949671695106908,
    "epoch84": 21.626575670744245,
    "epoch85": 20.40310347707648,
    "epoch86": 21.444737484580592,
    "epoch87": 20.089954576994245,
    "epoch88": 20.002891138980264,
    "epoch89": 19.999163175884046,
    "epoch90": 20.11155138517681,
    "epoch91": 21.277991043893916,
    "epoch92": 21.53977564761513,
    "epoch93": 20.799536454050166,
    "epoch94": 20.61104222347862,
    "epoch95": 21.267025596217106,
    "epoch96": 20.40077611019737,
    "epoch97": 20.533654463918584,
    "epoch98": 19.67612658048931,
    "epoch99": 20.200718929893092,
    "epoch100": 19.826894659745065
}