{
    "epoch1": 114.804443359375,
    "epoch2": 95.21486409505208,
    "epoch3": 87.0296122233073,
    "epoch4": 83.59316507975261,
    "epoch5": 81.93277994791667,
    "epoch6": 80.65622456868489,
    "epoch7": 78.95321146647136,
    "epoch8": 77.12286885579427,
    "epoch9": 75.35670471191406,
    "epoch10": 73.30271911621094,
    "epoch11": 71.5488993326823,
    "epoch12": 69.22194417317708,
    "epoch13": 67.56667073567708,
    "epoch14": 65.9080098470052,
    "epoch15": 63.5640869140625,
    "epoch16": 64.17744445800781,
    "epoch17": 63.730977376302086,
    "epoch18": 60.041178385416664,
    "epoch19": 60.92664591471354,
    "epoch20": 57.50420633951823,
    "epoch21": 58.35504659016927,
    "epoch22": 57.02071634928385,
    "epoch23": 57.51677449544271,
    "epoch24": 57.407002766927086,
    "epoch25": 57.33148193359375,
    "epoch26": 56.387349446614586,
    "epoch27": 56.20685831705729,
    "epoch28": 55.62897237141927,
    "epoch29": 53.94275919596354,
    "epoch30": 53.523885091145836
}