{
    "epoch1": 0.05510486774146557,
    "epoch2": 0.049064290896058085,
    "epoch3": 0.04473135136067867,
    "epoch4": 0.04048879351466894,
    "epoch5": 0.03591053169220686,
    "epoch6": 0.0321371803060174,
    "epoch7": 0.028555906005203725,
    "epoch8": 0.026417642831802368,
    "epoch9": 0.02490029763430357,
    "epoch10": 0.023993724770843983,
    "epoch11": 0.023962655290961265,
    "epoch12": 0.02303227558732033,
    "epoch13": 0.022707739658653737,
    "epoch14": 0.022359395399689674,
    "epoch15": 0.022695145569741726,
    "epoch16": 0.02190989339724183,
    "epoch17": 0.0219451897777617,
    "epoch18": 0.02166947927325964,
    "epoch19": 0.02141386494040489,
    "epoch20": 0.021432793512940407,
    "epoch21": 0.0211169864051044,
    "epoch22": 0.021146881952881814,
    "epoch23": 0.020845412649214266,
    "epoch24": 0.02070025373250246,
    "epoch25": 0.020594199281185867,
    "epoch26": 0.020455169212073087,
    "epoch27": 0.020377861522138118,
    "epoch28": 0.020242522936314344,
    "epoch29": 0.02012916011735797,
    "epoch30": 0.02006382504478097,
    "epoch31": 0.019941048324108125,
    "epoch32": 0.019891270156949758,
    "epoch33": 0.01974826492369175,
    "epoch34": 0.01999482372775674,
    "epoch35": 0.019600577279925348,
    "epoch36": 0.019550699088722468,
    "epoch37": 0.01941285850480199,
    "epoch38": 0.019401717744767667,
    "epoch39": 0.01936996392905712,
    "epoch40": 0.019339407049119472,
    "epoch41": 0.01932785753160715,
    "epoch42": 0.019458851777017117,
    "epoch43": 0.019390952587127686,
    "epoch44": 0.019199496414512397,
    "epoch45": 0.018892139289528133,
    "epoch46": 0.018846646044403316,
    "epoch47": 0.018934335559606552,
    "epoch48": 0.01877074772492051,
    "epoch49": 0.01937429318204522,
    "epoch50": 0.018632475379854442,
    "epoch51": 0.018565259594470262,
    "epoch52": 0.01863698158413172,
    "epoch53": 0.0185527796857059,
    "epoch54": 0.01847056010738015,
    "epoch55": 0.018285544589161873,
    "epoch56": 0.018492941558361054,
    "epoch57": 0.01825854629278183,
    "epoch58": 0.018570542428642513,
    "epoch59": 0.018180812988430262,
    "epoch60": 0.01815536469221115,
    "epoch61": 0.018308518268167973,
    "epoch62": 0.017966218292713165,
    "epoch63": 0.017992407269775867,
    "epoch64": 0.01794934468343854,
    "epoch65": 0.017845246568322183,
    "epoch66": 0.017838592920452357,
    "epoch67": 0.017775169014930724,
    "epoch68": 0.017698573973029853,
    "epoch69": 0.017784920893609522,
    "epoch70": 0.01771525703370571,
    "epoch71": 0.017620083689689637,
    "epoch72": 0.017905703745782375,
    "epoch73": 0.017659105453640224,
    "epoch74": 0.017543553095310926,
    "epoch75": 0.017440225183963775,
    "epoch76": 0.017801901325583458,
    "epoch77": 0.017472122330218554,
    "epoch78": 0.017396989278495312,
    "epoch79": 0.017362152505666018,
    "epoch80": 0.01731698028743267,
    "epoch81": 0.017271030973643065,
    "epoch82": 0.01730449153110385,
    "epoch83": 0.017233252711594104,
    "epoch84": 0.017468727100640534,
    "epoch85": 0.017142730951309203,
    "epoch86": 0.01739521762356162,
    "epoch87": 0.017098376434296368,
    "epoch88": 0.017505743727087974,
    "epoch89": 0.017021001409739257,
    "epoch90": 0.01705142352730036,
    "epoch91": 0.01701188711449504,
    "epoch92": 0.016957970056682824,
    "epoch93": 0.017058870662003754,
    "epoch94": 0.016982551850378513,
    "epoch95": 0.01691939327865839,
    "epoch96": 0.017378939688205718,
    "epoch97": 0.016927018016576766,
    "epoch98": 0.016837648395448924,
    "epoch99": 0.016955575533211233,
    "epoch100": 0.01689911587163806
}