{
    "epoch1": 88.16238563939145,
    "epoch2": 49.402311626233555,
    "epoch3": 47.12205103824013,
    "epoch4": 45.67767976459704,
    "epoch5": 43.09071109169408,
    "epoch6": 40.77372661389803,
    "epoch7": 38.27198550575658,
    "epoch8": 36.48921605160362,
    "epoch9": 34.94796271073191,
    "epoch10": 34.00468364514803,
    "epoch11": 33.92078279194079,
    "epoch12": 33.15985107421875,
    "epoch13": 32.7594572368421,
    "epoch14": 32.58204731188322,
    "epoch15": 32.510324578536185,
    "epoch16": 31.95537045127467,
    "epoch17": 32.10781057257401,
    "epoch18": 32.1213957134046,
    "epoch19": 31.986720034950658,
    "epoch20": 31.7279984323602,
    "epoch21": 31.882484837582236,
    "epoch22": 31.54522705078125,
    "epoch23": 31.43317935341283,
    "epoch24": 31.798648231907894,
    "epoch25": 31.32886384662829,
    "epoch26": 31.096522281044408,
    "epoch27": 31.12333277652138,
    "epoch28": 30.90631103515625,
    "epoch29": 31.091482062088815,
    "epoch30": 30.625999049136514,
    "epoch31": 30.811966745476973,
    "epoch32": 30.549660130550986,
    "epoch33": 30.38951994243421,
    "epoch34": 30.42274234169408,
    "epoch35": 30.241201300370065,
    "epoch36": 30.101822702508223,
    "epoch37": 29.98857357627467,
    "epoch38": 30.073775442023027,
    "epoch39": 29.76041773745888,
    "epoch40": 29.906172902960527,
    "epoch41": 29.831764622738486,
    "epoch42": 29.761024876644736,
    "epoch43": 29.688364129317435,
    "epoch44": 29.462000796669408,
    "epoch45": 29.38995361328125,
    "epoch46": 29.17998625102796,
    "epoch47": 29.58135986328125,
    "epoch48": 28.955550344366777,
    "epoch49": 29.50364283511513,
    "epoch50": 28.931798031455592,
    "epoch51": 28.870325991981908,
    "epoch52": 29.018162777549342,
    "epoch53": 28.462241724917764,
    "epoch54": 29.054726048519736,
    "epoch55": 28.676915218955592,
    "epoch56": 28.70930882504112,
    "epoch57": 28.754471628289473,
    "epoch58": 28.51581453022204,
    "epoch59": 28.439314992804277,
    "epoch60": 28.13237240439967,
    "epoch61": 28.48963044819079,
    "epoch62": 28.174460963199014,
    "epoch63": 28.28707725123355,
    "epoch64": 28.101491827713815,
    "epoch65": 28.06928132709704,
    "epoch66": 28.13255550986842,
    "epoch67": 27.94247275904605,
    "epoch68": 28.02505653782895,
    "epoch69": 27.682639674136514,
    "epoch70": 27.758169073807565,
    "epoch71": 27.7146927682977,
    "epoch72": 28.03676243832237,
    "epoch73": 27.689414576480264,
    "epoch74": 27.483388800370065,
    "epoch75": 27.666600277549342,
    "epoch76": 27.889083059210527,
    "epoch77": 27.95722078022204,
    "epoch78": 27.243064478824014,
    "epoch79": 27.54887631064967,
    "epoch80": 27.091527035361842,
    "epoch81": 27.281532689144736,
    "epoch82": 27.139664499383223,
    "epoch83": 27.31718043277138,
    "epoch84": 27.20523231907895,
    "epoch85": 27.19909025493421,
    "epoch86": 26.929751747532894,
    "epoch87": 27.00131064967105,
    "epoch88": 27.12437679893092,
    "epoch89": 26.70696218390214,
    "epoch90": 27.150088661595394,
    "epoch91": 26.73238172029194,
    "epoch92": 26.86669279399671,
    "epoch93": 26.670678389699834,
    "epoch94": 26.7593994140625,
    "epoch95": 27.0306107370477,
    "epoch96": 27.038400750411185,
    "epoch97": 26.709361829255755,
    "epoch98": 26.601911042865954,
    "epoch99": 26.58159115439967,
    "epoch100": 26.47823775442023
}