{
    "epoch1": 0.0500431414693594,
    "epoch2": 0.04140668258898788,
    "epoch3": 0.03229442932125595,
    "epoch4": 0.025874056853353977,
    "epoch5": 0.02373225785170992,
    "epoch6": 0.02261416583011548,
    "epoch7": 0.022087632937149868,
    "epoch8": 0.02179406076255772,
    "epoch9": 0.02144872893889745,
    "epoch10": 0.021122793511797983,
    "epoch11": 0.020865318158434495,
    "epoch12": 0.021015143901523616,
    "epoch13": 0.020503920709921256,
    "epoch14": 0.020263962913304567,
    "epoch15": 0.020108713664942317,
    "epoch16": 0.019956744586428005,
    "epoch17": 0.01979328805787696,
    "epoch18": 0.019842238631099463,
    "epoch19": 0.019686326384544373,
    "epoch20": 0.01939685099447767,
    "epoch21": 0.019379715564557247,
    "epoch22": 0.01918396731424663,
    "epoch23": 0.01909648414908184,
    "epoch24": 0.01895564240920875,
    "epoch25": 0.01912715860332052,
    "epoch26": 0.018829972431477573,
    "epoch27": 0.018724940872440737,
    "epoch28": 0.01885481339154972,
    "epoch29": 0.01858956364190413,
    "epoch30": 0.0186408796451158,
    "epoch31": 0.018396801366988156,
    "epoch32": 0.018573405117624335,
    "epoch33": 0.01840219020636545,
    "epoch34": 0.018336256164022617,
    "epoch35": 0.018527185699592035,
    "epoch36": 0.01826705690473318,
    "epoch37": 0.018027544306177232,
    "epoch38": 0.01810439872658915,
    "epoch39": 0.01795699750073254,
    "epoch40": 0.018006575423189335,
    "epoch41": 0.018106205544124048,
    "epoch42": 0.017923175874683592,
    "epoch43": 0.017728486357049808,
    "epoch44": 0.017716389692698915,
    "epoch45": 0.017653344199061394,
    "epoch46": 0.017708214827709727,
    "epoch47": 0.018006017431616783,
    "epoch48": 0.017554334157870874,
    "epoch49": 0.017838631756603718,
    "epoch50": 0.017533433934052784,
    "epoch51": 0.017504887603637245,
    "epoch52": 0.01756324763927195,
    "epoch53": 0.01776799699291587,
    "epoch54": 0.0176453686112331,
    "epoch55": 0.017527701074464455,
    "epoch56": 0.017474579469611246,
    "epoch57": 0.017269358556303713,
    "epoch58": 0.01902627055015829,
    "epoch59": 0.01733680586847994,
    "epoch60": 0.01803937926888466,
    "epoch61": 0.017185684060677886,
    "epoch62": 0.01778336904115147,
    "epoch63": 0.01729904456684987,
    "epoch64": 0.018587636192225747,
    "epoch65": 0.017144241835922003,
    "epoch66": 0.017134128992135327,
    "epoch67": 0.017112069814983342,
    "epoch68": 0.017035154315332573,
    "epoch69": 0.017106471428026754,
    "epoch70": 0.017423161150266726,
    "epoch71": 0.017356972054888804,
    "epoch72": 0.01714047846487827,
    "epoch73": 0.016939580233560667,
    "epoch74": 0.01694934734971159,
    "epoch75": 0.016780040175136592,
    "epoch76": 0.01680617013739215,
    "epoch77": 0.01698897869533135,
    "epoch78": 0.016793468242718115,
    "epoch79": 0.016734019439253543,
    "epoch80": 0.016881282725888822,
    "epoch81": 0.01673344253665871,
    "epoch82": 0.016710517928004265,
    "epoch83": 0.016664215027251177,
    "epoch84": 0.016648388804040022,
    "epoch85": 0.016616089114298422,
    "epoch86": 0.016530023680792913,
    "epoch87": 0.016902662503222626,
    "epoch88": 0.017174209830247693,
    "epoch89": 0.01732437317777011,
    "epoch90": 0.01685675870006283,
    "epoch91": 0.016672302813579638,
    "epoch92": 0.01647343233020769,
    "epoch93": 0.016399943140438862,
    "epoch94": 0.01646737837129169,
    "epoch95": 0.016450329606110852,
    "epoch96": 0.016418560640886426,
    "epoch97": 0.016625288511729903,
    "epoch98": 0.0164423871319741,
    "epoch99": 0.0169204531961845,
    "epoch100": 0.01646513189189136
}