{
    "epoch1": 51.926792689732146,
    "epoch2": 46.11521344866071,
    "epoch3": 41.728281947544644,
    "epoch4": 36.88891950334821,
    "epoch5": 33.90068359375,
    "epoch6": 32.66271275111607,
    "epoch7": 32.12663225446428,
    "epoch8": 31.72714146205357,
    "epoch9": 31.303850446428573,
    "epoch10": 31.10073939732143,
    "epoch11": 30.703090122767858,
    "epoch12": 30.670947265625,
    "epoch13": 30.236136300223215,
    "epoch14": 30.004411969866073,
    "epoch15": 29.9814453125,
    "epoch16": 29.780416434151785,
    "epoch17": 29.50943080357143,
    "epoch18": 29.505325753348213,
    "epoch19": 29.09948032924107,
    "epoch20": 29.046848842075892,
    "epoch21": 28.86483851841518,
    "epoch22": 28.780451311383928,
    "epoch23": 28.60424107142857,
    "epoch24": 28.48353271484375,
    "epoch25": 28.449741908482142,
    "epoch26": 28.243287876674106,
    "epoch27": 28.213729422433037,
    "epoch28": 28.26621616908482,
    "epoch29": 27.854078892299107,
    "epoch30": 27.68944614955357,
    "epoch31": 27.757829938616073,
    "epoch32": 27.463258579799106,
    "epoch33": 27.540328543526787,
    "epoch34": 27.727176339285716,
    "epoch35": 27.467189243861608,
    "epoch36": 27.24587925502232,
    "epoch37": 27.276443917410713,
    "epoch38": 27.19568568638393,
    "epoch39": 27.032992117745536,
    "epoch40": 26.88768310546875,
    "epoch41": 26.87448207310268,
    "epoch42": 26.63153076171875,
    "epoch43": 26.599741908482144,
    "epoch44": 26.771318708147323,
    "epoch45": 26.46176234654018,
    "epoch46": 26.540127999441964,
    "epoch47": 26.490056501116072,
    "epoch48": 26.5128173828125,
    "epoch49": 26.247891671316964,
    "epoch50": 26.21627197265625,
    "epoch51": 26.189974539620536,
    "epoch52": 26.027894810267856,
    "epoch53": 25.900650460379463,
    "epoch54": 26.090743582589287,
    "epoch55": 25.93349609375,
    "epoch56": 25.926522391183035,
    "epoch57": 25.840298897879464,
    "epoch58": 25.844400460379465,
    "epoch59": 26.064275251116072,
    "epoch60": 25.79370814732143,
    "epoch61": 25.406267438616073,
    "epoch62": 25.511917550223213,
    "epoch63": 25.67060023716518,
    "epoch64": 25.788511439732144,
    "epoch65": 25.55178048270089,
    "epoch66": 25.513614327566966,
    "epoch67": 25.321316964285714,
    "epoch68": 25.432352120535715,
    "epoch69": 25.112642996651786,
    "epoch70": 25.243570382254465,
    "epoch71": 25.108232770647323,
    "epoch72": 25.414864676339285,
    "epoch73": 25.16578369140625,
    "epoch74": 25.082231794084823,
    "epoch75": 24.91625279017857,
    "epoch76": 25.1701171875,
    "epoch77": 24.92891671316964,
    "epoch78": 24.86732177734375,
    "epoch79": 24.820725795200893,
    "epoch80": 24.796944754464285,
    "epoch81": 24.913565499441965,
    "epoch82": 24.76138392857143,
    "epoch83": 24.745954241071427,
    "epoch84": 24.9620361328125,
    "epoch85": 24.663080705915178,
    "epoch86": 24.7393310546875,
    "epoch87": 24.64492885044643,
    "epoch88": 24.98643101283482,
    "epoch89": 24.529520089285715,
    "epoch90": 24.933670479910713,
    "epoch91": 24.71731654575893,
    "epoch92": 24.621587262834822,
    "epoch93": 24.553278459821428,
    "epoch94": 24.453515625,
    "epoch95": 24.476717703683036,
    "epoch96": 24.509912109375,
    "epoch97": 24.422244698660716,
    "epoch98": 24.12665492466518,
    "epoch99": 24.50257568359375,
    "epoch100": 24.431375558035715
}