{
    "epoch1": 46.421790228949654,
    "epoch2": 43.054775661892364,
    "epoch3": 38.482455783420136,
    "epoch4": 33.31781005859375,
    "epoch5": 30.247507731119793,
    "epoch6": 30.531565348307293,
    "epoch7": 29.761260986328125,
    "epoch8": 28.713016086154514,
    "epoch9": 28.39209493001302,
    "epoch10": 28.69118923611111,
    "epoch11": 28.360666910807293,
    "epoch12": 27.604610866970486,
    "epoch13": 28.38315158420139,
    "epoch14": 27.944554646809895,
    "epoch15": 27.751302083333332,
    "epoch16": 27.389590793185764,
    "epoch17": 27.66936577690972,
    "epoch18": 27.016971164279514,
    "epoch19": 27.997533162434895,
    "epoch20": 27.275631374782986,
    "epoch21": 26.595518324110245,
    "epoch22": 26.760223388671875,
    "epoch23": 26.660776774088543,
    "epoch24": 26.535335964626736,
    "epoch25": 26.368738810221355,
    "epoch26": 26.887388441297745,
    "epoch27": 26.728707207573784,
    "epoch28": 25.96346706814236,
    "epoch29": 26.03632100423177,
    "epoch30": 25.903483072916668,
    "epoch31": 26.151385837131077,
    "epoch32": 26.94245062934028,
    "epoch33": 26.53876241048177,
    "epoch34": 25.769212510850693,
    "epoch35": 27.097598605685764,
    "epoch36": 26.418760511610245,
    "epoch37": 25.903928968641495,
    "epoch38": 25.509451972113716,
    "epoch39": 25.7606201171875,
    "epoch40": 25.898312038845486,
    "epoch41": 25.633953518337673,
    "epoch42": 25.954620361328125,
    "epoch43": 25.336654663085938,
    "epoch44": 25.254169040256077,
    "epoch45": 25.481160481770832,
    "epoch46": 25.84674072265625,
    "epoch47": 26.31096903483073,
    "epoch48": 25.03018358018663,
    "epoch49": 26.264500935872395,
    "epoch50": 25.105945163302952,
    "epoch51": 24.974012586805557,
    "epoch52": 25.521411471896702,
    "epoch53": 24.833299424913193,
    "epoch54": 24.83542209201389,
    "epoch55": 24.560117933485245,
    "epoch56": 25.190109252929688,
    "epoch57": 24.89456007215712,
    "epoch58": 26.440877278645832,
    "epoch59": 24.679501003689236,
    "epoch60": 25.227413601345486,
    "epoch61": 24.916832817925346,
    "epoch62": 26.041927761501736,
    "epoch63": 25.129146999782986,
    "epoch64": 27.9598388671875,
    "epoch65": 24.988513522677952,
    "epoch66": 24.418426513671875,
    "epoch67": 25.113752577039932,
    "epoch68": 24.509862263997395,
    "epoch69": 24.975506252712673,
    "epoch70": 24.663223266601562,
    "epoch71": 25.968919542100693,
    "epoch72": 25.34691874186198,
    "epoch73": 24.301355997721355,
    "epoch74": 24.830468071831596,
    "epoch75": 24.342112223307293,
    "epoch76": 24.347768147786457,
    "epoch77": 24.893541124131943,
    "epoch78": 24.273473103841145,
    "epoch79": 24.411173502604168,
    "epoch80": 24.822852240668404,
    "epoch81": 24.093902587890625,
    "epoch82": 24.091161092122395,
    "epoch83": 24.137169731987846,
    "epoch84": 24.514851888020832,
    "epoch85": 24.501895480685764,
    "epoch86": 23.99083794487847,
    "epoch87": 25.171254475911457,
    "epoch88": 24.68728976779514,
    "epoch89": 25.97683885362413,
    "epoch90": 25.067508273654514,
    "epoch91": 23.926534016927082,
    "epoch92": 24.017996893988716,
    "epoch93": 24.157090928819443,
    "epoch94": 23.99274190266927,
    "epoch95": 23.964285956488716,
    "epoch96": 23.81964789496528,
    "epoch97": 23.91948784722222,
    "epoch98": 24.508614434136284,
    "epoch99": 25.076131184895832,
    "epoch100": 24.287463717990452
}