{
    "epoch1": 0.02963067337987013,
    "epoch2": 0.022844537830678746,
    "epoch3": 0.021606837370200083,
    "epoch4": 0.020305169353378005,
    "epoch5": 0.019767390709603205,
    "epoch6": 0.019296013881103136,
    "epoch7": 0.018893756074248813,
    "epoch8": 0.018562069279141724,
    "epoch9": 0.01839231171470601,
    "epoch10": 0.017991188404266723,
    "epoch11": 0.01774568324617576,
    "epoch12": 0.017504390780231915,
    "epoch13": 0.01775257254485041,
    "epoch14": 0.017285165580688044,
    "epoch15": 0.017101927878684364,
    "epoch16": 0.01702244160696864,
    "epoch17": 0.016973718200461008,
    "epoch18": 0.016753206189605407,
    "epoch19": 0.017028431277140044,
    "epoch20": 0.0166474032739643,
    "epoch21": 0.01642723285476677,
    "epoch22": 0.016227834770688787,
    "epoch23": 0.01661042685736902,
    "epoch24": 0.016078210872365162,
    "epoch25": 0.01602675336471293,
    "epoch26": 0.016501223028171808,
    "epoch27": 0.01613455313781742,
    "epoch28": 0.016253581241471693,
    "epoch29": 0.015718660797574557,
    "epoch30": 0.015820058863027953,
    "epoch31": 0.015986597987648565,
    "epoch32": 0.01557951691938797,
    "epoch33": 0.01547763079724973,
    "epoch34": 0.015456462089787237,
    "epoch35": 0.015962729754392058,
    "epoch36": 0.01542071059520822,
    "epoch37": 0.015704736390034668,
    "epoch38": 0.01532073451380711,
    "epoch39": 0.01532452415995067,
    "epoch40": 0.015101254160981625,
    "epoch41": 0.015293983422452584,
    "epoch42": 0.01506036091450369,
    "epoch43": 0.01499572833563434,
    "epoch44": 0.015147199155762792,
    "epoch45": 0.015004658715042751,
    "epoch46": 0.014857800073514227,
    "epoch47": 0.014905346622981597,
    "epoch48": 0.014797694668231998,
    "epoch49": 0.014752566661627498,
    "epoch50": 0.01609050310071325,
    "epoch51": 0.015619589379639365,
    "epoch52": 0.014625889132730663,
    "epoch53": 0.014865695375192445,
    "epoch54": 0.014734198812220711,
    "epoch55": 0.014651217774371617,
    "epoch56": 0.015075346571393311,
    "epoch57": 0.01443041283346247,
    "epoch58": 0.014614973435527645,
    "epoch59": 0.014486584317637607,
    "epoch60": 0.014519713004119694,
    "epoch61": 0.014728005182405468,
    "epoch62": 0.014356176150613464,
    "epoch63": 0.014411243420909159,
    "epoch64": 0.01430517738481285,
    "epoch65": 0.014325205811474007,
    "epoch66": 0.014277633126766887,
    "epoch67": 0.014194629286066629,
    "epoch68": 0.016103224246762693,
    "epoch69": 0.014178535908285994,
    "epoch70": 0.014127558148175012,
    "epoch71": 0.014154513541143388,
    "epoch72": 0.01432887672126526,
    "epoch73": 0.014467095650616102,
    "epoch74": 0.014284140313975513,
    "epoch75": 0.014079279200814199,
    "epoch76": 0.015059431549161673,
    "epoch77": 0.01404226810700493,
    "epoch78": 0.014130831972579472,
    "epoch79": 0.014083647656661924,
    "epoch80": 0.01401164031267399,
    "epoch81": 0.014011555627803318,
    "epoch82": 0.014030825266672764,
    "epoch83": 0.013915047762566246,
    "epoch84": 0.014210520101187285,
    "epoch85": 0.013975084999401588,
    "epoch86": 0.013982313481392339,
    "epoch87": 0.013717370937229134,
    "epoch88": 0.014036405744263902,
    "epoch89": 0.0137526175021776,
    "epoch90": 0.013787762385618407,
    "epoch91": 0.01454061921685934,
    "epoch92": 0.014219480595784262,
    "epoch93": 0.013898116201744415,
    "epoch94": 0.01377676962147234,
    "epoch95": 0.013861362815077882,
    "epoch96": 0.013635165007144678,
    "epoch97": 0.013660634394909721,
    "epoch98": 0.013668278770637698,
    "epoch99": 0.013639595577842556,
    "epoch100": 0.014027285622432828
}