{
    "epoch1": 47.04265213012695,
    "epoch2": 31.971965789794922,
    "epoch3": 29.509504318237305,
    "epoch4": 28.67789077758789,
    "epoch5": 28.13566780090332,
    "epoch6": 27.78005027770996,
    "epoch7": 27.22426986694336,
    "epoch8": 26.82051658630371,
    "epoch9": 26.504138946533203,
    "epoch10": 26.337114334106445,
    "epoch11": 25.895811080932617,
    "epoch12": 25.780128479003906,
    "epoch13": 25.51308822631836,
    "epoch14": 25.253389358520508,
    "epoch15": 25.209274291992188,
    "epoch16": 24.83344078063965,
    "epoch17": 24.78571891784668,
    "epoch18": 24.66575050354004,
    "epoch19": 24.435136795043945,
    "epoch20": 24.453937530517578,
    "epoch21": 24.195363998413086,
    "epoch22": 24.21187400817871,
    "epoch23": 24.157752990722656,
    "epoch24": 23.978302001953125,
    "epoch25": 23.846296310424805,
    "epoch26": 23.725948333740234,
    "epoch27": 24.114559173583984,
    "epoch28": 23.713369369506836,
    "epoch29": 23.657560348510742,
    "epoch30": 23.62731170654297,
    "epoch31": 23.53644561767578,
    "epoch32": 23.56685447692871,
    "epoch33": 23.543630599975586,
    "epoch34": 23.339279174804688,
    "epoch35": 23.251766204833984,
    "epoch36": 23.343263626098633,
    "epoch37": 23.118061065673828,
    "epoch38": 23.123443603515625,
    "epoch39": 23.146135330200195,
    "epoch40": 23.08679962158203,
    "epoch41": 22.937068939208984,
    "epoch42": 22.94277572631836,
    "epoch43": 22.91212272644043,
    "epoch44": 22.878231048583984,
    "epoch45": 22.901838302612305,
    "epoch46": 22.78388786315918,
    "epoch47": 22.766544342041016,
    "epoch48": 22.794448852539062,
    "epoch49": 22.65078353881836,
    "epoch50": 22.643781661987305,
    "epoch51": 22.67217445373535,
    "epoch52": 22.618968963623047,
    "epoch53": 22.551227569580078,
    "epoch54": 22.49688720703125,
    "epoch55": 22.531068801879883,
    "epoch56": 22.487070083618164,
    "epoch57": 22.796356201171875,
    "epoch58": 22.425214767456055,
    "epoch59": 22.286542892456055,
    "epoch60": 22.353559494018555,
    "epoch61": 22.259902954101562,
    "epoch62": 22.287641525268555,
    "epoch63": 22.183513641357422,
    "epoch64": 22.27968406677246,
    "epoch65": 22.15553855895996,
    "epoch66": 22.185842514038086,
    "epoch67": 22.0501708984375,
    "epoch68": 22.185272216796875,
    "epoch69": 22.107389450073242,
    "epoch70": 21.967304229736328,
    "epoch71": 22.152223587036133,
    "epoch72": 21.885698318481445,
    "epoch73": 22.05622673034668,
    "epoch74": 21.971166610717773,
    "epoch75": 21.87609100341797,
    "epoch76": 21.963571548461914,
    "epoch77": 21.765445709228516,
    "epoch78": 21.894245147705078,
    "epoch79": 21.76701545715332,
    "epoch80": 21.91175079345703,
    "epoch81": 21.788806915283203,
    "epoch82": 21.71181869506836,
    "epoch83": 21.708301544189453,
    "epoch84": 21.662954330444336,
    "epoch85": 21.792871475219727,
    "epoch86": 21.78217887878418,
    "epoch87": 21.732797622680664,
    "epoch88": 21.579912185668945,
    "epoch89": 21.591951370239258,
    "epoch90": 21.572050094604492,
    "epoch91": 21.64296531677246,
    "epoch92": 21.752920150756836,
    "epoch93": 21.538455963134766,
    "epoch94": 21.46892738342285,
    "epoch95": 21.444032669067383,
    "epoch96": 21.437341690063477,
    "epoch97": 21.511260986328125,
    "epoch98": 21.410612106323242,
    "epoch99": 21.464406967163086,
    "epoch100": 21.549407958984375
}