{
    "epoch1": 0.0006390124497314294,
    "epoch2": 0.0005782028675700228,
    "epoch3": 0.0005247665580827743,
    "epoch4": 0.0004781970843517532,
    "epoch5": 0.0004377138443912069,
    "epoch6": 0.00040308097096082443,
    "epoch7": 0.0003734415214663992,
    "epoch8": 0.0003485940299287904,
    "epoch9": 0.00032797894979012197,
    "epoch10": 0.0003112000221153721,
    "epoch11": 0.00029785703405650567,
    "epoch12": 0.0002874827634271545,
    "epoch13": 0.0002796281132395961,
    "epoch14": 0.00027372769018256803,
    "epoch15": 0.00026946051242703105,
    "epoch16": 0.0002663536725958693,
    "epoch17": 0.00026434250439100047,
    "epoch18": 0.0002628868813674975,
    "epoch19": 0.0002619778913989042,
    "epoch20": 0.00026131317545756856,
    "epoch21": 0.0002608968676213408,
    "epoch22": 0.0002605939930314586,
    "epoch23": 0.00026037564896493374,
    "epoch24": 0.0002601780293965324,
    "epoch25": 0.0002600645093722657,
    "epoch26": 0.00025993556999310386,
    "epoch27": 0.00025983481670361166,
    "epoch28": 0.00025976098178944086,
    "epoch29": 0.00025967221338457115,
    "epoch30": 0.0002595719804230612
}