{
    "epoch1": 200.0,
    "epoch2": 200.0,
    "epoch3": 200.0,
    "epoch4": 200.0,
    "epoch5": 199.779609375,
    "epoch6": 198.26401041666668,
    "epoch7": 194.10703125,
    "epoch8": 185.14752604166668,
    "epoch9": 168.47805989583333,
    "epoch10": 144.95225260416666,
    "epoch11": 120.845859375,
    "epoch12": 101.15580078125,
    "epoch13": 88.41675130208333,
    "epoch14": 81.071953125,
    "epoch15": 77.7325390625,
    "epoch16": 76.689765625,
    "epoch17": 76.85934244791666,
    "epoch18": 77.44112630208333,
    "epoch19": 78.15048828125,
    "epoch20": 78.82102213541667,
    "epoch21": 79.26471354166667,
    "epoch22": 79.70592447916667,
    "epoch23": 80.16001953125,
    "epoch24": 80.64411458333333,
    "epoch25": 80.7693359375,
    "epoch26": 80.92134114583334,
    "epoch27": 81.09794270833333,
    "epoch28": 80.94740885416667,
    "epoch29": 81.05098958333333,
    "epoch30": 81.23131510416667
}