{
    "epoch1": 0.03482892679480406,
    "epoch2": 0.028667170267838698,
    "epoch3": 0.023343991631498702,
    "epoch4": 0.01899964391038968,
    "epoch5": 0.015973833819421437,
    "epoch6": 0.014390491020794097,
    "epoch7": 0.013479002393209018,
    "epoch8": 0.012971521140291141,
    "epoch9": 0.012606661229466017,
    "epoch10": 0.012308888173160644,
    "epoch11": 0.01211952049141893,
    "epoch12": 0.011885016547659269,
    "epoch13": 0.011823377607820125,
    "epoch14": 0.011509199590923695,
    "epoch15": 0.011303763908262435,
    "epoch16": 0.011137992215271179,
    "epoch17": 0.010997702116863085,
    "epoch18": 0.010918984476190347,
    "epoch19": 0.010994026831422862,
    "epoch20": 0.010648372045789774,
    "epoch21": 0.010520100127905607,
    "epoch22": 0.010453749376420792,
    "epoch23": 0.0102554215118289,
    "epoch24": 0.010162857898439352,
    "epoch25": 0.01011736411601305,
    "epoch26": 0.009973974898457527,
    "epoch27": 0.010028951120777773,
    "epoch28": 0.009855446978830375,
    "epoch29": 0.009748996199610142,
    "epoch30": 0.009659013997476835,
    "epoch31": 0.00977493947944962,
    "epoch32": 0.009586203377693892,
    "epoch33": 0.009735848074062513,
    "epoch34": 0.009829296479718043,
    "epoch35": 0.009382075737588681,
    "epoch36": 0.009314119171064634,
    "epoch37": 0.009233629151892204,
    "epoch38": 0.009238856808783917,
    "epoch39": 0.009216716584677879,
    "epoch40": 0.009046007735797992,
    "epoch41": 0.00906212069094181,
    "epoch42": 0.008934467708548674,
    "epoch43": 0.008921516593545675,
    "epoch44": 0.008961184236865778,
    "epoch45": 0.008878272528258653,
    "epoch46": 0.008887126253774533,
    "epoch47": 0.008888890823492637,
    "epoch48": 0.008785718550475745,
    "epoch49": 0.008733635051892353,
    "epoch50": 0.008822461697631158,
    "epoch51": 0.008666023343371658,
    "epoch52": 0.00865416837712893,
    "epoch53": 0.008751873303061495,
    "epoch54": 0.008638206063411556,
    "epoch55": 0.00852386223582121,
    "epoch56": 0.008493185258255554,
    "epoch57": 0.008480726311413141,
    "epoch58": 0.008635558349152025,
    "epoch59": 0.008445452039058391,
    "epoch60": 0.008423525607213378,
    "epoch61": 0.008465636360387389,
    "epoch62": 0.008363871853082227,
    "epoch63": 0.008398203985192455,
    "epoch64": 0.008775855414569378,
    "epoch65": 0.0083171516441955,
    "epoch66": 0.0085801411097726,
    "epoch67": 0.008352455342761599,
    "epoch68": 0.008206357516778203,
    "epoch69": 0.008320199952532466,
    "epoch70": 0.008333942763364086,
    "epoch71": 0.008167271896337088,
    "epoch72": 0.0082007351044852,
    "epoch73": 0.008061986416578293,
    "epoch74": 0.0081896661207653,
    "epoch75": 0.008163005435982576,
    "epoch76": 0.008131662491135873,
    "epoch77": 0.00812196871265769,
    "epoch78": 0.008221287996723102,
    "epoch79": 0.008231601480824443,
    "epoch80": 0.008393687590097006,
    "epoch81": 0.00833402144221159,
    "epoch82": 0.008008139261689324,
    "epoch83": 0.008018483461525578,
    "epoch84": 0.007972905286945976,
    "epoch85": 0.007945467449294833,
    "epoch86": 0.008356733892399531,
    "epoch87": 0.00799871703538184,
    "epoch88": 0.00806154371597446,
    "epoch89": 0.007907932337660056,
    "epoch90": 0.00796804792032792,
    "epoch91": 0.007935588713735342,
    "epoch92": 0.007925613783299923,
    "epoch93": 0.00792815860432501,
    "epoch94": 0.007985451670650106,
    "epoch95": 0.007930380936998587,
    "epoch96": 0.00782316136890306,
    "epoch97": 0.007809285969974903,
    "epoch98": 0.007807658877796852,
    "epoch99": 0.007822443784859318,
    "epoch100": 0.007812290470330761
}