{
    "epoch1": 3263.614483173077,
    "epoch2": 2979.376502403846,
    "epoch3": 2711.6216947115386,
    "epoch4": 2452.058293269231,
    "epoch5": 2194.330378605769,
    "epoch6": 2120.243689903846,
    "epoch7": 1996.2756911057693,
    "epoch8": 1910.0079627403845,
    "epoch9": 1865.7231069711538,
    "epoch10": 1845.100360576923,
    "epoch11": 1784.6634615384614,
    "epoch12": 1822.1541466346155,
    "epoch13": 1836.3655348557693,
    "epoch14": 1742.4116586538462,
    "epoch15": 1748.6051682692307,
    "epoch16": 1731.5298978365386,
    "epoch17": 1699.4110576923076,
    "epoch18": 1742.8485576923076,
    "epoch19": 1796.074969951923,
    "epoch20": 1672.1798377403845,
    "epoch21": 1661.1643629807693,
    "epoch22": 1651.9130108173076,
    "epoch23": 1656.8055889423076,
    "epoch24": 1647.95703125,
    "epoch25": 1618.000751201923,
    "epoch26": 1619.013671875,
    "epoch27": 1674.8532151442307,
    "epoch28": 1602.2548076923076,
    "epoch29": 1617.40625,
    "epoch30": 1607.9672475961538,
    "epoch31": 1583.4278846153845,
    "epoch32": 1609.2124399038462,
    "epoch33": 1571.495342548077,
    "epoch34": 1674.4388521634614,
    "epoch35": 1565.7396334134614,
    "epoch36": 1543.5123197115386,
    "epoch37": 1553.1694711538462,
    "epoch38": 1532.9092548076924,
    "epoch39": 1569.0850360576924,
    "epoch40": 1532.4768629807693,
    "epoch41": 1511.1116286057693,
    "epoch42": 1519.1787860576924,
    "epoch43": 1523.9606370192307,
    "epoch44": 1540.4708533653845,
    "epoch45": 1509.798076923077,
    "epoch46": 1529.986328125,
    "epoch47": 1511.3739483173076,
    "epoch48": 1506.1790865384614,
    "epoch49": 1484.4618389423076,
    "epoch50": 1534.9478665865386,
    "epoch51": 1469.0755709134614,
    "epoch52": 1489.028545673077,
    "epoch53": 1492.8966346153845,
    "epoch54": 1467.2794471153845,
    "epoch55": 1473.8306790865386,
    "epoch56": 1468.567608173077,
    "epoch57": 1476.7474459134614,
    "epoch58": 1486.451171875,
    "epoch59": 1451.227764423077,
    "epoch60": 1468.7560096153845,
    "epoch61": 1477.7734375,
    "epoch62": 1424.8942307692307,
    "epoch63": 1450.5557391826924,
    "epoch64": 1498.9561298076924,
    "epoch65": 1454.044921875,
    "epoch66": 1460.66796875,
    "epoch67": 1410.6131310096155,
    "epoch68": 1434.3182091346155,
    "epoch69": 1464.1287560096155,
    "epoch70": 1470.7334735576924,
    "epoch71": 1408.430889423077,
    "epoch72": 1432.477764423077,
    "epoch73": 1406.212890625,
    "epoch74": 1417.4131610576924,
    "epoch75": 1435.3221153846155,
    "epoch76": 1405.4737079326924,
    "epoch77": 1398.6177884615386,
    "epoch78": 1408.109375,
    "epoch79": 1417.9711538461538,
    "epoch80": 1517.244891826923,
    "epoch81": 1502.7964242788462,
    "epoch82": 1407.059344951923,
    "epoch83": 1400.333233173077,
    "epoch84": 1409.2537560096155,
    "epoch85": 1393.0353064903845,
    "epoch86": 1506.6334134615386,
    "epoch87": 1390.8981370192307,
    "epoch88": 1391.0611478365386,
    "epoch89": 1395.8472055288462,
    "epoch90": 1376.3518629807693,
    "epoch91": 1390.9142127403845,
    "epoch92": 1375.9698016826924,
    "epoch93": 1399.8656850961538,
    "epoch94": 1370.5477764423076,
    "epoch95": 1377.5386117788462,
    "epoch96": 1409.0978064903845,
    "epoch97": 1375.673828125,
    "epoch98": 1363.0079627403845,
    "epoch99": 1377.3754507211538,
    "epoch100": 1374.7232572115386
}