{
    "epoch1": 0.04446726540724436,
    "epoch2": 0.0330699672922492,
    "epoch3": 0.029848993755877018,
    "epoch4": 0.02598655999948581,
    "epoch5": 0.02220065767566363,
    "epoch6": 0.018733918356398743,
    "epoch7": 0.01574205482999484,
    "epoch8": 0.013542477196703354,
    "epoch9": 0.01198791665956378,
    "epoch10": 0.010820926710342368,
    "epoch11": 0.00991888390854001,
    "epoch12": 0.009197438523794213,
    "epoch13": 0.008488345813627044,
    "epoch14": 0.007918248030667504,
    "epoch15": 0.007410427477831642,
    "epoch16": 0.007014343204597632,
    "epoch17": 0.006582750861222546,
    "epoch18": 0.006220152989650766,
    "epoch19": 0.005790682664761941,
    "epoch20": 0.00544291043964525,
    "epoch21": 0.00509501244717588,
    "epoch22": 0.0047828979246939225,
    "epoch23": 0.00446077292629828,
    "epoch24": 0.004107849206775427,
    "epoch25": 0.003827848161260287,
    "epoch26": 0.003509684776266416,
    "epoch27": 0.0033255683180565634,
    "epoch28": 0.0029531973026071987,
    "epoch29": 0.002705264176862935,
    "epoch30": 0.002475197038923701
}