{
    "epoch1": 87.88719685872395,
    "epoch2": 81.82885233561198,
    "epoch3": 80.86928812662761,
    "epoch4": 77.47921752929688,
    "epoch5": 74.39728291829427,
    "epoch6": 70.93962097167969,
    "epoch7": 64.77529907226562,
    "epoch8": 60.679840087890625,
    "epoch9": 59.16272481282552,
    "epoch10": 59.08808898925781,
    "epoch11": 58.91541035970052,
    "epoch12": 57.076578776041664,
    "epoch13": 56.18238321940104,
    "epoch14": 55.89087422688802,
    "epoch15": 54.98304239908854,
    "epoch16": 53.77794392903646,
    "epoch17": 52.739542643229164,
    "epoch18": 52.18535868326823,
    "epoch19": 51.24530537923177,
    "epoch20": 50.718037923177086,
    "epoch21": 49.687581380208336,
    "epoch22": 48.86816914876302,
    "epoch23": 47.381306966145836,
    "epoch24": 46.58275349934896,
    "epoch25": 47.63829040527344,
    "epoch26": 45.369405110677086,
    "epoch27": 44.51690165201823,
    "epoch28": 43.523640950520836,
    "epoch29": 43.94891866048177,
    "epoch30": 42.47986094156901
}