{
    "epoch1": 0.044006035197526217,
    "epoch2": 0.030821630731225014,
    "epoch3": 0.026608893026908238,
    "epoch4": 0.02312204389212032,
    "epoch5": 0.019690568403651316,
    "epoch6": 0.01659106028576692,
    "epoch7": 0.01389002128659437,
    "epoch8": 0.011783837263161937,
    "epoch9": 0.010140282800421119,
    "epoch10": 0.008866575391342243,
    "epoch11": 0.007818172064920267,
    "epoch12": 0.006914494597973923,
    "epoch13": 0.006138301260458927,
    "epoch14": 0.00552874495042488,
    "epoch15": 0.004907619576745977,
    "epoch16": 0.004414406740882744,
    "epoch17": 0.003964011635010441,
    "epoch18": 0.0036007474021365247,
    "epoch19": 0.0032815810991451144,
    "epoch20": 0.0030266421187358596,
    "epoch21": 0.0027637531651028744,
    "epoch22": 0.0025120135105680674,
    "epoch23": 0.002296549209859222,
    "epoch24": 0.002121647907188162,
    "epoch25": 0.001935288213038196,
    "epoch26": 0.0017819025088101625,
    "epoch27": 0.0016026755038183182,
    "epoch28": 0.001506151704234071,
    "epoch29": 0.0013488021941157058,
    "epoch30": 0.0012291569000808522
}