{
    "epoch1": 94.417724609375,
    "epoch2": 80.86541239420573,
    "epoch3": 78.48576354980469,
    "epoch4": 75.38358052571614,
    "epoch5": 71.7916768391927,
    "epoch6": 67.03125508626302,
    "epoch7": 64.54067484537761,
    "epoch8": 60.860260009765625,
    "epoch9": 58.92411804199219,
    "epoch10": 57.8907725016276,
    "epoch11": 55.34778849283854,
    "epoch12": 54.83769226074219,
    "epoch13": 54.04277547200521,
    "epoch14": 52.74516805013021,
    "epoch15": 51.80741882324219,
    "epoch16": 50.03279113769531,
    "epoch17": 49.37086486816406,
    "epoch18": 48.282501220703125,
    "epoch19": 47.27457173665365,
    "epoch20": 47.14197285970052,
    "epoch21": 44.5084228515625,
    "epoch22": 44.25220743815104,
    "epoch23": 43.21292622884115,
    "epoch24": 43.27912394205729,
    "epoch25": 42.450541178385414,
    "epoch26": 42.06965128580729,
    "epoch27": 39.99407958984375,
    "epoch28": 39.70741526285807,
    "epoch29": 38.76401011149088,
    "epoch30": 38.28296407063802
}