{
    "epoch0": {
        "layer1": {
            "max_length": 1.093954086303711,
            "mean_length": 0.8016907837655809,
            "median_length": 0.8210940957069397,
            "stdev_length": 0.11905619811745423,
            "sum_length": 79.36738759279251,
            "ratio_2_1": 2.256274077573733,
            "ratio_3_1": 2.045968536786647,
            "h": 4.583694006207122,
            "normh": 1.0479200417511096,
            "snr": Infinity,
            "mean_birth": 0.0,
            "stdev_birth": 0.0,
            "mean_death": 0.8016907837655809,
            "stdev_death": 0.11905619811745423
        },
        "layer2": {
            "max_length": 0.39066919684410095,
            "mean_length": 0.28529949651824105,
            "median_length": 0.2893781363964081,
            "stdev_length": 0.040073164335341374,
            "sum_length": 28.244650155305862,
            "ratio_2_1": 1.9308739483550208,
            "ratio_3_1": 1.8876494165850182,
            "h": 4.584908380568801,
            "normh": 1.3723555935399194,
            "snr": Infinity,
            "mean_birth": 0.0,
            "stdev_birth": 0.0,
            "mean_death": 0.28529949651824105,
            "stdev_death": 0.040073164335341374
        },
        "layer3": {
            "max_length": 0.13986992835998535,
            "mean_length": 0.10536595411372907,
            "median_length": 0.10706166923046112,
            "stdev_length": 0.015345270906831944,
            "sum_length": 10.431229457259178,
            "ratio_2_1": 2.092828780222747,
            "ratio_3_1": 2.0373796766675816,
            "h": 4.5842291257115555,
            "normh": 1.9550584414739824,
            "snr": Infinity,
            "mean_birth": 0.0,
            "stdev_birth": 0.0,
            "mean_death": 0.10536595411372907,
            "stdev_death": 0.015345270906831944
        },
        "layer4": {
            "max_length": 0.003122769296169281,
            "mean_length": 0.00037340567720056786,
            "median_length": 0.00016202032566070557,
            "stdev_length": 0.0005412172707631797,
            "sum_length": 0.036967162042856216,
            "ratio_2_1": 1139.1337386018238,
            "ratio_3_1": 801.5957446808511,
            "h": 3.8929800539759865,
            "normh": -1.180504660629718,
            "snr": Infinity,
            "mean_birth": 0.0,
            "stdev_birth": 0.0,
            "mean_death": 0.00037340567720056786,
            "stdev_death": 0.0005412172707631797
        }
    }
}