{
    "epoch1": 1.44560082850656e-05,
    "epoch2": 1.2830340624538564e-05,
    "epoch3": 1.1994219506247921e-05,
    "epoch4": 1.1563228895326842e-05,
    "epoch5": 1.1305641374829912e-05,
    "epoch6": 1.1126875872100278e-05,
    "epoch7": 1.10142130636443e-05,
    "epoch8": 1.0928300956851038e-05,
    "epoch9": 1.0865849526786174e-05,
    "epoch10": 1.0816920617135589e-05,
    "epoch11": 1.078220842424857e-05,
    "epoch12": 1.0746928373421399e-05,
    "epoch13": 1.0720851197693026e-05,
    "epoch14": 1.069986088318409e-05,
    "epoch15": 1.0680455900585183e-05,
    "epoch16": 1.0665941418995635e-05,
    "epoch17": 1.0651613298881014e-05,
    "epoch18": 1.0639793329033962e-05,
    "epoch19": 1.0629059090768566e-05,
    "epoch20": 1.0621502102560623e-05,
    "epoch21": 1.061235719762636e-05,
    "epoch22": 1.0601546045748928e-05,
    "epoch23": 1.0594633875290551e-05,
    "epoch24": 1.058934783484613e-05,
    "epoch25": 1.0587018840295237e-05,
    "epoch26": 1.0594327593056435e-05,
    "epoch27": 1.0570574022443221e-05,
    "epoch28": 1.0566153043542813e-05,
    "epoch29": 1.0561273370527274e-05,
    "epoch30": 1.055920822831547e-05
}