{
    "epoch1": 0.0005636228914372623,
    "epoch2": 0.00045425269193947315,
    "epoch3": 0.00036453032912686466,
    "epoch4": 0.000291540446691215,
    "epoch5": 0.00023299446329474449,
    "epoch6": 0.00018696330534294248,
    "epoch7": 0.0001521416442701593,
    "epoch8": 0.0001272483947686851,
    "epoch9": 0.00011084175220457837,
    "epoch10": 0.00010115420441434254,
    "epoch11": 9.620015438849805e-05,
    "epoch12": 9.413678013515891e-05,
    "epoch13": 9.346590521090547e-05,
    "epoch14": 9.332936795362911e-05,
    "epoch15": 9.331110930907017e-05,
    "epoch16": 9.327055327412381e-05,
    "epoch17": 9.317505605940823e-05,
    "epoch18": 9.305671325455478e-05,
    "epoch19": 9.292328327865107e-05,
    "epoch20": 9.274717631342355e-05,
    "epoch21": 9.259025097708218e-05,
    "epoch22": 9.244729315469158e-05,
    "epoch23": 9.229131685424364e-05,
    "epoch24": 9.218490559214843e-05,
    "epoch25": 9.204424989547988e-05,
    "epoch26": 9.189122434509046e-05,
    "epoch27": 9.176596640645585e-05,
    "epoch28": 9.15882914505346e-05,
    "epoch29": 9.144789000674791e-05,
    "epoch30": 9.137833941713325e-05
}