{
    "epoch0": {
        "layer1": {
            "max_length": 2.347372531890869,
            "mean_length": 1.010373029293436,
            "median_length": 0.9300673007965088,
            "stdev_length": 0.46720853360885795,
            "sum_length": 100.02692990005016,
            "ratio_2_1": 17.60214379741196,
            "ratio_3_1": 17.269666321710364,
            "h": 4.493724427837502,
            "normh": 0.9757428097491694,
            "snr": Infinity,
            "mean_birth": 0.0,
            "stdev_birth": 0.0,
            "mean_death": 1.010373029293436,
            "stdev_death": 0.46720853360885795
        },
        "layer2": {
            "max_length": 0.9187015891075134,
            "mean_length": 0.4165268095981593,
            "median_length": 0.3837670683860779,
            "stdev_length": 0.18520563149972055,
            "sum_length": 41.23615415021777,
            "ratio_2_1": 16.199389556776094,
            "ratio_3_1": 16.143872426980217,
            "h": 4.500674614250657,
            "normh": 1.2100814614676005,
            "snr": Infinity,
            "mean_birth": 0.0,
            "stdev_birth": 0.0,
            "mean_death": 0.4165268095981593,
            "stdev_death": 0.18520563149972055
        },
        "layer3": {
            "max_length": 0.36926624178886414,
            "mean_length": 0.16619286447236634,
            "median_length": 0.15425197780132294,
            "stdev_length": 0.07314442117252722,
            "sum_length": 16.453093582764268,
            "ratio_2_1": 16.272011751248474,
            "ratio_3_1": 15.898588448172328,
            "h": 4.502426449505524,
            "normh": 1.607714591813339,
            "snr": Infinity,
            "mean_birth": 0.0,
            "stdev_birth": 0.0,
            "mean_death": 0.16619286447236634,
            "stdev_death": 0.07314442117252722
        },
        "layer4": {
            "max_length": 0.0035507380962371826,
            "mean_length": 0.0003345092438688182,
            "median_length": 0.00021539628505706787,
            "stdev_length": 0.0004718887345104962,
            "sum_length": 0.033116415143013,
            "ratio_2_1": 1172.3188405797102,
            "ratio_3_1": 1055.0821256038648,
            "h": 3.978897326842008,
            "normh": -1.1676106296712478,
            "snr": Infinity,
            "mean_birth": 0.0,
            "stdev_birth": 0.0,
            "mean_death": 0.0003345092438688182,
            "stdev_death": 0.0004718887345104962
        }
    }
}