{
    "epoch1": 85.91439819335938,
    "epoch2": 78.87644958496094,
    "epoch3": 76.59857177734375,
    "epoch4": 73.94258117675781,
    "epoch5": 70.02745056152344,
    "epoch6": 66.10000101725261,
    "epoch7": 61.44990539550781,
    "epoch8": 59.55266825358073,
    "epoch9": 57.67665100097656,
    "epoch10": 56.59025573730469,
    "epoch11": 55.46715799967448,
    "epoch12": 54.38126118977865,
    "epoch13": 53.52449035644531,
    "epoch14": 52.91522216796875,
    "epoch15": 51.852681477864586,
    "epoch16": 50.70814005533854,
    "epoch17": 49.93368021647135,
    "epoch18": 49.21966044108073,
    "epoch19": 49.343505859375,
    "epoch20": 47.30933125813802,
    "epoch21": 47.897359212239586,
    "epoch22": 45.55357869466146,
    "epoch23": 45.38494873046875,
    "epoch24": 44.479634602864586,
    "epoch25": 43.3901621500651,
    "epoch26": 42.79792785644531,
    "epoch27": 42.57416534423828,
    "epoch28": 41.142974853515625,
    "epoch29": 41.26343536376953,
    "epoch30": 40.05711873372396
}