{
    "epoch1": 0.057030412019230425,
    "epoch2": 0.04707201535347849,
    "epoch3": 0.03706550021888688,
    "epoch4": 0.02909797226311639,
    "epoch5": 0.025426103558856994,
    "epoch6": 0.024239900580141693,
    "epoch7": 0.023566164454678074,
    "epoch8": 0.02296595461666584,
    "epoch9": 0.022513943607918918,
    "epoch10": 0.022542366437846795,
    "epoch11": 0.021694323571864516,
    "epoch12": 0.021395284915342927,
    "epoch13": 0.02095562932663597,
    "epoch14": 0.020781175640877336,
    "epoch15": 0.02050274086650461,
    "epoch16": 0.020028709957841784,
    "epoch17": 0.019728889601537958,
    "epoch18": 0.01971836289158091,
    "epoch19": 0.01907023534295149,
    "epoch20": 0.018790930131217465,
    "epoch21": 0.018517110496759415,
    "epoch22": 0.018279984215041623,
    "epoch23": 0.018109681142959744,
    "epoch24": 0.017832962737884372,
    "epoch25": 0.017746533296303824,
    "epoch26": 0.0173698756552767,
    "epoch27": 0.017444118013372645,
    "epoch28": 0.01703218396869488,
    "epoch29": 0.01695933475275524,
    "epoch30": 0.01673317578388378,
    "epoch31": 0.016608551901299506,
    "epoch32": 0.01655999409558717,
    "epoch33": 0.016878818307304755,
    "epoch34": 0.016369386663427576,
    "epoch35": 0.016343655763193965,
    "epoch36": 0.016651312791509554,
    "epoch37": 0.016303209878969938,
    "epoch38": 0.01609247559099458,
    "epoch39": 0.015804731927346438,
    "epoch40": 0.0157775113475509,
    "epoch41": 0.015659677854273468,
    "epoch42": 0.01554385774943512,
    "epoch43": 0.015632601745892316,
    "epoch44": 0.01587442756863311,
    "epoch45": 0.015423286022269167,
    "epoch46": 0.015337334654759616,
    "epoch47": 0.015284644774510525,
    "epoch48": 0.015230052813421935,
    "epoch49": 0.015147242273087613,
    "epoch50": 0.015062244259752333,
    "epoch51": 0.015142715987167321,
    "epoch52": 0.014961519380449317,
    "epoch53": 0.015045361404190771,
    "epoch54": 0.014961170454625972,
    "epoch55": 0.014864865835988894,
    "epoch56": 0.014839977127849124,
    "epoch57": 0.014715304161654785,
    "epoch58": 0.014866597135551274,
    "epoch59": 0.014715275305206887,
    "epoch60": 0.014700115978484973,
    "epoch61": 0.014603421892388724,
    "epoch62": 0.014546603168128058,
    "epoch63": 0.014534450543578714,
    "epoch64": 0.014619959285482764,
    "epoch65": 0.014654766317107715,
    "epoch66": 0.01452611229615286,
    "epoch67": 0.014462535924394615,
    "epoch68": 0.014383476605871692,
    "epoch69": 0.014408663962967694,
    "epoch70": 0.014317112640128471,
    "epoch71": 0.014621803667978384,
    "epoch72": 0.014247994491597638,
    "epoch73": 0.014286370191257447,
    "epoch74": 0.014221671139239334,
    "epoch75": 0.014157688143313862,
    "epoch76": 0.014116908263531514,
    "epoch77": 0.014150673057883978,
    "epoch78": 0.01420433190651238,
    "epoch79": 0.014631173748057336,
    "epoch80": 0.014252002045395784,
    "epoch81": 0.014016720684594475,
    "epoch82": 0.014141421794192865,
    "epoch83": 0.014371522178407758,
    "epoch84": 0.013961561417090707,
    "epoch85": 0.014215322633390315,
    "epoch86": 0.013881439052056521,
    "epoch87": 0.014294311113189906,
    "epoch88": 0.013851557072484866,
    "epoch89": 0.013863945670891553,
    "epoch90": 0.013808929405058734,
    "epoch91": 0.013758007800788619,
    "epoch92": 0.01376342300500255,
    "epoch93": 0.013706365498364903,
    "epoch94": 0.013936466042650864,
    "epoch95": 0.013670744738192298,
    "epoch96": 0.013751076490734704,
    "epoch97": 0.013645740880747326,
    "epoch98": 0.0136122805706691,
    "epoch99": 0.013608672845293768,
    "epoch100": 0.013520108463126235
}