{
    "epoch1": 48.84946823120117,
    "epoch2": 45.76465606689453,
    "epoch3": 41.60898208618164,
    "epoch4": 37.581119537353516,
    "epoch5": 34.70991897583008,
    "epoch6": 33.24594497680664,
    "epoch7": 32.50879669189453,
    "epoch8": 31.17005157470703,
    "epoch9": 31.33579444885254,
    "epoch10": 32.20954895019531,
    "epoch11": 30.448984146118164,
    "epoch12": 30.511226654052734,
    "epoch13": 29.804471969604492,
    "epoch14": 30.319805145263672,
    "epoch15": 30.11983871459961,
    "epoch16": 29.423744201660156,
    "epoch17": 29.27773666381836,
    "epoch18": 29.913890838623047,
    "epoch19": 28.515541076660156,
    "epoch20": 28.395273208618164,
    "epoch21": 27.862972259521484,
    "epoch22": 27.604110717773438,
    "epoch23": 28.359838485717773,
    "epoch24": 27.97562599182129,
    "epoch25": 26.906381607055664,
    "epoch26": 27.28326988220215,
    "epoch27": 28.048925399780273,
    "epoch28": 27.150819778442383,
    "epoch29": 27.252906799316406,
    "epoch30": 26.779518127441406,
    "epoch31": 26.695655822753906,
    "epoch32": 26.149826049804688,
    "epoch33": 27.86907958984375,
    "epoch34": 26.818012237548828,
    "epoch35": 27.00312614440918,
    "epoch36": 27.663066864013672,
    "epoch37": 26.96597671508789,
    "epoch38": 26.526872634887695,
    "epoch39": 26.053306579589844,
    "epoch40": 26.063274383544922,
    "epoch41": 25.614835739135742,
    "epoch42": 25.557010650634766,
    "epoch43": 25.85821533203125,
    "epoch44": 26.477380752563477,
    "epoch45": 25.59930419921875,
    "epoch46": 25.34493064880371,
    "epoch47": 25.442378997802734,
    "epoch48": 25.091129302978516,
    "epoch49": 25.161956787109375,
    "epoch50": 24.95863151550293,
    "epoch51": 25.276575088500977,
    "epoch52": 24.785037994384766,
    "epoch53": 24.7393798828125,
    "epoch54": 24.666889190673828,
    "epoch55": 24.77695083618164,
    "epoch56": 25.001863479614258,
    "epoch57": 24.618606567382812,
    "epoch58": 24.469911575317383,
    "epoch59": 24.751819610595703,
    "epoch60": 24.807659149169922,
    "epoch61": 24.47590446472168,
    "epoch62": 24.319002151489258,
    "epoch63": 24.40370750427246,
    "epoch64": 24.388280868530273,
    "epoch65": 24.316022872924805,
    "epoch66": 24.082273483276367,
    "epoch67": 24.087133407592773,
    "epoch68": 24.348787307739258,
    "epoch69": 24.51372718811035,
    "epoch70": 24.255672454833984,
    "epoch71": 24.87114715576172,
    "epoch72": 24.177082061767578,
    "epoch73": 24.256851196289062,
    "epoch74": 24.02098274230957,
    "epoch75": 23.918197631835938,
    "epoch76": 23.835054397583008,
    "epoch77": 23.75306510925293,
    "epoch78": 24.181737899780273,
    "epoch79": 24.049171447753906,
    "epoch80": 24.470243453979492,
    "epoch81": 23.919391632080078,
    "epoch82": 24.31267547607422,
    "epoch83": 24.609111785888672,
    "epoch84": 23.66531753540039,
    "epoch85": 24.33024787902832,
    "epoch86": 23.665678024291992,
    "epoch87": 24.39867401123047,
    "epoch88": 23.653356552124023,
    "epoch89": 23.73391342163086,
    "epoch90": 23.343496322631836,
    "epoch91": 23.540904998779297,
    "epoch92": 23.764644622802734,
    "epoch93": 23.347393035888672,
    "epoch94": 23.26026153564453,
    "epoch95": 23.173154830932617,
    "epoch96": 23.608863830566406,
    "epoch97": 23.498912811279297,
    "epoch98": 23.390703201293945,
    "epoch99": 23.348695755004883,
    "epoch100": 23.172420501708984
}