{
    "epoch1": 102.286953125,
    "epoch2": 47.70011328125,
    "epoch3": 43.79155078125,
    "epoch4": 39.17652734375,
    "epoch5": 35.4852265625,
    "epoch6": 33.568984375,
    "epoch7": 32.81084765625,
    "epoch8": 32.223359375,
    "epoch9": 31.637091796875,
    "epoch10": 31.282572265625,
    "epoch11": 30.899857421875,
    "epoch12": 30.605720703125,
    "epoch13": 30.1531328125,
    "epoch14": 29.8863203125,
    "epoch15": 29.698005859375,
    "epoch16": 29.41486328125,
    "epoch17": 29.178123046875,
    "epoch18": 28.971841796875,
    "epoch19": 28.78077734375,
    "epoch20": 28.5533828125,
    "epoch21": 28.323568359375,
    "epoch22": 28.111283203125,
    "epoch23": 27.898607421875,
    "epoch24": 27.766734375,
    "epoch25": 27.6618125,
    "epoch26": 27.421189453125,
    "epoch27": 27.306392578125,
    "epoch28": 27.21487890625,
    "epoch29": 27.134880859375,
    "epoch30": 27.028861328125,
    "epoch31": 26.814080078125,
    "epoch32": 26.78962109375,
    "epoch33": 26.576208984375,
    "epoch34": 26.39346875,
    "epoch35": 26.40803125,
    "epoch36": 26.131072265625,
    "epoch37": 26.27476171875,
    "epoch38": 26.129349609375,
    "epoch39": 26.06398046875,
    "epoch40": 25.80669140625,
    "epoch41": 25.788341796875,
    "epoch42": 25.741640625,
    "epoch43": 25.585986328125,
    "epoch44": 25.511458984375,
    "epoch45": 25.342291015625,
    "epoch46": 25.352791015625,
    "epoch47": 25.182513671875,
    "epoch48": 25.111453125,
    "epoch49": 25.04918359375,
    "epoch50": 25.001837890625,
    "epoch51": 24.85256640625,
    "epoch52": 24.81309375,
    "epoch53": 24.714447265625,
    "epoch54": 24.75028125,
    "epoch55": 24.471646484375,
    "epoch56": 24.639,
    "epoch57": 24.493009765625,
    "epoch58": 24.3361640625,
    "epoch59": 24.46878125,
    "epoch60": 24.166482421875,
    "epoch61": 24.25691796875,
    "epoch62": 24.153888671875,
    "epoch63": 24.148984375,
    "epoch64": 24.137548828125,
    "epoch65": 24.05323046875,
    "epoch66": 23.9747421875,
    "epoch67": 23.973685546875,
    "epoch68": 23.909322265625,
    "epoch69": 23.88312890625,
    "epoch70": 23.924751953125,
    "epoch71": 23.787765625,
    "epoch72": 23.78940234375,
    "epoch73": 23.861548828125,
    "epoch74": 23.817091796875,
    "epoch75": 23.6413125,
    "epoch76": 23.62103515625,
    "epoch77": 23.56122265625,
    "epoch78": 23.46832421875,
    "epoch79": 23.450919921875,
    "epoch80": 23.505931640625,
    "epoch81": 23.378357421875,
    "epoch82": 23.445455078125,
    "epoch83": 23.26591796875,
    "epoch84": 23.308517578125,
    "epoch85": 23.189080078125,
    "epoch86": 23.36494140625,
    "epoch87": 23.206576171875,
    "epoch88": 23.21467578125,
    "epoch89": 23.0527890625,
    "epoch90": 23.062671875,
    "epoch91": 23.0713828125,
    "epoch92": 23.022533203125,
    "epoch93": 23.05873046875,
    "epoch94": 22.934748046875,
    "epoch95": 22.9922890625,
    "epoch96": 22.921970703125,
    "epoch97": 22.928701171875,
    "epoch98": 23.06155859375,
    "epoch99": 22.814537109375,
    "epoch100": 22.715681640625
}