{
    "epoch1": 42.17238925365692,
    "epoch2": 32.242800448803195,
    "epoch3": 30.151133435837767,
    "epoch4": 29.85586872506649,
    "epoch5": 29.47397824551197,
    "epoch6": 28.834568754155587,
    "epoch7": 29.46883830618351,
    "epoch8": 28.052775930851062,
    "epoch9": 27.16762071974734,
    "epoch10": 26.75492177111037,
    "epoch11": 26.562616875831118,
    "epoch12": 26.11073335688165,
    "epoch13": 27.237798163231382,
    "epoch14": 26.14895954537899,
    "epoch15": 25.34118392619681,
    "epoch16": 25.554939432347073,
    "epoch17": 25.115751225897608,
    "epoch18": 26.742595266788562,
    "epoch19": 24.460594664228722,
    "epoch20": 27.665449426529257,
    "epoch21": 24.22752607629654,
    "epoch22": 26.33951649767287,
    "epoch23": 24.24230697307181,
    "epoch24": 25.408369348404257,
    "epoch25": 24.19072577293883,
    "epoch26": 23.86533826462766,
    "epoch27": 25.77964230801197,
    "epoch28": 24.64270279255319,
    "epoch29": 23.65251776512633,
    "epoch30": 23.31818795711436,
    "epoch31": 23.94918238863032,
    "epoch32": 23.69664228723404,
    "epoch33": 23.6533514793883,
    "epoch34": 23.9528496924867,
    "epoch35": 24.32376423287899,
    "epoch36": 23.643159906914892,
    "epoch37": 24.475074281083778,
    "epoch38": 23.573618787400267,
    "epoch39": 23.33323896692154,
    "epoch40": 23.30791067569814,
    "epoch41": 23.588698366855052,
    "epoch42": 23.395445478723403,
    "epoch43": 25.311045545212767,
    "epoch44": 23.13483834773936,
    "epoch45": 23.542802526595743,
    "epoch46": 24.177147398603722,
    "epoch47": 22.82008654005984,
    "epoch48": 23.258970869348403,
    "epoch49": 23.401915205285903,
    "epoch50": 23.0108330909242,
    "epoch51": 22.66676882480053,
    "epoch52": 22.766471700465427,
    "epoch53": 23.542381773603722,
    "epoch54": 22.78050459192154,
    "epoch55": 22.72136801861702,
    "epoch56": 22.701114735704788,
    "epoch57": 22.990681100398938,
    "epoch58": 23.50210895944149,
    "epoch59": 23.699049929355052,
    "epoch60": 25.15260347406915,
    "epoch61": 22.756132085272608,
    "epoch62": 22.99931692569814,
    "epoch63": 22.475697618849733,
    "epoch64": 22.42968490275931,
    "epoch65": 23.31694647606383,
    "epoch66": 22.31476479388298,
    "epoch67": 22.600926176030587,
    "epoch68": 22.48590737200798,
    "epoch69": 22.437284429022608,
    "epoch70": 22.5005791846742,
    "epoch71": 22.28410956200133,
    "epoch72": 22.229079226230052,
    "epoch73": 22.462238717586438,
    "epoch74": 23.379017931349733,
    "epoch75": 22.036940554355052,
    "epoch76": 22.61419028424202,
    "epoch77": 22.145583132480052,
    "epoch78": 23.507438497340427,
    "epoch79": 23.10082748088431,
    "epoch80": 23.83296885388963,
    "epoch81": 22.63817060754654,
    "epoch82": 22.007017744348403,
    "epoch83": 22.041127306349733,
    "epoch84": 22.597858834773938,
    "epoch85": 21.91376641456117,
    "epoch86": 22.26365629155585,
    "epoch87": 22.21644365026596,
    "epoch88": 22.808546999667552,
    "epoch89": 22.98024279005984,
    "epoch90": 24.133817632147608,
    "epoch91": 22.765531499335108,
    "epoch92": 23.06513100482048,
    "epoch93": 22.416428586269948,
    "epoch94": 22.55674191738697,
    "epoch95": 21.738609800947472,
    "epoch96": 21.91304697888963,
    "epoch97": 22.433567777593087,
    "epoch98": 22.60075735538564,
    "epoch99": 22.024198491522608,
    "epoch100": 22.353702626329788
}