{
    "epoch1": 80.777978515625,
    "epoch2": 81.01328125,
    "epoch3": 81.323134765625,
    "epoch4": 81.45017578125,
    "epoch5": 81.3223974609375,
    "epoch6": 81.3846728515625,
    "epoch7": 81.493310546875,
    "epoch8": 81.7130615234375,
    "epoch9": 81.7200634765625,
    "epoch10": 81.6321923828125,
    "epoch11": 81.4924169921875,
    "epoch12": 81.736357421875,
    "epoch13": 81.6977734375,
    "epoch14": 81.85609375,
    "epoch15": 81.6962109375,
    "epoch16": 81.788798828125,
    "epoch17": 81.7802001953125,
    "epoch18": 81.1833203125,
    "epoch19": 81.240693359375,
    "epoch20": 81.389482421875,
    "epoch21": 81.782041015625,
    "epoch22": 81.411083984375,
    "epoch23": 81.282744140625,
    "epoch24": 81.2163916015625,
    "epoch25": 81.2557568359375,
    "epoch26": 80.959736328125,
    "epoch27": 81.026669921875,
    "epoch28": 81.1458837890625,
    "epoch29": 81.073876953125,
    "epoch30": 81.05771484375
}