{
    "epoch1": 194.46160416666666,
    "epoch2": 137.782625,
    "epoch3": 126.08127083333333,
    "epoch4": 122.10116666666667,
    "epoch5": 118.90980208333333,
    "epoch6": 116.09015625,
    "epoch7": 113.76683333333334,
    "epoch8": 111.693125,
    "epoch9": 109.5899375,
    "epoch10": 108.57980208333333,
    "epoch11": 106.50114583333334,
    "epoch12": 105.56259375,
    "epoch13": 104.78030208333334,
    "epoch14": 103.7168125,
    "epoch15": 102.89897916666666,
    "epoch16": 101.97471875,
    "epoch17": 101.64488541666667,
    "epoch18": 100.7360625,
    "epoch19": 100.36263541666666,
    "epoch20": 100.15835416666667,
    "epoch21": 99.25110416666666,
    "epoch22": 99.00102083333333,
    "epoch23": 98.35308333333333,
    "epoch24": 98.28220833333333,
    "epoch25": 97.94017708333334,
    "epoch26": 97.91369791666666,
    "epoch27": 97.31965625,
    "epoch28": 96.7638125,
    "epoch29": 97.08214583333333,
    "epoch30": 96.41154166666666
}