{
    "epoch1": 165.64899850398936,
    "epoch2": 126.87618434175532,
    "epoch3": 123.72101479388297,
    "epoch4": 120.13547207446808,
    "epoch5": 114.55937292220744,
    "epoch6": 112.16679479720744,
    "epoch7": 111.35975939162235,
    "epoch8": 109.73593334441489,
    "epoch9": 109.53055393949468,
    "epoch10": 106.79330119680851,
    "epoch11": 108.177734375,
    "epoch12": 105.37033535571808,
    "epoch13": 104.88126454454788,
    "epoch14": 103.8507106050532,
    "epoch15": 102.34547456781915,
    "epoch16": 103.92499168882979,
    "epoch17": 103.82486286569149,
    "epoch18": 100.97300947473404,
    "epoch19": 104.51417054521276,
    "epoch20": 102.34482006316489,
    "epoch21": 99.33818151595744,
    "epoch22": 101.22209524601064,
    "epoch23": 98.3515625,
    "epoch24": 99.97770528590425,
    "epoch25": 101.41037441821808,
    "epoch26": 100.72220952460107,
    "epoch27": 99.14920628324468,
    "epoch28": 102.70730136303192,
    "epoch29": 101.75550615026596,
    "epoch30": 97.62050157912235
}