{
    "epoch1": 0.053902171552181244,
    "epoch2": 0.043103144193689026,
    "epoch3": 0.03837963938713074,
    "epoch4": 0.0363876111805439,
    "epoch5": 0.034350708747903504,
    "epoch6": 0.032152047380805016,
    "epoch7": 0.029915137216448784,
    "epoch8": 0.027781056240200996,
    "epoch9": 0.02569177622596423,
    "epoch10": 0.023734196399648983,
    "epoch11": 0.0217356588691473,
    "epoch12": 0.020135005315144856,
    "epoch13": 0.01863835845142603,
    "epoch14": 0.0171296838670969,
    "epoch15": 0.016051773602763813,
    "epoch16": 0.015083095679680506,
    "epoch17": 0.014327820700903734,
    "epoch18": 0.01372520625591278,
    "epoch19": 0.01314349751919508,
    "epoch20": 0.012652318614224592,
    "epoch21": 0.012207278360923132,
    "epoch22": 0.011828588011364142,
    "epoch23": 0.011478535830974579,
    "epoch24": 0.011188526016970476,
    "epoch25": 0.010834495847423872,
    "epoch26": 0.010536351862053076,
    "epoch27": 0.010239873391886553,
    "epoch28": 0.009999192009369532,
    "epoch29": 0.009719095813731352,
    "epoch30": 0.009438705941041311
}