{
    "epoch1": 98.85364786783855,
    "epoch2": 86.09110514322917,
    "epoch3": 82.57609049479167,
    "epoch4": 82.57022094726562,
    "epoch5": 81.81205240885417,
    "epoch6": 80.69942220052083,
    "epoch7": 79.10065205891927,
    "epoch8": 77.47630818684895,
    "epoch9": 76.15474446614583,
    "epoch10": 75.1144307454427,
    "epoch11": 73.13540649414062,
    "epoch12": 72.01263427734375,
    "epoch13": 70.56675211588542,
    "epoch14": 65.92911783854167,
    "epoch15": 65.43615214029948,
    "epoch16": 62.87813822428385,
    "epoch17": 61.460164388020836,
    "epoch18": 63.42961629231771,
    "epoch19": 60.04955546061198,
    "epoch20": 60.06804402669271,
    "epoch21": 60.30962117513021,
    "epoch22": 59.634063720703125,
    "epoch23": 59.40851847330729,
    "epoch24": 60.46045939127604,
    "epoch25": 60.469889322916664,
    "epoch26": 60.32952372233073,
    "epoch27": 60.1559092203776,
    "epoch28": 60.10108439127604,
    "epoch29": 60.16424560546875,
    "epoch30": 59.70392862955729
}