{
    "epoch1": 110.47608439127605,
    "epoch2": 86.80199178059895,
    "epoch3": 78.16771952311198,
    "epoch4": 74.92810567220052,
    "epoch5": 75.21119689941406,
    "epoch6": 72.52098592122395,
    "epoch7": 72.47325642903645,
    "epoch8": 71.33119710286458,
    "epoch9": 69.81035868326823,
    "epoch10": 68.90170288085938,
    "epoch11": 67.39874267578125,
    "epoch12": 65.59665934244792,
    "epoch13": 65.97424825032552,
    "epoch14": 61.19979349772135,
    "epoch15": 59.48637898763021,
    "epoch16": 59.61174011230469,
    "epoch17": 58.88622029622396,
    "epoch18": 57.27033487955729,
    "epoch19": 56.55929056803385,
    "epoch20": 57.398030598958336,
    "epoch21": 56.66480509440104,
    "epoch22": 56.89505513509115,
    "epoch23": 56.43833923339844,
    "epoch24": 54.51012166341146,
    "epoch25": 56.35960896809896,
    "epoch26": 55.46703084309896,
    "epoch27": 55.629852294921875,
    "epoch28": 55.36600240071615,
    "epoch29": 54.961669921875,
    "epoch30": 54.8429921468099
}