{
    "epoch1": 0.03631159532815218,
    "epoch2": 0.03086669947952032,
    "epoch3": 0.02581682112067938,
    "epoch4": 0.020689471624791622,
    "epoch5": 0.016617176681756975,
    "epoch6": 0.013400880247354507,
    "epoch7": 0.011400247272104026,
    "epoch8": 0.010391002241522073,
    "epoch9": 0.00969576253555715,
    "epoch10": 0.009366096369922161,
    "epoch11": 0.00913924938067794,
    "epoch12": 0.008961907122284174,
    "epoch13": 0.008755308762192725,
    "epoch14": 0.008618064690381289,
    "epoch15": 0.008450885023921727,
    "epoch16": 0.008395872591063381,
    "epoch17": 0.00822413801215589,
    "epoch18": 0.00820149532519281,
    "epoch19": 0.008062939159572124,
    "epoch20": 0.008030151622369886,
    "epoch21": 0.007970742974430322,
    "epoch22": 0.007892082538455724,
    "epoch23": 0.00786049016751349,
    "epoch24": 0.007804323500022292,
    "epoch25": 0.007770349271595478,
    "epoch26": 0.007705639442428946,
    "epoch27": 0.007679647160694003,
    "epoch28": 0.0076549784280359745,
    "epoch29": 0.007645960850641132,
    "epoch30": 0.007618557568639517,
    "epoch31": 0.007743876846507192,
    "epoch32": 0.007608472369611263,
    "epoch33": 0.007558868546038866,
    "epoch34": 0.007523714657872915,
    "epoch35": 0.007499741157516837,
    "epoch36": 0.0076661750208586454,
    "epoch37": 0.007441903650760651,
    "epoch38": 0.00762691656127572,
    "epoch39": 0.007445547869428993,
    "epoch40": 0.007463251147419215,
    "epoch41": 0.007373840408399701,
    "epoch42": 0.007416823133826256,
    "epoch43": 0.007344218855723739,
    "epoch44": 0.00732898716814816,
    "epoch45": 0.007359937345609069,
    "epoch46": 0.007322541670873761,
    "epoch47": 0.0074037077836692335,
    "epoch48": 0.00751558649353683,
    "epoch49": 0.007329744007438421,
    "epoch50": 0.007463289750739932,
    "epoch51": 0.007277394784614444,
    "epoch52": 0.007245377777144313,
    "epoch53": 0.007267541345208883,
    "epoch54": 0.007245108252391219,
    "epoch55": 0.007370819104835391,
    "epoch56": 0.007337768096476793,
    "epoch57": 0.007254543947055936,
    "epoch58": 0.007191556831821799,
    "epoch59": 0.007237268798053265,
    "epoch60": 0.007394365826621651,
    "epoch61": 0.007443865621462464,
    "epoch62": 0.00737190074287355,
    "epoch63": 0.007153164921328425,
    "epoch64": 0.007236823160201311,
    "epoch65": 0.007175381621345877,
    "epoch66": 0.007132778223603964,
    "epoch67": 0.007190261548385024,
    "epoch68": 0.007410816242918372,
    "epoch69": 0.007155325962230563,
    "epoch70": 0.0071284360717982055,
    "epoch71": 0.007678609201684594,
    "epoch72": 0.007226163521409035,
    "epoch73": 0.007198493834584952,
    "epoch74": 0.007241938775405288,
    "epoch75": 0.007171770185232162,
    "epoch76": 0.007209483860060572,
    "epoch77": 0.007201062049716711,
    "epoch78": 0.007138154515996575,
    "epoch79": 0.007235565828159452,
    "epoch80": 0.007198692671954632,
    "epoch81": 0.007165098143741488,
    "epoch82": 0.007189581030979752,
    "epoch83": 0.007337226299569011,
    "epoch84": 0.007086939411237836,
    "epoch85": 0.007181839551776648,
    "epoch86": 0.007172944582998752,
    "epoch87": 0.007103896979242563,
    "epoch88": 0.007117224438115954,
    "epoch89": 0.007312978710979223,
    "epoch90": 0.0070514443796128035,
    "epoch91": 0.007041418040171265,
    "epoch92": 0.007259072083979845,
    "epoch93": 0.00708959330804646,
    "epoch94": 0.007176285004243254,
    "epoch95": 0.007025529770180583,
    "epoch96": 0.007093299692496657,
    "epoch97": 0.007088854070752859,
    "epoch98": 0.007061590952798724,
    "epoch99": 0.007087415363639593,
    "epoch100": 0.0070557532832026485
}