{
    "epoch1": 64.2799136513158,
    "epoch2": 51.6923185649671,
    "epoch3": 47.41352924547697,
    "epoch4": 43.40507748252467,
    "epoch5": 38.553617778577305,
    "epoch6": 36.00066496196546,
    "epoch7": 32.96565969366776,
    "epoch8": 30.825278834292764,
    "epoch9": 28.7883011667352,
    "epoch10": 27.755062705592106,
    "epoch11": 27.069168893914473,
    "epoch12": 26.2500931589227,
    "epoch13": 25.73167017886513,
    "epoch14": 25.039602179276315,
    "epoch15": 24.92851980108964,
    "epoch16": 24.2160355417352,
    "epoch17": 24.029957018400495,
    "epoch18": 24.004837839226973,
    "epoch19": 23.71030787417763,
    "epoch20": 23.604630319695723,
    "epoch21": 23.38611482319079,
    "epoch22": 23.602370412726152,
    "epoch23": 23.024348208778783,
    "epoch24": 23.059098093133223,
    "epoch25": 22.794146086040296,
    "epoch26": 22.610117059004935,
    "epoch27": 22.684878700657894,
    "epoch28": 22.615168521278783,
    "epoch29": 22.385318153782894,
    "epoch30": 22.335524709601152,
    "epoch31": 22.561561986019736,
    "epoch32": 22.436385305304277,
    "epoch33": 22.141985441509046,
    "epoch34": 21.999243485300166,
    "epoch35": 21.845605147512334,
    "epoch36": 21.763389185855264,
    "epoch37": 21.818722373560856,
    "epoch38": 21.723790218955592,
    "epoch39": 21.73351408305921,
    "epoch40": 21.7391357421875,
    "epoch41": 21.51724403782895,
    "epoch42": 21.906617817125824,
    "epoch43": 21.736167506167764,
    "epoch44": 21.290732935855264,
    "epoch45": 21.302975303248356,
    "epoch46": 21.251203035053454,
    "epoch47": 21.30833675986842,
    "epoch48": 21.479930676912005,
    "epoch49": 21.62472212942023,
    "epoch50": 21.485918546977796,
    "epoch51": 21.18485621402138,
    "epoch52": 21.133042184930098,
    "epoch53": 21.575930946751644,
    "epoch54": 21.18852474814967,
    "epoch55": 21.085364090768916,
    "epoch56": 21.125502736944902,
    "epoch57": 21.127504047594574,
    "epoch58": 20.800024735300166,
    "epoch59": 21.318944027549342,
    "epoch60": 21.001683285361842,
    "epoch61": 20.912220201994245,
    "epoch62": 20.895567241467926,
    "epoch63": 21.177291067023027,
    "epoch64": 20.71110133120888,
    "epoch65": 20.83854113127056,
    "epoch66": 21.0714400442023,
    "epoch67": 20.783505088404606,
    "epoch68": 20.695715653268916,
    "epoch69": 20.632359554893092,
    "epoch70": 20.56798673930921,
    "epoch71": 21.60719058388158,
    "epoch72": 21.332106740851152,
    "epoch73": 21.021474737870065,
    "epoch74": 20.62433664422286,
    "epoch75": 20.738991185238486,
    "epoch76": 20.5264892578125,
    "epoch77": 20.6077880859375,
    "epoch78": 20.45970876593339,
    "epoch79": 20.875319631476152,
    "epoch80": 20.34589907997533,
    "epoch81": 20.83728669819079,
    "epoch82": 20.29012097810444,
    "epoch83": 20.6552445261102,
    "epoch84": 20.293807180304277,
    "epoch85": 20.365412661903783,
    "epoch86": 20.545395700555098,
    "epoch87": 20.410634894120065,
    "epoch88": 20.548927708675986,
    "epoch89": 20.43244211297286,
    "epoch90": 20.635392038445723,
    "epoch91": 20.315786261307565,
    "epoch92": 20.38993433902138,
    "epoch93": 20.363475598787005,
    "epoch94": 20.185182270250824,
    "epoch95": 20.241784346731084,
    "epoch96": 20.031063682154606,
    "epoch97": 20.195322137129935,
    "epoch98": 20.054676256681745,
    "epoch99": 20.18572355571546,
    "epoch100": 20.39851138466283
}