{
    "epoch1": 50.69568634033203,
    "epoch2": 47.015254974365234,
    "epoch3": 43.7625732421875,
    "epoch4": 39.92696762084961,
    "epoch5": 36.37614059448242,
    "epoch6": 34.215003967285156,
    "epoch7": 34.125709533691406,
    "epoch8": 34.24312210083008,
    "epoch9": 31.859947204589844,
    "epoch10": 31.902692794799805,
    "epoch11": 31.19571304321289,
    "epoch12": 30.00572967529297,
    "epoch13": 30.104063034057617,
    "epoch14": 29.910680770874023,
    "epoch15": 28.7197322845459,
    "epoch16": 28.410722732543945,
    "epoch17": 28.295230865478516,
    "epoch18": 27.944068908691406,
    "epoch19": 28.700525283813477,
    "epoch20": 30.686901092529297,
    "epoch21": 29.386138916015625,
    "epoch22": 27.84221839904785,
    "epoch23": 28.061742782592773,
    "epoch24": 27.35938262939453,
    "epoch25": 27.47834014892578,
    "epoch26": 27.140541076660156,
    "epoch27": 26.845861434936523,
    "epoch28": 27.84135627746582,
    "epoch29": 26.656600952148438,
    "epoch30": 26.52117347717285,
    "epoch31": 26.842681884765625,
    "epoch32": 26.317054748535156,
    "epoch33": 27.44607925415039,
    "epoch34": 26.247318267822266,
    "epoch35": 27.165945053100586,
    "epoch36": 25.699846267700195,
    "epoch37": 25.29009437561035,
    "epoch38": 26.945362091064453,
    "epoch39": 25.62905502319336,
    "epoch40": 25.74537467956543,
    "epoch41": 26.447734832763672,
    "epoch42": 26.32719612121582,
    "epoch43": 26.142553329467773,
    "epoch44": 24.769224166870117,
    "epoch45": 27.18620491027832,
    "epoch46": 26.481916427612305,
    "epoch47": 25.337085723876953,
    "epoch48": 24.775802612304688,
    "epoch49": 25.186307907104492,
    "epoch50": 24.885154724121094,
    "epoch51": 25.13209342956543,
    "epoch52": 25.36054801940918,
    "epoch53": 24.210237503051758,
    "epoch54": 25.060373306274414,
    "epoch55": 24.169677734375,
    "epoch56": 25.586959838867188,
    "epoch57": 23.926111221313477,
    "epoch58": 23.81442642211914,
    "epoch59": 24.21502113342285,
    "epoch60": 24.042564392089844,
    "epoch61": 24.89352798461914,
    "epoch62": 27.134593963623047,
    "epoch63": 24.015899658203125,
    "epoch64": 23.863054275512695,
    "epoch65": 24.07959747314453,
    "epoch66": 23.696514129638672,
    "epoch67": 24.088825225830078,
    "epoch68": 23.45661735534668,
    "epoch69": 24.32866859436035,
    "epoch70": 23.900985717773438,
    "epoch71": 24.12506866455078,
    "epoch72": 23.271018981933594,
    "epoch73": 23.44976234436035,
    "epoch74": 23.267414093017578,
    "epoch75": 23.82982635498047,
    "epoch76": 24.094127655029297,
    "epoch77": 23.28537368774414,
    "epoch78": 24.560348510742188,
    "epoch79": 23.351083755493164,
    "epoch80": 23.334260940551758,
    "epoch81": 22.973878860473633,
    "epoch82": 23.883363723754883,
    "epoch83": 25.001869201660156,
    "epoch84": 23.693355560302734,
    "epoch85": 23.01317596435547,
    "epoch86": 23.095420837402344,
    "epoch87": 22.987577438354492,
    "epoch88": 23.403369903564453,
    "epoch89": 23.002212524414062,
    "epoch90": 24.098358154296875,
    "epoch91": 22.84705352783203,
    "epoch92": 22.727262496948242,
    "epoch93": 23.250246047973633,
    "epoch94": 23.99393081665039,
    "epoch95": 23.33869743347168,
    "epoch96": 22.79447364807129,
    "epoch97": 23.05181884765625,
    "epoch98": 24.51678466796875,
    "epoch99": 22.429855346679688,
    "epoch100": 23.013872146606445
}