{
    "epoch1": 52.797369384765624,
    "epoch2": 47.28117065429687,
    "epoch3": 43.661041259765625,
    "epoch4": 39.877752685546874,
    "epoch5": 38.938775634765626,
    "epoch6": 36.56443786621094,
    "epoch7": 33.12574157714844,
    "epoch8": 31.333203125,
    "epoch9": 29.24791259765625,
    "epoch10": 27.902740478515625,
    "epoch11": 26.685684204101562,
    "epoch12": 26.46214599609375,
    "epoch13": 26.208905029296876,
    "epoch14": 25.158543395996094,
    "epoch15": 25.560272216796875,
    "epoch16": 24.877125549316407,
    "epoch17": 24.07985076904297,
    "epoch18": 23.441578674316407,
    "epoch19": 23.285305786132813,
    "epoch20": 23.513029479980467,
    "epoch21": 22.814686584472657,
    "epoch22": 23.086354064941407,
    "epoch23": 24.15628662109375,
    "epoch24": 22.92395477294922,
    "epoch25": 22.536344909667967,
    "epoch26": 22.587936401367188,
    "epoch27": 22.358441162109376,
    "epoch28": 23.196687316894533,
    "epoch29": 22.591816711425782,
    "epoch30": 22.571336364746095,
    "epoch31": 22.048597717285155,
    "epoch32": 22.432453918457032,
    "epoch33": 21.906820678710936,
    "epoch34": 23.983555603027344,
    "epoch35": 21.685562133789062,
    "epoch36": 22.7820068359375,
    "epoch37": 22.295355224609374,
    "epoch38": 22.388825988769533,
    "epoch39": 21.633177185058592,
    "epoch40": 21.8322509765625,
    "epoch41": 21.63129425048828,
    "epoch42": 21.801676940917968,
    "epoch43": 23.46178436279297,
    "epoch44": 21.939297485351563,
    "epoch45": 21.559162902832032,
    "epoch46": 21.498171997070312,
    "epoch47": 24.77501525878906,
    "epoch48": 21.59691925048828,
    "epoch49": 21.635700988769532,
    "epoch50": 21.474427795410158,
    "epoch51": 23.961680603027343,
    "epoch52": 21.76606140136719,
    "epoch53": 21.635581970214844,
    "epoch54": 21.55162353515625,
    "epoch55": 22.973377990722657,
    "epoch56": 22.201510620117187,
    "epoch57": 23.643637084960936,
    "epoch58": 22.291661071777344,
    "epoch59": 22.072540283203125,
    "epoch60": 22.992005920410158,
    "epoch61": 21.769224548339842,
    "epoch62": 21.78491668701172,
    "epoch63": 21.675469970703126,
    "epoch64": 22.33330078125,
    "epoch65": 23.069485473632813,
    "epoch66": 21.760362243652345,
    "epoch67": 21.771392822265625,
    "epoch68": 21.51536865234375,
    "epoch69": 24.01793518066406,
    "epoch70": 24.69334716796875,
    "epoch71": 22.32634735107422,
    "epoch72": 21.677275085449217,
    "epoch73": 21.641012573242186,
    "epoch74": 23.432467651367187,
    "epoch75": 23.026210021972656,
    "epoch76": 24.447459411621093,
    "epoch77": 22.068179321289062,
    "epoch78": 22.139259338378906,
    "epoch79": 21.582945251464842,
    "epoch80": 21.499757385253908,
    "epoch81": 21.988241577148436,
    "epoch82": 21.487290954589845,
    "epoch83": 21.48126983642578,
    "epoch84": 21.468246459960938,
    "epoch85": 21.439659118652344,
    "epoch86": 24.20703582763672,
    "epoch87": 21.63493194580078,
    "epoch88": 21.518124389648438,
    "epoch89": 21.682940673828124,
    "epoch90": 21.958659362792968,
    "epoch91": 21.618861389160156,
    "epoch92": 21.518955993652344,
    "epoch93": 21.500433349609374,
    "epoch94": 21.505978393554688,
    "epoch95": 21.601620483398438,
    "epoch96": 21.884780883789062,
    "epoch97": 21.504876708984376,
    "epoch98": 21.937591552734375,
    "epoch99": 22.270364379882814,
    "epoch100": 21.617147827148436
}