{
    "epoch1": 127.6949974798387,
    "epoch2": 111.47788558467742,
    "epoch3": 103.90857327368951,
    "epoch4": 101.47553080897177,
    "epoch5": 97.37159778225806,
    "epoch6": 95.94888010332662,
    "epoch7": 96.18355437247983,
    "epoch8": 92.98645413306451,
    "epoch9": 94.65250126008064,
    "epoch10": 91.67301694808468,
    "epoch11": 91.5735099546371,
    "epoch12": 90.64877614667338,
    "epoch13": 92.35054655997983,
    "epoch14": 89.8545158140121,
    "epoch15": 91.5946556829637,
    "epoch16": 91.99363659274194,
    "epoch17": 90.09817603326613,
    "epoch18": 88.89153855846774,
    "epoch19": 88.91329857610887,
    "epoch20": 89.20860635080645,
    "epoch21": 88.4211189516129,
    "epoch22": 88.71044921875,
    "epoch23": 88.42900233114919,
    "epoch24": 88.2430931829637,
    "epoch25": 87.99764522429436,
    "epoch26": 88.53447108114919,
    "epoch27": 87.79197643649194,
    "epoch28": 88.16214087701613,
    "epoch29": 87.31594947076613,
    "epoch30": 87.521728515625
}