{
    "epoch1": 3.6997063507442366e-05,
    "epoch2": 2.2426893719966758e-05,
    "epoch3": 1.4759354780835565e-05,
    "epoch4": 1.1132784429719322e-05,
    "epoch5": 9.561894717080577e-06,
    "epoch6": 8.868501877259405e-06,
    "epoch7": 8.539418186046532e-06,
    "epoch8": 8.328056760547042e-06,
    "epoch9": 8.175024627234961e-06,
    "epoch10": 8.02687005034386e-06,
    "epoch11": 7.887658543950238e-06,
    "epoch12": 7.74485393321811e-06,
    "epoch13": 7.614365999870643e-06,
    "epoch14": 7.470700268186192e-06,
    "epoch15": 7.36888052415452e-06,
    "epoch16": 7.227253065593686e-06,
    "epoch17": 7.124307903723093e-06,
    "epoch18": 7.0052024716460435e-06,
    "epoch19": 6.893547147228674e-06,
    "epoch20": 6.808546513639157e-06,
    "epoch21": 6.704489269395708e-06,
    "epoch22": 6.614286544390779e-06,
    "epoch23": 6.513462915336277e-06,
    "epoch24": 6.4590806937303566e-06,
    "epoch25": 6.373981182150601e-06,
    "epoch26": 6.289163084147731e-06,
    "epoch27": 6.22776506588707e-06,
    "epoch28": 6.173435820073792e-06,
    "epoch29": 6.10959096093211e-06,
    "epoch30": 6.039568149844854e-06
}