{
    "epoch1": 0.0007049273932352662,
    "epoch2": 0.0006780249951407314,
    "epoch3": 0.0006522447057068348,
    "epoch4": 0.0006268411176279187,
    "epoch5": 0.0006028431723825633,
    "epoch6": 0.0005795063590630889,
    "epoch7": 0.0005571175925433635,
    "epoch8": 0.0005354126938618719,
    "epoch9": 0.0005149118741974235,
    "epoch10": 0.0004947009310126304,
    "epoch11": 0.000475556057645008,
    "epoch12": 0.0004570397944189608,
    "epoch13": 0.00043912916909903286,
    "epoch14": 0.0004219260485842824,
    "epoch15": 0.0004056064481846988,
    "epoch16": 0.00038973937276750805,
    "epoch17": 0.0003741933649871498,
    "epoch18": 0.0003594165900722146,
    "epoch19": 0.00034534906968474387,
    "epoch20": 0.0003316874371375889,
    "epoch21": 0.00031855994602665306,
    "epoch22": 0.0003061043925117701,
    "epoch23": 0.0002940578164998442,
    "epoch24": 0.0002826028229901567,
    "epoch25": 0.00027161238074768334,
    "epoch26": 0.000260787513689138,
    "epoch27": 0.0002506145997904241,
    "epoch28": 0.00024074096872936935,
    "epoch29": 0.00023152049572672695,
    "epoch30": 0.00022261226666159928
}