{
    "epoch1": 200.0,
    "epoch2": 200.0,
    "epoch3": 200.0,
    "epoch4": 200.0,
    "epoch5": 200.0,
    "epoch6": 200.0,
    "epoch7": 200.0,
    "epoch8": 200.0,
    "epoch9": 200.0,
    "epoch10": 200.0,
    "epoch11": 200.0,
    "epoch12": 200.0,
    "epoch13": 200.0,
    "epoch14": 200.0,
    "epoch15": 200.0,
    "epoch16": 200.0,
    "epoch17": 200.0,
    "epoch18": 200.0,
    "epoch19": 200.0,
    "epoch20": 200.0,
    "epoch21": 199.9876953125,
    "epoch22": 199.95234375,
    "epoch23": 199.74373046875,
    "epoch24": 199.2648828125,
    "epoch25": 198.62939453125,
    "epoch26": 197.61625,
    "epoch27": 196.204296875,
    "epoch28": 194.23078125,
    "epoch29": 191.30693359375,
    "epoch30": 187.72931640625
}