{
    "epoch1": 200.0,
    "epoch2": 200.0,
    "epoch3": 200.0,
    "epoch4": 200.0,
    "epoch5": 200.0,
    "epoch6": 200.0,
    "epoch7": 200.0,
    "epoch8": 200.0,
    "epoch9": 200.0,
    "epoch10": 200.0,
    "epoch11": 200.0,
    "epoch12": 200.0,
    "epoch13": 200.0,
    "epoch14": 200.0,
    "epoch15": 200.0,
    "epoch16": 200.0,
    "epoch17": 200.0,
    "epoch18": 200.0,
    "epoch19": 200.0,
    "epoch20": 200.0,
    "epoch21": 199.99368990384616,
    "epoch22": 199.94170673076923,
    "epoch23": 199.80748572716345,
    "epoch24": 199.43184720552884,
    "epoch25": 198.77775691105768,
    "epoch26": 197.79204852764423,
    "epoch27": 196.56790865384616,
    "epoch28": 194.22922926682693,
    "epoch29": 191.28955078125,
    "epoch30": 186.9505896935096
}