{
    "epoch1": 137.5063004032258,
    "epoch2": 94.65708480342742,
    "epoch3": 83.28365990423387,
    "epoch4": 80.70870873235887,
    "epoch5": 79.35704385080645,
    "epoch6": 77.81886340725806,
    "epoch7": 76.06289377520162,
    "epoch8": 73.50018113659274,
    "epoch9": 71.0913322202621,
    "epoch10": 67.84688445060483,
    "epoch11": 64.62075904107863,
    "epoch12": 63.02051175025202,
    "epoch13": 61.42460779989919,
    "epoch14": 61.116726783014116,
    "epoch15": 60.74486123361895,
    "epoch16": 60.154730027721776,
    "epoch17": 60.067193800403224,
    "epoch18": 59.653265183971776,
    "epoch19": 59.36878228956653,
    "epoch20": 58.613139490927416,
    "epoch21": 58.102109847530244,
    "epoch22": 57.2742919921875,
    "epoch23": 56.19014223160282,
    "epoch24": 55.48502079133065,
    "epoch25": 54.37989068800403,
    "epoch26": 53.30622716103831,
    "epoch27": 52.732402186239916,
    "epoch28": 51.745782667590724,
    "epoch29": 51.48936806955645,
    "epoch30": 50.538349766885084
}