{
    "epoch1": 76.49164225260417,
    "epoch2": 47.90093994140625,
    "epoch3": 45.11449381510417,
    "epoch4": 41.93236490885417,
    "epoch5": 38.13819580078125,
    "epoch6": 34.78821614583333,
    "epoch7": 32.7889404296875,
    "epoch8": 32.13352864583333,
    "epoch9": 31.678755696614584,
    "epoch10": 31.176611328125,
    "epoch11": 30.554559326171876,
    "epoch12": 30.36215616861979,
    "epoch13": 30.303743489583333,
    "epoch14": 29.950748697916666,
    "epoch15": 29.98373006184896,
    "epoch16": 29.610310872395832,
    "epoch17": 29.583760579427082,
    "epoch18": 29.17885538736979,
    "epoch19": 29.264347330729166,
    "epoch20": 28.976198323567708,
    "epoch21": 28.741060384114583,
    "epoch22": 28.740812174479167,
    "epoch23": 28.671488444010418,
    "epoch24": 28.33001708984375,
    "epoch25": 28.26551513671875,
    "epoch26": 28.11928914388021,
    "epoch27": 28.051088460286458,
    "epoch28": 28.119535319010417,
    "epoch29": 28.058479817708335,
    "epoch30": 27.806634521484376,
    "epoch31": 27.514013671875,
    "epoch32": 27.567685953776042,
    "epoch33": 27.622743733723958,
    "epoch34": 27.36811726888021,
    "epoch35": 27.545849609375,
    "epoch36": 27.291229248046875,
    "epoch37": 27.173933919270834,
    "epoch38": 26.98671671549479,
    "epoch39": 27.041117350260418,
    "epoch40": 26.93184611002604,
    "epoch41": 26.702532958984374,
    "epoch42": 26.864459228515624,
    "epoch43": 26.569598388671874,
    "epoch44": 26.58240966796875,
    "epoch45": 26.3881591796875,
    "epoch46": 26.379073079427084,
    "epoch47": 26.34678955078125,
    "epoch48": 26.1170166015625,
    "epoch49": 26.113818359375,
    "epoch50": 26.415730794270832,
    "epoch51": 25.81129353841146,
    "epoch52": 25.918365478515625,
    "epoch53": 25.97524210611979,
    "epoch54": 25.7380126953125,
    "epoch55": 25.673223876953124,
    "epoch56": 25.591935221354166,
    "epoch57": 25.67742919921875,
    "epoch58": 25.455120849609376,
    "epoch59": 25.73354288736979,
    "epoch60": 25.404024251302083,
    "epoch61": 25.326776123046876,
    "epoch62": 25.579154459635415,
    "epoch63": 24.981327311197916,
    "epoch64": 25.20885009765625,
    "epoch65": 25.092213948567707,
    "epoch66": 25.105220540364584,
    "epoch67": 25.059993489583334,
    "epoch68": 24.890641276041666,
    "epoch69": 24.948663330078126,
    "epoch70": 24.952095540364585,
    "epoch71": 24.853761800130208,
    "epoch72": 24.851289876302083,
    "epoch73": 24.866487630208333,
    "epoch74": 24.91816609700521,
    "epoch75": 24.501462809244792,
    "epoch76": 24.44357706705729,
    "epoch77": 24.50662638346354,
    "epoch78": 24.672617594401043,
    "epoch79": 24.563946533203126,
    "epoch80": 24.43065185546875,
    "epoch81": 24.49620361328125,
    "epoch82": 24.375215657552083,
    "epoch83": 24.343320719401042,
    "epoch84": 24.347747802734375,
    "epoch85": 24.168402099609374,
    "epoch86": 24.197896321614582,
    "epoch87": 24.270458984375,
    "epoch88": 24.14952392578125,
    "epoch89": 24.248201497395833,
    "epoch90": 24.069580078125,
    "epoch91": 23.932283528645833,
    "epoch92": 24.218208821614585,
    "epoch93": 24.313057454427085,
    "epoch94": 24.19999796549479,
    "epoch95": 23.959676106770832,
    "epoch96": 23.9490234375,
    "epoch97": 23.982515462239583,
    "epoch98": 23.884574381510415,
    "epoch99": 23.945088704427082,
    "epoch100": 23.964912923177085
}