{
    "epoch1": 52.66751302083333,
    "epoch2": 49.93052571614583,
    "epoch3": 46.041727701822914,
    "epoch4": 41.597347005208334,
    "epoch5": 38.950634765625,
    "epoch6": 37.85938313802083,
    "epoch7": 37.20388590494792,
    "epoch8": 35.30638427734375,
    "epoch9": 35.61746012369792,
    "epoch10": 35.560221354166664,
    "epoch11": 35.48597819010417,
    "epoch12": 34.99473470052083,
    "epoch13": 34.610432942708336,
    "epoch14": 33.98118896484375,
    "epoch15": 33.10108235677083,
    "epoch16": 32.672932942708336,
    "epoch17": 32.43246866861979,
    "epoch18": 32.4071044921875,
    "epoch19": 33.56482747395833,
    "epoch20": 32.86389973958333,
    "epoch21": 32.41527506510417,
    "epoch22": 31.86351318359375,
    "epoch23": 31.3228271484375,
    "epoch24": 31.333821614583332,
    "epoch25": 31.96711629231771,
    "epoch26": 31.86049601236979,
    "epoch27": 30.651704915364583,
    "epoch28": 31.549055989583334,
    "epoch29": 30.38040568033854,
    "epoch30": 29.966302490234376,
    "epoch31": 29.667177327473958,
    "epoch32": 30.21568603515625,
    "epoch33": 29.248179117838543,
    "epoch34": 29.763212076822917,
    "epoch35": 30.374251302083334,
    "epoch36": 29.876475016276043,
    "epoch37": 29.897696940104165,
    "epoch38": 29.161122639973957,
    "epoch39": 31.40810750325521,
    "epoch40": 28.819242350260417,
    "epoch41": 29.6346435546875,
    "epoch42": 29.424247233072915,
    "epoch43": 28.949190266927083,
    "epoch44": 28.888517252604167,
    "epoch45": 29.09200236002604,
    "epoch46": 29.51807861328125,
    "epoch47": 28.391788736979166,
    "epoch48": 29.81144002278646,
    "epoch49": 30.016597493489584,
    "epoch50": 30.661199951171874,
    "epoch51": 29.4008544921875,
    "epoch52": 28.378061930338543,
    "epoch53": 28.965948486328124,
    "epoch54": 28.843489583333334,
    "epoch55": 29.48570353190104,
    "epoch56": 28.187137858072916,
    "epoch57": 30.062740071614584,
    "epoch58": 28.580841064453125,
    "epoch59": 27.930055745442708,
    "epoch60": 28.69644978841146,
    "epoch61": 28.1081298828125,
    "epoch62": 28.574861653645833,
    "epoch63": 28.742010498046874,
    "epoch64": 28.133555094401043,
    "epoch65": 27.798402913411458,
    "epoch66": 27.673653157552085,
    "epoch67": 29.248970540364585,
    "epoch68": 27.791200764973958,
    "epoch69": 28.15042928059896,
    "epoch70": 28.19527791341146,
    "epoch71": 28.523213704427082,
    "epoch72": 27.798451741536457,
    "epoch73": 29.441070556640625,
    "epoch74": 28.789662679036457,
    "epoch75": 28.401106770833334,
    "epoch76": 29.51683146158854,
    "epoch77": 28.1301513671875,
    "epoch78": 27.81473388671875,
    "epoch79": 28.41164347330729,
    "epoch80": 27.898345947265625,
    "epoch81": 29.134208170572915,
    "epoch82": 29.33347371419271,
    "epoch83": 28.107027180989583,
    "epoch84": 27.709619140625,
    "epoch85": 27.76888427734375,
    "epoch86": 28.0258056640625,
    "epoch87": 27.862375895182293,
    "epoch88": 27.731923421223957,
    "epoch89": 27.495503743489582,
    "epoch90": 28.059431966145834,
    "epoch91": 27.75119832356771,
    "epoch92": 27.74594523111979,
    "epoch93": 27.666949462890624,
    "epoch94": 27.637135823567707,
    "epoch95": 28.09035441080729,
    "epoch96": 28.135028076171874,
    "epoch97": 27.864634195963543,
    "epoch98": 27.784033203125,
    "epoch99": 27.714534505208334,
    "epoch100": 27.676275634765624
}