{
    "epoch1": 199.968390625,
    "epoch2": 189.912921875,
    "epoch3": 149.361078125,
    "epoch4": 130.4844140625,
    "epoch5": 125.844421875,
    "epoch6": 123.59925,
    "epoch7": 121.62928125,
    "epoch8": 119.544453125,
    "epoch9": 118.6324765625,
    "epoch10": 116.286203125,
    "epoch11": 114.0380625,
    "epoch12": 112.8008828125,
    "epoch13": 110.233,
    "epoch14": 108.9627578125,
    "epoch15": 107.700890625,
    "epoch16": 106.9038984375,
    "epoch17": 105.458625,
    "epoch18": 104.7429453125,
    "epoch19": 103.6795625,
    "epoch20": 103.4529375,
    "epoch21": 102.3639765625,
    "epoch22": 101.9439609375,
    "epoch23": 101.77603125,
    "epoch24": 101.44346875,
    "epoch25": 100.862140625,
    "epoch26": 100.1416015625,
    "epoch27": 100.5696171875,
    "epoch28": 99.5925703125,
    "epoch29": 99.1417890625,
    "epoch30": 98.821078125
}