{
    "epoch1": 0.05298920762207773,
    "epoch2": 0.04506361794968446,
    "epoch3": 0.03549238056358364,
    "epoch4": 0.02732469927933481,
    "epoch5": 0.023066838944537774,
    "epoch6": 0.02213006740849879,
    "epoch7": 0.02144151201678647,
    "epoch8": 0.021049437527027395,
    "epoch9": 0.020683252459598914,
    "epoch10": 0.020263313833210204,
    "epoch11": 0.019924772075480886,
    "epoch12": 0.01962628060330947,
    "epoch13": 0.01938017990647091,
    "epoch14": 0.019263379431019228,
    "epoch15": 0.01884899153891537,
    "epoch16": 0.01856326570527421,
    "epoch17": 0.01843290025782254,
    "epoch18": 0.01826654105550713,
    "epoch19": 0.017961049141983192,
    "epoch20": 0.017826122593962483,
    "epoch21": 0.01782938977703452,
    "epoch22": 0.01741613085485167,
    "epoch23": 0.01740560168400407,
    "epoch24": 0.017378569011472993,
    "epoch25": 0.017072135272125404,
    "epoch26": 0.016872533907492954,
    "epoch27": 0.016974599100649357,
    "epoch28": 0.016610270728253655,
    "epoch29": 0.01668904126725263,
    "epoch30": 0.01656887602681915,
    "epoch31": 0.016441943848298654,
    "epoch32": 0.01623550026367108,
    "epoch33": 0.0161373653035197,
    "epoch34": 0.01640154757640428,
    "epoch35": 0.016492085427873664,
    "epoch36": 0.015914636871053114,
    "epoch37": 0.015880600031879213,
    "epoch38": 0.015989671150843304,
    "epoch39": 0.015749532367206283,
    "epoch40": 0.01618570689525869,
    "epoch41": 0.01571562901760141,
    "epoch42": 0.01601784521092971,
    "epoch43": 0.015582517669018772,
    "epoch44": 0.015426770007858673,
    "epoch45": 0.015611685967693726,
    "epoch46": 0.015378077410989337,
    "epoch47": 0.015334377686182657,
    "epoch48": 0.01554816976810495,
    "epoch49": 0.015227488656010892,
    "epoch50": 0.015178782348003652,
    "epoch51": 0.015120351428372992,
    "epoch52": 0.015156352737297615,
    "epoch53": 0.015078552739901675,
    "epoch54": 0.015027988909019364,
    "epoch55": 0.015037962390730778,
    "epoch56": 0.015039004385471344,
    "epoch57": 0.015173581894487143,
    "epoch58": 0.014935596121682061,
    "epoch59": 0.014920638925913308,
    "epoch60": 0.014930698710183302,
    "epoch61": 0.014832065699415075,
    "epoch62": 0.014763688823829094,
    "epoch63": 0.015133625931209989,
    "epoch64": 0.01483553254769908,
    "epoch65": 0.01483994686148233,
    "epoch66": 0.01467966634987129,
    "epoch67": 0.015091735507465072,
    "epoch68": 0.014644866705768637,
    "epoch69": 0.014608329317222038,
    "epoch70": 0.01460366773729523,
    "epoch71": 0.01483469968661666,
    "epoch72": 0.014578022787140476,
    "epoch73": 0.014610314431289831,
    "epoch74": 0.01456565666012466,
    "epoch75": 0.014562406577169895,
    "epoch76": 0.014394771721627977,
    "epoch77": 0.014421954595794281,
    "epoch78": 0.014425462629232142,
    "epoch79": 0.014465649922688803,
    "epoch80": 0.014357858130501376,
    "epoch81": 0.01434708722970552,
    "epoch82": 0.014270171988755465,
    "epoch83": 0.014325771325578293,
    "epoch84": 0.014355285196668573,
    "epoch85": 0.01426944462582469,
    "epoch86": 0.014202687992817827,
    "epoch87": 0.014247905566460557,
    "epoch88": 0.014184402560608255,
    "epoch89": 0.014777072187927034,
    "epoch90": 0.01415153354820278,
    "epoch91": 0.014206184177762933,
    "epoch92": 0.014458816808958849,
    "epoch93": 0.014295199627263678,
    "epoch94": 0.01425988899750842,
    "epoch95": 0.014262795965704653,
    "epoch96": 0.01410667546507385,
    "epoch97": 0.014073128656794628,
    "epoch98": 0.01403438762968613,
    "epoch99": 0.014448692711691061,
    "epoch100": 0.014182536811050441
}