{
    "epoch1": 0.0002784519711955606,
    "epoch2": 0.00027803852538151356,
    "epoch3": 0.0002776395093436198,
    "epoch4": 0.00027729149767158866,
    "epoch5": 0.00027695425005125194,
    "epoch6": 0.0002766427093592938,
    "epoch7": 0.00027633011214978374,
    "epoch8": 0.0002760076630511321,
    "epoch9": 0.0002756932790604575,
    "epoch10": 0.00027539195803304514,
    "epoch11": 0.00027509027097645836,
    "epoch12": 0.00027481169847305866,
    "epoch13": 0.0002745229346328415,
    "epoch14": 0.00027425225591287016,
    "epoch15": 0.00027399462094763295,
    "epoch16": 0.00027373424575974543,
    "epoch17": 0.0002734659258082199,
    "epoch18": 0.00027321849561606846,
    "epoch19": 0.00027298475901867884,
    "epoch20": 0.0002727547820056013,
    "epoch21": 0.0002725206104029591,
    "epoch22": 0.0002723049021248395,
    "epoch23": 0.00027208695527709397,
    "epoch24": 0.00027185922638940007,
    "epoch25": 0.0002716322499812425,
    "epoch26": 0.0002714202680605619,
    "epoch27": 0.0002711985995604967,
    "epoch28": 0.00027099991944851354,
    "epoch29": 0.00027079328637531335,
    "epoch30": 0.00027059718428063207
}