{
    "epoch1": 46.628775460379465,
    "epoch2": 47.652945382254465,
    "epoch3": 45.48403058733259,
    "epoch4": 44.322557721819194,
    "epoch5": 42.57342965262277,
    "epoch6": 40.46837942940848,
    "epoch7": 39.45489065987723,
    "epoch8": 37.982753208705354,
    "epoch9": 35.90373665945871,
    "epoch10": 33.80736868722098,
    "epoch11": 32.21816144670759,
    "epoch12": 30.58534894670759,
    "epoch13": 30.468612670898438,
    "epoch14": 31.07729012625558,
    "epoch15": 31.155382428850448,
    "epoch16": 29.968937465122767,
    "epoch17": 28.667617797851562,
    "epoch18": 28.361883980887278,
    "epoch19": 28.061734880719865,
    "epoch20": 28.306036812918528,
    "epoch21": 28.532481602260045,
    "epoch22": 28.69138445172991,
    "epoch23": 27.152474539620535,
    "epoch24": 27.96929713657924,
    "epoch25": 27.766845703125,
    "epoch26": 27.86194065638951,
    "epoch27": 27.289716448102677,
    "epoch28": 27.388011387416295,
    "epoch29": 26.841258457728795,
    "epoch30": 27.195650373186385,
    "epoch31": 27.22232927594866,
    "epoch32": 27.067714146205358,
    "epoch33": 27.299891880580358,
    "epoch34": 26.786516462053573,
    "epoch35": 26.061011178152903,
    "epoch36": 25.961602347237722,
    "epoch37": 25.698521205357142,
    "epoch38": 25.841517857142858,
    "epoch39": 26.14424787248884,
    "epoch40": 25.795789446149552,
    "epoch41": 26.027906145368302,
    "epoch42": 26.65297372000558,
    "epoch43": 26.84464590890067,
    "epoch44": 26.316434587751115,
    "epoch45": 26.677422659737722,
    "epoch46": 25.28580801827567,
    "epoch47": 25.328386579241073,
    "epoch48": 26.48555428641183,
    "epoch49": 25.379224504743302,
    "epoch50": 25.221322195870535,
    "epoch51": 25.046861921037948,
    "epoch52": 25.213849748883927,
    "epoch53": 25.459237234933035,
    "epoch54": 25.169113159179688,
    "epoch55": 25.10003444126674,
    "epoch56": 24.949837820870535,
    "epoch57": 25.3843994140625,
    "epoch58": 26.074249267578125,
    "epoch59": 25.961456298828125,
    "epoch60": 26.768096923828125,
    "epoch61": 24.947058541434153,
    "epoch62": 25.839423043387278,
    "epoch63": 25.00412859235491,
    "epoch64": 25.532812935965403,
    "epoch65": 25.326036725725448,
    "epoch66": 25.509065900530135,
    "epoch67": 26.240727015904017,
    "epoch68": 24.903100149972097,
    "epoch69": 25.45861598423549,
    "epoch70": 25.011622837611608,
    "epoch71": 25.069623674665177,
    "epoch72": 25.409497942243302,
    "epoch73": 26.224188668387278,
    "epoch74": 24.892628261021205,
    "epoch75": 26.992664882114955,
    "epoch76": 25.428553989955358,
    "epoch77": 24.860770089285715,
    "epoch78": 24.88714817592076,
    "epoch79": 24.930304391043528,
    "epoch80": 24.840035574776785,
    "epoch81": 25.46696036202567,
    "epoch82": 25.623530796595983,
    "epoch83": 24.935658046177455,
    "epoch84": 25.374542236328125,
    "epoch85": 24.794564383370535,
    "epoch86": 25.123160226004465,
    "epoch87": 25.58058820452009,
    "epoch88": 26.125287737165177,
    "epoch89": 25.697562081473215,
    "epoch90": 25.391778128487722,
    "epoch91": 24.732234409877233,
    "epoch92": 26.15602547781808,
    "epoch93": 24.975814819335938,
    "epoch94": 24.650253295898438,
    "epoch95": 24.833568028041295,
    "epoch96": 25.030358450753347,
    "epoch97": 24.720245361328125,
    "epoch98": 25.782475062779017,
    "epoch99": 25.378145490373885,
    "epoch100": 24.639602661132812
}