{
    "epoch1": 78.87718290441177,
    "epoch2": 55.47080757018717,
    "epoch3": 49.17822004512032,
    "epoch4": 44.39596214906417,
    "epoch5": 40.074720086898395,
    "epoch6": 34.9346956467246,
    "epoch7": 30.821529286430483,
    "epoch8": 28.264204545454547,
    "epoch9": 26.56401967747326,
    "epoch10": 25.257318996490643,
    "epoch11": 23.935656542446523,
    "epoch12": 22.757311163101605,
    "epoch13": 22.121715198863637,
    "epoch14": 21.307939662015375,
    "epoch15": 20.519183969752675,
    "epoch16": 19.63535443474265,
    "epoch17": 19.246783088235293,
    "epoch18": 18.731052337483288,
    "epoch19": 18.36624488218583,
    "epoch20": 18.262774951955215,
    "epoch21": 17.64010277406417,
    "epoch22": 17.371190361798128,
    "epoch23": 16.77793255974265,
    "epoch24": 17.07172251002674,
    "epoch25": 16.25937134441845,
    "epoch26": 16.053644353693183,
    "epoch27": 15.641862675467914,
    "epoch28": 15.54785678475936,
    "epoch29": 15.513414678726605,
    "epoch30": 15.261629971590908
}