{
    "epoch1": 133.24519791666665,
    "epoch2": 115.30647916666666,
    "epoch3": 107.21585416666667,
    "epoch4": 103.13363541666666,
    "epoch5": 100.94164583333334,
    "epoch6": 98.73847916666666,
    "epoch7": 97.89030208333334,
    "epoch8": 96.53532291666667,
    "epoch9": 95.32730208333334,
    "epoch10": 95.09083333333334,
    "epoch11": 93.97,
    "epoch12": 93.06839583333333,
    "epoch13": 92.72851041666667,
    "epoch14": 92.1005,
    "epoch15": 91.06647916666667,
    "epoch16": 91.12552083333334,
    "epoch17": 90.69378125,
    "epoch18": 90.66242708333333,
    "epoch19": 90.35609375,
    "epoch20": 89.87778125,
    "epoch21": 89.70786458333333,
    "epoch22": 89.24108333333334,
    "epoch23": 89.51264583333334,
    "epoch24": 89.16338541666667,
    "epoch25": 89.26864583333334,
    "epoch26": 88.68005208333334,
    "epoch27": 89.05803125,
    "epoch28": 88.31996875,
    "epoch29": 88.63720833333333,
    "epoch30": 88.12236458333334
}