{
    "epoch1": 0.03828445393592119,
    "epoch2": 0.03192433044314384,
    "epoch3": 0.02661139415577054,
    "epoch4": 0.021686066500842573,
    "epoch5": 0.017457399982959032,
    "epoch6": 0.01411313321441412,
    "epoch7": 0.011836986616253852,
    "epoch8": 0.010796059481799602,
    "epoch9": 0.010070734517648816,
    "epoch10": 0.009735935786738991,
    "epoch11": 0.009550099773332477,
    "epoch12": 0.009308243077248335,
    "epoch13": 0.009184897178784013,
    "epoch14": 0.009107019985094666,
    "epoch15": 0.008744276082143187,
    "epoch16": 0.008621507789939642,
    "epoch17": 0.008541661314666271,
    "epoch18": 0.0084171908441931,
    "epoch19": 0.008357701543718576,
    "epoch20": 0.00820957524701953,
    "epoch21": 0.008101170836016535,
    "epoch22": 0.008066629059612751,
    "epoch23": 0.007937820907682181,
    "epoch24": 0.00807600631378591,
    "epoch25": 0.007809209125116468,
    "epoch26": 0.007813546620309354,
    "epoch27": 0.007712931744754315,
    "epoch28": 0.007749458216130734,
    "epoch29": 0.007640027208253741,
    "epoch30": 0.007683063996955753,
    "epoch31": 0.007558765774592757,
    "epoch32": 0.0075343828182667496,
    "epoch33": 0.007507088733837009,
    "epoch34": 0.007516454113647342,
    "epoch35": 0.007413953123614192,
    "epoch36": 0.007499686814844609,
    "epoch37": 0.00738949729129672,
    "epoch38": 0.007467469060793519,
    "epoch39": 0.007484474452212453,
    "epoch40": 0.0073107908945530655,
    "epoch41": 0.0073973651509732005,
    "epoch42": 0.007331262528896332,
    "epoch43": 0.007303427997976541,
    "epoch44": 0.0073061773087829355,
    "epoch45": 0.00726911430247128,
    "epoch46": 0.007264288794249296,
    "epoch47": 0.007401884673163295,
    "epoch48": 0.007301346911117434,
    "epoch49": 0.007264134427532554,
    "epoch50": 0.007204710924997926,
    "epoch51": 0.007214057678356767,
    "epoch52": 0.007184764510020614,
    "epoch53": 0.007155034551396966,
    "epoch54": 0.007132159266620875,
    "epoch55": 0.007200617389753461,
    "epoch56": 0.007121336739510297,
    "epoch57": 0.0072489554528146986,
    "epoch58": 0.007097341679036617,
    "epoch59": 0.007145774923264981,
    "epoch60": 0.007101460639387369,
    "epoch61": 0.0073560347314924005,
    "epoch62": 0.007108633639290929,
    "epoch63": 0.00704685035161674,
    "epoch64": 0.00704815979115665,
    "epoch65": 0.007054387964308262,
    "epoch66": 0.007043952960520983,
    "epoch67": 0.007002275390550494,
    "epoch68": 0.0070585321169346574,
    "epoch69": 0.007110316632315516,
    "epoch70": 0.007036692416295409,
    "epoch71": 0.007061266992241144,
    "epoch72": 0.0070832928642630575,
    "epoch73": 0.007005663309246302,
    "epoch74": 0.007008976070210338,
    "epoch75": 0.0070020993240177635,
    "epoch76": 0.0073800560552626845,
    "epoch77": 0.007040871307253838,
    "epoch78": 0.007000008039176464,
    "epoch79": 0.007029279600828886,
    "epoch80": 0.006983851175755262,
    "epoch81": 0.0069194122217595576,
    "epoch82": 0.00698075070977211,
    "epoch83": 0.006979141151532531,
    "epoch84": 0.006962814694270491,
    "epoch85": 0.006917307572439313,
    "epoch86": 0.0069510149769485,
    "epoch87": 0.007018709508702159,
    "epoch88": 0.006903171027079225,
    "epoch89": 0.0070123843383044,
    "epoch90": 0.006921758642420173,
    "epoch91": 0.007142600091174245,
    "epoch92": 0.006908710207790136,
    "epoch93": 0.00708210445009172,
    "epoch94": 0.0069682634435594085,
    "epoch95": 0.006911749951541424,
    "epoch96": 0.006932722264900803,
    "epoch97": 0.00691576162353158,
    "epoch98": 0.007591802207753062,
    "epoch99": 0.007095922762528062,
    "epoch100": 0.007070030644536018
}