{
    "epoch1": 3298.44296875,
    "epoch2": 2945.5966796875,
    "epoch3": 2660.141015625,
    "epoch4": 2485.93125,
    "epoch5": 2359.5322265625,
    "epoch6": 2190.76796875,
    "epoch7": 2025.7421875,
    "epoch8": 1881.2990234375,
    "epoch9": 1803.2734375,
    "epoch10": 1732.5587890625,
    "epoch11": 1701.8390625,
    "epoch12": 1622.08408203125,
    "epoch13": 1586.3560546875,
    "epoch14": 1569.3560546875,
    "epoch15": 1528.34921875,
    "epoch16": 1502.3830078125,
    "epoch17": 1466.28388671875,
    "epoch18": 1475.2875,
    "epoch19": 1432.14775390625,
    "epoch20": 1445.7861328125,
    "epoch21": 1413.3419921875,
    "epoch22": 1423.029296875,
    "epoch23": 1386.310546875,
    "epoch24": 1455.080078125,
    "epoch25": 1372.937109375,
    "epoch26": 1364.3833984375,
    "epoch27": 1356.61416015625,
    "epoch28": 1403.118359375,
    "epoch29": 1347.36328125,
    "epoch30": 1343.45087890625,
    "epoch31": 1333.33359375,
    "epoch32": 1365.041015625,
    "epoch33": 1319.86083984375,
    "epoch34": 1374.20966796875,
    "epoch35": 1328.60498046875,
    "epoch36": 1374.6205078125,
    "epoch37": 1321.030859375,
    "epoch38": 1373.26083984375,
    "epoch39": 1391.28408203125,
    "epoch40": 1325.63125,
    "epoch41": 1370.29951171875,
    "epoch42": 1343.8208984375,
    "epoch43": 1297.98876953125,
    "epoch44": 1299.36962890625,
    "epoch45": 1316.95732421875,
    "epoch46": 1297.1068359375,
    "epoch47": 1313.6189453125,
    "epoch48": 1388.6845703125,
    "epoch49": 1304.016796875,
    "epoch50": 1312.3990234375,
    "epoch51": 1346.3974609375,
    "epoch52": 1307.73974609375,
    "epoch53": 1307.0703125,
    "epoch54": 1317.059375,
    "epoch55": 1348.5548828125,
    "epoch56": 1301.6162109375,
    "epoch57": 1374.5572265625,
    "epoch58": 1326.532421875,
    "epoch59": 1338.5083984375,
    "epoch60": 1331.88603515625,
    "epoch61": 1437.6431640625,
    "epoch62": 1317.80244140625,
    "epoch63": 1296.4181640625,
    "epoch64": 1297.53291015625,
    "epoch65": 1313.160546875,
    "epoch66": 1332.55244140625,
    "epoch67": 1297.72646484375,
    "epoch68": 1279.54482421875,
    "epoch69": 1340.58974609375,
    "epoch70": 1278.32568359375,
    "epoch71": 1347.03056640625,
    "epoch72": 1340.002734375,
    "epoch73": 1326.49736328125,
    "epoch74": 1340.27734375,
    "epoch75": 1319.71298828125,
    "epoch76": 1463.39619140625,
    "epoch77": 1364.1109375,
    "epoch78": 1274.09716796875,
    "epoch79": 1276.08017578125,
    "epoch80": 1289.37294921875,
    "epoch81": 1305.0138671875,
    "epoch82": 1340.55126953125,
    "epoch83": 1279.326171875,
    "epoch84": 1330.28896484375,
    "epoch85": 1284.93095703125,
    "epoch86": 1280.56484375,
    "epoch87": 1292.01171875,
    "epoch88": 1284.4697265625,
    "epoch89": 1347.74658203125,
    "epoch90": 1292.6275390625,
    "epoch91": 1401.3951171875,
    "epoch92": 1280.76787109375,
    "epoch93": 1288.76142578125,
    "epoch94": 1306.50009765625,
    "epoch95": 1297.4109375,
    "epoch96": 1305.60087890625,
    "epoch97": 1307.57041015625,
    "epoch98": 1549.78037109375,
    "epoch99": 1394.60869140625,
    "epoch100": 1310.0275390625
}