{
    "epoch1": 0.05853362245993181,
    "epoch2": 0.049660502848300064,
    "epoch3": 0.0417860248549418,
    "epoch4": 0.034780086441473526,
    "epoch5": 0.02919839999892495,
    "epoch6": 0.02546686882322485,
    "epoch7": 0.0235553847795183,
    "epoch8": 0.023106890645894138,
    "epoch9": 0.02204901733520356,
    "epoch10": 0.021653506481512028,
    "epoch11": 0.021433714988895437,
    "epoch12": 0.020955349488014526,
    "epoch13": 0.020433376416225325,
    "epoch14": 0.02021541903642091,
    "epoch15": 0.019946776288138193,
    "epoch16": 0.01963667148216204,
    "epoch17": 0.01945404928516258,
    "epoch18": 0.019269658760590988,
    "epoch19": 0.01914008901539174,
    "epoch20": 0.019008081110024996,
    "epoch21": 0.019090437414971264,
    "epoch22": 0.018641900017180225,
    "epoch23": 0.018525376196273348,
    "epoch24": 0.01884031117978421,
    "epoch25": 0.01829309795390476,
    "epoch26": 0.018199951049279083,
    "epoch27": 0.018430384595624426,
    "epoch28": 0.01876809693534266,
    "epoch29": 0.01796265742318197,
    "epoch30": 0.018072123469954186,
    "epoch31": 0.01801155422898856,
    "epoch32": 0.01768936487761411,
    "epoch33": 0.017640382644127716,
    "epoch34": 0.018060110763392666,
    "epoch35": 0.01777503817257556,
    "epoch36": 0.017368742984465578,
    "epoch37": 0.017347178972241552,
    "epoch38": 0.01719984742389484,
    "epoch39": 0.017610694620419632,
    "epoch40": 0.017136927567083727,
    "epoch41": 0.017375820316374302,
    "epoch42": 0.016940239901569756,
    "epoch43": 0.01763021785088561,
    "epoch44": 0.01729165440933271,
    "epoch45": 0.01710241762074557,
    "epoch46": 0.01701739299195734,
    "epoch47": 0.016896506517448208,
    "epoch48": 0.017050792124461044,
    "epoch49": 0.016607468863102524,
    "epoch50": 0.016490913927555084,
    "epoch51": 0.016410984691571106,
    "epoch52": 0.017551903274248947,
    "epoch53": 0.017011281864886933,
    "epoch54": 0.016283966389230707,
    "epoch55": 0.016228477682240984,
    "epoch56": 0.01662915445525538,
    "epoch57": 0.016161660198122263,
    "epoch58": 0.016092186963016338,
    "epoch59": 0.016008362809026785,
    "epoch60": 0.01598574072969231,
    "epoch61": 0.01601423699916764,
    "epoch62": 0.0171470343219963,
    "epoch63": 0.016532938842746345,
    "epoch64": 0.015885852996937254,
    "epoch65": 0.01574344416572289,
    "epoch66": 0.01623110380023718,
    "epoch67": 0.015670812138440935,
    "epoch68": 0.01580966818569736,
    "epoch69": 0.015720261345532806,
    "epoch70": 0.015610588079487736,
    "epoch71": 0.01560073494064537,
    "epoch72": 0.0155150569467382,
    "epoch73": 0.01550249628384005,
    "epoch74": 0.015507437288761139,
    "epoch75": 0.015373287129808556,
    "epoch76": 0.015510677444663916,
    "epoch77": 0.015513184734366157,
    "epoch78": 0.015368838752196594,
    "epoch79": 0.015321738975630566,
    "epoch80": 0.015293094668198715,
    "epoch81": 0.0151999365453693,
    "epoch82": 0.015469137409871275,
    "epoch83": 0.015188571573658423,
    "epoch84": 0.015238949605687098,
    "epoch85": 0.015145995400168678,
    "epoch86": 0.015102226456457918,
    "epoch87": 0.015316366133364763,
    "epoch88": 0.015311778438362207,
    "epoch89": 0.015426475470038977,
    "epoch90": 0.015007717069238424,
    "epoch91": 0.014950563623146578,
    "epoch92": 0.015086929059841415,
    "epoch93": 0.015018198723820124,
    "epoch94": 0.014948399949141523,
    "epoch95": 0.015430959703570063,
    "epoch96": 0.015791515904394062,
    "epoch97": 0.015025175853886387,
    "epoch98": 0.014895154163241386,
    "epoch99": 0.014817433304746042,
    "epoch100": 0.014832473698664795
}