{
    "epoch1": 54.47084738991477,
    "epoch2": 50.96034934303977,
    "epoch3": 47.2492509321733,
    "epoch4": 43.20818536931818,
    "epoch5": 39.86342551491477,
    "epoch6": 36.11054576526988,
    "epoch7": 34.84193004261363,
    "epoch8": 35.1708290793679,
    "epoch9": 33.32326438210227,
    "epoch10": 32.99336381392045,
    "epoch11": 30.75119295987216,
    "epoch12": 32.25833407315341,
    "epoch13": 30.774857954545453,
    "epoch14": 31.30030684037642,
    "epoch15": 30.088001598011363,
    "epoch16": 30.24898182262074,
    "epoch17": 30.323808149857953,
    "epoch18": 29.618913130326703,
    "epoch19": 30.28653508966619,
    "epoch20": 30.138605291193183,
    "epoch21": 30.769134521484375,
    "epoch22": 29.61642178622159,
    "epoch23": 29.606190074573863,
    "epoch24": 30.864235617897727,
    "epoch25": 29.3845908425071,
    "epoch26": 29.277915261008523,
    "epoch27": 30.226873224431817,
    "epoch28": 31.20878739790483,
    "epoch29": 29.213362260298297,
    "epoch30": 28.81992686878551,
    "epoch31": 29.86393876509233,
    "epoch32": 29.041825727982953,
    "epoch33": 29.295989990234375,
    "epoch34": 30.568797718394887,
    "epoch35": 29.927662242542613,
    "epoch36": 29.029596502130683,
    "epoch37": 29.1181113503196,
    "epoch38": 28.762395685369317,
    "epoch39": 29.922332763671875,
    "epoch40": 29.01158280806108,
    "epoch41": 29.71363691850142,
    "epoch42": 28.63917957652699,
    "epoch43": 30.21601728959517,
    "epoch44": 29.68231201171875,
    "epoch45": 29.409828879616477,
    "epoch46": 29.23367032137784,
    "epoch47": 29.040876908735797,
    "epoch48": 29.385181773792613,
    "epoch49": 28.5053017356179,
    "epoch50": 28.26940085671165,
    "epoch51": 28.355757279829547,
    "epoch52": 30.39985518022017,
    "epoch53": 29.59379716352983,
    "epoch54": 28.089122425426137,
    "epoch55": 28.08920842950994,
    "epoch56": 29.2607948996804,
    "epoch57": 28.23062688654119,
    "epoch58": 28.148814808238637,
    "epoch59": 28.14742764559659,
    "epoch60": 28.081370960582387,
    "epoch61": 28.08860362659801,
    "epoch62": 30.085193980823863,
    "epoch63": 29.18189863725142,
    "epoch64": 28.12638438831676,
    "epoch65": 27.728010697798297,
    "epoch66": 28.796686345880683,
    "epoch67": 27.81809026544744,
    "epoch68": 28.15838623046875,
    "epoch69": 28.01973377574574,
    "epoch70": 27.80015147816051,
    "epoch71": 27.836794766512785,
    "epoch72": 27.7414023659446,
    "epoch73": 27.884482643821023,
    "epoch74": 27.870538884943183,
    "epoch75": 27.711117831143465,
    "epoch76": 27.900762384588067,
    "epoch77": 28.004033868963067,
    "epoch78": 27.71029108220881,
    "epoch79": 27.73598688299006,
    "epoch80": 27.752247203480113,
    "epoch81": 27.69826993075284,
    "epoch82": 28.09150557084517,
    "epoch83": 27.63613336736506,
    "epoch84": 27.86520663174716,
    "epoch85": 27.618341619318183,
    "epoch86": 27.564009232954547,
    "epoch87": 27.9971923828125,
    "epoch88": 27.878911798650567,
    "epoch89": 28.255626331676137,
    "epoch90": 27.47275890003551,
    "epoch91": 27.519209428267047,
    "epoch92": 27.697343306107953,
    "epoch93": 27.67556207830256,
    "epoch94": 27.5067138671875,
    "epoch95": 28.424854625355113,
    "epoch96": 28.830183549360797,
    "epoch97": 27.771018288352273,
    "epoch98": 27.628273703835227,
    "epoch99": 27.44309026544744,
    "epoch100": 27.575469970703125
}