{
    "epoch1": 0.056977339916759066,
    "epoch2": 0.03980540815326902,
    "epoch3": 0.032633055415418416,
    "epoch4": 0.029586295286814373,
    "epoch5": 0.027088976361685328,
    "epoch6": 0.02471421431336138,
    "epoch7": 0.022257782311903104,
    "epoch8": 0.020001449518733554,
    "epoch9": 0.01804251451459196,
    "epoch10": 0.016214191189242735,
    "epoch11": 0.014580047896338834,
    "epoch12": 0.013149939994845126,
    "epoch13": 0.011965578939351771,
    "epoch14": 0.010942657788594564,
    "epoch15": 0.010101589270763926,
    "epoch16": 0.009308347685469521,
    "epoch17": 0.008626484932998816,
    "epoch18": 0.00807988348727425,
    "epoch19": 0.007542573536435763,
    "epoch20": 0.007073403801769018,
    "epoch21": 0.006668191972292132,
    "epoch22": 0.006237171538588073,
    "epoch23": 0.005892292725750142,
    "epoch24": 0.005612604475269715,
    "epoch25": 0.005248935841437843,
    "epoch26": 0.004951707397898038,
    "epoch27": 0.004715051967650652,
    "epoch28": 0.0045244422896454735,
    "epoch29": 0.004208031938307815,
    "epoch30": 0.003996112176941501
}