{
    "epoch1": 156.66370618665542,
    "epoch2": 94.17349820523648,
    "epoch3": 82.26407437711148,
    "epoch4": 80.1633102829392,
    "epoch5": 78.29557511613176,
    "epoch6": 75.66812711148648,
    "epoch7": 73.57642921241555,
    "epoch8": 71.04743586359797,
    "epoch9": 68.0114548141892,
    "epoch10": 65.53073532516892,
    "epoch11": 62.92857237119932,
    "epoch12": 61.33078415329392,
    "epoch13": 59.3369140625,
    "epoch14": 57.982877164273646,
    "epoch15": 56.9982250316723,
    "epoch16": 57.32212705869932,
    "epoch17": 56.47548036317568,
    "epoch18": 55.51756492820946,
    "epoch19": 54.83927298880912,
    "epoch20": 54.22434873838682,
    "epoch21": 53.445266311233105,
    "epoch22": 52.61704893369932,
    "epoch23": 51.746143237964525,
    "epoch24": 51.395933408994935,
    "epoch25": 50.601407437711146,
    "epoch26": 49.900967984586146,
    "epoch27": 49.68874709670608,
    "epoch28": 49.21885887352196,
    "epoch29": 48.5794776710304,
    "epoch30": 47.55700353673986
}