{
    "epoch1": 109.16129557291667,
    "epoch2": 85.7188720703125,
    "epoch3": 80.94606526692708,
    "epoch4": 79.38963487413194,
    "epoch5": 77.58667670355902,
    "epoch6": 75.30109998914931,
    "epoch7": 72.83460828993056,
    "epoch8": 70.74691433376736,
    "epoch9": 69.08344184027777,
    "epoch10": 65.77960883246527,
    "epoch11": 63.478535970052086,
    "epoch12": 60.63392469618056,
    "epoch13": 58.302836100260414,
    "epoch14": 56.389977349175346,
    "epoch15": 56.60957166883681,
    "epoch16": 54.62602403428819,
    "epoch17": 52.79087999131944,
    "epoch18": 53.08862643771701,
    "epoch19": 52.87456597222222,
    "epoch20": 52.24060397677951,
    "epoch21": 52.16522894965278,
    "epoch22": 51.64264933268229,
    "epoch23": 51.706583658854164,
    "epoch24": 50.566131591796875,
    "epoch25": 50.030544704861114,
    "epoch26": 49.65338812934028,
    "epoch27": 49.778347439236114,
    "epoch28": 49.58229234483507,
    "epoch29": 48.863118489583336,
    "epoch30": 49.101047092013886
}