{
    "epoch1": 3163.823,
    "epoch2": 2716.3935,
    "epoch3": 2274.004,
    "epoch4": 2126.47025,
    "epoch5": 2056.1305,
    "epoch6": 2005.375875,
    "epoch7": 1950.42075,
    "epoch8": 1885.933125,
    "epoch9": 1839.4905,
    "epoch10": 1793.84225,
    "epoch11": 1749.056875,
    "epoch12": 1716.621375,
    "epoch13": 1698.221,
    "epoch14": 1661.625875,
    "epoch15": 1645.296,
    "epoch16": 1631.553125,
    "epoch17": 1607.25725,
    "epoch18": 1592.333,
    "epoch19": 1584.355125,
    "epoch20": 1567.690625,
    "epoch21": 1562.637625,
    "epoch22": 1546.918,
    "epoch23": 1547.74725,
    "epoch24": 1531.403,
    "epoch25": 1530.138375,
    "epoch26": 1519.84175,
    "epoch27": 1517.0305,
    "epoch28": 1511.76575,
    "epoch29": 1508.927125,
    "epoch30": 1502.11725
}