{
    "epoch1": 3007.00925,
    "epoch2": 2470.76775,
    "epoch3": 2241.47425,
    "epoch4": 2155.42925,
    "epoch5": 2097.62425,
    "epoch6": 2022.18025,
    "epoch7": 1949.930125,
    "epoch8": 1907.88975,
    "epoch9": 1839.22625,
    "epoch10": 1786.399875,
    "epoch11": 1756.294125,
    "epoch12": 1734.92275,
    "epoch13": 1688.8925,
    "epoch14": 1679.782875,
    "epoch15": 1663.14025,
    "epoch16": 1620.14375,
    "epoch17": 1619.270125,
    "epoch18": 1618.074,
    "epoch19": 1597.200375,
    "epoch20": 1587.06,
    "epoch21": 1565.17925,
    "epoch22": 1560.253,
    "epoch23": 1541.95675,
    "epoch24": 1545.33625,
    "epoch25": 1530.50525,
    "epoch26": 1525.276,
    "epoch27": 1518.634875,
    "epoch28": 1520.9905,
    "epoch29": 1501.894875,
    "epoch30": 1499.8995
}