{
    "epoch1": 46.58485630580357,
    "epoch2": 46.92531476702009,
    "epoch3": 45.06797136579241,
    "epoch4": 43.173597063337056,
    "epoch5": 39.37517874581473,
    "epoch6": 35.49858529227121,
    "epoch7": 33.03455243791853,
    "epoch8": 31.086722237723215,
    "epoch9": 31.36415536063058,
    "epoch10": 30.491559709821427,
    "epoch11": 29.59948512486049,
    "epoch12": 29.12109375,
    "epoch13": 29.224646432059153,
    "epoch14": 29.980656215122767,
    "epoch15": 28.789668491908483,
    "epoch16": 29.172999790736608,
    "epoch17": 28.705575125558035,
    "epoch18": 27.902572631835938,
    "epoch19": 30.213862827845983,
    "epoch20": 30.438034057617188,
    "epoch21": 27.859032767159597,
    "epoch22": 28.250634329659597,
    "epoch23": 27.315645490373885,
    "epoch24": 28.256312779017858,
    "epoch25": 27.204254150390625,
    "epoch26": 27.980252947126115,
    "epoch27": 27.34682137625558,
    "epoch28": 27.595775059291295,
    "epoch29": 28.18198721749442,
    "epoch30": 27.436915806361608,
    "epoch31": 26.56355939592634,
    "epoch32": 27.48929922921317,
    "epoch33": 28.0361328125,
    "epoch34": 27.201123918805802,
    "epoch35": 26.854629516601562,
    "epoch36": 26.924870082310267,
    "epoch37": 26.281317574637278,
    "epoch38": 26.798039027622767,
    "epoch39": 26.54315403529576,
    "epoch40": 27.213180541992188,
    "epoch41": 26.29734148297991,
    "epoch42": 28.005643572126115,
    "epoch43": 27.484893798828125,
    "epoch44": 26.623295375279017,
    "epoch45": 25.837877546037948,
    "epoch46": 26.55049569266183,
    "epoch47": 26.239595685686385,
    "epoch48": 26.324214390345983,
    "epoch49": 26.714366367885045,
    "epoch50": 26.977608816964285,
    "epoch51": 26.304162161690847,
    "epoch52": 25.88651384626116,
    "epoch53": 25.609531947544642,
    "epoch54": 25.760755266462052,
    "epoch55": 26.504571097237722,
    "epoch56": 25.575088500976562,
    "epoch57": 26.39717755998884,
    "epoch58": 25.88386971609933,
    "epoch59": 25.33538600376674,
    "epoch60": 25.17284938267299,
    "epoch61": 25.027572631835938,
    "epoch62": 26.746383666992188,
    "epoch63": 25.404874529157365,
    "epoch64": 25.602360316685267,
    "epoch65": 26.184149605887278,
    "epoch66": 27.405155726841517,
    "epoch67": 24.895869663783483,
    "epoch68": 25.57232666015625,
    "epoch69": 26.021466936383927,
    "epoch70": 24.86979021344866,
    "epoch71": 24.933417184012278,
    "epoch72": 24.870354788643972,
    "epoch73": 25.73433358328683,
    "epoch74": 24.989471435546875,
    "epoch75": 25.409589494977677,
    "epoch76": 24.96016366141183,
    "epoch77": 26.282366071428573,
    "epoch78": 26.514774867466517,
    "epoch79": 24.675711495535715,
    "epoch80": 24.69824436732701,
    "epoch81": 24.865262712751115,
    "epoch82": 24.718157087053573,
    "epoch83": 24.807377406529017,
    "epoch84": 24.682085309709823,
    "epoch85": 25.029517037527903,
    "epoch86": 26.272367204938615,
    "epoch87": 25.85660661969866,
    "epoch88": 24.905208042689733,
    "epoch89": 25.290499005998885,
    "epoch90": 25.71954127720424,
    "epoch91": 25.530290876116073,
    "epoch92": 24.600603376116073,
    "epoch93": 25.737230573381698,
    "epoch94": 24.790958949497767,
    "epoch95": 24.83001491001674,
    "epoch96": 25.593664986746653,
    "epoch97": 25.077348981584823,
    "epoch98": 26.11010524204799,
    "epoch99": 25.698904854910715,
    "epoch100": 24.817674909319198
}