{
    "epoch1": 0.6548564355179668,
    "epoch2": 0.8652223859071732,
    "epoch3": 0.8971888137608767,
    "epoch4": 0.9107950038284063,
    "epoch5": 0.9218588127702475,
    "epoch6": 0.9343216694742441,
    "epoch7": 0.9418973833680153,
    "epoch8": 0.9468169071644544,
    "epoch9": 0.9533164306879044,
    "epoch10": 0.9569214304506779,
    "epoch11": 0.9615485731303692,
    "epoch12": 0.965863335108757,
    "epoch13": 0.967862144267559,
    "epoch14": 0.9704200014472008,
    "epoch15": 0.9734166679978371,
    "epoch16": 0.9761569058835506,
    "epoch17": 0.9779083344399929,
    "epoch18": 0.9791933343827725,
    "epoch19": 0.9809150011181831,
    "epoch20": 0.9829885722994804,
    "epoch21": 0.9845902388334274,
    "epoch22": 0.9861947625637054,
    "epoch23": 0.9867133338928222,
    "epoch24": 0.9885366671919823,
    "epoch25": 0.9878733339428901,
    "epoch26": 0.9900866671681404,
    "epoch27": 0.991353333735466,
    "epoch28": 0.9915966670989991,
    "epoch29": 0.9923000003814697,
    "epoch30": 0.9933133336663246,
    "epoch31": 0.994030000269413,
    "epoch32": 0.9936866669893265,
    "epoch33": 0.9947400002598763,
    "epoch34": 0.9948700003027916,
    "epoch35": 0.9947800001859665,
    "epoch36": 0.9957366668701172,
    "epoch37": 0.9963033334732055,
    "epoch38": 0.9958733336329461,
    "epoch39": 0.9963166668772697,
    "epoch40": 0.9959352382898331,
    "epoch41": 0.9967766668796539,
    "epoch42": 0.9967366668701172,
    "epoch43": 0.9975166667342186,
    "epoch44": 0.9974133334994316,
    "epoch45": 0.9974785715579987,
    "epoch46": 0.9973066668391227,
    "epoch47": 0.9976633334517478,
    "epoch48": 0.9975066668152809,
    "epoch49": 0.9977733334183693,
    "epoch50": 0.9982500000715255
}