{
    "epoch1": 76.40018833705358,
    "epoch2": 53.2612060546875,
    "epoch3": 51.13096749441964,
    "epoch4": 49.5863037109375,
    "epoch5": 47.38098842075893,
    "epoch6": 45.28453194754464,
    "epoch7": 42.94004952566964,
    "epoch8": 40.597788783482144,
    "epoch9": 39.12921316964286,
    "epoch10": 37.27858537946429,
    "epoch11": 35.87811802455357,
    "epoch12": 35.40156947544643,
    "epoch13": 34.68713030133929,
    "epoch14": 34.326081194196426,
    "epoch15": 33.85291224888393,
    "epoch16": 33.781239536830356,
    "epoch17": 33.359284319196426,
    "epoch18": 33.229847935267856,
    "epoch19": 33.176119559151786,
    "epoch20": 32.7698974609375,
    "epoch21": 32.66046665736607,
    "epoch22": 32.46785365513393,
    "epoch23": 32.74023786272321,
    "epoch24": 32.041591099330354,
    "epoch25": 32.532993861607146,
    "epoch26": 32.280325753348215,
    "epoch27": 32.37003696986607,
    "epoch28": 31.672684151785713,
    "epoch29": 32.20211007254464,
    "epoch30": 31.50615234375,
    "epoch31": 31.805231584821428,
    "epoch32": 31.677961077008927,
    "epoch33": 31.507725306919642,
    "epoch34": 31.337813895089287,
    "epoch35": 31.639700753348215,
    "epoch36": 31.238047572544644,
    "epoch37": 31.404889787946427,
    "epoch38": 31.5411376953125,
    "epoch39": 31.068477957589284,
    "epoch40": 31.136429268973213,
    "epoch41": 31.032589285714284,
    "epoch42": 31.127242606026787,
    "epoch43": 31.117086356026785,
    "epoch44": 31.027256556919642,
    "epoch45": 30.805064174107144,
    "epoch46": 31.580684988839284,
    "epoch47": 30.758809988839285,
    "epoch48": 30.983541434151785,
    "epoch49": 30.8591796875,
    "epoch50": 30.829167829241072,
    "epoch51": 30.796407645089285,
    "epoch52": 30.506947544642856,
    "epoch53": 30.558238002232144,
    "epoch54": 30.549515206473213,
    "epoch55": 30.665537806919644,
    "epoch56": 30.73059779575893,
    "epoch57": 30.697017996651784,
    "epoch58": 30.280747767857143,
    "epoch59": 30.500383649553573,
    "epoch60": 30.316915457589285,
    "epoch61": 30.60965053013393,
    "epoch62": 30.110850306919644,
    "epoch63": 30.462733677455358,
    "epoch64": 30.086600167410715,
    "epoch65": 29.990342494419643,
    "epoch66": 29.930179268973216,
    "epoch67": 30.112827845982142,
    "epoch68": 30.0426513671875,
    "epoch69": 30.002901785714286,
    "epoch70": 30.109622628348216,
    "epoch71": 29.809511021205356,
    "epoch72": 29.93860560825893,
    "epoch73": 29.700973074776787,
    "epoch74": 29.7639892578125,
    "epoch75": 29.60448521205357,
    "epoch76": 29.61746303013393,
    "epoch77": 29.545232282366072,
    "epoch78": 29.989686802455356,
    "epoch79": 29.51533900669643,
    "epoch80": 29.6425048828125,
    "epoch81": 29.592769949776784,
    "epoch82": 30.018080357142857,
    "epoch83": 29.410954938616072,
    "epoch84": 29.393366350446428,
    "epoch85": 29.291939871651785,
    "epoch86": 29.326227678571428,
    "epoch87": 29.20120849609375,
    "epoch88": 29.303707449776784,
    "epoch89": 29.376370675223214,
    "epoch90": 29.231216866629463,
    "epoch91": 29.095049176897323,
    "epoch92": 28.994785853794642,
    "epoch93": 29.018922642299106,
    "epoch94": 28.970213099888394,
    "epoch95": 29.204298618861607,
    "epoch96": 28.970546177455358,
    "epoch97": 28.94632045200893,
    "epoch98": 29.01480712890625,
    "epoch99": 29.245230538504465,
    "epoch100": 29.147748674665177
}