{
    "epoch1": 77.30324108195755,
    "epoch2": 46.75419184846698,
    "epoch3": 43.46998452240566,
    "epoch4": 40.01826908903302,
    "epoch5": 36.34517108269458,
    "epoch6": 33.67427725162146,
    "epoch7": 32.121464567364384,
    "epoch8": 31.378116247788917,
    "epoch9": 30.960064582104952,
    "epoch10": 30.43837982753538,
    "epoch11": 30.375131283166272,
    "epoch12": 29.92076254790684,
    "epoch13": 29.89959831957547,
    "epoch14": 29.474457362912737,
    "epoch15": 29.04144171948703,
    "epoch16": 29.102746351709907,
    "epoch17": 28.943852262676888,
    "epoch18": 28.63405853847288,
    "epoch19": 28.59310049380896,
    "epoch20": 28.366445865271228,
    "epoch21": 28.21249907871462,
    "epoch22": 28.133487341538917,
    "epoch23": 27.878312020931602,
    "epoch24": 27.872602354805423,
    "epoch25": 27.87675504864387,
    "epoch26": 27.57508015182783,
    "epoch27": 27.49276330336085,
    "epoch28": 27.161876750442218,
    "epoch29": 27.446699034492923,
    "epoch30": 27.13325932340802,
    "epoch31": 27.00004606426887,
    "epoch32": 27.07353469560731,
    "epoch33": 26.824011460790093,
    "epoch34": 26.778085384728772,
    "epoch35": 26.71316240418632,
    "epoch36": 26.899397940005898,
    "epoch37": 26.63715175412736,
    "epoch38": 26.485931972287737,
    "epoch39": 26.391509433962263,
    "epoch40": 26.38676711748231,
    "epoch41": 26.35446685215212,
    "epoch42": 26.16321491745283,
    "epoch43": 26.028437776385612,
    "epoch44": 26.2406005859375,
    "epoch45": 25.87457390551297,
    "epoch46": 25.895028744103772,
    "epoch47": 26.298213167010612,
    "epoch48": 25.73929927034198,
    "epoch49": 25.79091428360849,
    "epoch50": 25.65669682340802,
    "epoch51": 25.54141408092571,
    "epoch52": 25.53424187426297,
    "epoch53": 25.40863152270047,
    "epoch54": 25.4542236328125,
    "epoch55": 25.27549887603184,
    "epoch56": 25.36709076503538,
    "epoch57": 25.284359338148583,
    "epoch58": 25.09590811099646,
    "epoch59": 25.460322542010612,
    "epoch60": 25.12028762529481,
    "epoch61": 25.01298551739387,
    "epoch62": 24.969682801444577,
    "epoch63": 24.79646733122052,
    "epoch64": 24.979821547022407,
    "epoch65": 25.02676103699882,
    "epoch66": 24.730798109522407,
    "epoch67": 24.91654306087854,
    "epoch68": 24.744721034787737,
    "epoch69": 24.666575305866747,
    "epoch70": 24.595947265625,
    "epoch71": 25.074824495135612,
    "epoch72": 24.690337558962263,
    "epoch73": 25.216543521521228,
    "epoch74": 24.53011221255896,
    "epoch75": 24.714954304245282,
    "epoch76": 24.506736899321933,
    "epoch77": 24.46803139740566,
    "epoch78": 24.273439803213442,
    "epoch79": 24.42452599867335,
    "epoch80": 24.353538657134433,
    "epoch81": 24.45481325545401,
    "epoch82": 24.31074495135613,
    "epoch83": 24.75663095150354,
    "epoch84": 24.362763026975237,
    "epoch85": 24.35296746020047,
    "epoch86": 24.313976359817218,
    "epoch87": 24.402394420695753,
    "epoch88": 24.480830354510612,
    "epoch89": 24.300371278007077,
    "epoch90": 24.210085311025942,
    "epoch91": 24.33079672759434,
    "epoch92": 24.153087687942218,
    "epoch93": 24.1049113723467,
    "epoch94": 24.359718178803067,
    "epoch95": 24.11358757738797,
    "epoch96": 24.39433317364387,
    "epoch97": 24.610300891804247,
    "epoch98": 24.37082427402712,
    "epoch99": 24.322092883991747,
    "epoch100": 24.26655319501769
}