{
    "epoch1": 0.00034291315804390856,
    "epoch2": 0.000300602662221839,
    "epoch3": 0.00028039947762105536,
    "epoch4": 0.00027165305582457224,
    "epoch5": 0.00026821580191608516,
    "epoch6": 0.00026685124158878654,
    "epoch7": 0.00026588022340244305,
    "epoch8": 0.0002652395647116161,
    "epoch9": 0.00026459723225949954,
    "epoch10": 0.00026402502776666856,
    "epoch11": 0.0002634886330148826,
    "epoch12": 0.000262997320581538,
    "epoch13": 0.00026250118360621855,
    "epoch14": 0.0002620619454925569,
    "epoch15": 0.00026167872914811596,
    "epoch16": 0.0002612470490081857,
    "epoch17": 0.00026084074527413275,
    "epoch18": 0.0002605608623707667,
    "epoch19": 0.0002601941912143957,
    "epoch20": 0.00025992057730036324,
    "epoch21": 0.0002596169090732777,
    "epoch22": 0.0002593706273182761,
    "epoch23": 0.000259137102063202,
    "epoch24": 0.000258913025657724,
    "epoch25": 0.0002587384114061327,
    "epoch26": 0.0002585337607888505,
    "epoch27": 0.00025834943691734226,
    "epoch28": 0.000258189673962382,
    "epoch29": 0.00025802277765857675,
    "epoch30": 0.0002578980576557418
}