{
    "epoch1": 103.58761349239865,
    "epoch2": 79.009765625,
    "epoch3": 73.6573387352196,
    "epoch4": 66.61897566511824,
    "epoch5": 63.315706820101354,
    "epoch6": 60.846890836148646,
    "epoch7": 58.189189189189186,
    "epoch8": 57.541358741554056,
    "epoch9": 55.60731630067568,
    "epoch10": 53.99632469383446,
    "epoch11": 53.39694626266892,
    "epoch12": 51.14158836570946,
    "epoch13": 50.471333271748314,
    "epoch14": 48.9237720386402,
    "epoch15": 47.865148595861484,
    "epoch16": 46.90201712943412,
    "epoch17": 45.3951514991554,
    "epoch18": 43.430357237119935,
    "epoch19": 43.004279059332774,
    "epoch20": 41.23666794235642,
    "epoch21": 40.03941221494932,
    "epoch22": 39.34076752533784,
    "epoch23": 38.499439136402025,
    "epoch24": 36.993117873733105,
    "epoch25": 36.283275707347975,
    "epoch26": 35.016608160895274,
    "epoch27": 34.51950485641892,
    "epoch28": 34.4340919288429,
    "epoch29": 33.285149651604726,
    "epoch30": 32.2295482738598
}