{
    "epoch1": 8.742138868001347e-06,
    "epoch2": 7.965311960106192e-06,
    "epoch3": 7.517402826882365e-06,
    "epoch4": 7.237185891729799e-06,
    "epoch5": 7.084973129167338e-06,
    "epoch6": 6.977894476676738e-06,
    "epoch7": 6.941867644703355e-06,
    "epoch8": 6.842203228340319e-06,
    "epoch9": 6.796189335318559e-06,
    "epoch10": 6.75277876553082e-06,
    "epoch11": 6.758873467409406e-06,
    "epoch12": 6.715369372689869e-06,
    "epoch13": 6.69730129667793e-06,
    "epoch14": 6.69008736425288e-06,
    "epoch15": 6.681632212954961e-06,
    "epoch16": 6.672264087531706e-06,
    "epoch17": 6.660222599217984e-06,
    "epoch18": 6.646059635992667e-06,
    "epoch19": 6.646782198837779e-06,
    "epoch20": 6.6317849887885436e-06,
    "epoch21": 6.626260665446656e-06,
    "epoch22": 6.635865748497357e-06,
    "epoch23": 6.6360144573233505e-06,
    "epoch24": 6.6118164428795955e-06,
    "epoch25": 6.632169503973273e-06,
    "epoch26": 6.606376486312608e-06,
    "epoch27": 6.6141574005390185e-06,
    "epoch28": 6.6017405963521016e-06,
    "epoch29": 6.596609478568401e-06,
    "epoch30": 6.599525341547026e-06
}