{
    "epoch1": 2008.0338333333334,
    "epoch2": 1892.8753333333334,
    "epoch3": 1772.7918333333334,
    "epoch4": 1706.3881666666666,
    "epoch5": 1638.1865,
    "epoch6": 1595.8001666666667,
    "epoch7": 1583.4168333333334,
    "epoch8": 1555.7993333333334,
    "epoch9": 1541.444,
    "epoch10": 1528.9765,
    "epoch11": 1521.1745,
    "epoch12": 1509.3886666666667,
    "epoch13": 1500.3406666666667,
    "epoch14": 1493.875,
    "epoch15": 1487.9125,
    "epoch16": 1482.8906666666667,
    "epoch17": 1476.5688333333333,
    "epoch18": 1470.5793333333334,
    "epoch19": 1469.204,
    "epoch20": 1462.6601666666666,
    "epoch21": 1459.6421666666668,
    "epoch22": 1463.5953333333334,
    "epoch23": 1464.1035,
    "epoch24": 1452.1095,
    "epoch25": 1462.2988333333333,
    "epoch26": 1447.5373333333334,
    "epoch27": 1448.8361666666667,
    "epoch28": 1443.0493333333334,
    "epoch29": 1440.5641666666668,
    "epoch30": 1438.8785
}