{
    "epoch1": 0.00013070706752478146,
    "epoch2": 0.00010976726157241501,
    "epoch3": 9.970051012351178e-05,
    "epoch4": 9.592613085260382e-05,
    "epoch5": 9.488185949885519e-05,
    "epoch6": 9.458783624359058e-05,
    "epoch7": 9.43363469268661e-05,
    "epoch8": 9.404342393099797e-05,
    "epoch9": 9.369081132899737e-05,
    "epoch10": 9.33847184642218e-05,
    "epoch11": 9.305889820825542e-05,
    "epoch12": 9.272778411650507e-05,
    "epoch13": 9.244639371900121e-05,
    "epoch14": 9.213345810530882e-05,
    "epoch15": 9.182574933583964e-05,
    "epoch16": 9.163997719224426e-05,
    "epoch17": 9.135224441888567e-05,
    "epoch18": 9.115529057817184e-05,
    "epoch19": 9.095599218926509e-05,
    "epoch20": 9.076301383174723e-05,
    "epoch21": 9.062906403050875e-05,
    "epoch22": 9.052617456291045e-05,
    "epoch23": 9.040707225540246e-05,
    "epoch24": 9.0201868017175e-05,
    "epoch25": 9.013407437760179e-05,
    "epoch26": 9.007657613528863e-05,
    "epoch27": 9.003213376854547e-05,
    "epoch28": 8.985888983170298e-05,
    "epoch29": 8.988746760678623e-05,
    "epoch30": 8.981201575988962e-05
}