{
    "epoch1": 137.1897254356971,
    "epoch2": 64.65948016826923,
    "epoch3": 48.61873685396635,
    "epoch4": 47.17250413161058,
    "epoch5": 46.14460167518029,
    "epoch6": 45.06250939002404,
    "epoch7": 43.52125901442308,
    "epoch8": 42.99583082932692,
    "epoch9": 42.54292179987981,
    "epoch10": 41.40628286508414,
    "epoch11": 40.5894540640024,
    "epoch12": 40.3038564828726,
    "epoch13": 39.33539287860577,
    "epoch14": 38.61445969801683,
    "epoch15": 37.63141103891226,
    "epoch16": 37.005810077373795,
    "epoch17": 36.48371769831731,
    "epoch18": 35.54313777043269,
    "epoch19": 34.78460458608774,
    "epoch20": 34.30030001126803,
    "epoch21": 33.78732534555289,
    "epoch22": 32.91384652944711,
    "epoch23": 32.132373516376205,
    "epoch24": 32.398120586688705,
    "epoch25": 31.690394474909855,
    "epoch26": 31.40099862905649,
    "epoch27": 31.140840970552883,
    "epoch28": 30.312725360576923,
    "epoch29": 30.086512638972355,
    "epoch30": 30.289198655348557,
    "epoch31": 30.19250723031851,
    "epoch32": 30.236666165865383,
    "epoch33": 29.50023709810697,
    "epoch34": 30.0633544921875,
    "epoch35": 29.31226524939904,
    "epoch36": 29.46125206580529,
    "epoch37": 29.77580848106971,
    "epoch38": 29.021578275240383,
    "epoch39": 29.26142296424279,
    "epoch40": 29.03419142503005,
    "epoch41": 29.5406987116887,
    "epoch42": 29.03321251502404,
    "epoch43": 29.108065091646633,
    "epoch44": 28.639329176682693,
    "epoch45": 28.903172419621395,
    "epoch46": 28.840721717247597,
    "epoch47": 28.62909639798678,
    "epoch48": 28.731849083533653,
    "epoch49": 28.86464045597957,
    "epoch50": 28.708167442908653,
    "epoch51": 28.74927462064303,
    "epoch52": 29.064478947566105,
    "epoch53": 28.3882563664363,
    "epoch54": 28.98980712890625,
    "epoch55": 28.55609365609976,
    "epoch56": 28.92534696138822,
    "epoch57": 28.42004629281851,
    "epoch58": 28.62297644981971,
    "epoch59": 28.237818791316105,
    "epoch60": 28.667954664963943,
    "epoch61": 28.41533484825721,
    "epoch62": 28.30964073768029,
    "epoch63": 28.628138615534855,
    "epoch64": 28.232447697566105,
    "epoch65": 28.42425067608173,
    "epoch66": 28.006612924429085,
    "epoch67": 28.30889892578125,
    "epoch68": 28.722745455228367,
    "epoch69": 28.357813908503605,
    "epoch70": 27.899268517127403,
    "epoch71": 28.4993896484375,
    "epoch72": 27.97662588266226,
    "epoch73": 28.122694749098557,
    "epoch74": 27.84118887094351,
    "epoch75": 28.013817420372597,
    "epoch76": 27.95306396484375,
    "epoch77": 28.04042170597957,
    "epoch78": 27.914048414963943,
    "epoch79": 27.78374774639423,
    "epoch80": 27.9082524226262,
    "epoch81": 28.153599665715145,
    "epoch82": 27.699498103215145,
    "epoch83": 28.331754244290867,
    "epoch84": 27.4503173828125,
    "epoch85": 27.7183110163762,
    "epoch86": 28.03814697265625,
    "epoch87": 27.855548565204327,
    "epoch88": 27.851473294771633,
    "epoch89": 27.667888934795673,
    "epoch90": 28.22308349609375,
    "epoch91": 27.4716303898738,
    "epoch92": 27.623267540564903,
    "epoch93": 27.550940880408653,
    "epoch94": 27.470477764423077,
    "epoch95": 27.82844660832332,
    "epoch96": 27.1654780461238,
    "epoch97": 27.975050706129807,
    "epoch98": 27.869093674879807,
    "epoch99": 27.496488131009617,
    "epoch100": 27.34923612154447
}