{
    "epoch1": 79.7884033203125,
    "epoch2": 75.56832682291666,
    "epoch3": 70.42391764322916,
    "epoch4": 64.71953125,
    "epoch5": 60.81537679036458,
    "epoch6": 59.02569580078125,
    "epoch7": 56.3778076171875,
    "epoch8": 54.42062581380208,
    "epoch9": 52.458317057291666,
    "epoch10": 50.70291341145833,
    "epoch11": 49.21375732421875,
    "epoch12": 47.37902018229167,
    "epoch13": 45.91928304036458,
    "epoch14": 44.10719401041667,
    "epoch15": 43.0524658203125,
    "epoch16": 42.33621826171875,
    "epoch17": 41.439111328125,
    "epoch18": 40.51274007161458,
    "epoch19": 39.75189208984375,
    "epoch20": 38.576253255208336,
    "epoch21": 37.80276285807292,
    "epoch22": 36.06243896484375,
    "epoch23": 35.220377604166664,
    "epoch24": 34.45328369140625,
    "epoch25": 33.21662190755208,
    "epoch26": 33.74994913736979,
    "epoch27": 32.213521321614586,
    "epoch28": 31.341257731119793,
    "epoch29": 30.810697428385417,
    "epoch30": 30.318475341796876
}