{
    "epoch1": 81.20826198630137,
    "epoch2": 46.96946235552226,
    "epoch3": 43.084047918450345,
    "epoch4": 38.72693038313356,
    "epoch5": 35.01525377247432,
    "epoch6": 32.58293089148116,
    "epoch7": 31.55800179259418,
    "epoch8": 30.962061215753426,
    "epoch9": 30.393919226241437,
    "epoch10": 29.884086713398972,
    "epoch11": 29.55742321275685,
    "epoch12": 29.269303831335616,
    "epoch13": 28.96507785744863,
    "epoch14": 28.81324245505137,
    "epoch15": 28.547155928938356,
    "epoch16": 28.352074191994863,
    "epoch17": 28.27812633775685,
    "epoch18": 28.231813195633563,
    "epoch19": 27.79538005672089,
    "epoch20": 27.757481405179796,
    "epoch21": 27.582380738976884,
    "epoch22": 27.476249799336472,
    "epoch23": 27.456086459225173,
    "epoch24": 27.432826212007704,
    "epoch25": 27.153268474422088,
    "epoch26": 27.131789116010275,
    "epoch27": 26.952347428831334,
    "epoch28": 26.934881340967465,
    "epoch29": 26.76716342037671,
    "epoch30": 26.65240394905822,
    "epoch31": 26.55461559556935,
    "epoch32": 26.52901260166952,
    "epoch33": 26.61612899989298,
    "epoch34": 26.18103863441781,
    "epoch35": 26.461128130351028,
    "epoch36": 26.15053108946918,
    "epoch37": 26.187137133454623,
    "epoch38": 26.018287136130137,
    "epoch39": 25.966559423159246,
    "epoch40": 25.895277049443493,
    "epoch41": 25.77764976187928,
    "epoch42": 25.661116090539384,
    "epoch43": 25.74993645654966,
    "epoch44": 25.546339897260275,
    "epoch45": 25.670179393193493,
    "epoch46": 25.860886665239725,
    "epoch47": 25.51812660530822,
    "epoch48": 25.422145895761986,
    "epoch49": 25.46121174015411,
    "epoch50": 25.221398758561644,
    "epoch51": 25.269241960081334,
    "epoch52": 25.184327844071063,
    "epoch53": 25.204180155714898,
    "epoch54": 25.242416590860444,
    "epoch55": 25.29315436376284,
    "epoch56": 25.062770895761986,
    "epoch57": 24.872319469713187,
    "epoch58": 24.814275872217465,
    "epoch59": 25.118747658925514,
    "epoch60": 24.889163500642123,
    "epoch61": 24.858575690282535,
    "epoch62": 24.94200824058219,
    "epoch63": 24.655452362478595,
    "epoch64": 24.74575596639555,
    "epoch65": 24.77669493792808,
    "epoch66": 24.348512414383563,
    "epoch67": 24.44283096104452,
    "epoch68": 24.581017899186644,
    "epoch69": 24.260830813891268,
    "epoch70": 24.432824539811644,
    "epoch71": 24.39267009578339,
    "epoch72": 24.39457974368579,
    "epoch73": 24.19481585776969,
    "epoch74": 24.13583415828339,
    "epoch75": 24.459159955586472,
    "epoch76": 24.033191419627567,
    "epoch77": 24.178632344285102,
    "epoch78": 24.207064693921232,
    "epoch79": 23.95615669145976,
    "epoch80": 24.15730013912671,
    "epoch81": 24.01474040828339,
    "epoch82": 23.880812553510275,
    "epoch83": 23.99225104345034,
    "epoch84": 23.95717338666524,
    "epoch85": 23.96121006795805,
    "epoch86": 23.76106826573202,
    "epoch87": 23.76141273812072,
    "epoch88": 23.841378825984588,
    "epoch89": 23.776663166202912,
    "epoch90": 23.598861903360444,
    "epoch91": 23.796985364940067,
    "epoch92": 23.629989833047944,
    "epoch93": 23.69481418557363,
    "epoch94": 23.73170951947774,
    "epoch95": 23.60467445687072,
    "epoch96": 23.63355495505137,
    "epoch97": 23.749923078981166,
    "epoch98": 23.546532199807363,
    "epoch99": 23.618451680222602,
    "epoch100": 23.50481090806935
}