{
    "epoch1": 49.08722566303454,
    "epoch2": 45.003205951891445,
    "epoch3": 41.383718390213815,
    "epoch4": 36.99614193564967,
    "epoch5": 33.17326595908717,
    "epoch6": 32.54225239000822,
    "epoch7": 30.706838507401315,
    "epoch8": 30.273177297491777,
    "epoch9": 29.9073486328125,
    "epoch10": 29.902684261924342,
    "epoch11": 29.50074527138158,
    "epoch12": 28.76989103618421,
    "epoch13": 28.98676179584704,
    "epoch14": 28.552596242804277,
    "epoch15": 28.0740035207648,
    "epoch16": 28.37255859375,
    "epoch17": 27.70423648231908,
    "epoch18": 27.93941136410362,
    "epoch19": 27.179440146998356,
    "epoch20": 27.52614232113487,
    "epoch21": 26.935169420744245,
    "epoch22": 28.19563695004112,
    "epoch23": 27.628116005345394,
    "epoch24": 26.669078626130755,
    "epoch25": 26.43099814967105,
    "epoch26": 26.369834498355264,
    "epoch27": 26.469864694695723,
    "epoch28": 26.76233552631579,
    "epoch29": 26.869253058182565,
    "epoch30": 25.881911428351152,
    "epoch31": 25.85819605777138,
    "epoch32": 26.047470895867598,
    "epoch33": 26.55002794767681,
    "epoch34": 26.829477410567435,
    "epoch35": 25.67955258018092,
    "epoch36": 25.608843351665296,
    "epoch37": 25.571523565995065,
    "epoch38": 25.529247083162005,
    "epoch39": 25.864240144428454,
    "epoch40": 25.48175048828125,
    "epoch41": 25.65972097296464,
    "epoch42": 25.459610788445723,
    "epoch43": 26.05073948910362,
    "epoch44": 26.00698531301398,
    "epoch45": 26.36040456671464,
    "epoch46": 25.43289345189145,
    "epoch47": 26.012486508018092,
    "epoch48": 25.225479929070723,
    "epoch49": 25.050310636821546,
    "epoch50": 25.101890162417764,
    "epoch51": 25.076338918585527,
    "epoch52": 25.117230867084704,
    "epoch53": 25.929122121710527,
    "epoch54": 25.90405915912829,
    "epoch55": 25.751440750925166,
    "epoch56": 25.449968839946546,
    "epoch57": 25.571264969675166,
    "epoch58": 26.650827508223685,
    "epoch59": 24.863502903988486,
    "epoch60": 25.154343454461348,
    "epoch61": 24.92477256373355,
    "epoch62": 24.986204448499176,
    "epoch63": 24.747576261821546,
    "epoch64": 25.75396086040296,
    "epoch65": 24.48763877467105,
    "epoch66": 25.569996080900495,
    "epoch67": 25.222450657894736,
    "epoch68": 24.588891280324834,
    "epoch69": 24.476414730674342,
    "epoch70": 24.813058953536185,
    "epoch71": 25.07486122532895,
    "epoch72": 25.27848414370888,
    "epoch73": 24.17431640625,
    "epoch74": 24.790442215768916,
    "epoch75": 25.05978232935855,
    "epoch76": 24.779245476973685,
    "epoch77": 23.990521882709704,
    "epoch78": 24.196915475945723,
    "epoch79": 24.53573447779605,
    "epoch80": 24.860300164473685,
    "epoch81": 25.14879086143092,
    "epoch82": 24.086679559004935,
    "epoch83": 25.27869294819079,
    "epoch84": 24.461904425370065,
    "epoch85": 24.323184364720394,
    "epoch86": 24.0313720703125,
    "epoch87": 24.379643490439967,
    "epoch88": 23.95051976254112,
    "epoch89": 24.14393374794408,
    "epoch90": 24.7869873046875,
    "epoch91": 23.96704744037829,
    "epoch92": 24.08270263671875,
    "epoch93": 23.82559525339227,
    "epoch94": 24.293885883532074,
    "epoch95": 24.97212781404194,
    "epoch96": 24.323489540501644,
    "epoch97": 24.324647602282074,
    "epoch98": 24.574249267578125,
    "epoch99": 24.113236276726973,
    "epoch100": 23.709191573293584
}