{
    "epoch0": {
        "layer1": {
            "max_length": 1.1345124244689941,
            "mean_length": 0.27313853281013895,
            "median_length": 0.2173066884279251,
            "stdev_length": 0.18053539619325623,
            "sum_length": 27.040714748203754,
            "ratio_2_1": 19.542803824601396,
            "ratio_3_1": 15.752236541206623,
            "h": 4.419073503534638,
            "normh": 1.340191962766103,
            "snr": Infinity,
            "mean_birth": 0.0,
            "stdev_birth": 0.0,
            "mean_death": 0.27313853281013895,
            "stdev_death": 0.18053539619325623
        },
        "layer2": {
            "max_length": 0.47017544507980347,
            "mean_length": 0.10522570585211118,
            "median_length": 0.07922831177711487,
            "stdev_length": 0.07336068395876222,
            "sum_length": 10.417344879359007,
            "ratio_2_1": 20.37037475890731,
            "ratio_3_1": 14.222467106678579,
            "h": 4.405969003164852,
            "normh": 1.8801029578232151,
            "snr": Infinity,
            "mean_birth": 0.0,
            "stdev_birth": 0.0,
            "mean_death": 0.10522570585211118,
            "stdev_death": 0.07336068395876222
        },
        "layer3": {
            "max_length": 0.005441483110189438,
            "mean_length": 0.00033184712884402033,
            "median_length": 0.000144273042678833,
            "stdev_length": 0.0006929065276545544,
            "sum_length": 0.032852865755558014,
            "ratio_2_1": 1435.8692810457517,
            "ratio_3_1": 1348.9106753812637,
            "h": 3.6141128001883445,
            "normh": -1.0580834245308282,
            "snr": Infinity,
            "mean_birth": 0.0,
            "stdev_birth": 0.0,
            "mean_death": 0.00033184712884402033,
            "stdev_death": 0.0006929065276545544
        }
    }
}