{
    "epoch1": 0.7192528634637594,
    "epoch2": 0.8834179412563642,
    "epoch3": 0.9104239719351133,
    "epoch4": 0.9269474635799726,
    "epoch5": 0.9377128601133823,
    "epoch6": 0.9469368279019992,
    "epoch7": 0.953176510198911,
    "epoch8": 0.9587655575315157,
    "epoch9": 0.9637712715307871,
    "epoch10": 0.9678241284410158,
    "epoch11": 0.9708588902672132,
    "epoch12": 0.9749211125175158,
    "epoch13": 0.9756312710205713,
    "epoch14": 0.9783698423465093,
    "epoch15": 0.9808411120931307,
    "epoch16": 0.9819768262505532,
    "epoch17": 0.9843466674685478,
    "epoch18": 0.9853566674391429,
    "epoch19": 0.9866055562098821,
    "epoch20": 0.9888333339174589,
    "epoch21": 0.9894211115678151,
    "epoch22": 0.9910388893683751,
    "epoch23": 0.9909444447994232,
    "epoch24": 0.9912187305927277,
    "epoch25": 0.9924955559412638,
    "epoch26": 0.9937634923537573,
    "epoch27": 0.9942400003592173,
    "epoch28": 0.9941511114517848,
    "epoch29": 0.9943400002638499,
    "epoch30": 0.9946000003099441,
    "epoch31": 0.9953444447120031,
    "epoch32": 0.9954733335653941,
    "epoch33": 0.9957977780342102,
    "epoch34": 0.9954955557743709,
    "epoch35": 0.9965933334430058,
    "epoch36": 0.9965688890616099,
    "epoch37": 0.9961923811117808,
    "epoch38": 0.997161270014445,
    "epoch39": 0.9972323810815811,
    "epoch40": 0.9966444445927938,
    "epoch41": 0.9967533334970474,
    "epoch42": 0.9979266667524973,
    "epoch43": 0.9974609525044759,
    "epoch44": 0.997580952501297,
    "epoch45": 0.9980123810609182,
    "epoch46": 0.9978631746848424,
    "epoch47": 0.9980133334636688,
    "epoch48": 0.9980368255058925,
    "epoch49": 0.9975066667874655,
    "epoch50": 0.9983333333730697
}