{
    "epoch1": 199.992078125,
    "epoch2": 198.65771875,
    "epoch3": 181.558875,
    "epoch4": 152.639765625,
    "epoch5": 137.797265625,
    "epoch6": 132.37471875,
    "epoch7": 129.7566953125,
    "epoch8": 126.6172578125,
    "epoch9": 123.7512734375,
    "epoch10": 121.051296875,
    "epoch11": 117.546640625,
    "epoch12": 114.3827578125,
    "epoch13": 110.6698125,
    "epoch14": 107.77396875,
    "epoch15": 105.0000703125,
    "epoch16": 102.62834375,
    "epoch17": 100.666625,
    "epoch18": 98.7466015625,
    "epoch19": 97.561171875,
    "epoch20": 96.25003125,
    "epoch21": 95.6757734375,
    "epoch22": 94.6976171875,
    "epoch23": 94.02575,
    "epoch24": 93.52065625,
    "epoch25": 93.1802265625,
    "epoch26": 92.6944921875,
    "epoch27": 92.214125,
    "epoch28": 91.9192421875,
    "epoch29": 91.72696875,
    "epoch30": 91.4181171875
}