{
    "epoch1": 0.00027863863583964607,
    "epoch2": 9.81956214333574e-05,
    "epoch3": 2.6566605563857593e-05,
    "epoch4": 9.853082323388663e-06,
    "epoch5": 7.945567872108465e-06,
    "epoch6": 7.492148679981862e-06,
    "epoch7": 7.083092373553275e-06,
    "epoch8": 6.713996222060814e-06,
    "epoch9": 6.370723314830684e-06,
    "epoch10": 6.06723198719313e-06,
    "epoch11": 5.836041635423802e-06,
    "epoch12": 5.6594283817806475e-06,
    "epoch13": 5.5189218719533526e-06,
    "epoch14": 5.435387866176219e-06,
    "epoch15": 5.326243762889741e-06,
    "epoch16": 5.258252272293854e-06,
    "epoch17": 5.201116749503854e-06,
    "epoch18": 5.153407859779691e-06,
    "epoch19": 5.114005214181816e-06,
    "epoch20": 5.071042453892005e-06,
    "epoch21": 5.040333187177263e-06,
    "epoch22": 5.006900368395387e-06,
    "epoch23": 4.983166073088796e-06,
    "epoch24": 4.958063799828475e-06,
    "epoch25": 4.935042964916647e-06,
    "epoch26": 4.909311822151115e-06,
    "epoch27": 4.892312939470381e-06,
    "epoch28": 4.872895916681349e-06,
    "epoch29": 4.867417213972658e-06,
    "epoch30": 4.833532179569981e-06
}