{
    "epoch1": 2920.40625,
    "epoch2": 2767.088597074468,
    "epoch3": 2416.230219414894,
    "epoch4": 2108.993517287234,
    "epoch5": 2147.846243351064,
    "epoch6": 2143.3467420212764,
    "epoch7": 2104.987533244681,
    "epoch8": 2047.154421542553,
    "epoch9": 2004.8633643617022,
    "epoch10": 1991.985039893617,
    "epoch11": 1965.2034574468084,
    "epoch12": 1934.5809507978724,
    "epoch13": 1925.331283244681,
    "epoch14": 1877.5977393617022,
    "epoch15": 1899.5959109042553,
    "epoch16": 1893.6286569148936,
    "epoch17": 1857.1484375,
    "epoch18": 1837.7965425531916,
    "epoch19": 1820.941988031915,
    "epoch20": 1821.7865691489362,
    "epoch21": 1807.1831781914893,
    "epoch22": 1804.2784242021276,
    "epoch23": 1788.8246343085107,
    "epoch24": 1780.5854388297873,
    "epoch25": 1774.1052194148936,
    "epoch26": 1771.3911236702127,
    "epoch27": 1761.0739694148936,
    "epoch28": 1755.649767287234,
    "epoch29": 1737.1981382978724,
    "epoch30": 1750.9730718085107
}