{
    "epoch1": 2963.9066666666668,
    "epoch2": 2850.704333333333,
    "epoch3": 2618.8288333333335,
    "epoch4": 2225.1853333333333,
    "epoch5": 2116.0066666666667,
    "epoch6": 2157.559,
    "epoch7": 2137.7028333333333,
    "epoch8": 2104.556,
    "epoch9": 2065.8845,
    "epoch10": 2021.668,
    "epoch11": 1986.2675,
    "epoch12": 1949.3945,
    "epoch13": 1918.1575,
    "epoch14": 1897.6618333333333,
    "epoch15": 1873.6876666666667,
    "epoch16": 1858.5978333333333,
    "epoch17": 1853.0171666666668,
    "epoch18": 1834.8685,
    "epoch19": 1822.2908333333332,
    "epoch20": 1812.5033333333333,
    "epoch21": 1804.3021666666666,
    "epoch22": 1793.1823333333334,
    "epoch23": 1787.7535,
    "epoch24": 1779.4941666666666,
    "epoch25": 1770.8568333333333,
    "epoch26": 1760.9426666666666,
    "epoch27": 1760.4275,
    "epoch28": 1749.8461666666667,
    "epoch29": 1746.1656666666668,
    "epoch30": 1740.4956666666667
}