{
    "epoch1": 0.08480793486038844,
    "epoch2": 0.07699386775493622,
    "epoch3": 0.06976680333415668,
    "epoch4": 0.06317579684158166,
    "epoch5": 0.05688143645723661,
    "epoch6": 0.05120257350305716,
    "epoch7": 0.04605755147834619,
    "epoch8": 0.04181214980781078,
    "epoch9": 0.03844524702678124,
    "epoch10": 0.03587206670393547,
    "epoch11": 0.03382665663957596,
    "epoch12": 0.03252660483121872,
    "epoch13": 0.031456224620342255,
    "epoch14": 0.030634176917374134,
    "epoch15": 0.029829036133984726,
    "epoch16": 0.029047392929593723,
    "epoch17": 0.028257332742214203,
    "epoch18": 0.02748553454875946,
    "epoch19": 0.026701257564127445,
    "epoch20": 0.02593504823744297,
    "epoch21": 0.025188690051436424,
    "epoch22": 0.024431807299455006,
    "epoch23": 0.0236829894905289,
    "epoch24": 0.022929782358308632,
    "epoch25": 0.022181703088184197,
    "epoch26": 0.021452319187422592,
    "epoch27": 0.020735154238839943,
    "epoch28": 0.020056545734405518,
    "epoch29": 0.019431399491926033,
    "epoch30": 0.018819136389841635
}