{
    "epoch1": 197.3161417643229,
    "epoch2": 158.38245646158853,
    "epoch3": 126.82105509440105,
    "epoch4": 111.16507975260417,
    "epoch5": 101.17652384440105,
    "epoch6": 94.6010233561198,
    "epoch7": 89.0909932454427,
    "epoch8": 85.23872884114583,
    "epoch9": 82.61336771647136,
    "epoch10": 81.19339497884114,
    "epoch11": 80.5824483235677,
    "epoch12": 80.3357442220052,
    "epoch13": 80.23836771647136,
    "epoch14": 80.0568135579427,
    "epoch15": 79.8819580078125,
    "epoch16": 79.54258728027344,
    "epoch17": 79.06245930989583,
    "epoch18": 78.54639180501302,
    "epoch19": 77.97563171386719,
    "epoch20": 77.3335469563802,
    "epoch21": 76.67488098144531,
    "epoch22": 75.97218831380208,
    "epoch23": 75.03750610351562,
    "epoch24": 74.41162618001302,
    "epoch25": 73.27494303385417,
    "epoch26": 72.52282206217448,
    "epoch27": 71.38726298014323,
    "epoch28": 70.13005065917969,
    "epoch29": 68.92529296875,
    "epoch30": 67.80540466308594
}