{
    "epoch1": 136.07072805851064,
    "epoch2": 126.55669256981383,
    "epoch3": 120.33193774933511,
    "epoch4": 114.91550656582447,
    "epoch5": 113.1996446974734,
    "epoch6": 110.61444481382979,
    "epoch7": 108.02810214428192,
    "epoch8": 107.99268617021276,
    "epoch9": 106.02979554521276,
    "epoch10": 105.65616688829788,
    "epoch11": 104.86272024601064,
    "epoch12": 102.50380236037235,
    "epoch13": 102.08622839095744,
    "epoch14": 100.61623171542553,
    "epoch15": 102.08878407579788,
    "epoch16": 99.48935131316489,
    "epoch17": 103.14460397273936,
    "epoch18": 99.89600648271276,
    "epoch19": 98.48145570146276,
    "epoch20": 97.96973695146276,
    "epoch21": 97.67244639295212,
    "epoch22": 97.8555934175532,
    "epoch23": 98.37390915890957,
    "epoch24": 98.82235912566489,
    "epoch25": 97.1206678025266,
    "epoch26": 98.58692445146276,
    "epoch27": 96.2152696974734,
    "epoch28": 98.11643949468085,
    "epoch29": 96.47149268617021,
    "epoch30": 97.85120927526596
}