{
    "epoch1": 158.53586458333334,
    "epoch2": 130.10991666666666,
    "epoch3": 121.25435416666667,
    "epoch4": 115.34178125,
    "epoch5": 111.6146875,
    "epoch6": 109.39984375,
    "epoch7": 107.30898958333333,
    "epoch8": 105.64558333333333,
    "epoch9": 104.59002083333333,
    "epoch10": 103.43851041666667,
    "epoch11": 102.45409375,
    "epoch12": 101.95897916666667,
    "epoch13": 100.81820833333333,
    "epoch14": 100.39898958333333,
    "epoch15": 99.80279166666666,
    "epoch16": 99.18641666666667,
    "epoch17": 98.63878125,
    "epoch18": 98.47527083333334,
    "epoch19": 97.707875,
    "epoch20": 97.31870833333333,
    "epoch21": 96.69314583333333,
    "epoch22": 96.65347916666667,
    "epoch23": 96.54466666666667,
    "epoch24": 95.85007291666666,
    "epoch25": 95.78251041666667,
    "epoch26": 95.5046875,
    "epoch27": 95.06715625,
    "epoch28": 94.8655,
    "epoch29": 94.49954166666667,
    "epoch30": 94.95776041666667
}