{
    "epoch1": 47.39046859741211,
    "epoch2": 42.73917770385742,
    "epoch3": 39.33675765991211,
    "epoch4": 32.62538146972656,
    "epoch5": 32.01759719848633,
    "epoch6": 31.841873168945312,
    "epoch7": 30.554292678833008,
    "epoch8": 29.817859649658203,
    "epoch9": 30.194156646728516,
    "epoch10": 29.676158905029297,
    "epoch11": 29.95931625366211,
    "epoch12": 30.919734954833984,
    "epoch13": 31.403888702392578,
    "epoch14": 29.665447235107422,
    "epoch15": 29.218597412109375,
    "epoch16": 30.67084312438965,
    "epoch17": 29.454090118408203,
    "epoch18": 29.05872344970703,
    "epoch19": 28.721181869506836,
    "epoch20": 28.5650634765625,
    "epoch21": 28.764528274536133,
    "epoch22": 28.90826416015625,
    "epoch23": 29.057594299316406,
    "epoch24": 29.830739974975586,
    "epoch25": 28.95236587524414,
    "epoch26": 28.329593658447266,
    "epoch27": 29.025991439819336,
    "epoch28": 28.881296157836914,
    "epoch29": 28.556928634643555,
    "epoch30": 28.405574798583984,
    "epoch31": 28.37945556640625,
    "epoch32": 28.858928680419922,
    "epoch33": 28.918758392333984,
    "epoch34": 27.63841438293457,
    "epoch35": 27.9891357421875,
    "epoch36": 28.054729461669922,
    "epoch37": 27.744714736938477,
    "epoch38": 27.6439151763916,
    "epoch39": 27.207509994506836,
    "epoch40": 28.332843780517578,
    "epoch41": 27.155731201171875,
    "epoch42": 26.814987182617188,
    "epoch43": 27.676658630371094,
    "epoch44": 26.718412399291992,
    "epoch45": 27.853708267211914,
    "epoch46": 26.645328521728516,
    "epoch47": 27.14354705810547,
    "epoch48": 26.204853057861328,
    "epoch49": 26.480915069580078,
    "epoch50": 26.583154678344727,
    "epoch51": 27.250438690185547,
    "epoch52": 26.93758201599121,
    "epoch53": 26.862627029418945,
    "epoch54": 26.022592544555664,
    "epoch55": 26.71009635925293,
    "epoch56": 27.176971435546875,
    "epoch57": 26.151561737060547,
    "epoch58": 26.456613540649414,
    "epoch59": 25.56709861755371,
    "epoch60": 26.643203735351562,
    "epoch61": 25.687931060791016,
    "epoch62": 25.943483352661133,
    "epoch63": 25.467939376831055,
    "epoch64": 25.901704788208008,
    "epoch65": 25.454490661621094,
    "epoch66": 26.069034576416016,
    "epoch67": 25.182117462158203,
    "epoch68": 25.637100219726562,
    "epoch69": 25.53382682800293,
    "epoch70": 26.0981388092041,
    "epoch71": 25.42826271057129,
    "epoch72": 25.38440704345703,
    "epoch73": 25.319908142089844,
    "epoch74": 25.22583770751953,
    "epoch75": 25.28183937072754,
    "epoch76": 25.464996337890625,
    "epoch77": 24.98713493347168,
    "epoch78": 25.27900505065918,
    "epoch79": 25.655960083007812,
    "epoch80": 24.81890106201172,
    "epoch81": 26.475257873535156,
    "epoch82": 25.463062286376953,
    "epoch83": 25.090312957763672,
    "epoch84": 24.793537139892578,
    "epoch85": 24.549800872802734,
    "epoch86": 24.779611587524414,
    "epoch87": 25.372236251831055,
    "epoch88": 25.018207550048828,
    "epoch89": 26.137502670288086,
    "epoch90": 25.198392868041992,
    "epoch91": 26.36306381225586,
    "epoch92": 24.545347213745117,
    "epoch93": 24.621131896972656,
    "epoch94": 25.268829345703125,
    "epoch95": 24.49590301513672,
    "epoch96": 24.49557113647461,
    "epoch97": 24.47218894958496,
    "epoch98": 25.42564582824707,
    "epoch99": 24.7707462310791,
    "epoch100": 25.12877082824707
}