{
    "epoch1": 56.18145073784722,
    "epoch2": 44.63204132564484,
    "epoch3": 40.20419069320437,
    "epoch4": 35.88209945436508,
    "epoch5": 32.85513547867063,
    "epoch6": 31.589611235119047,
    "epoch7": 31.12863304501488,
    "epoch8": 30.72589595734127,
    "epoch9": 30.369690910218253,
    "epoch10": 30.11501736111111,
    "epoch11": 29.958560035342263,
    "epoch12": 29.828919425843253,
    "epoch13": 29.74983142671131,
    "epoch14": 29.689007471478174,
    "epoch15": 29.303443545386905,
    "epoch16": 29.378522600446427,
    "epoch17": 29.251309833829364,
    "epoch18": 29.10487971230159,
    "epoch19": 28.944911411830358,
    "epoch20": 28.885949513268848,
    "epoch21": 28.834815615699405,
    "epoch22": 28.584757486979168,
    "epoch23": 28.36199466765873,
    "epoch24": 28.492501395089285,
    "epoch25": 28.245469835069443,
    "epoch26": 28.57913062686012,
    "epoch27": 28.07253107948909,
    "epoch28": 27.903481135292658,
    "epoch29": 27.78711906312004,
    "epoch30": 27.748641725570437,
    "epoch31": 27.837902250744047,
    "epoch32": 27.89513191344246,
    "epoch33": 27.56972346230159,
    "epoch34": 27.336683485243057,
    "epoch35": 27.246179005456348,
    "epoch36": 27.376075381324405,
    "epoch37": 27.10336449032738,
    "epoch38": 27.020174541170636,
    "epoch39": 27.095156715029763,
    "epoch40": 26.830543154761905,
    "epoch41": 26.811132037450395,
    "epoch42": 26.5641353546627,
    "epoch43": 26.389510866195437,
    "epoch44": 26.64961170014881,
    "epoch45": 26.499947684151785,
    "epoch46": 26.300814189608136,
    "epoch47": 26.057132781498016,
    "epoch48": 26.076764787946427,
    "epoch49": 26.00082542782738,
    "epoch50": 26.17075699094742,
    "epoch51": 25.951501271081348,
    "epoch52": 25.81838650173611,
    "epoch53": 25.490804036458332,
    "epoch54": 25.66628689236111,
    "epoch55": 25.590215773809526,
    "epoch56": 25.49425494481647,
    "epoch57": 25.40843757750496,
    "epoch58": 25.457868303571427,
    "epoch59": 25.306826636904763,
    "epoch60": 25.26427447606647,
    "epoch61": 25.192847842261905,
    "epoch62": 24.964752681671627,
    "epoch63": 25.020250108506943,
    "epoch64": 24.82135687934028,
    "epoch65": 25.11950489831349,
    "epoch66": 24.89181857638889,
    "epoch67": 24.86354476686508,
    "epoch68": 24.797258649553573,
    "epoch69": 24.799822126116073,
    "epoch70": 24.59389919704861,
    "epoch71": 24.69286140562996,
    "epoch72": 24.66998969184028,
    "epoch73": 24.4669189453125,
    "epoch74": 24.408294193328373,
    "epoch75": 24.474814763144842,
    "epoch76": 24.397344680059526,
    "epoch77": 24.203774104042658,
    "epoch78": 24.157825288318453,
    "epoch79": 24.2487056671627,
    "epoch80": 24.37021794394841,
    "epoch81": 24.3196285187252,
    "epoch82": 24.150206550719247,
    "epoch83": 24.224537682911706,
    "epoch84": 24.235194614955358,
    "epoch85": 24.241125682043652,
    "epoch86": 24.01440623449901,
    "epoch87": 24.04852973090278,
    "epoch88": 24.070027669270832,
    "epoch89": 24.055826822916668,
    "epoch90": 23.89135548425099,
    "epoch91": 24.013102213541668,
    "epoch92": 24.206771608382937,
    "epoch93": 23.928904699900794,
    "epoch94": 24.261590866815474,
    "epoch95": 24.124190073164684,
    "epoch96": 23.82874310205853,
    "epoch97": 23.992509145585316,
    "epoch98": 23.551434229290674,
    "epoch99": 23.922640361483136,
    "epoch100": 23.83914039248512
}