{
    "epoch1": 0.1844776990382295,
    "epoch2": 0.2620322057291081,
    "epoch3": 0.29335015786713675,
    "epoch4": 0.3215768427440995,
    "epoch5": 0.3196405274303336,
    "epoch6": 0.31724432502922256,
    "epoch7": 0.3110689450251429,
    "epoch8": 0.32987627857609797,
    "epoch9": 0.3445837474183032,
    "epoch10": 0.35934366442655263,
    "epoch11": 0.3370331957152015,
    "epoch12": 0.349839354816236,
    "epoch13": 0.36655930233629125,
    "epoch14": 0.3440520912408829,
    "epoch15": 0.34509004260364334,
    "epoch16": 0.3526762151404431,
    "epoch17": 0.38216619036699595,
    "epoch18": 0.3583384101328097,
    "epoch19": 0.36660326311462804,
    "epoch20": 0.3801031928313406
}