{
    "epoch1": 0.12911474260382672,
    "epoch2": 0.22089102329250346,
    "epoch3": 0.2824309907378034,
    "epoch4": 0.32603608816862106,
    "epoch5": 0.36255440369565434,
    "epoch6": 0.3806523102078032,
    "epoch7": 0.4046292728249063,
    "epoch8": 0.4194041566645845,
    "epoch9": 0.45412942830552444,
    "epoch10": 0.4738547595891547,
    "epoch11": 0.4936362126089157,
    "epoch12": 0.5100907502656288,
    "epoch13": 0.5274274108257699,
    "epoch14": 0.55175507702726,
    "epoch15": 0.5790190956694015,
    "epoch16": 0.5917048365511792,
    "epoch17": 0.6099071036627952,
    "epoch18": 0.6263510074387205,
    "epoch19": 0.6460811292871516,
    "epoch20": 0.6662184066594915
}