{
    "epoch1": 174.17982700892858,
    "epoch2": 160.56465463789684,
    "epoch3": 140.09788876488096,
    "epoch4": 131.91482204861111,
    "epoch5": 134.7612537202381,
    "epoch6": 134.20858134920636,
    "epoch7": 132.77901785714286,
    "epoch8": 131.08043464781747,
    "epoch9": 129.6687748015873,
    "epoch10": 128.70653521825398,
    "epoch11": 126.96024770585318,
    "epoch12": 123.79376705109127,
    "epoch13": 122.14129154265873,
    "epoch14": 120.04661923363095,
    "epoch15": 117.28091672867063,
    "epoch16": 114.97047061011905,
    "epoch17": 113.44926525297619,
    "epoch18": 111.7336929563492,
    "epoch19": 108.0653056795635,
    "epoch20": 108.25985863095238,
    "epoch21": 104.23524305555556,
    "epoch22": 104.85293433779762,
    "epoch23": 101.58375961061508,
    "epoch24": 99.81948319692461,
    "epoch25": 99.71292162698413,
    "epoch26": 97.86367652529762,
    "epoch27": 97.69683934771825,
    "epoch28": 97.11955140128968,
    "epoch29": 95.55967106894842,
    "epoch30": 94.81399584573413
}