{
    "epoch1": 178.458984375,
    "epoch2": 168.507890625,
    "epoch3": 151.04871875,
    "epoch4": 132.19071875,
    "epoch5": 128.0038515625,
    "epoch6": 129.652359375,
    "epoch7": 130.0669375,
    "epoch8": 128.8744453125,
    "epoch9": 126.8462734375,
    "epoch10": 124.7566171875,
    "epoch11": 122.906640625,
    "epoch12": 120.674,
    "epoch13": 117.174703125,
    "epoch14": 114.6534296875,
    "epoch15": 112.1064609375,
    "epoch16": 110.2288203125,
    "epoch17": 107.780953125,
    "epoch18": 105.9058828125,
    "epoch19": 104.168890625,
    "epoch20": 102.359625,
    "epoch21": 101.4544375,
    "epoch22": 99.85853125,
    "epoch23": 99.184328125,
    "epoch24": 97.7715234375,
    "epoch25": 96.805015625,
    "epoch26": 96.5141640625,
    "epoch27": 95.675484375,
    "epoch28": 95.0824375,
    "epoch29": 94.547609375,
    "epoch30": 93.362609375
}