{
    "epoch1": 200.0,
    "epoch2": 151.17652384440103,
    "epoch3": 103.77823893229167,
    "epoch4": 87.2823994954427,
    "epoch5": 81.73594156901042,
    "epoch6": 80.12542724609375,
    "epoch7": 79.48349507649739,
    "epoch8": 78.59256490071614,
    "epoch9": 77.5582987467448,
    "epoch10": 76.40090942382812,
    "epoch11": 75.18197631835938,
    "epoch12": 73.44818115234375,
    "epoch13": 71.53989156087239,
    "epoch14": 69.90204366048177,
    "epoch15": 69.83331298828125,
    "epoch16": 69.41510009765625,
    "epoch17": 68.85104370117188,
    "epoch18": 68.16384887695312,
    "epoch19": 68.23862711588542,
    "epoch20": 67.06558227539062,
    "epoch21": 66.72229512532552,
    "epoch22": 64.9467264811198,
    "epoch23": 63.33631388346354,
    "epoch24": 62.08983866373698,
    "epoch25": 61.06187438964844,
    "epoch26": 60.837666829427086,
    "epoch27": 59.37162780761719,
    "epoch28": 58.8147226969401,
    "epoch29": 56.99717712402344,
    "epoch30": 56.42143249511719
}