{
    "epoch1": 0.024290202165265447,
    "epoch2": 0.012737407713480618,
    "epoch3": 0.00758390267804751,
    "epoch4": 0.005335419216071782,
    "epoch5": 0.003933667240704855,
    "epoch6": 0.0029656592827371282,
    "epoch7": 0.002244137341419802,
    "epoch8": 0.0016864263693012458,
    "epoch9": 0.0012474565921128606,
    "epoch10": 0.0009713181669054472,
    "epoch11": 0.0007301096395721012,
    "epoch12": 0.0005840750198568339,
    "epoch13": 0.0004961655314495463,
    "epoch14": 0.0004159356559166158,
    "epoch15": 0.000358322595749759,
    "epoch16": 0.0003207195524895645,
    "epoch17": 0.0002775898243746032,
    "epoch18": 0.0002455784889879515,
    "epoch19": 0.0002222417891101466,
    "epoch20": 0.00020204770977295044,
    "epoch21": 0.00018692974022680733,
    "epoch22": 0.00021227058855204277,
    "epoch23": 0.00015826028728675422,
    "epoch24": 0.00014825028025054212,
    "epoch25": 0.00015339198944275267,
    "epoch26": 0.0001287491602694069,
    "epoch27": 0.00012248093259151338,
    "epoch28": 0.00011806032963922125,
    "epoch29": 0.00011212420047187429,
    "epoch30": 0.00010491838340543757
}