{
    "epoch1": 6426.89705882353,
    "epoch2": 4545.711898395722,
    "epoch3": 3761.8228609625667,
    "epoch4": 3492.2583556149734,
    "epoch5": 3259.5170454545455,
    "epoch6": 3057.8188502673797,
    "epoch7": 2889.6560828877004,
    "epoch8": 2725.8126671122996,
    "epoch9": 2555.751504010695,
    "epoch10": 2384.6697860962568,
    "epoch11": 2246.6981951871658,
    "epoch12": 2127.430314171123,
    "epoch13": 2040.4789438502673,
    "epoch14": 1946.949699197861,
    "epoch15": 1873.8546122994653,
    "epoch16": 1811.0386029411766,
    "epoch17": 1757.3679812834225,
    "epoch18": 1695.521223262032,
    "epoch19": 1653.877506684492,
    "epoch20": 1614.5464572192514,
    "epoch21": 1573.6758021390374,
    "epoch22": 1551.1789772727273,
    "epoch23": 1519.3748328877004,
    "epoch24": 1470.4410093582887,
    "epoch25": 1451.416610962567,
    "epoch26": 1400.2241811497327,
    "epoch27": 1384.5301637700534,
    "epoch28": 1345.2529244652405,
    "epoch29": 1328.7839237967914,
    "epoch30": 1308.9094251336899
}