{
    "epoch1": 184.30596875,
    "epoch2": 182.31040625,
    "epoch3": 179.57696875,
    "epoch4": 175.64609375,
    "epoch5": 169.57171875,
    "epoch6": 160.627296875,
    "epoch7": 150.859046875,
    "epoch8": 145.347859375,
    "epoch9": 145.911578125,
    "epoch10": 147.294703125,
    "epoch11": 148.788234375,
    "epoch12": 148.2203125,
    "epoch13": 147.340140625,
    "epoch14": 146.46353125,
    "epoch15": 145.337203125,
    "epoch16": 144.4888125,
    "epoch17": 143.17415625,
    "epoch18": 141.4495,
    "epoch19": 139.67753125,
    "epoch20": 138.318578125,
    "epoch21": 137.4349375,
    "epoch22": 135.638921875,
    "epoch23": 134.384125,
    "epoch24": 132.654953125,
    "epoch25": 131.2425,
    "epoch26": 129.963328125,
    "epoch27": 128.03146875,
    "epoch28": 126.818625,
    "epoch29": 124.7137421875,
    "epoch30": 123.44509375
}