{
    "epoch1": 0.0658117588609457,
    "epoch2": 0.05785565264523029,
    "epoch3": 0.053829511627554893,
    "epoch4": 0.04971082555130124,
    "epoch5": 0.045073423301801085,
    "epoch6": 0.04092620615847409,
    "epoch7": 0.036913936492055655,
    "epoch8": 0.03325150301679969,
    "epoch9": 0.03028426901437342,
    "epoch10": 0.027987978188320994,
    "epoch11": 0.02651912916917354,
    "epoch12": 0.025897425482980907,
    "epoch13": 0.02479427109938115,
    "epoch14": 0.02416600799188018,
    "epoch15": 0.023823292343877256,
    "epoch16": 0.02341510367114097,
    "epoch17": 0.023218865739181638,
    "epoch18": 0.02280051400884986,
    "epoch19": 0.022564614075236022,
    "epoch20": 0.022490892093628645,
    "epoch21": 0.022134154103696346,
    "epoch22": 0.022128169890493155,
    "epoch23": 0.02161488134879619,
    "epoch24": 0.02141443674918264,
    "epoch25": 0.02140257100109011,
    "epoch26": 0.021037259022705257,
    "epoch27": 0.020979720982722938,
    "epoch28": 0.020937226829119027,
    "epoch29": 0.02067293575964868,
    "epoch30": 0.020540525787509978,
    "epoch31": 0.02028323069680482,
    "epoch32": 0.020100238267332315,
    "epoch33": 0.019987680949270725,
    "epoch34": 0.019920479622669518,
    "epoch35": 0.019816915155388415,
    "epoch36": 0.01981702947523445,
    "epoch37": 0.019443063880316913,
    "epoch38": 0.019432406988926232,
    "epoch39": 0.019366299966350198,
    "epoch40": 0.01936146931257099,
    "epoch41": 0.018915981287136674,
    "epoch42": 0.019135379698127508,
    "epoch43": 0.018768317298963666,
    "epoch44": 0.018985857372172177,
    "epoch45": 0.018590096733532846,
    "epoch46": 0.018517642747610807,
    "epoch47": 0.018401526613160968,
    "epoch48": 0.018343717325478792,
    "epoch49": 0.018246388877741992,
    "epoch50": 0.018212096649222076,
    "epoch51": 0.018136672559194267,
    "epoch52": 0.01809188863262534,
    "epoch53": 0.017986974795348942,
    "epoch54": 0.01793034840375185,
    "epoch55": 0.01790122943930328,
    "epoch56": 0.017960091936402023,
    "epoch57": 0.017856687773019075,
    "epoch58": 0.017865789006464183,
    "epoch59": 0.018097835825756192,
    "epoch60": 0.018420016509480774,
    "epoch61": 0.01755798445083201,
    "epoch62": 0.01743636012542993,
    "epoch63": 0.01737838436383754,
    "epoch64": 0.01756164338439703,
    "epoch65": 0.01737846026662737,
    "epoch66": 0.017293094657361507,
    "epoch67": 0.017331052338704467,
    "epoch68": 0.017181457253172994,
    "epoch69": 0.01731766015291214,
    "epoch70": 0.017404331476427615,
    "epoch71": 0.017073924653232098,
    "epoch72": 0.017115561291575432,
    "epoch73": 0.017114620190113783,
    "epoch74": 0.01692090800497681,
    "epoch75": 0.016854225075803697,
    "epoch76": 0.016860616044141352,
    "epoch77": 0.016900810413062572,
    "epoch78": 0.016778839053586125,
    "epoch79": 0.016830704640597105,
    "epoch80": 0.016848246450535953,
    "epoch81": 0.016725155408494174,
    "epoch82": 0.016849983716383576,
    "epoch83": 0.016921611153520644,
    "epoch84": 0.016601749463006854,
    "epoch85": 0.016950435587204993,
    "epoch86": 0.01670413149986416,
    "epoch87": 0.016487568616867065,
    "epoch88": 0.016530550899915397,
    "epoch89": 0.0165440320270136,
    "epoch90": 0.0164608535123989,
    "epoch91": 0.016338233603164554,
    "epoch92": 0.01647376734763384,
    "epoch93": 0.016292692977003753,
    "epoch94": 0.01627244777046144,
    "epoch95": 0.016750280279666185,
    "epoch96": 0.016229405417107046,
    "epoch97": 0.016408130410127342,
    "epoch98": 0.01610055798664689,
    "epoch99": 0.01626155897974968,
    "epoch100": 0.016567965620197356
}