{
    "epoch1": 0.7145758792777857,
    "epoch2": 0.8830952429463466,
    "epoch3": 0.9081936545610428,
    "epoch4": 0.9253385747571786,
    "epoch5": 0.9375858760098617,
    "epoch6": 0.94635587545832,
    "epoch7": 0.9529001608530681,
    "epoch8": 0.9581969860851764,
    "epoch9": 0.9639990492622058,
    "epoch10": 0.967574445917209,
    "epoch11": 0.9712634935061137,
    "epoch12": 0.9729976204097271,
    "epoch13": 0.9763211122433344,
    "epoch14": 0.9794455566167831,
    "epoch15": 0.9796596835494041,
    "epoch16": 0.9826023818453153,
    "epoch17": 0.9831501595576604,
    "epoch18": 0.9853288895606994,
    "epoch19": 0.9862434926827749,
    "epoch20": 0.987946667265892,
    "epoch21": 0.9895434925794602,
    "epoch22": 0.9902022226850192,
    "epoch23": 0.9917222226778666,
    "epoch24": 0.9920511114756266,
    "epoch25": 0.9916600003639857,
    "epoch26": 0.9923888893524806,
    "epoch27": 0.9937955558697382,
    "epoch28": 0.9943177781025568,
    "epoch29": 0.9941933335741361,
    "epoch30": 0.9945453971385956,
    "epoch31": 0.9943755558172862,
    "epoch32": 0.9958644446611404,
    "epoch33": 0.9959311113754908,
    "epoch34": 0.9956511113484701,
    "epoch35": 0.996195555750529,
    "epoch36": 0.9969622224092484,
    "epoch37": 0.9963888890822729,
    "epoch38": 0.9977177778720856,
    "epoch39": 0.9968044446229934,
    "epoch40": 0.9968444445689519,
    "epoch41": 0.9973200001478195,
    "epoch42": 0.9971222224076589,
    "epoch43": 0.9977977778911591,
    "epoch44": 0.9971577779452006,
    "epoch45": 0.997991111222903,
    "epoch46": 0.9980488889773687,
    "epoch47": 0.9975111112594605,
    "epoch48": 0.9979400000969569,
    "epoch49": 0.9979022222995758,
    "epoch50": 0.9983044445117315
}