{
    "epoch1": 0.0003387453695759177,
    "epoch2": 0.0002492780275642872,
    "epoch3": 0.0001783873266540468,
    "epoch4": 0.000123684540274553,
    "epoch5": 8.282824518391862e-05,
    "epoch6": 5.377178089111112e-05,
    "epoch7": 3.449449458275921e-05,
    "epoch8": 2.261865076434333e-05,
    "epoch9": 1.597336618215195e-05,
    "epoch10": 1.2681916186920717e-05,
    "epoch11": 1.1190553523192648e-05,
    "epoch12": 1.0525906833208865e-05,
    "epoch13": 1.019914872085792e-05,
    "epoch14": 9.9791994844054e-06,
    "epoch15": 9.782429946426418e-06,
    "epoch16": 9.586467762346729e-06,
    "epoch17": 9.39444924460986e-06,
    "epoch18": 9.207115303070169e-06,
    "epoch19": 9.015847428599955e-06,
    "epoch20": 8.831938241200987e-06,
    "epoch21": 8.651416231259646e-06,
    "epoch22": 8.480412574499496e-06,
    "epoch23": 8.313572816405213e-06,
    "epoch24": 8.15739573135943e-06,
    "epoch25": 8.006899171050464e-06,
    "epoch26": 7.870452534916694e-06,
    "epoch27": 7.737792018815526e-06,
    "epoch28": 7.614267895405647e-06,
    "epoch29": 7.4992401732743015e-06,
    "epoch30": 7.394901471343474e-06
}