{
    "epoch1": 200.0,
    "epoch2": 200.0,
    "epoch3": 200.0,
    "epoch4": 200.0,
    "epoch5": 199.913859375,
    "epoch6": 199.274234375,
    "epoch7": 196.552234375,
    "epoch8": 191.414671875,
    "epoch9": 179.500375,
    "epoch10": 167.8980625,
    "epoch11": 158.32165625,
    "epoch12": 150.215703125,
    "epoch13": 145.727296875,
    "epoch14": 143.607015625,
    "epoch15": 142.707515625,
    "epoch16": 141.266296875,
    "epoch17": 140.479203125,
    "epoch18": 139.13425,
    "epoch19": 138.9390625,
    "epoch20": 137.81690625,
    "epoch21": 136.50325,
    "epoch22": 135.39321875,
    "epoch23": 134.467359375,
    "epoch24": 133.45103125,
    "epoch25": 132.284453125,
    "epoch26": 131.34471875,
    "epoch27": 130.4027890625,
    "epoch28": 130.177140625,
    "epoch29": 128.10009375,
    "epoch30": 127.9283359375
}