{
    "epoch1": 145.53591918945312,
    "epoch2": 120.08827718098958,
    "epoch3": 104.28354899088542,
    "epoch4": 93.42417399088542,
    "epoch5": 85.98389689127605,
    "epoch6": 81.11849466959636,
    "epoch7": 78.5342305501302,
    "epoch8": 76.60251871744792,
    "epoch9": 75.88734944661458,
    "epoch10": 75.22941080729167,
    "epoch11": 74.09806315104167,
    "epoch12": 74.14656066894531,
    "epoch13": 74.43711344401042,
    "epoch14": 73.26373799641927,
    "epoch15": 73.50464375813802,
    "epoch16": 72.4438985188802,
    "epoch17": 72.17937723795573,
    "epoch18": 71.54563903808594,
    "epoch19": 70.20430501302083,
    "epoch20": 69.71082051595052,
    "epoch21": 69.6456298828125,
    "epoch22": 69.35077412923177,
    "epoch23": 67.80171712239583,
    "epoch24": 68.14296976725261,
    "epoch25": 68.02528889973958,
    "epoch26": 67.35208129882812,
    "epoch27": 66.75677998860677,
    "epoch28": 66.44401041666667,
    "epoch29": 65.20139058430989,
    "epoch30": 65.10051981608073
}