{
    "epoch1": 77.88692220052083,
    "epoch2": 48.556880696614584,
    "epoch3": 45.73607584635417,
    "epoch4": 42.011088053385414,
    "epoch5": 37.597163899739584,
    "epoch6": 33.975826009114584,
    "epoch7": 32.09066975911458,
    "epoch8": 31.15885213216146,
    "epoch9": 30.82005615234375,
    "epoch10": 30.573862711588543,
    "epoch11": 30.068294270833334,
    "epoch12": 29.690692138671874,
    "epoch13": 29.09267578125,
    "epoch14": 28.874519856770835,
    "epoch15": 28.60757039388021,
    "epoch16": 28.220255533854168,
    "epoch17": 28.060237630208334,
    "epoch18": 27.514595540364585,
    "epoch19": 27.454679361979167,
    "epoch20": 27.13421630859375,
    "epoch21": 26.961934407552082,
    "epoch22": 26.784993489583332,
    "epoch23": 26.47074178059896,
    "epoch24": 26.79417521158854,
    "epoch25": 26.367401123046875,
    "epoch26": 26.302142333984374,
    "epoch27": 26.35863037109375,
    "epoch28": 26.298050944010416,
    "epoch29": 25.94478556315104,
    "epoch30": 25.95975138346354,
    "epoch31": 25.858544921875,
    "epoch32": 25.696612548828124,
    "epoch33": 25.616078694661457,
    "epoch34": 25.416819254557293,
    "epoch35": 25.60264689127604,
    "epoch36": 25.355204264322918,
    "epoch37": 25.41366984049479,
    "epoch38": 25.29214070638021,
    "epoch39": 25.203676350911458,
    "epoch40": 25.240415445963542,
    "epoch41": 25.268062337239584,
    "epoch42": 25.154069010416666,
    "epoch43": 25.335103352864582,
    "epoch44": 24.986474609375,
    "epoch45": 24.77822469075521,
    "epoch46": 24.938956705729165,
    "epoch47": 24.789072672526043,
    "epoch48": 24.83304239908854,
    "epoch49": 24.692820231119793,
    "epoch50": 24.60392049153646,
    "epoch51": 24.774947102864584,
    "epoch52": 24.59903564453125,
    "epoch53": 24.495168050130207,
    "epoch54": 24.536458333333332,
    "epoch55": 24.49371337890625,
    "epoch56": 24.39413859049479,
    "epoch57": 24.560489908854166,
    "epoch58": 24.65074259440104,
    "epoch59": 24.387371826171876,
    "epoch60": 24.32272745768229,
    "epoch61": 24.196726481119793,
    "epoch62": 24.178385416666668,
    "epoch63": 24.189778645833332,
    "epoch64": 24.391031901041668,
    "epoch65": 24.115277099609376,
    "epoch66": 24.20981648763021,
    "epoch67": 24.220245361328125,
    "epoch68": 24.108795166015625,
    "epoch69": 24.269466145833334,
    "epoch70": 24.089396158854168,
    "epoch71": 24.128912353515624,
    "epoch72": 24.088409423828125,
    "epoch73": 24.17940673828125,
    "epoch74": 24.21601765950521,
    "epoch75": 23.869197591145834,
    "epoch76": 23.850282796223958,
    "epoch77": 24.186031087239584,
    "epoch78": 23.958174641927084,
    "epoch79": 24.118766276041665,
    "epoch80": 23.737032063802083,
    "epoch81": 23.703363037109376,
    "epoch82": 23.87259318033854,
    "epoch83": 24.007027180989585,
    "epoch84": 23.642521158854166,
    "epoch85": 23.89354044596354,
    "epoch86": 23.857511393229167,
    "epoch87": 23.83974609375,
    "epoch88": 23.98349405924479,
    "epoch89": 23.806681315104168,
    "epoch90": 23.763059488932292,
    "epoch91": 23.71628621419271,
    "epoch92": 23.726090494791666,
    "epoch93": 23.735074869791667,
    "epoch94": 23.533689371744792,
    "epoch95": 23.569956461588543,
    "epoch96": 23.54035847981771,
    "epoch97": 23.695086669921874,
    "epoch98": 23.481962076822917,
    "epoch99": 23.701497395833332,
    "epoch100": 23.473893229166666
}