{
    "epoch1": 200.0,
    "epoch2": 199.53204166666666,
    "epoch3": 180.11089583333333,
    "epoch4": 147.23283333333333,
    "epoch5": 135.60086458333333,
    "epoch6": 131.59885416666665,
    "epoch7": 128.23216666666667,
    "epoch8": 125.03652083333333,
    "epoch9": 121.85544791666666,
    "epoch10": 119.23404166666667,
    "epoch11": 115.86395833333333,
    "epoch12": 114.50004166666666,
    "epoch13": 112.52741666666667,
    "epoch14": 110.99782291666666,
    "epoch15": 109.732625,
    "epoch16": 108.83394791666667,
    "epoch17": 107.88954166666667,
    "epoch18": 106.69759375,
    "epoch19": 106.43270833333334,
    "epoch20": 105.75165625,
    "epoch21": 105.17795833333334,
    "epoch22": 104.72730208333333,
    "epoch23": 104.15057291666666,
    "epoch24": 103.9741875,
    "epoch25": 103.46804166666666,
    "epoch26": 102.87951041666666,
    "epoch27": 102.74619791666667,
    "epoch28": 102.3105,
    "epoch29": 101.77871875,
    "epoch30": 101.75386458333334
}