{
    "epoch1": 162.16126134644477,
    "epoch2": 138.08990481593545,
    "epoch3": 129.69658503530005,
    "epoch4": 123.0325422339889,
    "epoch5": 117.72210665658093,
    "epoch6": 113.9723430408472,
    "epoch7": 110.52574224659607,
    "epoch8": 107.99559537317197,
    "epoch9": 105.94113243822491,
    "epoch10": 104.36729387291982,
    "epoch11": 102.77325233232476,
    "epoch12": 101.60846098083711,
    "epoch13": 100.42467221381744,
    "epoch14": 99.28614315431165,
    "epoch15": 98.43042423096318,
    "epoch16": 97.57918084972265,
    "epoch17": 97.04015380736259,
    "epoch18": 96.19561585980837,
    "epoch19": 95.57028492183561,
    "epoch20": 95.06550208018155,
    "epoch21": 94.55413199697428,
    "epoch22": 93.8927603378719,
    "epoch23": 93.40218419062028,
    "epoch24": 93.07766011094301,
    "epoch25": 92.64703101361573,
    "epoch26": 92.31647913514877,
    "epoch27": 91.91186018658598,
    "epoch28": 91.47826052697933,
    "epoch29": 91.24996848209783,
    "epoch30": 91.02244074634392
}