{
    "epoch1": 141.7361076108871,
    "epoch2": 133.7041488155242,
    "epoch3": 127.61836882560483,
    "epoch4": 120.55825510332662,
    "epoch5": 116.69205204133064,
    "epoch6": 113.42503307711694,
    "epoch7": 110.85561050907258,
    "epoch8": 108.270751953125,
    "epoch9": 107.25430790070564,
    "epoch10": 102.87321226058468,
    "epoch11": 103.20666897681451,
    "epoch12": 101.36563602570564,
    "epoch13": 99.03671559979838,
    "epoch14": 98.4314673639113,
    "epoch15": 97.88171780493951,
    "epoch16": 97.73257938508064,
    "epoch17": 96.3808830015121,
    "epoch18": 96.5243431829637,
    "epoch19": 94.99851940524194,
    "epoch20": 95.04639459425404,
    "epoch21": 94.07210023941532,
    "epoch22": 93.30382907006049,
    "epoch23": 93.01644405241936,
    "epoch24": 92.87978830645162,
    "epoch25": 92.84619140625,
    "epoch26": 92.02915511592742,
    "epoch27": 91.91748834425404,
    "epoch28": 91.46730090725806,
    "epoch29": 90.94847845262096,
    "epoch30": 90.71716702368951
}