{
    "epoch1": 0.025263283246507246,
    "epoch2": 0.018212148065989215,
    "epoch3": 0.012440998766881725,
    "epoch4": 0.009028984854618708,
    "epoch5": 0.007099185022525489,
    "epoch6": 0.0057272354800564544,
    "epoch7": 0.004831045400351286,
    "epoch8": 0.0040692406085630255,
    "epoch9": 0.0033441317112495503,
    "epoch10": 0.002837618114426732,
    "epoch11": 0.0023703895373425135,
    "epoch12": 0.001967855835876738,
    "epoch13": 0.0016908793865392606,
    "epoch14": 0.0013754822284681723,
    "epoch15": 0.001160501764388755,
    "epoch16": 0.0009809594581990193,
    "epoch17": 0.000882736091928867,
    "epoch18": 0.000745245391347756,
    "epoch19": 0.0006593580837943591,
    "epoch20": 0.0005879621918817671,
    "epoch21": 0.000497960832338625,
    "epoch22": 0.0004765828513579133,
    "epoch23": 0.00041916861664503813,
    "epoch24": 0.00036757310347942013,
    "epoch25": 0.0003545393386351255,
    "epoch26": 0.0003083082592638675,
    "epoch27": 0.00028806014597648755,
    "epoch28": 0.0002784769482483777,
    "epoch29": 0.00027723041421268135,
    "epoch30": 0.00023625225852204798
}