{
    "epoch1": 81.29360453287761,
    "epoch2": 71.84338887532552,
    "epoch3": 65.11385091145833,
    "epoch4": 60.1801503499349,
    "epoch5": 57.36223347981771,
    "epoch6": 54.99590047200521,
    "epoch7": 54.78246053059896,
    "epoch8": 52.35237121582031,
    "epoch9": 50.77763875325521,
    "epoch10": 48.46260070800781,
    "epoch11": 46.25281778971354,
    "epoch12": 44.72862243652344,
    "epoch13": 41.41882832845052,
    "epoch14": 39.40744272867838,
    "epoch15": 38.41858927408854,
    "epoch16": 36.48286692301432,
    "epoch17": 34.905415852864586,
    "epoch18": 33.56844584147135,
    "epoch19": 32.87031046549479,
    "epoch20": 33.20768483479818,
    "epoch21": 31.97008514404297,
    "epoch22": 31.065185546875,
    "epoch23": 29.79157257080078,
    "epoch24": 28.459126790364582,
    "epoch25": 28.240315755208332,
    "epoch26": 27.271575927734375,
    "epoch27": 26.37183125813802,
    "epoch28": 26.239952087402344,
    "epoch29": 26.3637212117513,
    "epoch30": 25.406099955240887
}