{
    "epoch1": 50.0931282043457,
    "epoch2": 31.998512268066406,
    "epoch3": 29.98983383178711,
    "epoch4": 29.284894943237305,
    "epoch5": 28.45650291442871,
    "epoch6": 27.52850341796875,
    "epoch7": 26.83986473083496,
    "epoch8": 26.44153594970703,
    "epoch9": 25.872264862060547,
    "epoch10": 25.626415252685547,
    "epoch11": 25.301836013793945,
    "epoch12": 25.156545639038086,
    "epoch13": 24.801128387451172,
    "epoch14": 24.662961959838867,
    "epoch15": 24.584835052490234,
    "epoch16": 24.447298049926758,
    "epoch17": 24.374256134033203,
    "epoch18": 24.286163330078125,
    "epoch19": 24.134180068969727,
    "epoch20": 24.114669799804688,
    "epoch21": 24.172561645507812,
    "epoch22": 24.175094604492188,
    "epoch23": 23.8082218170166,
    "epoch24": 23.9724063873291,
    "epoch25": 23.864500045776367,
    "epoch26": 23.838083267211914,
    "epoch27": 23.678802490234375,
    "epoch28": 23.65995979309082,
    "epoch29": 23.620027542114258,
    "epoch30": 23.843955993652344,
    "epoch31": 23.487071990966797,
    "epoch32": 23.437692642211914,
    "epoch33": 23.471410751342773,
    "epoch34": 23.26617431640625,
    "epoch35": 23.43297004699707,
    "epoch36": 23.34025001525879,
    "epoch37": 23.156038284301758,
    "epoch38": 23.214216232299805,
    "epoch39": 23.130739212036133,
    "epoch40": 23.083131790161133,
    "epoch41": 23.15516471862793,
    "epoch42": 23.198833465576172,
    "epoch43": 22.91655158996582,
    "epoch44": 22.986675262451172,
    "epoch45": 22.919239044189453,
    "epoch46": 22.870441436767578,
    "epoch47": 22.846908569335938,
    "epoch48": 22.89715576171875,
    "epoch49": 22.753536224365234,
    "epoch50": 22.687570571899414,
    "epoch51": 22.646411895751953,
    "epoch52": 22.666337966918945,
    "epoch53": 22.776317596435547,
    "epoch54": 22.628442764282227,
    "epoch55": 22.544151306152344,
    "epoch56": 22.647794723510742,
    "epoch57": 22.489065170288086,
    "epoch58": 22.45968246459961,
    "epoch59": 22.319852828979492,
    "epoch60": 22.617420196533203,
    "epoch61": 22.4147891998291,
    "epoch62": 22.303831100463867,
    "epoch63": 22.503952026367188,
    "epoch64": 22.407241821289062,
    "epoch65": 22.28266143798828,
    "epoch66": 22.365524291992188,
    "epoch67": 22.209007263183594,
    "epoch68": 22.090961456298828,
    "epoch69": 22.160198211669922,
    "epoch70": 22.21245002746582,
    "epoch71": 22.152360916137695,
    "epoch72": 21.99256134033203,
    "epoch73": 22.126794815063477,
    "epoch74": 22.166250228881836,
    "epoch75": 21.882646560668945,
    "epoch76": 22.00835418701172,
    "epoch77": 21.92811393737793,
    "epoch78": 21.865304946899414,
    "epoch79": 22.077465057373047,
    "epoch80": 21.87796974182129,
    "epoch81": 21.8067569732666,
    "epoch82": 21.946020126342773,
    "epoch83": 21.953340530395508,
    "epoch84": 21.709877014160156,
    "epoch85": 21.953445434570312,
    "epoch86": 21.730249404907227,
    "epoch87": 21.820453643798828,
    "epoch88": 21.742761611938477,
    "epoch89": 21.913076400756836,
    "epoch90": 21.815540313720703,
    "epoch91": 21.536907196044922,
    "epoch92": 21.617990493774414,
    "epoch93": 21.721731185913086,
    "epoch94": 21.6042537689209,
    "epoch95": 21.524812698364258,
    "epoch96": 21.469249725341797,
    "epoch97": 21.4678955078125,
    "epoch98": 21.44097137451172,
    "epoch99": 21.682180404663086,
    "epoch100": 21.520736694335938
}