{
    "epoch1": 0.29069941449286874,
    "epoch2": 0.3938373176972749,
    "epoch3": 0.4291683919966094,
    "epoch4": 0.45389717552008657,
    "epoch5": 0.4782616568050151,
    "epoch6": 0.4948316789956998,
    "epoch7": 0.5092592184731701,
    "epoch8": 0.5195707318339267,
    "epoch9": 0.5385002160885695,
    "epoch10": 0.5502163457559116,
    "epoch11": 0.5577721548741306,
    "epoch12": 0.5697836535317558,
    "epoch13": 0.5810115216637471,
    "epoch14": 0.5866349247345792,
    "epoch15": 0.5937234977605754,
    "epoch16": 0.6061055977652068,
    "epoch17": 0.6180464953247672,
    "epoch18": 0.6267278976341301,
    "epoch19": 0.6331421424712199,
    "epoch20": 0.6423655899285253
}