{
    "epoch1": 0.02828208077698946,
    "epoch2": 0.020725882922609646,
    "epoch3": 0.014682754330957929,
    "epoch4": 0.010395058974002799,
    "epoch5": 0.007842816412448883,
    "epoch6": 0.006180800885582964,
    "epoch7": 0.005124960929000129,
    "epoch8": 0.00440727302338928,
    "epoch9": 0.0038735204143449664,
    "epoch10": 0.003250828265057256,
    "epoch11": 0.0027794114818486073,
    "epoch12": 0.0023558182001579553,
    "epoch13": 0.0019921362691093236,
    "epoch14": 0.0016782541836922367,
    "epoch15": 0.001422275265213102,
    "epoch16": 0.0011836745203860726,
    "epoch17": 0.00100217956060078,
    "epoch18": 0.0008483939794435477,
    "epoch19": 0.0007174788042902946,
    "epoch20": 0.0006369660962567044,
    "epoch21": 0.0005564296491987383,
    "epoch22": 0.0004972626290206487,
    "epoch23": 0.00043844321771757677,
    "epoch24": 0.0003929941097643071,
    "epoch25": 0.0003609101113397628,
    "epoch26": 0.00032774880188905325,
    "epoch27": 0.000308152447056879,
    "epoch28": 0.0003062216237594839,
    "epoch29": 0.00029409867177794996,
    "epoch30": 0.000241762914811261
}