{
    "epoch1": 112.9625390625,
    "epoch2": 78.5114208984375,
    "epoch3": 69.9152392578125,
    "epoch4": 63.5296533203125,
    "epoch5": 58.7872802734375,
    "epoch6": 57.217685546875,
    "epoch7": 55.0290234375,
    "epoch8": 53.7841748046875,
    "epoch9": 52.30216796875,
    "epoch10": 50.47556640625,
    "epoch11": 48.01162109375,
    "epoch12": 46.2876708984375,
    "epoch13": 44.022548828125,
    "epoch14": 42.409853515625,
    "epoch15": 40.429814453125,
    "epoch16": 38.53382080078125,
    "epoch17": 37.3823828125,
    "epoch18": 36.085078125,
    "epoch19": 34.4261767578125,
    "epoch20": 33.4409814453125,
    "epoch21": 32.51985595703125,
    "epoch22": 31.66736328125,
    "epoch23": 31.159375,
    "epoch24": 30.3050830078125,
    "epoch25": 29.7195263671875,
    "epoch26": 28.85322998046875,
    "epoch27": 28.4790380859375,
    "epoch28": 28.19109130859375,
    "epoch29": 28.04246337890625,
    "epoch30": 27.72951416015625
}