{
    "epoch1": 0.07031548271576564,
    "epoch2": 0.06019518400231997,
    "epoch3": 0.0522176076968511,
    "epoch4": 0.045843775694568954,
    "epoch5": 0.04101496376097202,
    "epoch6": 0.03735702857375145,
    "epoch7": 0.03484665726621946,
    "epoch8": 0.0331594372789065,
    "epoch9": 0.03195294365286827,
    "epoch10": 0.030988068630297978,
    "epoch11": 0.030029526601235073,
    "epoch12": 0.029043129955728848,
    "epoch13": 0.02802569419145584,
    "epoch14": 0.027057519803444546,
    "epoch15": 0.026116314033667248,
    "epoch16": 0.025145459299286205,
    "epoch17": 0.024235252911845844,
    "epoch18": 0.023281290506323177,
    "epoch19": 0.02236818087597688,
    "epoch20": 0.021468232075373333,
    "epoch21": 0.020524210607012112,
    "epoch22": 0.019580369194348652,
    "epoch23": 0.018697904733320076,
    "epoch24": 0.017727462574839592,
    "epoch25": 0.01684492112447818,
    "epoch26": 0.016013010094563167,
    "epoch27": 0.015212098446985086,
    "epoch28": 0.014397426197926203,
    "epoch29": 0.013650308984021345,
    "epoch30": 0.012867441090444723
}