{
    "epoch1": 128.50008138020834,
    "epoch2": 110.11419677734375,
    "epoch3": 100.1365966796875,
    "epoch4": 92.88209025065105,
    "epoch5": 88.81022135416667,
    "epoch6": 86.12583414713542,
    "epoch7": 84.36260986328125,
    "epoch8": 83.12411499023438,
    "epoch9": 82.2391357421875,
    "epoch10": 81.56254069010417,
    "epoch11": 80.93810017903645,
    "epoch12": 80.23819478352864,
    "epoch13": 79.38675944010417,
    "epoch14": 78.5613301595052,
    "epoch15": 77.75462849934895,
    "epoch16": 76.90176391601562,
    "epoch17": 76.12069702148438,
    "epoch18": 75.09768676757812,
    "epoch19": 74.11520385742188,
    "epoch20": 73.1748555501302,
    "epoch21": 71.892333984375,
    "epoch22": 70.73157755533855,
    "epoch23": 69.92083740234375,
    "epoch24": 68.26547241210938,
    "epoch25": 66.93878173828125,
    "epoch26": 65.737548828125,
    "epoch27": 64.85439046223958,
    "epoch28": 63.33126322428385,
    "epoch29": 62.326985677083336,
    "epoch30": 60.676737467447914
}