{
    "epoch1": 158.32587687174478,
    "epoch2": 123.18274943033855,
    "epoch3": 105.98284912109375,
    "epoch4": 96.421875,
    "epoch5": 89.28727213541667,
    "epoch6": 85.08780415852864,
    "epoch7": 83.82981363932292,
    "epoch8": 81.35531616210938,
    "epoch9": 81.47326151529948,
    "epoch10": 81.06343078613281,
    "epoch11": 81.03578694661458,
    "epoch12": 79.9174092610677,
    "epoch13": 79.09352111816406,
    "epoch14": 77.9491475423177,
    "epoch15": 77.2442118326823,
    "epoch16": 75.78966776529948,
    "epoch17": 75.86307271321614,
    "epoch18": 74.60912577311198,
    "epoch19": 73.87858072916667,
    "epoch20": 72.40748596191406,
    "epoch21": 71.00477600097656,
    "epoch22": 70.20102437337239,
    "epoch23": 69.2399190266927,
    "epoch24": 68.93808492024739,
    "epoch25": 66.9730733235677,
    "epoch26": 65.51556396484375,
    "epoch27": 64.81627909342448,
    "epoch28": 63.38948059082031,
    "epoch29": 62.278656005859375,
    "epoch30": 60.29017639160156
}