{
    "epoch1": 0.030888001890258587,
    "epoch2": 0.019772391647417495,
    "epoch3": 0.018146503478922743,
    "epoch4": 0.017425466764797556,
    "epoch5": 0.01726168120636585,
    "epoch6": 0.016184354359482196,
    "epoch7": 0.015703052222887252,
    "epoch8": 0.0154246292770543,
    "epoch9": 0.015152360183840736,
    "epoch10": 0.014873704645148617,
    "epoch11": 0.01502997765040144,
    "epoch12": 0.014517665553362445,
    "epoch13": 0.014290141882969344,
    "epoch14": 0.014160737553809552,
    "epoch15": 0.014100923113762698,
    "epoch16": 0.014064451461618251,
    "epoch17": 0.013804720298565448,
    "epoch18": 0.014028845850299013,
    "epoch19": 0.013529806417670655,
    "epoch20": 0.013792253743381576,
    "epoch21": 0.013428546091977587,
    "epoch22": 0.013314055883266191,
    "epoch23": 0.013457875015174455,
    "epoch24": 0.013321184384775288,
    "epoch25": 0.01315053800081319,
    "epoch26": 0.01338283050844961,
    "epoch27": 0.012978943857423802,
    "epoch28": 0.013209688606018082,
    "epoch29": 0.012888088406241954,
    "epoch30": 0.012830627636310267,
    "epoch31": 0.012902527918761715,
    "epoch32": 0.012950434131508178,
    "epoch33": 0.013147086113136499,
    "epoch34": 0.012845146806633219,
    "epoch35": 0.012829870104472688,
    "epoch36": 0.012634715669728975,
    "epoch37": 0.012752578811759644,
    "epoch38": 0.013368963115313586,
    "epoch39": 0.0125838124609374,
    "epoch40": 0.012582896435831456,
    "epoch41": 0.012694055115447399,
    "epoch42": 0.013143591741298108,
    "epoch43": 0.01290987635110604,
    "epoch44": 0.012518368294819239,
    "epoch45": 0.012361372117587227,
    "epoch46": 0.012355318411867669,
    "epoch47": 0.012467317639830265,
    "epoch48": 0.012280480292169972,
    "epoch49": 0.012373909661348196,
    "epoch50": 0.012305925134569407,
    "epoch51": 0.01439914289624133,
    "epoch52": 0.012232551351189613,
    "epoch53": 0.012167787397319966,
    "epoch54": 0.012308014556765556,
    "epoch55": 0.012258829608401085,
    "epoch56": 0.013169492594897747,
    "epoch57": 0.012208577067135497,
    "epoch58": 0.012454618065756685,
    "epoch59": 0.012495246091659399,
    "epoch60": 0.012135457178141842,
    "epoch61": 0.012025111018026129,
    "epoch62": 0.012072638083407854,
    "epoch63": 0.012033448683375374,
    "epoch64": 0.012640583953087,
    "epoch65": 0.012203706547300866,
    "epoch66": 0.011987449581477237,
    "epoch67": 0.01229981399398852,
    "epoch68": 0.01186853861238094,
    "epoch69": 0.012119102727701055,
    "epoch70": 0.01201072364966286,
    "epoch71": 0.011985006861071637,
    "epoch72": 0.011966091124935354,
    "epoch73": 0.011884873732924461,
    "epoch74": 0.011806766344036193,
    "epoch75": 0.011913908407726187,
    "epoch76": 0.012053159858159562,
    "epoch77": 0.01257520612884075,
    "epoch78": 0.01183841950161026,
    "epoch79": 0.011865855372966604,
    "epoch80": 0.011753176675832018,
    "epoch81": 0.011713815823276626,
    "epoch82": 0.012037674747803744,
    "epoch83": 0.011964218582006846,
    "epoch84": 0.011843089311522371,
    "epoch85": 0.011717021891332053,
    "epoch86": 0.012325747156555348,
    "epoch87": 0.01169264329438831,
    "epoch88": 0.011862437201148652,
    "epoch89": 0.011697872076183558,
    "epoch90": 0.011617936154312275,
    "epoch91": 0.011732542164068906,
    "epoch92": 0.011600865833857592,
    "epoch93": 0.011849567294120789,
    "epoch94": 0.011753071010350547,
    "epoch95": 0.012288070392814722,
    "epoch96": 0.012009780318971644,
    "epoch97": 0.011483224217799749,
    "epoch98": 0.011804176781802102,
    "epoch99": 0.011498227200292527,
    "epoch100": 0.011851822561089029
}