{
    "epoch1": 92.68656302787163,
    "epoch2": 79.53365841427365,
    "epoch3": 77.64066459037163,
    "epoch4": 75.08771906672297,
    "epoch5": 72.84537320523648,
    "epoch6": 69.49155405405405,
    "epoch7": 66.64412874788852,
    "epoch8": 63.9381664379223,
    "epoch9": 63.874221389358105,
    "epoch10": 63.20773727829392,
    "epoch11": 62.568135029560814,
    "epoch12": 61.292652027027025,
    "epoch13": 59.5951488597973,
    "epoch14": 58.252434807854726,
    "epoch15": 56.981141786317565,
    "epoch16": 55.951204866976354,
    "epoch17": 55.19455038534628,
    "epoch18": 54.50818201013514,
    "epoch19": 53.655550570101354,
    "epoch20": 52.78944520692568,
    "epoch21": 52.456305426520274,
    "epoch22": 51.7298583984375,
    "epoch23": 50.450149123733105,
    "epoch24": 50.69731841216216,
    "epoch25": 49.4203540698902,
    "epoch26": 49.039306640625,
    "epoch27": 48.0723975929054,
    "epoch28": 47.27270837732264,
    "epoch29": 46.314730257601354,
    "epoch30": 45.82104822107264
}