{
    "epoch1": 125.9723046875,
    "epoch2": 104.0837890625,
    "epoch3": 94.10537109375,
    "epoch4": 91.466552734375,
    "epoch5": 89.930859375,
    "epoch6": 88.96986328125,
    "epoch7": 88.178095703125,
    "epoch8": 87.3028125,
    "epoch9": 86.522978515625,
    "epoch10": 85.79193359375,
    "epoch11": 85.0519921875,
    "epoch12": 84.939189453125,
    "epoch13": 84.00140625,
    "epoch14": 83.60794921875,
    "epoch15": 83.061650390625,
    "epoch16": 83.057353515625,
    "epoch17": 82.395927734375,
    "epoch18": 82.320673828125,
    "epoch19": 81.712421875,
    "epoch20": 81.2019580078125,
    "epoch21": 81.7134619140625,
    "epoch22": 80.9241455078125,
    "epoch23": 81.0144384765625,
    "epoch24": 80.6069921875,
    "epoch25": 80.3998681640625,
    "epoch26": 80.689921875,
    "epoch27": 79.793271484375,
    "epoch28": 80.416513671875,
    "epoch29": 79.4361865234375,
    "epoch30": 80.0073095703125
}