{
    "epoch1": 0.03365496942593205,
    "epoch2": 0.02414316744092972,
    "epoch3": 0.01510233426045987,
    "epoch4": 0.009688100642374447,
    "epoch5": 0.007213868771589572,
    "epoch6": 0.005438909918490437,
    "epoch7": 0.004168703566275297,
    "epoch8": 0.003229664172977209,
    "epoch9": 0.0025443144090053055,
    "epoch10": 0.002020898481620656,
    "epoch11": 0.0016274957170319413,
    "epoch12": 0.0013388264304657856,
    "epoch13": 0.0011368191185136957,
    "epoch14": 0.0009452846734934757,
    "epoch15": 0.0008228023728025296,
    "epoch16": 0.0007180970297345231,
    "epoch17": 0.0006325465106901022,
    "epoch18": 0.0005643782445282165,
    "epoch19": 0.0005048469944496549,
    "epoch20": 0.0004932973355490474,
    "epoch21": 0.00041402177462699795,
    "epoch22": 0.00037639640222844335,
    "epoch23": 0.00034149737151775267,
    "epoch24": 0.0003148869366287404,
    "epoch25": 0.00029155091268025457,
    "epoch26": 0.0002672101620719918,
    "epoch27": 0.0002529842341544047,
    "epoch28": 0.00024234709769277083,
    "epoch29": 0.00022826573178697857,
    "epoch30": 0.00022288790017726921
}