{
    "epoch1": 0.03242640053996673,
    "epoch2": 0.02775119932798239,
    "epoch3": 0.023070388187009554,
    "epoch4": 0.018847989849746227,
    "epoch5": 0.015651200897991657,
    "epoch6": 0.013832038555007715,
    "epoch7": 0.0133786450068538,
    "epoch8": 0.012670039485853452,
    "epoch9": 0.012376318864810925,
    "epoch10": 0.012375944759696722,
    "epoch11": 0.011931358657490749,
    "epoch12": 0.011708454372218022,
    "epoch13": 0.011605560815391632,
    "epoch14": 0.011735801298457842,
    "epoch15": 0.011269226921005892,
    "epoch16": 0.011130990818716012,
    "epoch17": 0.01129131717607379,
    "epoch18": 0.01088299652418265,
    "epoch19": 0.010794929407823544,
    "epoch20": 0.01068152512352054,
    "epoch21": 0.010614583197121438,
    "epoch22": 0.01046442437487153,
    "epoch23": 0.01040925533295824,
    "epoch24": 0.010348727317670217,
    "epoch25": 0.010364257300702425,
    "epoch26": 0.01020580125399507,
    "epoch27": 0.010016619657667784,
    "epoch28": 0.009956361905026894,
    "epoch29": 0.010044499586981077,
    "epoch30": 0.010116408077570109,
    "epoch31": 0.009732473498353591,
    "epoch32": 0.009706985420332504,
    "epoch33": 0.009600772880590878,
    "epoch34": 0.009619359894154163,
    "epoch35": 0.009507672753758155,
    "epoch36": 0.009561138729063364,
    "epoch37": 0.00939053322116916,
    "epoch38": 0.009285227861255407,
    "epoch39": 0.009278825126015224,
    "epoch40": 0.009314121965032358,
    "epoch41": 0.009465046728459688,
    "epoch42": 0.009136264212429523,
    "epoch43": 0.009142695173907738,
    "epoch44": 0.009081079123111872,
    "epoch45": 0.009135793375137907,
    "epoch46": 0.008990140703435127,
    "epoch47": 0.00896156165533914,
    "epoch48": 0.008887008656389438,
    "epoch49": 0.009029788985991707,
    "epoch50": 0.008946684618981985,
    "epoch51": 0.008964971281014956,
    "epoch52": 0.008892572413270291,
    "epoch53": 0.008742370875552297,
    "epoch54": 0.008751830659233607,
    "epoch55": 0.008704181062057614,
    "epoch56": 0.008663157413068872,
    "epoch57": 0.00869972131644877,
    "epoch58": 0.008583778622918405,
    "epoch59": 0.008563882742936794,
    "epoch60": 0.008588321471156983,
    "epoch61": 0.008639780822424935,
    "epoch62": 0.008505655685439706,
    "epoch63": 0.008696232420893816,
    "epoch64": 0.008417974745568175,
    "epoch65": 0.008502987750734273,
    "epoch66": 0.00843973017226045,
    "epoch67": 0.008464327547699213,
    "epoch68": 0.00836103198190148,
    "epoch69": 0.00860563119371923,
    "epoch70": 0.008355004874129709,
    "epoch71": 0.0085186602261204,
    "epoch72": 0.008335474771089278,
    "epoch73": 0.008242518712694828,
    "epoch74": 0.00824235388650917,
    "epoch75": 0.008228168088512925,
    "epoch76": 0.008443790308844585,
    "epoch77": 0.008284597299419917,
    "epoch78": 0.008206775770164453,
    "epoch79": 0.008253001607954502,
    "epoch80": 0.008179274889139028,
    "epoch81": 0.008212835921977576,
    "epoch82": 0.00808028128141394,
    "epoch83": 0.008128174706003986,
    "epoch84": 0.008261044420158634,
    "epoch85": 0.008171288529410958,
    "epoch86": 0.008090954094838638,
    "epoch87": 0.008112367636595782,
    "epoch88": 0.008055648336616846,
    "epoch89": 0.00808973889797926,
    "epoch90": 0.008459903084887909,
    "epoch91": 0.008222768692156443,
    "epoch92": 0.008006759453564882,
    "epoch93": 0.008414423666321315,
    "epoch94": 0.008011586193998273,
    "epoch95": 0.007915105097568952,
    "epoch96": 0.007984948380348774,
    "epoch97": 0.008127549716916222,
    "epoch98": 0.00791554025804194,
    "epoch99": 0.007922231273439068,
    "epoch100": 0.008005126558530789
}