{
    "epoch1": 65.5259765625,
    "epoch2": 51.55796875,
    "epoch3": 48.00447265625,
    "epoch4": 43.4243115234375,
    "epoch5": 38.82138427734375,
    "epoch6": 34.74832763671875,
    "epoch7": 32.66387451171875,
    "epoch8": 31.94078857421875,
    "epoch9": 30.87050537109375,
    "epoch10": 30.3313671875,
    "epoch11": 29.5874658203125,
    "epoch12": 29.33479736328125,
    "epoch13": 28.98312744140625,
    "epoch14": 28.7838232421875,
    "epoch15": 28.34411376953125,
    "epoch16": 27.8762353515625,
    "epoch17": 27.66572998046875,
    "epoch18": 27.5378466796875,
    "epoch19": 27.27227294921875,
    "epoch20": 26.8996728515625,
    "epoch21": 27.14123291015625,
    "epoch22": 26.947890625,
    "epoch23": 26.54468994140625,
    "epoch24": 26.69650146484375,
    "epoch25": 26.34058837890625,
    "epoch26": 26.54229248046875,
    "epoch27": 26.0234033203125,
    "epoch28": 25.87901123046875,
    "epoch29": 25.62233154296875,
    "epoch30": 25.63603271484375,
    "epoch31": 25.36106689453125,
    "epoch32": 25.36943359375,
    "epoch33": 25.2113134765625,
    "epoch34": 25.17076416015625,
    "epoch35": 24.783349609375,
    "epoch36": 24.8310888671875,
    "epoch37": 24.60038818359375,
    "epoch38": 24.67228515625,
    "epoch39": 24.34716552734375,
    "epoch40": 24.38594970703125,
    "epoch41": 24.599453125,
    "epoch42": 24.29162109375,
    "epoch43": 24.1193994140625,
    "epoch44": 24.05958984375,
    "epoch45": 24.0487646484375,
    "epoch46": 24.25009521484375,
    "epoch47": 23.7598779296875,
    "epoch48": 23.9225732421875,
    "epoch49": 23.8209765625,
    "epoch50": 23.84673095703125,
    "epoch51": 23.6796337890625,
    "epoch52": 23.63544189453125,
    "epoch53": 23.8477392578125,
    "epoch54": 23.6537890625,
    "epoch55": 23.452685546875,
    "epoch56": 23.306376953125,
    "epoch57": 23.4376171875,
    "epoch58": 23.249716796875,
    "epoch59": 23.36126708984375,
    "epoch60": 23.43250244140625,
    "epoch61": 23.13395751953125,
    "epoch62": 23.15588623046875,
    "epoch63": 23.287529296875,
    "epoch64": 23.41108642578125,
    "epoch65": 22.94791015625,
    "epoch66": 23.01507080078125,
    "epoch67": 22.9825341796875,
    "epoch68": 23.106142578125,
    "epoch69": 22.96214111328125,
    "epoch70": 22.78550048828125,
    "epoch71": 22.8268701171875,
    "epoch72": 22.77887939453125,
    "epoch73": 22.49453125,
    "epoch74": 22.7700439453125,
    "epoch75": 22.57168701171875,
    "epoch76": 22.4405322265625,
    "epoch77": 22.7961279296875,
    "epoch78": 22.4769970703125,
    "epoch79": 22.42951416015625,
    "epoch80": 22.16527099609375,
    "epoch81": 22.77527099609375,
    "epoch82": 22.1441943359375,
    "epoch83": 22.4368701171875,
    "epoch84": 22.25621826171875,
    "epoch85": 22.33366455078125,
    "epoch86": 22.22765869140625,
    "epoch87": 22.25665771484375,
    "epoch88": 21.9643115234375,
    "epoch89": 22.277138671875,
    "epoch90": 22.09813720703125,
    "epoch91": 22.4192626953125,
    "epoch92": 21.943974609375,
    "epoch93": 22.02783447265625,
    "epoch94": 21.79513427734375,
    "epoch95": 21.89873291015625,
    "epoch96": 21.96174560546875,
    "epoch97": 21.881376953125,
    "epoch98": 22.367607421875,
    "epoch99": 21.5478466796875,
    "epoch100": 21.5657373046875
}