{
    "epoch1": 51.85233248197115,
    "epoch2": 48.37220177283654,
    "epoch3": 43.98712158203125,
    "epoch4": 39.95392315204327,
    "epoch5": 35.14947275015024,
    "epoch6": 33.445056621844955,
    "epoch7": 33.33924983097957,
    "epoch8": 31.18048799954928,
    "epoch9": 29.901705228365383,
    "epoch10": 29.539215087890625,
    "epoch11": 29.27747521033654,
    "epoch12": 28.641920823317307,
    "epoch13": 28.33289747971755,
    "epoch14": 28.174208420973557,
    "epoch15": 27.754678579477165,
    "epoch16": 27.700899564302883,
    "epoch17": 27.3747065617488,
    "epoch18": 27.232863206129807,
    "epoch19": 27.033428485576923,
    "epoch20": 27.21118633563702,
    "epoch21": 27.733975923978367,
    "epoch22": 27.19495098407452,
    "epoch23": 26.91907442533053,
    "epoch24": 27.305689885066105,
    "epoch25": 27.417877197265625,
    "epoch26": 26.340414193960335,
    "epoch27": 26.45318603515625,
    "epoch28": 26.397010216346153,
    "epoch29": 26.02618408203125,
    "epoch30": 25.833226130558895,
    "epoch31": 25.81963876577524,
    "epoch32": 25.41804621769832,
    "epoch33": 25.534017709585335,
    "epoch34": 25.488323505108173,
    "epoch35": 25.582479623647835,
    "epoch36": 25.18968787560096,
    "epoch37": 25.175192025991585,
    "epoch38": 25.00921630859375,
    "epoch39": 24.986187274639423,
    "epoch40": 24.83880615234375,
    "epoch41": 25.287696251502403,
    "epoch42": 24.61138446514423,
    "epoch43": 24.594334528996395,
    "epoch44": 24.945894681490383,
    "epoch45": 24.50410578801082,
    "epoch46": 24.659344012920673,
    "epoch47": 24.28846858097957,
    "epoch48": 24.43818781926082,
    "epoch49": 24.534522423377403,
    "epoch50": 24.20813223031851,
    "epoch51": 24.255582369290867,
    "epoch52": 24.479147104116585,
    "epoch53": 24.080829326923077,
    "epoch54": 24.306537334735577,
    "epoch55": 23.939119779146633,
    "epoch56": 24.017120361328125,
    "epoch57": 24.154587965745193,
    "epoch58": 23.775735708383415,
    "epoch59": 23.86534940279447,
    "epoch60": 24.196495643028847,
    "epoch61": 23.702716533954327,
    "epoch62": 23.85297335111178,
    "epoch63": 24.770047701322117,
    "epoch64": 23.70081740159255,
    "epoch65": 24.20530583308293,
    "epoch66": 23.60975764347957,
    "epoch67": 23.918503981370193,
    "epoch68": 23.53998506986178,
    "epoch69": 24.00852848933293,
    "epoch70": 23.77350323016827,
    "epoch71": 24.393096923828125,
    "epoch72": 23.270094651442307,
    "epoch73": 23.24077899639423,
    "epoch74": 23.310389592097355,
    "epoch75": 23.085538423978367,
    "epoch76": 24.34654118464543,
    "epoch77": 23.263958270733173,
    "epoch78": 23.040621243990383,
    "epoch79": 22.822662353515625,
    "epoch80": 22.97767756535457,
    "epoch81": 23.45514855018029,
    "epoch82": 22.786832369290867,
    "epoch83": 23.216458834134617,
    "epoch84": 23.312279334435097,
    "epoch85": 22.802955040564903,
    "epoch86": 22.61756544846755,
    "epoch87": 22.930577204777645,
    "epoch88": 22.373624361478367,
    "epoch89": 22.76366483248197,
    "epoch90": 23.42854426457332,
    "epoch91": 22.477008526141827,
    "epoch92": 22.684128981370193,
    "epoch93": 24.014185978816105,
    "epoch94": 22.350128173828125,
    "epoch95": 22.620523306039665,
    "epoch96": 22.61389629657452,
    "epoch97": 22.21051260141226,
    "epoch98": 22.539217435396633,
    "epoch99": 22.086273193359375,
    "epoch100": 22.3422358586238
}