{
    "epoch1": 0.032113393411991445,
    "epoch2": 0.01989062320678792,
    "epoch3": 0.018572395211680137,
    "epoch4": 0.017325534623988132,
    "epoch5": 0.016745238723431494,
    "epoch6": 0.016771844370251008,
    "epoch7": 0.015722654997668367,
    "epoch8": 0.015402088050750341,
    "epoch9": 0.015114666250078602,
    "epoch10": 0.014945682425527497,
    "epoch11": 0.014756789094114557,
    "epoch12": 0.014215634253985704,
    "epoch13": 0.014776319552688523,
    "epoch14": 0.013882872044168253,
    "epoch15": 0.013838998051954711,
    "epoch16": 0.013796506499118627,
    "epoch17": 0.013430070250909379,
    "epoch18": 0.013361910467055883,
    "epoch19": 0.013349185123088513,
    "epoch20": 0.013252675325233252,
    "epoch21": 0.013142819555991508,
    "epoch22": 0.013080113537688839,
    "epoch23": 0.013052130385519976,
    "epoch24": 0.01310734180337254,
    "epoch25": 0.012866557298347037,
    "epoch26": 0.012853837948530279,
    "epoch27": 0.013039177135029372,
    "epoch28": 0.012787810873557279,
    "epoch29": 0.014295173838655365,
    "epoch30": 0.012595503155062807,
    "epoch31": 0.01292332193437726,
    "epoch32": 0.0125007474537384,
    "epoch33": 0.012494379892311197,
    "epoch34": 0.012487535176679809,
    "epoch35": 0.01340960931191419,
    "epoch36": 0.012403320095085718,
    "epoch37": 0.012788234982005459,
    "epoch38": 0.012339139565270631,
    "epoch39": 0.012290569626666765,
    "epoch40": 0.012364794995556486,
    "epoch41": 0.012632105202275389,
    "epoch42": 0.012434284232477558,
    "epoch43": 0.012142829091704272,
    "epoch44": 0.012108904487909154,
    "epoch45": 0.01209978383787452,
    "epoch46": 0.012055022215985872,
    "epoch47": 0.012058225589150444,
    "epoch48": 0.011963015610471051,
    "epoch49": 0.012031250157730376,
    "epoch50": 0.011994324168784822,
    "epoch51": 0.012171710395511794,
    "epoch52": 0.012537649168850893,
    "epoch53": 0.012033534038098568,
    "epoch54": 0.01223933312328572,
    "epoch55": 0.012407938266133374,
    "epoch56": 0.01195785393343961,
    "epoch57": 0.011787643418350119,
    "epoch58": 0.01186874064993351,
    "epoch59": 0.012475935187428556,
    "epoch60": 0.011782132554799318,
    "epoch61": 0.012233992097304856,
    "epoch62": 0.01175312354090683,
    "epoch63": 0.012159278755016784,
    "epoch64": 0.011951444502127297,
    "epoch65": 0.011972556732832752,
    "epoch66": 0.011604588776034243,
    "epoch67": 0.01213655071927512,
    "epoch68": 0.011630119567618091,
    "epoch69": 0.011928835071306279,
    "epoch70": 0.011668544688678168,
    "epoch71": 0.011825252938619319,
    "epoch72": 0.011790706716636394,
    "epoch73": 0.011626783570155818,
    "epoch74": 0.011627895202725492,
    "epoch75": 0.01169853505896444,
    "epoch76": 0.011584121416857902,
    "epoch77": 0.011594803567896498,
    "epoch78": 0.011644132603752487,
    "epoch79": 0.012101562782884278,
    "epoch80": 0.011558625292270742,
    "epoch81": 0.01169892180552508,
    "epoch82": 0.011527128586981525,
    "epoch83": 0.011361565688585347,
    "epoch84": 0.01143639089856693,
    "epoch85": 0.0116053853144354,
    "epoch86": 0.01161648944376948,
    "epoch87": 0.011945497512104029,
    "epoch88": 0.012091124648267918,
    "epoch89": 0.012013847414562677,
    "epoch90": 0.011745515527164048,
    "epoch91": 0.011256002712043677,
    "epoch92": 0.011382493903820819,
    "epoch93": 0.011365572515716578,
    "epoch94": 0.01123953433311049,
    "epoch95": 0.011229107057319042,
    "epoch96": 0.011427066477134507,
    "epoch97": 0.011564963507129157,
    "epoch98": 0.011420014571953328,
    "epoch99": 0.012290626754389798,
    "epoch100": 0.01127842685921078
}