{
    "epoch1": 77.76296983006912,
    "epoch2": 54.24385260656682,
    "epoch3": 47.23991485455069,
    "epoch4": 41.68609591013825,
    "epoch5": 36.480678013392854,
    "epoch6": 32.49320681523618,
    "epoch7": 29.39757794498848,
    "epoch8": 27.468185213853687,
    "epoch9": 25.82901155673963,
    "epoch10": 24.75531484014977,
    "epoch11": 23.640845514112904,
    "epoch12": 22.601314984158986,
    "epoch13": 21.60748262888825,
    "epoch14": 20.634468605990783,
    "epoch15": 20.43152586765553,
    "epoch16": 19.521497875864057,
    "epoch17": 18.91290817612327,
    "epoch18": 18.557697067612327,
    "epoch19": 17.59268005652362,
    "epoch20": 17.442130796370968,
    "epoch21": 16.877458282330068,
    "epoch22": 16.228665259576612,
    "epoch23": 16.04955492151498,
    "epoch24": 15.90718493483583,
    "epoch25": 15.587918751800116,
    "epoch26": 15.4127439156106,
    "epoch27": 14.957449776785714,
    "epoch28": 14.849672379032258,
    "epoch29": 14.910222629248272,
    "epoch30": 14.688769081221198
}