{
    "epoch1": 58.942685727719905,
    "epoch2": 51.89967628761574,
    "epoch3": 44.14519133391204,
    "epoch4": 38.840567129629626,
    "epoch5": 33.760800962094905,
    "epoch6": 30.369902434172452,
    "epoch7": 27.684922960069443,
    "epoch8": 25.811659071180557,
    "epoch9": 24.765638563368057,
    "epoch10": 23.77151828342014,
    "epoch11": 22.452372233072918,
    "epoch12": 22.1973876953125,
    "epoch13": 20.682628490306712,
    "epoch14": 20.621265552662038,
    "epoch15": 19.67425311053241,
    "epoch16": 19.437285246672452,
    "epoch17": 19.057212547019677,
    "epoch18": 17.753025761357062,
    "epoch19": 18.57859519675926,
    "epoch20": 17.490685356987846,
    "epoch21": 17.282354284215856,
    "epoch22": 16.122151692708332,
    "epoch23": 15.966167308666089,
    "epoch24": 15.399645770037615,
    "epoch25": 15.526888246889468,
    "epoch26": 15.051467330367476,
    "epoch27": 14.19807716652199,
    "epoch28": 14.118401421440971,
    "epoch29": 15.043058042173032,
    "epoch30": 13.423946804470486
}