{
    "epoch1": 0.2450920671125253,
    "epoch2": 0.5405888959070047,
    "epoch3": 0.7144777861833572,
    "epoch4": 0.7829031817317009,
    "epoch5": 0.8140523882110914,
    "epoch6": 0.8327888946135839,
    "epoch7": 0.8568555612961452,
    "epoch8": 0.8686777827541033,
    "epoch9": 0.8785238145192464,
    "epoch10": 0.8875000049670537,
    "epoch11": 0.8940650841196378,
    "epoch12": 0.9041888926227888,
    "epoch13": 0.8955095280806223,
    "epoch14": 0.9105888928174972,
    "epoch15": 0.9140238143404325,
    "epoch16": 0.9210555591583252,
    "epoch17": 0.9165190515915552,
    "epoch18": 0.9243333366711934,
    "epoch19": 0.9204444478750229,
    "epoch20": 0.9295111142794291,
    "epoch21": 0.9328222260872523,
    "epoch22": 0.9347222248713175,
    "epoch23": 0.9415809551874796,
    "epoch24": 0.9391777803897857,
    "epoch25": 0.9398444470564524,
    "epoch26": 0.9427555580933888,
    "epoch27": 0.9511000025272369,
    "epoch28": 0.949511112968127,
    "epoch29": 0.9558444466590882,
    "epoch30": 0.9551777799129486,
    "epoch31": 0.953577780286471,
    "epoch32": 0.9546444466908772,
    "epoch33": 0.9599904781182607,
    "epoch34": 0.9626222236951192,
    "epoch35": 0.9644000016848246,
    "epoch36": 0.9670666680335999,
    "epoch37": 0.9690444460709889,
    "epoch38": 0.9714317472775778,
    "epoch39": 0.9740444458325704,
    "epoch40": 0.9667777791023254,
    "epoch41": 0.9719111124277114,
    "epoch42": 0.9736000008583069,
    "epoch43": 0.9770000011920928,
    "epoch44": 0.9760888896783193,
    "epoch45": 0.9772000010013581,
    "epoch46": 0.9808000003496806,
    "epoch47": 0.9797777788639068,
    "epoch48": 0.982911111831665,
    "epoch49": 0.9865333343346914,
    "epoch50": 0.9833650805950165
}