{
    "epoch1": 0.00013544436240408686,
    "epoch2": 0.00013342991536774207,
    "epoch3": 0.00013196589694416616,
    "epoch4": 0.00013098413597617764,
    "epoch5": 0.00013024579697230366,
    "epoch6": 0.00012979686423932434,
    "epoch7": 0.00012949857136845822,
    "epoch8": 0.00012930891920404975,
    "epoch9": 0.00012920238186779897,
    "epoch10": 0.00012914380418806105,
    "epoch11": 0.00012912492122268304,
    "epoch12": 0.0001290954767318908,
    "epoch13": 0.0001291079188376898,
    "epoch14": 0.00012912290803797078,
    "epoch15": 0.0001291269448847743,
    "epoch16": 0.00012912986072478817,
    "epoch17": 0.0001290932453412097,
    "epoch18": 0.00012907809781609103,
    "epoch19": 0.0001290475451241946,
    "epoch20": 0.0001290479933231836,
    "epoch21": 0.0001290222336683655,
    "epoch22": 0.00012897137865365948,
    "epoch23": 0.00012894252453406806,
    "epoch24": 0.00012889806101156864,
    "epoch25": 0.00012887373894045594,
    "epoch26": 0.00012881759881565812,
    "epoch27": 0.00012877031520474702,
    "epoch28": 0.0001287650003359886,
    "epoch29": 0.0001287310803309083,
    "epoch30": 0.0001286626090586651
}