{
    "epoch1": 66.33521484375,
    "epoch2": 67.0060693359375,
    "epoch3": 67.895224609375,
    "epoch4": 68.82779296875,
    "epoch5": 69.821064453125,
    "epoch6": 70.6280029296875,
    "epoch7": 71.4128857421875,
    "epoch8": 72.1404833984375,
    "epoch9": 72.7607763671875,
    "epoch10": 73.2007666015625,
    "epoch11": 73.786025390625,
    "epoch12": 74.0218994140625,
    "epoch13": 74.3953271484375,
    "epoch14": 74.733740234375,
    "epoch15": 74.994541015625,
    "epoch16": 75.1999560546875,
    "epoch17": 75.2641796875,
    "epoch18": 75.3804736328125,
    "epoch19": 75.437294921875,
    "epoch20": 75.6076220703125,
    "epoch21": 75.662724609375,
    "epoch22": 75.659755859375,
    "epoch23": 75.7274951171875,
    "epoch24": 75.721376953125,
    "epoch25": 75.7957421875,
    "epoch26": 75.76015625,
    "epoch27": 75.7712109375,
    "epoch28": 75.890205078125,
    "epoch29": 75.9126708984375,
    "epoch30": 75.8404541015625
}