{
    "epoch1": 9.241949478109746e-06,
    "epoch2": 7.867508177696436e-06,
    "epoch3": 7.326446791921626e-06,
    "epoch4": 7.1166412042960776e-06,
    "epoch5": 7.016293831990576e-06,
    "epoch6": 6.964505849509806e-06,
    "epoch7": 6.922482549119498e-06,
    "epoch8": 6.880468052183157e-06,
    "epoch9": 7.024155839720455e-06,
    "epoch10": 6.8447168155974695e-06,
    "epoch11": 6.813485745927513e-06,
    "epoch12": 6.786750154181694e-06,
    "epoch13": 6.87669793508879e-06,
    "epoch14": 6.751529474513518e-06,
    "epoch15": 6.740549426694997e-06,
    "epoch16": 6.789065416569429e-06,
    "epoch17": 6.724086832036846e-06,
    "epoch18": 6.763066352580912e-06,
    "epoch19": 6.770750591461668e-06,
    "epoch20": 6.692950270083505e-06,
    "epoch21": 6.683188594479361e-06,
    "epoch22": 6.794836068972169e-06,
    "epoch23": 6.671561854697453e-06,
    "epoch24": 6.71306840414824e-06,
    "epoch25": 6.713480694240085e-06,
    "epoch26": 6.66040868206134e-06,
    "epoch27": 6.6561307050202835e-06,
    "epoch28": 6.680149093957273e-06,
    "epoch29": 6.687084332043014e-06,
    "epoch30": 6.633841397463887e-06
}