{
    "epoch1": 128.82601041666666,
    "epoch2": 115.29894791666666,
    "epoch3": 107.78667708333333,
    "epoch4": 103.65910416666667,
    "epoch5": 103.67369791666667,
    "epoch6": 101.24003125,
    "epoch7": 99.6790625,
    "epoch8": 99.3320625,
    "epoch9": 99.1271875,
    "epoch10": 97.05754166666667,
    "epoch11": 96.60564583333333,
    "epoch12": 96.61870833333333,
    "epoch13": 96.30342708333333,
    "epoch14": 96.38545833333333,
    "epoch15": 95.60375,
    "epoch16": 94.7545625,
    "epoch17": 95.591,
    "epoch18": 94.15167708333334,
    "epoch19": 94.29938541666667,
    "epoch20": 94.91421875,
    "epoch21": 93.56914583333334,
    "epoch22": 94.83255208333334,
    "epoch23": 93.31639583333333,
    "epoch24": 92.92319791666667,
    "epoch25": 92.89291666666666,
    "epoch26": 91.98165625,
    "epoch27": 91.74353125,
    "epoch28": 91.8716875,
    "epoch29": 92.10403125,
    "epoch30": 94.35973958333334
}