{
    "epoch1": 151.130171875,
    "epoch2": 124.2600546875,
    "epoch3": 115.37134375,
    "epoch4": 110.3412421875,
    "epoch5": 107.530453125,
    "epoch6": 105.634015625,
    "epoch7": 104.7044609375,
    "epoch8": 103.317125,
    "epoch9": 102.3512734375,
    "epoch10": 101.7829140625,
    "epoch11": 100.7509375,
    "epoch12": 100.2668515625,
    "epoch13": 99.7297890625,
    "epoch14": 99.525328125,
    "epoch15": 99.0624375,
    "epoch16": 98.211171875,
    "epoch17": 98.1130546875,
    "epoch18": 97.5554296875,
    "epoch19": 97.4718125,
    "epoch20": 96.7371484375,
    "epoch21": 96.8417890625,
    "epoch22": 96.4034765625,
    "epoch23": 96.2168046875,
    "epoch24": 96.100078125,
    "epoch25": 95.8582890625,
    "epoch26": 95.285984375,
    "epoch27": 95.753859375,
    "epoch28": 94.784859375,
    "epoch29": 94.746625,
    "epoch30": 94.8766328125
}