{
    "epoch1": 5492.03375,
    "epoch2": 3345.5625,
    "epoch3": 3162.534375,
    "epoch4": 2951.44,
    "epoch5": 2694.566875,
    "epoch6": 2420.6721875,
    "epoch7": 2204.7825,
    "epoch8": 2103.37359375,
    "epoch9": 2023.075,
    "epoch10": 1985.88578125,
    "epoch11": 1950.5865625,
    "epoch12": 1911.73625,
    "epoch13": 1888.17140625,
    "epoch14": 1864.1865625,
    "epoch15": 1850.42328125,
    "epoch16": 1820.05046875,
    "epoch17": 1826.801875,
    "epoch18": 1803.20859375,
    "epoch19": 1790.13625,
    "epoch20": 1761.91890625,
    "epoch21": 1762.504375,
    "epoch22": 1740.73375,
    "epoch23": 1751.92875,
    "epoch24": 1728.22640625,
    "epoch25": 1727.1425,
    "epoch26": 1685.89875,
    "epoch27": 1688.34375,
    "epoch28": 1677.87,
    "epoch29": 1671.00484375,
    "epoch30": 1662.1796875,
    "epoch31": 1660.99734375,
    "epoch32": 1636.8659375,
    "epoch33": 1627.3240625,
    "epoch34": 1619.24640625,
    "epoch35": 1616.9925,
    "epoch36": 1608.814375,
    "epoch37": 1584.43453125,
    "epoch38": 1579.3796875,
    "epoch39": 1571.4859375,
    "epoch40": 1567.2721875,
    "epoch41": 1554.010625,
    "epoch42": 1531.899375,
    "epoch43": 1536.4953125,
    "epoch44": 1523.70859375,
    "epoch45": 1542.5915625,
    "epoch46": 1525.0203125,
    "epoch47": 1517.96765625,
    "epoch48": 1499.01765625,
    "epoch49": 1513.66,
    "epoch50": 1493.4484375,
    "epoch51": 1480.829375,
    "epoch52": 1484.25984375,
    "epoch53": 1478.38421875,
    "epoch54": 1473.71609375,
    "epoch55": 1466.74421875,
    "epoch56": 1467.0671875,
    "epoch57": 1460.0103125,
    "epoch58": 1468.7459375,
    "epoch59": 1453.01703125,
    "epoch60": 1441.86578125,
    "epoch61": 1435.7990625,
    "epoch62": 1430.31765625,
    "epoch63": 1438.5484375,
    "epoch64": 1434.13734375,
    "epoch65": 1411.6671875,
    "epoch66": 1416.59765625,
    "epoch67": 1423.4303125,
    "epoch68": 1410.1490625,
    "epoch69": 1432.4596875,
    "epoch70": 1415.38140625,
    "epoch71": 1408.86484375,
    "epoch72": 1401.90296875,
    "epoch73": 1389.9996875,
    "epoch74": 1382.7646875,
    "epoch75": 1395.6371875,
    "epoch76": 1400.83421875,
    "epoch77": 1379.64734375,
    "epoch78": 1390.63734375,
    "epoch79": 1387.67125,
    "epoch80": 1411.8753125,
    "epoch81": 1400.05609375,
    "epoch82": 1364.4296875,
    "epoch83": 1359.31875,
    "epoch84": 1362.176875,
    "epoch85": 1376.40421875,
    "epoch86": 1352.98953125,
    "epoch87": 1371.864375,
    "epoch88": 1355.28953125,
    "epoch89": 1360.9590625,
    "epoch90": 1346.65625,
    "epoch91": 1351.80296875,
    "epoch92": 1367.10921875,
    "epoch93": 1335.7609375,
    "epoch94": 1352.39234375,
    "epoch95": 1363.53703125,
    "epoch96": 1346.28921875,
    "epoch97": 1330.4303125,
    "epoch98": 1358.0921875,
    "epoch99": 1338.30390625,
    "epoch100": 1359.6415625
}