{
    "epoch1": 195.84125,
    "epoch2": 182.868875,
    "epoch3": 167.50426041666665,
    "epoch4": 157.32107291666668,
    "epoch5": 151.65357291666666,
    "epoch6": 147.40833333333333,
    "epoch7": 143.61325,
    "epoch8": 139.813625,
    "epoch9": 136.21942708333333,
    "epoch10": 133.11405208333332,
    "epoch11": 130.374875,
    "epoch12": 127.586375,
    "epoch13": 125.23451041666667,
    "epoch14": 122.87865625,
    "epoch15": 121.15891666666667,
    "epoch16": 119.68630208333333,
    "epoch17": 117.98628125,
    "epoch18": 116.796875,
    "epoch19": 115.48252083333334,
    "epoch20": 114.72220833333333,
    "epoch21": 113.19879166666666,
    "epoch22": 112.09741666666666,
    "epoch23": 111.49102083333334,
    "epoch24": 110.43057291666666,
    "epoch25": 109.45653125,
    "epoch26": 108.6398125,
    "epoch27": 107.92626041666666,
    "epoch28": 107.24928125,
    "epoch29": 106.21186458333334,
    "epoch30": 105.68941666666667
}