{
    "epoch1": 0.02683809769223444,
    "epoch2": 0.022434909245930612,
    "epoch3": 0.02080529292288702,
    "epoch4": 0.019661316269775853,
    "epoch5": 0.019087789114564657,
    "epoch6": 0.018906852739746682,
    "epoch7": 0.01805788927595131,
    "epoch8": 0.017799647597712465,
    "epoch9": 0.018132898025214672,
    "epoch10": 0.01719671205501072,
    "epoch11": 0.01706145987554919,
    "epoch12": 0.016714772893465124,
    "epoch13": 0.016509188935742714,
    "epoch14": 0.016516643489012495,
    "epoch15": 0.016312825115164742,
    "epoch16": 0.016562031232751906,
    "epoch17": 0.01599812987842597,
    "epoch18": 0.01642145747609902,
    "epoch19": 0.015944098675390705,
    "epoch20": 0.01573477800411638,
    "epoch21": 0.015706033125752583,
    "epoch22": 0.015570153409498744,
    "epoch23": 0.015837503153306898,
    "epoch24": 0.015429135004524142,
    "epoch25": 0.01543768397095846,
    "epoch26": 0.015346338041126728,
    "epoch27": 0.01524284028710099,
    "epoch28": 0.01557870156102581,
    "epoch29": 0.015212389567750506,
    "epoch30": 0.015552074168226682,
    "epoch31": 0.015092295478098094,
    "epoch32": 0.015443122902070172,
    "epoch33": 0.015138634029426612,
    "epoch34": 0.014949661534046754,
    "epoch35": 0.01496664498699829,
    "epoch36": 0.014850314539216924,
    "epoch37": 0.014764151725103147,
    "epoch38": 0.014776972362597007,
    "epoch39": 0.015578537932015024,
    "epoch40": 0.014669261523522437,
    "epoch41": 0.014733104129845742,
    "epoch42": 0.014798665273701772,
    "epoch43": 0.014768734021345153,
    "epoch44": 0.014579865986888763,
    "epoch45": 0.01491051787888864,
    "epoch46": 0.014359140637679957,
    "epoch47": 0.01447616818768438,
    "epoch48": 0.014529370295349509,
    "epoch49": 0.014490301560726948,
    "epoch50": 0.014242058037780225,
    "epoch51": 0.01426862935477402,
    "epoch52": 0.0141509794848389,
    "epoch53": 0.014328039105748758,
    "epoch54": 0.014144656510325149,
    "epoch55": 0.015211292055028025,
    "epoch56": 0.014119946514256299,
    "epoch57": 0.014579206552298274,
    "epoch58": 0.014358226049807854,
    "epoch59": 0.01421162117185304,
    "epoch60": 0.014195926058164332,
    "epoch61": 0.014746492881386075,
    "epoch62": 0.014335980529722292,
    "epoch63": 0.013947815576102585,
    "epoch64": 0.013965220532554667,
    "epoch65": 0.013941143355623353,
    "epoch66": 0.014068930038774852,
    "epoch67": 0.014003187941852957,
    "epoch68": 0.013811708711727988,
    "epoch69": 0.013796317034575623,
    "epoch70": 0.014135985060420353,
    "epoch71": 0.014865782621200196,
    "epoch72": 0.013740422451519407,
    "epoch73": 0.013776714571577031,
    "epoch74": 0.013740847061853856,
    "epoch75": 0.01372095983242616,
    "epoch76": 0.013747658660577144,
    "epoch77": 0.013637604548421223,
    "epoch78": 0.013661300778039731,
    "epoch79": 0.013637433883559424,
    "epoch80": 0.014133140226476826,
    "epoch81": 0.013551173098676372,
    "epoch82": 0.013709176011616364,
    "epoch83": 0.014008326390467118,
    "epoch84": 0.013811920238367748,
    "epoch85": 0.013655229231517296,
    "epoch86": 0.013612701084639411,
    "epoch87": 0.013562982276198454,
    "epoch88": 0.013718690512178,
    "epoch89": 0.013604192725324538,
    "epoch90": 0.013492653677531052,
    "epoch91": 0.014706473630212713,
    "epoch92": 0.013503721049346495,
    "epoch93": 0.013427719197352417,
    "epoch94": 0.013514529433450662,
    "epoch95": 0.01349063455563737,
    "epoch96": 0.013361115139559843,
    "epoch97": 0.013410372659564018,
    "epoch98": 0.013382576493313536,
    "epoch99": 0.013407111597189214,
    "epoch100": 0.013421949814073741
}