{
    "epoch1": 2682.828857421875,
    "epoch2": 1997.71044921875,
    "epoch3": 1875.631591796875,
    "epoch4": 1806.723876953125,
    "epoch5": 1764.029541015625,
    "epoch6": 1726.008056640625,
    "epoch7": 1700.34619140625,
    "epoch8": 1667.984619140625,
    "epoch9": 1639.2926025390625,
    "epoch10": 1627.487548828125,
    "epoch11": 1604.52783203125,
    "epoch12": 1591.485107421875,
    "epoch13": 1577.4432373046875,
    "epoch14": 1563.16064453125,
    "epoch15": 1560.3668212890625,
    "epoch16": 1558.2490234375,
    "epoch17": 1537.753662109375,
    "epoch18": 1530.7386474609375,
    "epoch19": 1521.30810546875,
    "epoch20": 1528.4901123046875,
    "epoch21": 1508.1705322265625,
    "epoch22": 1504.7177734375,
    "epoch23": 1508.4908447265625,
    "epoch24": 1503.465087890625,
    "epoch25": 1493.0948486328125,
    "epoch26": 1489.882568359375,
    "epoch27": 1482.51806640625,
    "epoch28": 1486.375244140625,
    "epoch29": 1479.6849365234375,
    "epoch30": 1477.25244140625,
    "epoch31": 1471.5982666015625,
    "epoch32": 1469.7799072265625,
    "epoch33": 1465.4022216796875,
    "epoch34": 1469.5111083984375,
    "epoch35": 1461.2216796875,
    "epoch36": 1457.74658203125,
    "epoch37": 1454.5716552734375,
    "epoch38": 1452.386474609375,
    "epoch39": 1453.80712890625,
    "epoch40": 1458.4322509765625,
    "epoch41": 1445.0003662109375,
    "epoch42": 1449.203125,
    "epoch43": 1438.3133544921875,
    "epoch44": 1441.4228515625,
    "epoch45": 1439.506103515625,
    "epoch46": 1432.055908203125,
    "epoch47": 1444.201904296875,
    "epoch48": 1430.05810546875,
    "epoch49": 1428.8297119140625,
    "epoch50": 1429.2093505859375,
    "epoch51": 1426.945068359375,
    "epoch52": 1414.5323486328125,
    "epoch53": 1426.715576171875,
    "epoch54": 1417.8236083984375,
    "epoch55": 1419.211181640625,
    "epoch56": 1421.670166015625,
    "epoch57": 1411.8447265625,
    "epoch58": 1415.1727294921875,
    "epoch59": 1413.58740234375,
    "epoch60": 1407.015380859375,
    "epoch61": 1404.071533203125,
    "epoch62": 1403.7518310546875,
    "epoch63": 1400.224853515625,
    "epoch64": 1404.009521484375,
    "epoch65": 1398.15380859375,
    "epoch66": 1394.6783447265625,
    "epoch67": 1403.823486328125,
    "epoch68": 1392.0308837890625,
    "epoch69": 1399.2520751953125,
    "epoch70": 1389.2567138671875,
    "epoch71": 1398.8504638671875,
    "epoch72": 1385.970458984375,
    "epoch73": 1388.1531982421875,
    "epoch74": 1384.6683349609375,
    "epoch75": 1389.1220703125,
    "epoch76": 1386.42822265625,
    "epoch77": 1376.9952392578125,
    "epoch78": 1384.65625,
    "epoch79": 1377.039306640625,
    "epoch80": 1383.099853515625,
    "epoch81": 1383.031494140625,
    "epoch82": 1372.52587890625,
    "epoch83": 1369.4327392578125,
    "epoch84": 1373.0787353515625,
    "epoch85": 1375.2369384765625,
    "epoch86": 1370.7464599609375,
    "epoch87": 1372.8438720703125,
    "epoch88": 1372.940673828125,
    "epoch89": 1371.4185791015625,
    "epoch90": 1370.4664306640625,
    "epoch91": 1378.300048828125,
    "epoch92": 1365.444580078125,
    "epoch93": 1368.7474365234375,
    "epoch94": 1359.32177734375,
    "epoch95": 1366.7742919921875,
    "epoch96": 1365.4720458984375,
    "epoch97": 1379.9443359375,
    "epoch98": 1361.5677490234375,
    "epoch99": 1373.4537353515625,
    "epoch100": 1357.7353515625
}