{
    "epoch1": 2139.1796875,
    "epoch2": 1943.979736328125,
    "epoch3": 1838.5906982421875,
    "epoch4": 1793.8736572265625,
    "epoch5": 1740.737060546875,
    "epoch6": 1832.1717529296875,
    "epoch7": 1706.509521484375,
    "epoch8": 1723.7425537109375,
    "epoch9": 1620.5467529296875,
    "epoch10": 1674.296875,
    "epoch11": 1577.666748046875,
    "epoch12": 1585.287109375,
    "epoch13": 1566.71728515625,
    "epoch14": 1614.0977783203125,
    "epoch15": 1597.0,
    "epoch16": 1660.5091552734375,
    "epoch17": 1550.16796875,
    "epoch18": 1519.977783203125,
    "epoch19": 1586.2987060546875,
    "epoch20": 1522.06103515625,
    "epoch21": 1546.3956298828125,
    "epoch22": 1534.561279296875,
    "epoch23": 1485.6494140625,
    "epoch24": 1505.5184326171875,
    "epoch25": 1498.5322265625,
    "epoch26": 1534.8775634765625,
    "epoch27": 1506.3360595703125,
    "epoch28": 1493.0352783203125,
    "epoch29": 1505.151123046875,
    "epoch30": 1480.01318359375,
    "epoch31": 1465.5174560546875,
    "epoch32": 1464.919189453125,
    "epoch33": 1560.2025146484375,
    "epoch34": 1519.0245361328125,
    "epoch35": 1526.2432861328125,
    "epoch36": 1465.926513671875,
    "epoch37": 1471.380126953125,
    "epoch38": 1455.935791015625,
    "epoch39": 1458.69287109375,
    "epoch40": 1476.402587890625,
    "epoch41": 1432.99609375,
    "epoch42": 1448.882568359375,
    "epoch43": 1452.136962890625,
    "epoch44": 1437.504150390625,
    "epoch45": 1555.7867431640625,
    "epoch46": 1445.6849365234375,
    "epoch47": 1474.537109375,
    "epoch48": 1514.9693603515625,
    "epoch49": 1418.5001220703125,
    "epoch50": 1483.198974609375,
    "epoch51": 1423.5400390625,
    "epoch52": 1419.7149658203125,
    "epoch53": 1470.3416748046875,
    "epoch54": 1427.1878662109375,
    "epoch55": 1422.639404296875,
    "epoch56": 1459.427490234375,
    "epoch57": 1468.472900390625,
    "epoch58": 1406.3673095703125,
    "epoch59": 1499.276123046875,
    "epoch60": 1393.4132080078125,
    "epoch61": 1402.15625,
    "epoch62": 1397.2987060546875,
    "epoch63": 1397.55810546875,
    "epoch64": 1420.7137451171875,
    "epoch65": 1412.6439208984375,
    "epoch66": 1387.3232421875,
    "epoch67": 1401.391357421875,
    "epoch68": 1412.0810546875,
    "epoch69": 1411.7705078125,
    "epoch70": 1377.85888671875,
    "epoch71": 1593.48828125,
    "epoch72": 1383.0267333984375,
    "epoch73": 1395.2596435546875,
    "epoch74": 1390.282958984375,
    "epoch75": 1396.01708984375,
    "epoch76": 1405.6610107421875,
    "epoch77": 1411.3529052734375,
    "epoch78": 1388.5635986328125,
    "epoch79": 1410.92041015625,
    "epoch80": 1541.6881103515625,
    "epoch81": 1371.7125244140625,
    "epoch82": 1366.53173828125,
    "epoch83": 1360.8873291015625,
    "epoch84": 1405.04638671875,
    "epoch85": 1449.3621826171875,
    "epoch86": 1366.3631591796875,
    "epoch87": 1413.1539306640625,
    "epoch88": 1461.2291259765625,
    "epoch89": 1432.6160888671875,
    "epoch90": 1414.5059814453125,
    "epoch91": 1438.42138671875,
    "epoch92": 1388.622802734375,
    "epoch93": 1361.9486083984375,
    "epoch94": 1401.1920166015625,
    "epoch95": 1406.4952392578125,
    "epoch96": 1370.17333984375,
    "epoch97": 1378.166015625,
    "epoch98": 1380.5677490234375,
    "epoch99": 1376.99365234375,
    "epoch100": 1357.3636474609375
}