{
    "epoch1": 171.61554939516128,
    "epoch2": 92.39370432207662,
    "epoch3": 79.3416236139113,
    "epoch4": 75.76316784274194,
    "epoch5": 69.90652564264113,
    "epoch6": 65.35540180821573,
    "epoch7": 63.905612084173384,
    "epoch8": 60.735898910030244,
    "epoch9": 59.25692256804435,
    "epoch10": 57.471533990675404,
    "epoch11": 55.627264207409276,
    "epoch12": 54.207866053427416,
    "epoch13": 52.06635899697581,
    "epoch14": 50.40307223412298,
    "epoch15": 49.725038589969756,
    "epoch16": 48.37621282762097,
    "epoch17": 47.00141759072581,
    "epoch18": 45.679266160534276,
    "epoch19": 44.65645476310484,
    "epoch20": 42.982563634072584,
    "epoch21": 42.077333511844756,
    "epoch22": 40.917464717741936,
    "epoch23": 39.75516239289315,
    "epoch24": 38.656143680695564,
    "epoch25": 37.627874558971776,
    "epoch26": 36.65971128402218,
    "epoch27": 36.41505087575605,
    "epoch28": 35.247164818548384,
    "epoch29": 34.62551978326613,
    "epoch30": 34.07430931829637
}