{
    "epoch1": 0.7803820058000088,
    "epoch2": 0.9065165754985809,
    "epoch3": 0.9298619077324867,
    "epoch4": 0.9453184787404537,
    "epoch5": 0.9547617163383961,
    "epoch6": 0.9620014304256439,
    "epoch7": 0.9660050492143631,
    "epoch8": 0.971182001414299,
    "epoch9": 0.9738601916790008,
    "epoch10": 0.9762580011367797,
    "epoch11": 0.9791253343462945,
    "epoch12": 0.980905143752098,
    "epoch13": 0.9823040008211136,
    "epoch14": 0.9842445721912384,
    "epoch15": 0.9857647626066208,
    "epoch16": 0.9864653340101243,
    "epoch17": 0.9881314291727543,
    "epoch18": 0.9893330480933189,
    "epoch19": 0.989569333832264,
    "epoch20": 0.9904120004606247,
    "epoch21": 0.9918785718584061,
    "epoch22": 0.9923933336925507,
    "epoch23": 0.9926205717849731,
    "epoch24": 0.9934779050970077,
    "epoch25": 0.9935226670122147,
    "epoch26": 0.9945912383627892,
    "epoch27": 0.9951706669139863,
    "epoch28": 0.9949373335695266,
    "epoch29": 0.9946506669425964,
    "epoch30": 0.9958600002670288,
    "epoch31": 0.9955640001916886,
    "epoch32": 0.995911238322258,
    "epoch33": 0.9961613335371018,
    "epoch34": 0.9964560001659394,
    "epoch35": 0.9968986668634414,
    "epoch36": 0.996529333524704,
    "epoch37": 0.9971106668329239,
    "epoch38": 0.9976626668262482,
    "epoch39": 0.997456000137329,
    "epoch40": 0.9971386668252945,
    "epoch41": 0.9973794286870956,
    "epoch42": 0.9973453334426879,
    "epoch43": 0.9975453334474563,
    "epoch44": 0.9977832381916046,
    "epoch45": 0.9975013334321976,
    "epoch46": 0.9979779048681259,
    "epoch47": 0.9979773334264755,
    "epoch48": 0.9981760000872612,
    "epoch49": 0.9978520001173019,
    "epoch50": 0.9981080000972747
}