{
    "epoch1": 0.9008751518938569,
    "epoch2": 0.9287542298421865,
    "epoch3": 0.9438419729442605,
    "epoch4": 0.9556062079093736,
    "epoch5": 0.9605686198383742,
    "epoch6": 0.9643474102821094,
    "epoch7": 0.9675463865620161,
    "epoch8": 0.9698496494663883,
    "epoch9": 0.9712811912089987,
    "epoch10": 0.9731445950304021,
    "epoch11": 0.9740802954574922,
    "epoch12": 0.9764795277031736,
    "epoch13": 0.9764875250505624,
    "epoch14": 0.9766794635615742,
    "epoch15": 0.977679143768812,
    "epoch16": 0.9789267443764004,
    "epoch17": 0.979430583268118,
    "epoch18": 0.9786468340430745,
    "epoch19": 0.9793985933637436,
    "epoch20": 0.9790786957786546,
    "epoch21": 0.9775591820707248,
    "epoch22": 0.9802303271021358,
    "epoch23": 0.98055822220622,
    "epoch24": 0.9801103656328571,
    "epoch25": 0.979910429631451,
    "epoch26": 0.9803982734851783,
    "epoch27": 0.9816778639113377,
    "epoch28": 0.9804382606797393,
    "epoch29": 0.97998240655878,
    "epoch30": 0.9803103016342631,
    "epoch31": 0.9810300712507655,
    "epoch32": 0.9808701224439204,
    "epoch33": 0.9805582222634223,
    "epoch34": 0.9801389278411408,
    "epoch35": 0.9778470899230459,
    "epoch36": 0.9793426113027986,
    "epoch37": 0.9807421633412422,
    "epoch38": 0.9799424192784157,
    "epoch39": 0.9820583136090848,
    "epoch40": 0.9813259765934806,
    "epoch41": 0.9815898920604226,
    "epoch42": 0.9806621889521202,
    "epoch43": 0.9813579663548497,
    "epoch44": 0.9815419073754675,
    "epoch45": 0.982261677106374,
    "epoch46": 0.9811820225100142,
    "epoch47": 0.9818298152849908,
    "epoch48": 0.9821897000646408,
    "epoch49": 0.9811020481780943,
    "epoch50": 0.9810186462644881
}