{
    "epoch1": 2.7251566673839987e-05,
    "epoch2": 2.6673035699332105e-05,
    "epoch3": 2.6446383270467776e-05,
    "epoch4": 2.625614855196545e-05,
    "epoch5": 2.6085523694291625e-05,
    "epoch6": 2.5938728532310052e-05,
    "epoch7": 2.5813045677750778e-05,
    "epoch8": 2.5698663854655025e-05,
    "epoch9": 2.5599632554531128e-05,
    "epoch10": 2.551270484673296e-05,
    "epoch11": 2.5440140007503943e-05,
    "epoch12": 2.5376958827109773e-05,
    "epoch13": 2.5323731324760957e-05,
    "epoch14": 2.527533365127965e-05,
    "epoch15": 2.523470156802432e-05,
    "epoch16": 2.5199478479635217e-05,
    "epoch17": 2.5166322925088026e-05,
    "epoch18": 2.5137895553825728e-05,
    "epoch19": 2.51141092319358e-05,
    "epoch20": 2.5091108761671423e-05,
    "epoch21": 2.5073026663449127e-05,
    "epoch22": 2.5055471449377364e-05,
    "epoch23": 2.503995349957222e-05,
    "epoch24": 2.5024061038266153e-05,
    "epoch25": 2.5009324622260466e-05,
    "epoch26": 2.499644594399797e-05,
    "epoch27": 2.4982992022160035e-05,
    "epoch28": 2.497108786587887e-05,
    "epoch29": 2.4960379731965078e-05,
    "epoch30": 2.4952391235501635e-05
}