{
    "epoch1": 0.0328946333611384,
    "epoch2": 0.021693099581170827,
    "epoch3": 0.01857280283002183,
    "epoch4": 0.017637330282013863,
    "epoch5": 0.016615745902527124,
    "epoch6": 0.015918412944301963,
    "epoch7": 0.015611682611051947,
    "epoch8": 0.014927196491044015,
    "epoch9": 0.01460413058521226,
    "epoch10": 0.01448698207968846,
    "epoch11": 0.013953663379652426,
    "epoch12": 0.013675252324901521,
    "epoch13": 0.013375907874433324,
    "epoch14": 0.013455674750730395,
    "epoch15": 0.013272436044644564,
    "epoch16": 0.012756418174831197,
    "epoch17": 0.012556010857224464,
    "epoch18": 0.01259210566058755,
    "epoch19": 0.012324380717473105,
    "epoch20": 0.01217670552432537,
    "epoch21": 0.012178960168967023,
    "epoch22": 0.012475016294047236,
    "epoch23": 0.012016648834105581,
    "epoch24": 0.012045569659676403,
    "epoch25": 0.011856625002110377,
    "epoch26": 0.012171463924460113,
    "epoch27": 0.011812035867478698,
    "epoch28": 0.011630903492914513,
    "epoch29": 0.01169528826721944,
    "epoch30": 0.011587668646825477,
    "epoch31": 0.011556599085452035,
    "epoch32": 0.011491905112052336,
    "epoch33": 0.011764587368816137,
    "epoch34": 0.011318268836475909,
    "epoch35": 0.011278458870947361,
    "epoch36": 0.01131374781834893,
    "epoch37": 0.012036679487209767,
    "epoch38": 0.011241131520364434,
    "epoch39": 0.011502845271024853,
    "epoch40": 0.011909345135791227,
    "epoch41": 0.01117145802709274,
    "epoch42": 0.011108762206276879,
    "epoch43": 0.01112285183626227,
    "epoch44": 0.011101887677796185,
    "epoch45": 0.011416149005526677,
    "epoch46": 0.011054256436182186,
    "epoch47": 0.011072271619923413,
    "epoch48": 0.011193974787602201,
    "epoch49": 0.011066461185691878,
    "epoch50": 0.01108005060814321,
    "epoch51": 0.011016715172445402,
    "epoch52": 0.011153341532917693,
    "epoch53": 0.010988741705659777,
    "epoch54": 0.011094053857959807,
    "epoch55": 0.011408502119593322,
    "epoch56": 0.010950137570034713,
    "epoch57": 0.010837480571353808,
    "epoch58": 0.011090852989582345,
    "epoch59": 0.010840033908607438,
    "epoch60": 0.01092947632423602,
    "epoch61": 0.011227893264731392,
    "epoch62": 0.01094463377376087,
    "epoch63": 0.011030007910449058,
    "epoch64": 0.01072949409717694,
    "epoch65": 0.01126241363817826,
    "epoch66": 0.010976754070725292,
    "epoch67": 0.01068682165350765,
    "epoch68": 0.01073031936539337,
    "epoch69": 0.010722434293711558,
    "epoch70": 0.010813936940394342,
    "epoch71": 0.011953762179473415,
    "epoch72": 0.01079081668285653,
    "epoch73": 0.010671627067495137,
    "epoch74": 0.01080208519124426,
    "epoch75": 0.010621672088745981,
    "epoch76": 0.010850399470655248,
    "epoch77": 0.010896832420257851,
    "epoch78": 0.010663237830158323,
    "epoch79": 0.010660912317689508,
    "epoch80": 0.011512913042679429,
    "epoch81": 0.011016698932508007,
    "epoch82": 0.010646259266650304,
    "epoch83": 0.010485511214938015,
    "epoch84": 0.010921895765932277,
    "epoch85": 0.010482530575245619,
    "epoch86": 0.011764384835259989,
    "epoch87": 0.010838019690709189,
    "epoch88": 0.010599348053801805,
    "epoch89": 0.010815214016474783,
    "epoch90": 0.010430601570988074,
    "epoch91": 0.01068273131386377,
    "epoch92": 0.010894921026192605,
    "epoch93": 0.010517897782847285,
    "epoch94": 0.010519249277422205,
    "epoch95": 0.011271841067355126,
    "epoch96": 0.010692337527871132,
    "epoch97": 0.010656468861270696,
    "epoch98": 0.010610328201437369,
    "epoch99": 0.01053283225337509,
    "epoch100": 0.010488318919669837
}