{
    "epoch1": 45.26252746582031,
    "epoch2": 36.175636291503906,
    "epoch3": 32.804683685302734,
    "epoch4": 30.443552017211914,
    "epoch5": 29.735687255859375,
    "epoch6": 29.11869239807129,
    "epoch7": 28.46415138244629,
    "epoch8": 28.438961029052734,
    "epoch9": 27.924152374267578,
    "epoch10": 27.594133377075195,
    "epoch11": 27.32406234741211,
    "epoch12": 26.659183502197266,
    "epoch13": 25.880231857299805,
    "epoch14": 27.07117462158203,
    "epoch15": 26.827634811401367,
    "epoch16": 24.905614852905273,
    "epoch17": 25.216754913330078,
    "epoch18": 25.75681495666504,
    "epoch19": 25.191194534301758,
    "epoch20": 24.108678817749023,
    "epoch21": 23.989110946655273,
    "epoch22": 24.28727912902832,
    "epoch23": 24.69639015197754,
    "epoch24": 24.92405128479004,
    "epoch25": 24.356672286987305,
    "epoch26": 25.3962345123291,
    "epoch27": 24.367074966430664,
    "epoch28": 23.8736515045166,
    "epoch29": 23.668617248535156,
    "epoch30": 23.283601760864258,
    "epoch31": 23.786540985107422,
    "epoch32": 23.522546768188477,
    "epoch33": 24.77731704711914,
    "epoch34": 22.955232620239258,
    "epoch35": 23.369325637817383,
    "epoch36": 23.029430389404297,
    "epoch37": 26.00743865966797,
    "epoch38": 23.2097110748291,
    "epoch39": 24.028091430664062,
    "epoch40": 25.45751953125,
    "epoch41": 22.836265563964844,
    "epoch42": 23.032869338989258,
    "epoch43": 23.244640350341797,
    "epoch44": 22.727418899536133,
    "epoch45": 22.86285400390625,
    "epoch46": 22.8252010345459,
    "epoch47": 22.980995178222656,
    "epoch48": 23.433839797973633,
    "epoch49": 23.28569221496582,
    "epoch50": 22.35828971862793,
    "epoch51": 23.09695053100586,
    "epoch52": 22.852863311767578,
    "epoch53": 23.307804107666016,
    "epoch54": 22.881053924560547,
    "epoch55": 23.09147071838379,
    "epoch56": 22.377944946289062,
    "epoch57": 22.568347930908203,
    "epoch58": 23.133352279663086,
    "epoch59": 22.35283660888672,
    "epoch60": 22.27494239807129,
    "epoch61": 24.395105361938477,
    "epoch62": 22.321754455566406,
    "epoch63": 22.22481918334961,
    "epoch64": 22.633657455444336,
    "epoch65": 24.5900821685791,
    "epoch66": 23.050491333007812,
    "epoch67": 22.266464233398438,
    "epoch68": 22.354122161865234,
    "epoch69": 22.470579147338867,
    "epoch70": 22.43494987487793,
    "epoch71": 24.573328018188477,
    "epoch72": 23.137351989746094,
    "epoch73": 22.075927734375,
    "epoch74": 22.551471710205078,
    "epoch75": 22.39144515991211,
    "epoch76": 22.838478088378906,
    "epoch77": 23.51047706604004,
    "epoch78": 21.774566650390625,
    "epoch79": 21.935714721679688,
    "epoch80": 24.838851928710938,
    "epoch81": 23.140993118286133,
    "epoch82": 22.064695358276367,
    "epoch83": 22.127655029296875,
    "epoch84": 23.239299774169922,
    "epoch85": 21.98197364807129,
    "epoch86": 25.47396469116211,
    "epoch87": 22.951866149902344,
    "epoch88": 21.904457092285156,
    "epoch89": 22.793869018554688,
    "epoch90": 21.568910598754883,
    "epoch91": 22.269834518432617,
    "epoch92": 22.767053604125977,
    "epoch93": 21.936235427856445,
    "epoch94": 21.8414249420166,
    "epoch95": 24.627357482910156,
    "epoch96": 22.237884521484375,
    "epoch97": 22.761762619018555,
    "epoch98": 22.528690338134766,
    "epoch99": 21.89398765563965,
    "epoch100": 22.00474739074707
}