{
    "epoch1": 61.420689174107146,
    "epoch2": 41.66629076760913,
    "epoch3": 35.230224609375,
    "epoch4": 33.22369869171627,
    "epoch5": 31.884612552703373,
    "epoch6": 30.570717463417658,
    "epoch7": 30.05479988219246,
    "epoch8": 29.34421696738591,
    "epoch9": 29.048492916046627,
    "epoch10": 28.149448939732142,
    "epoch11": 27.370167565724206,
    "epoch12": 27.567080543154763,
    "epoch13": 26.589979383680557,
    "epoch14": 26.067774212549605,
    "epoch15": 26.218839130704364,
    "epoch16": 25.714752681671627,
    "epoch17": 25.59226384238591,
    "epoch18": 25.35161675347222,
    "epoch19": 25.24257502480159,
    "epoch20": 24.74049789186508,
    "epoch21": 25.248211573040674,
    "epoch22": 24.75049796937004,
    "epoch23": 24.86626519097222,
    "epoch24": 24.488438197544642,
    "epoch25": 24.629043821304563,
    "epoch26": 24.02671402219742,
    "epoch27": 24.149571010044642,
    "epoch28": 24.093157087053573,
    "epoch29": 23.942470005580358,
    "epoch30": 23.474371047247026,
    "epoch31": 23.562027219742063,
    "epoch32": 23.365428137400794,
    "epoch33": 23.10291496155754,
    "epoch34": 23.062333364335316,
    "epoch35": 23.266963898189484,
    "epoch36": 23.467816065228174,
    "epoch37": 23.124319893973215,
    "epoch38": 23.36237250434028,
    "epoch39": 23.159195188492063,
    "epoch40": 23.48314654637897,
    "epoch41": 22.891099717881943,
    "epoch42": 23.07764640687004,
    "epoch43": 22.562335301959326,
    "epoch44": 22.324263315352184,
    "epoch45": 22.74409412202381,
    "epoch46": 23.168462844122026,
    "epoch47": 22.31395515562996,
    "epoch48": 22.44277033730159,
    "epoch49": 22.490294441344247,
    "epoch50": 23.024183485243057,
    "epoch51": 22.23293922061012,
    "epoch52": 22.981495690724206,
    "epoch53": 23.35027591765873,
    "epoch54": 22.141795324900794,
    "epoch55": 22.311085534474206,
    "epoch56": 22.224165659102184,
    "epoch57": 21.891884455605158,
    "epoch58": 22.36330256386409,
    "epoch59": 22.577315073164684,
    "epoch60": 22.670450846354168,
    "epoch61": 21.896201481894842,
    "epoch62": 22.33322482638889,
    "epoch63": 22.091988699776785,
    "epoch64": 21.971956767733136,
    "epoch65": 21.988978794642858,
    "epoch66": 21.83417426215278,
    "epoch67": 21.78608630952381,
    "epoch68": 21.3151371062748,
    "epoch69": 21.959120008680557,
    "epoch70": 21.82422650049603,
    "epoch71": 22.128299773685516,
    "epoch72": 21.735233367435516,
    "epoch73": 21.329894050719247,
    "epoch74": 21.378011067708332,
    "epoch75": 21.655126178075395,
    "epoch76": 21.86215549045139,
    "epoch77": 21.551531110491073,
    "epoch78": 21.557444738963294,
    "epoch79": 21.15540519593254,
    "epoch80": 21.27936469184028,
    "epoch81": 21.979085286458332,
    "epoch82": 21.56641400049603,
    "epoch83": 21.84924510168651,
    "epoch84": 21.51381525917659,
    "epoch85": 21.08583480592758,
    "epoch86": 21.303211030505953,
    "epoch87": 21.445794968377974,
    "epoch88": 21.075718470982142,
    "epoch89": 21.53953140500992,
    "epoch90": 22.33100043402778,
    "epoch91": 21.248248387896826,
    "epoch92": 20.699610150049605,
    "epoch93": 21.010550362723215,
    "epoch94": 20.97445824032738,
    "epoch95": 21.34613521515377,
    "epoch96": 21.027651832217263,
    "epoch97": 21.603579566592263,
    "epoch98": 20.65735832093254,
    "epoch99": 20.525739397321427,
    "epoch100": 20.858592199900794
}