{
    "epoch1": 0.26039100427702067,
    "epoch2": 0.36831386959552764,
    "epoch3": 0.40280877377986907,
    "epoch4": 0.4371998167991638,
    "epoch5": 0.45585773577690125,
    "epoch6": 0.47361464858055113,
    "epoch7": 0.49593473768234253,
    "epoch8": 0.5099861221313476,
    "epoch9": 0.5225130830049515,
    "epoch10": 0.5381807666778564,
    "epoch11": 0.5500004858493804,
    "epoch12": 0.5594951696872711,
    "epoch13": 0.5722031410694123,
    "epoch14": 0.5879196111679077,
    "epoch15": 0.59347421875,
    "epoch16": 0.606340097284317,
    "epoch17": 0.6157548664093018,
    "epoch18": 0.6242712715625763,
    "epoch19": 0.6376566647529602,
    "epoch20": 0.6476650931835175
}