{
    "epoch1": 0.3801964249610901,
    "epoch2": 0.4237570071220398,
    "epoch3": 0.4377562484741211,
    "epoch4": 0.4582603726387024,
    "epoch5": 0.470789511680603,
    "epoch6": 0.4796278057098389,
    "epoch7": 0.48682395577430726,
    "epoch8": 0.49456271529197693,
    "epoch9": 0.49950953769683837,
    "epoch10": 0.5017732168436051,
    "epoch11": 0.5146084218025208,
    "epoch12": 0.5176066906452179,
    "epoch13": 0.5167869806289673,
    "epoch14": 0.5243059546947479,
    "epoch15": 0.5190959796905518,
    "epoch16": 0.5287594623565673,
    "epoch17": 0.5179132962226868,
    "epoch18": 0.5163732371330261,
    "epoch19": 0.5205792682170868,
    "epoch20": 0.5239383590221405
}