{
    "epoch1": 0.06040178411282026,
    "epoch2": 0.035886662940566354,
    "epoch3": 0.0335683014530402,
    "epoch4": 0.031100916031461496,
    "epoch5": 0.028700514481617853,
    "epoch6": 0.02602168659751232,
    "epoch7": 0.02312137222347351,
    "epoch8": 0.02028715216483061,
    "epoch9": 0.017701424228457305,
    "epoch10": 0.015635019311538108,
    "epoch11": 0.014141454791220335,
    "epoch12": 0.013245396889173068,
    "epoch13": 0.01271197314445789,
    "epoch14": 0.012383976485580206,
    "epoch15": 0.012170791554336365,
    "epoch16": 0.012036651050528655,
    "epoch17": 0.011953188428798547,
    "epoch18": 0.011848167695391636,
    "epoch19": 0.011759262746916367,
    "epoch20": 0.011637459652355084,
    "epoch21": 0.011566470126406504,
    "epoch22": 0.011477393993678002,
    "epoch23": 0.01138324673789052,
    "epoch24": 0.011327733679746207,
    "epoch25": 0.011259590669606741,
    "epoch26": 0.011168162839917036,
    "epoch27": 0.0111783159037049,
    "epoch28": 0.011011232013026109,
    "epoch29": 0.010953591778301276,
    "epoch30": 0.010919574075020276,
    "epoch31": 0.010858635346476849,
    "epoch32": 0.01074752533951631,
    "epoch33": 0.010696540192629281,
    "epoch34": 0.01068653531659108,
    "epoch35": 0.010699191990380105,
    "epoch36": 0.010561876464635134,
    "epoch37": 0.010599486852208009,
    "epoch38": 0.010443815065977665,
    "epoch39": 0.010489848370735463,
    "epoch40": 0.010560863114033755,
    "epoch41": 0.010328237934467884,
    "epoch42": 0.010286699371555677,
    "epoch43": 0.010289276197839241,
    "epoch44": 0.010169363114982843,
    "epoch45": 0.010168108265273847,
    "epoch46": 0.01009853438545878,
    "epoch47": 0.01008102516285502,
    "epoch48": 0.010026120831473516,
    "epoch49": 0.01000661223840255,
    "epoch50": 0.009968455128658276,
    "epoch51": 0.010035986689707408,
    "epoch52": 0.009965017366294678,
    "epoch53": 0.00983052783144208,
    "epoch54": 0.009794859000696586,
    "epoch55": 0.009914499743340107,
    "epoch56": 0.009703854636217538,
    "epoch57": 0.009699749867790021,
    "epoch58": 0.009831740879095517,
    "epoch59": 0.00964996383453791,
    "epoch60": 0.009563863492355896,
    "epoch61": 0.009558743761422543,
    "epoch62": 0.009500952401699929,
    "epoch63": 0.009825701682040324,
    "epoch64": 0.009526598661278304,
    "epoch65": 0.009504266298161103,
    "epoch66": 0.009467758990537662,
    "epoch67": 0.009415095027249593,
    "epoch68": 0.00945496319148403,
    "epoch69": 0.009333265909495262,
    "epoch70": 0.009315946282675633,
    "epoch71": 0.00927170946334417,
    "epoch72": 0.0093552519997152,
    "epoch73": 0.009354323256187715,
    "epoch74": 0.009240790735930204,
    "epoch75": 0.00929833110421896,
    "epoch76": 0.009167222986714197,
    "epoch77": 0.00907716523999205,
    "epoch78": 0.009104790219750542,
    "epoch79": 0.009160036794268168,
    "epoch80": 0.009067745001700062,
    "epoch81": 0.009085897786112932,
    "epoch82": 0.009007057855622126,
    "epoch83": 0.009005381636178264,
    "epoch84": 0.009029096995408718,
    "epoch85": 0.008925288091771878,
    "epoch86": 0.008945273880202036,
    "epoch87": 0.008897348683184156,
    "epoch88": 0.008902751625730442,
    "epoch89": 0.008881756641830389,
    "epoch90": 0.008901613746554805,
    "epoch91": 0.00887104095174716,
    "epoch92": 0.008805788372858213,
    "epoch93": 0.008845535142777057,
    "epoch94": 0.00880947676845468,
    "epoch95": 0.00878217384720651,
    "epoch96": 0.008778926110468231,
    "epoch97": 0.008747427384010874,
    "epoch98": 0.008702540805993171,
    "epoch99": 0.00870746922177764,
    "epoch100": 0.008729234624367494
}