{
    "epoch1": 64.39240440955528,
    "epoch2": 51.32261305588942,
    "epoch3": 50.94664118840144,
    "epoch4": 48.97536996694711,
    "epoch5": 47.3891836313101,
    "epoch6": 45.59087665264423,
    "epoch7": 43.34691443810096,
    "epoch8": 40.41365403395433,
    "epoch9": 37.58551964393029,
    "epoch10": 35.43941086989183,
    "epoch11": 34.108175424429085,
    "epoch12": 32.56494140625,
    "epoch13": 31.531275822566105,
    "epoch14": 30.609032264122597,
    "epoch15": 30.42750197190505,
    "epoch16": 30.205946702223557,
    "epoch17": 30.02271446814904,
    "epoch18": 29.94810368464543,
    "epoch19": 29.733426607572117,
    "epoch20": 29.28771503155048,
    "epoch21": 29.121413010817307,
    "epoch22": 29.06669499323918,
    "epoch23": 28.90544011042668,
    "epoch24": 28.775545560396633,
    "epoch25": 28.73877187875601,
    "epoch26": 28.34296123798077,
    "epoch27": 28.631504939152645,
    "epoch28": 28.09954599233774,
    "epoch29": 28.009967510516827,
    "epoch30": 27.77087871844952,
    "epoch31": 27.617943396935097,
    "epoch32": 27.455465463491585,
    "epoch33": 27.26470712515024,
    "epoch34": 27.30195030799279,
    "epoch35": 27.691248967097355,
    "epoch36": 27.36260986328125,
    "epoch37": 26.95758995643029,
    "epoch38": 26.77586951622596,
    "epoch39": 27.17919921875,
    "epoch40": 27.242340087890625,
    "epoch41": 26.64099355844351,
    "epoch42": 26.524799053485577,
    "epoch43": 26.41820115309495,
    "epoch44": 26.280977689302883,
    "epoch45": 26.21192110501803,
    "epoch46": 26.351287841796875,
    "epoch47": 26.079791729266827,
    "epoch48": 26.04968731219952,
    "epoch49": 26.359154334435097,
    "epoch50": 25.89245840219351,
    "epoch51": 25.922569861778847,
    "epoch52": 25.836871807391827,
    "epoch53": 25.734762338491585,
    "epoch54": 25.881314791165867,
    "epoch55": 26.37260319636418,
    "epoch56": 25.53411160982572,
    "epoch57": 25.326195350060097,
    "epoch58": 26.24640596829928,
    "epoch59": 25.21519822340745,
    "epoch60": 25.274874173677883,
    "epoch61": 25.18408203125,
    "epoch62": 25.16242394080529,
    "epoch63": 26.529587965745193,
    "epoch64": 25.105820875901443,
    "epoch65": 25.422872690054085,
    "epoch66": 25.33428485576923,
    "epoch67": 25.01954298753005,
    "epoch68": 25.30638709435096,
    "epoch69": 24.696819598858173,
    "epoch70": 24.86492919921875,
    "epoch71": 24.74822059044471,
    "epoch72": 24.52686720628005,
    "epoch73": 25.215073805588943,
    "epoch74": 24.53307166466346,
    "epoch75": 24.33789297250601,
    "epoch76": 24.350792518028847,
    "epoch77": 24.11498788686899,
    "epoch78": 24.14240206204928,
    "epoch79": 24.26459444486178,
    "epoch80": 23.85179020808293,
    "epoch81": 24.168543888972355,
    "epoch82": 24.082139235276443,
    "epoch83": 23.900404710036057,
    "epoch84": 24.23021287184495,
    "epoch85": 23.79933283879207,
    "epoch86": 23.654433030348557,
    "epoch87": 23.8065913273738,
    "epoch88": 23.76714618389423,
    "epoch89": 23.78167255108173,
    "epoch90": 23.93335899939904,
    "epoch91": 23.91083702674279,
    "epoch92": 23.69281005859375,
    "epoch93": 23.5303227351262,
    "epoch94": 23.67670381986178,
    "epoch95": 23.823333740234375,
    "epoch96": 23.264188326322117,
    "epoch97": 23.60791485126202,
    "epoch98": 23.406099759615383,
    "epoch99": 23.45195828951322,
    "epoch100": 23.39508760892428
}