{
    "epoch1": 0.032834114506840706,
    "epoch2": 0.020795693388208747,
    "epoch3": 0.017988124629482627,
    "epoch4": 0.016922642185818404,
    "epoch5": 0.0161730190156959,
    "epoch6": 0.015663327183574438,
    "epoch7": 0.015424178272951394,
    "epoch8": 0.01519000087864697,
    "epoch9": 0.01444016266032122,
    "epoch10": 0.014147059730021283,
    "epoch11": 0.013816707854857668,
    "epoch12": 0.013572193740401417,
    "epoch13": 0.013405345671344548,
    "epoch14": 0.013244579720776528,
    "epoch15": 0.013178090914152563,
    "epoch16": 0.01329585985513404,
    "epoch17": 0.012594569532666355,
    "epoch18": 0.012543931254185736,
    "epoch19": 0.012690942239714786,
    "epoch20": 0.012386518821585923,
    "epoch21": 0.012696750927716494,
    "epoch22": 0.012007362849544734,
    "epoch23": 0.012079035834176466,
    "epoch24": 0.011793362005846575,
    "epoch25": 0.01194876481895335,
    "epoch26": 0.011685513833072037,
    "epoch27": 0.011739797424525023,
    "epoch28": 0.011763086979044601,
    "epoch29": 0.01148782845120877,
    "epoch30": 0.011637962161330506,
    "epoch31": 0.011592124734306708,
    "epoch32": 0.011378228111425415,
    "epoch33": 0.01140194819890894,
    "epoch34": 0.011992120795184746,
    "epoch35": 0.011403400014387444,
    "epoch36": 0.011389783350750804,
    "epoch37": 0.011328545486321673,
    "epoch38": 0.011826241767266765,
    "epoch39": 0.011546559166163206,
    "epoch40": 0.011235595069592819,
    "epoch41": 0.011129145364975557,
    "epoch42": 0.011251082905801013,
    "epoch43": 0.011192535748705268,
    "epoch44": 0.011368499224772677,
    "epoch45": 0.011236866615945473,
    "epoch46": 0.01147210251656361,
    "epoch47": 0.011185128969373181,
    "epoch48": 0.01109721278771758,
    "epoch49": 0.01095791079569608,
    "epoch50": 0.011404298449633643,
    "epoch51": 0.011022869613952935,
    "epoch52": 0.011298194323899224,
    "epoch53": 0.011528191535035148,
    "epoch54": 0.011765514878788963,
    "epoch55": 0.011113395623397082,
    "epoch56": 0.010879399575060233,
    "epoch57": 0.011244540539337322,
    "epoch58": 0.01084870213526301,
    "epoch59": 0.010771273140562698,
    "epoch60": 0.011678534268867224,
    "epoch61": 0.011129221675219014,
    "epoch62": 0.011123037955258042,
    "epoch63": 0.01098131580511108,
    "epoch64": 0.011747122189262882,
    "epoch65": 0.011253000149736181,
    "epoch66": 0.010876609536353499,
    "epoch67": 0.01108469907194376,
    "epoch68": 0.01068926599691622,
    "epoch69": 0.011024036386515945,
    "epoch70": 0.010920628119492903,
    "epoch71": 0.010852304520085454,
    "epoch72": 0.010673141514416784,
    "epoch73": 0.010873690451262519,
    "epoch74": 0.01093398017110303,
    "epoch75": 0.011701640585670248,
    "epoch76": 0.010971976327709854,
    "epoch77": 0.010975580633385107,
    "epoch78": 0.010725146770710126,
    "epoch79": 0.010926904156804085,
    "epoch80": 0.01077026835992001,
    "epoch81": 0.01076061328058131,
    "epoch82": 0.010754936112789437,
    "epoch83": 0.010549659898970276,
    "epoch84": 0.010521432181121781,
    "epoch85": 0.01074902989785187,
    "epoch86": 0.010549228056333959,
    "epoch87": 0.011474002967588603,
    "epoch88": 0.010719430400058627,
    "epoch89": 0.010636850609444082,
    "epoch90": 0.01066187012474984,
    "epoch91": 0.010500370291993022,
    "epoch92": 0.010973903379635885,
    "epoch93": 0.010483768826816231,
    "epoch94": 0.010553444473771378,
    "epoch95": 0.010437405755510554,
    "epoch96": 0.011303876613965258,
    "epoch97": 0.010764272854430601,
    "epoch98": 0.010691697156289592,
    "epoch99": 0.010448593966430053,
    "epoch100": 0.011285686690825969
}