{
    "epoch1": 0.054325023960126076,
    "epoch2": 0.044753589128193105,
    "epoch3": 0.0343873254758747,
    "epoch4": 0.025416919863537737,
    "epoch5": 0.0219288724229524,
    "epoch6": 0.02030874337804945,
    "epoch7": 0.019784893203330666,
    "epoch8": 0.019415835849940777,
    "epoch9": 0.01908371955352394,
    "epoch10": 0.018588419072329998,
    "epoch11": 0.01873665038300188,
    "epoch12": 0.018035459724303923,
    "epoch13": 0.01786022991138069,
    "epoch14": 0.017536497772916368,
    "epoch15": 0.01757161456503366,
    "epoch16": 0.01803522787399982,
    "epoch17": 0.017246783612982222,
    "epoch18": 0.01680486325762774,
    "epoch19": 0.01676415215785566,
    "epoch20": 0.01653970101554143,
    "epoch21": 0.016436393274680564,
    "epoch22": 0.016641911315290553,
    "epoch23": 0.0163624974849977,
    "epoch24": 0.016115108995061172,
    "epoch25": 0.01614316474450262,
    "epoch26": 0.01608408051297853,
    "epoch27": 0.015787154583162384,
    "epoch28": 0.015758434408589414,
    "epoch29": 0.01565440479469927,
    "epoch30": 0.01575115249541245,
    "epoch31": 0.01550265617276493,
    "epoch32": 0.015554735731137427,
    "epoch33": 0.015873275844282227,
    "epoch34": 0.015433061475816526,
    "epoch35": 0.01531724313175992,
    "epoch36": 0.01553034473602709,
    "epoch37": 0.015436104449786638,
    "epoch38": 0.015477161658437629,
    "epoch39": 0.015164974390676147,
    "epoch40": 0.015164220215458619,
    "epoch41": 0.015199204122549608,
    "epoch42": 0.015472144574711197,
    "epoch43": 0.015023404536278625,
    "epoch44": 0.015138336849447927,
    "epoch45": 0.014941541821156678,
    "epoch46": 0.014916792168821158,
    "epoch47": 0.014986082029185797,
    "epoch48": 0.01504809840729362,
    "epoch49": 0.01483493259078578,
    "epoch50": 0.015056887935650977,
    "epoch51": 0.014876334682891243,
    "epoch52": 0.015064358515174766,
    "epoch53": 0.014722835811737337,
    "epoch54": 0.014929626725221934,
    "epoch55": 0.014794475644042617,
    "epoch56": 0.014882547682837435,
    "epoch57": 0.014703630714824325,
    "epoch58": 0.014837587889479963,
    "epoch59": 0.014621079948387648,
    "epoch60": 0.015178146477984754,
    "epoch61": 0.014998842717001313,
    "epoch62": 0.01518298964947462,
    "epoch63": 0.014742022625317699,
    "epoch64": 0.014772732349994936,
    "epoch65": 0.014455927584908511,
    "epoch66": 0.015051600327225108,
    "epoch67": 0.01460343658139831,
    "epoch68": 0.014458966588503435,
    "epoch69": 0.014688026846239441,
    "epoch70": 0.014403449616541988,
    "epoch71": 0.014367634773646531,
    "epoch72": 0.01432676858415729,
    "epoch73": 0.014516645748364298,
    "epoch74": 0.0143265500664711,
    "epoch75": 0.01563744541061552,
    "epoch76": 0.0143908114711705,
    "epoch77": 0.014841158727281973,
    "epoch78": 0.014217296713276914,
    "epoch79": 0.014246886743134573,
    "epoch80": 0.014353834778854721,
    "epoch81": 0.014273268366722684,
    "epoch82": 0.014175822713265293,
    "epoch83": 0.01433771456542768,
    "epoch84": 0.014671004034186664,
    "epoch85": 0.014596904824046712,
    "epoch86": 0.014206988344851294,
    "epoch87": 0.014235931105519595,
    "epoch88": 0.014242028082279782,
    "epoch89": 0.014566919668332526,
    "epoch90": 0.014176338224818832,
    "epoch91": 0.014156602617157133,
    "epoch92": 0.013963267354196623,
    "epoch93": 0.014523567386755818,
    "epoch94": 0.014833880343327397,
    "epoch95": 0.014210926711951432,
    "epoch96": 0.014179518103207412,
    "epoch97": 0.01421346270332211,
    "epoch98": 0.014163186430538955,
    "epoch99": 0.01414161930350881,
    "epoch100": 0.015188401074785935
}