{
    "epoch1": 68.72419921875,
    "epoch2": 46.19725911458333,
    "epoch3": 42.537584635416664,
    "epoch4": 37.72568359375,
    "epoch5": 33.517470703125,
    "epoch6": 31.3015625,
    "epoch7": 30.731184895833334,
    "epoch8": 30.23193359375,
    "epoch9": 29.986650390625,
    "epoch10": 29.586256510416668,
    "epoch11": 29.444609375,
    "epoch12": 29.042379557291667,
    "epoch13": 28.918912760416667,
    "epoch14": 28.867327473958333,
    "epoch15": 28.576279296875,
    "epoch16": 28.325856119791666,
    "epoch17": 28.110540364583333,
    "epoch18": 28.145869140625,
    "epoch19": 28.093225911458333,
    "epoch20": 27.736624348958333,
    "epoch21": 27.644287109375,
    "epoch22": 27.611588541666666,
    "epoch23": 27.473190104166665,
    "epoch24": 27.299944661458333,
    "epoch25": 27.201565755208332,
    "epoch26": 27.134280598958334,
    "epoch27": 27.0769873046875,
    "epoch28": 26.856848958333334,
    "epoch29": 26.811785481770833,
    "epoch30": 26.61677734375,
    "epoch31": 26.592117513020835,
    "epoch32": 26.318834635416668,
    "epoch33": 26.53253255208333,
    "epoch34": 26.431513671875,
    "epoch35": 26.253388671875,
    "epoch36": 26.208111979166667,
    "epoch37": 26.373212890625,
    "epoch38": 26.032744140625,
    "epoch39": 25.9608642578125,
    "epoch40": 25.8807568359375,
    "epoch41": 25.8623828125,
    "epoch42": 25.883121744791666,
    "epoch43": 25.8869921875,
    "epoch44": 25.604440104166667,
    "epoch45": 25.5117138671875,
    "epoch46": 25.658802083333335,
    "epoch47": 25.366139322916666,
    "epoch48": 25.472975260416668,
    "epoch49": 25.333600260416667,
    "epoch50": 25.387141927083334,
    "epoch51": 25.255042317708334,
    "epoch52": 25.122928059895834,
    "epoch53": 25.300406901041665,
    "epoch54": 24.94560546875,
    "epoch55": 25.062145182291665,
    "epoch56": 24.939013671875,
    "epoch57": 25.022526041666666,
    "epoch58": 24.736017252604167,
    "epoch59": 24.86521484375,
    "epoch60": 24.756720377604168,
    "epoch61": 24.71990885416667,
    "epoch62": 24.723562825520833,
    "epoch63": 25.022335611979166,
    "epoch64": 24.597195638020832,
    "epoch65": 24.851290690104168,
    "epoch66": 24.704490559895834,
    "epoch67": 24.5787255859375,
    "epoch68": 24.7468505859375,
    "epoch69": 24.3783056640625,
    "epoch70": 24.452107747395832,
    "epoch71": 24.501095377604166,
    "epoch72": 24.57919921875,
    "epoch73": 24.462610677083333,
    "epoch74": 24.294728190104166,
    "epoch75": 24.3912353515625,
    "epoch76": 24.286297200520835,
    "epoch77": 24.483037109375,
    "epoch78": 24.178994140625,
    "epoch79": 24.1751513671875,
    "epoch80": 24.3675146484375,
    "epoch81": 24.3359765625,
    "epoch82": 24.088375651041666,
    "epoch83": 24.037985026041667,
    "epoch84": 24.092724609375,
    "epoch85": 24.261580403645834,
    "epoch86": 23.9938623046875,
    "epoch87": 24.150804036458332,
    "epoch88": 24.084847005208335,
    "epoch89": 23.9523779296875,
    "epoch90": 23.995413411458333,
    "epoch91": 23.835651041666665,
    "epoch92": 23.861944986979168,
    "epoch93": 23.905831705729167,
    "epoch94": 24.290406901041667,
    "epoch95": 23.844680989583335,
    "epoch96": 23.6361376953125,
    "epoch97": 23.741652018229168,
    "epoch98": 23.651630859375,
    "epoch99": 23.684830729166666,
    "epoch100": 23.748982747395832
}