{
    "epoch1": 47.6680329975329,
    "epoch2": 44.465727153577305,
    "epoch3": 39.43797221936678,
    "epoch4": 34.398264031661185,
    "epoch5": 32.54774876644737,
    "epoch6": 29.83034153988487,
    "epoch7": 29.05213687294408,
    "epoch8": 29.099137155633223,
    "epoch9": 28.87251683285362,
    "epoch10": 27.887997275904606,
    "epoch11": 28.922022769325658,
    "epoch12": 27.420541863692435,
    "epoch13": 27.565028140419408,
    "epoch14": 26.9656982421875,
    "epoch15": 26.478261847245065,
    "epoch16": 28.600987484580592,
    "epoch17": 27.31265419407895,
    "epoch18": 26.25807752107319,
    "epoch19": 26.733102898848685,
    "epoch20": 25.96623470908717,
    "epoch21": 26.36219064812911,
    "epoch22": 26.870724326685856,
    "epoch23": 26.460919831928454,
    "epoch24": 25.66474673622533,
    "epoch25": 25.67742919921875,
    "epoch26": 25.706045050370065,
    "epoch27": 25.35373246042352,
    "epoch28": 25.691274542557565,
    "epoch29": 25.290095279091283,
    "epoch30": 25.827760395250824,
    "epoch31": 24.955397756476152,
    "epoch32": 25.28986880653783,
    "epoch33": 26.3448775442023,
    "epoch34": 25.31064806486431,
    "epoch35": 24.7510697214227,
    "epoch36": 24.909462376644736,
    "epoch37": 24.61951326069079,
    "epoch38": 25.72827951531661,
    "epoch39": 25.033553274054277,
    "epoch40": 25.219548275596217,
    "epoch41": 24.738454718338815,
    "epoch42": 25.5827347604852,
    "epoch43": 24.847590396278783,
    "epoch44": 25.022878546463815,
    "epoch45": 24.31443385074013,
    "epoch46": 24.025904605263158,
    "epoch47": 24.94495432000411,
    "epoch48": 24.929989463404606,
    "epoch49": 24.21475380345395,
    "epoch50": 25.129694888466283,
    "epoch51": 24.67733604029605,
    "epoch52": 24.36760832134046,
    "epoch53": 24.558510228207236,
    "epoch54": 24.982560007195723,
    "epoch55": 24.447575619346217,
    "epoch56": 25.297501413445723,
    "epoch57": 23.914480108963815,
    "epoch58": 24.885793585526315,
    "epoch59": 24.19439697265625,
    "epoch60": 25.309449848375824,
    "epoch61": 25.06857139185855,
    "epoch62": 25.518019826788652,
    "epoch63": 24.102068449321546,
    "epoch64": 24.48417904502467,
    "epoch65": 24.101975290398848,
    "epoch66": 25.145090203536185,
    "epoch67": 24.11177625154194,
    "epoch68": 23.690013684724505,
    "epoch69": 24.52734375,
    "epoch70": 24.147939581620065,
    "epoch71": 23.831110904091283,
    "epoch72": 23.604407059518916,
    "epoch73": 23.796510395250824,
    "epoch74": 24.11505126953125,
    "epoch75": 26.219853451377467,
    "epoch76": 24.056577983655426,
    "epoch77": 24.93500558953536,
    "epoch78": 23.61926912006579,
    "epoch79": 23.65715267783717,
    "epoch80": 23.66000044973273,
    "epoch81": 23.75632838199013,
    "epoch82": 23.801243832236842,
    "epoch83": 24.12411338404605,
    "epoch84": 24.615027176706416,
    "epoch85": 24.67005197625411,
    "epoch86": 23.870839972245065,
    "epoch87": 23.921383506373356,
    "epoch88": 23.721702174136514,
    "epoch89": 24.67234400699013,
    "epoch90": 23.877158717105264,
    "epoch91": 23.693838019120065,
    "epoch92": 23.441245631167764,
    "epoch93": 24.183731882195723,
    "epoch94": 24.619929263466283,
    "epoch95": 24.0683882863898,
    "epoch96": 23.82933767218339,
    "epoch97": 23.833823756167764,
    "epoch98": 23.778472900390625,
    "epoch99": 23.818309583162005,
    "epoch100": 25.28005660207648
}