{
    "epoch1": 0.04526271608968576,
    "epoch2": 0.04157183443506559,
    "epoch3": 0.03900831565260887,
    "epoch4": 0.037246134442587696,
    "epoch5": 0.03598993147412936,
    "epoch6": 0.035018022172152996,
    "epoch7": 0.034131214022636414,
    "epoch8": 0.03333526539305846,
    "epoch9": 0.032534756076832615,
    "epoch10": 0.03168621317793926,
    "epoch11": 0.030737222482760746,
    "epoch12": 0.029808325072129566,
    "epoch13": 0.0288384302208821,
    "epoch14": 0.027882738038897514,
    "epoch15": 0.02687222044914961,
    "epoch16": 0.025851887340346973,
    "epoch17": 0.02490447989354531,
    "epoch18": 0.02392269733051459,
    "epoch19": 0.022929169237613678,
    "epoch20": 0.021990119169155758,
    "epoch21": 0.02110338459412257,
    "epoch22": 0.020218911891182263,
    "epoch23": 0.019380556729932625,
    "epoch24": 0.018620687692115705,
    "epoch25": 0.017897083889693022,
    "epoch26": 0.017236645333468914,
    "epoch27": 0.01662627561017871,
    "epoch28": 0.016043045558035374,
    "epoch29": 0.015526164012650648,
    "epoch30": 0.015062156443794569
}