{
    "epoch1": 88.6863505045573,
    "epoch2": 85.775146484375,
    "epoch3": 84.25731913248698,
    "epoch4": 83.22506713867188,
    "epoch5": 82.61514282226562,
    "epoch6": 82.31651814778645,
    "epoch7": 82.14266459147136,
    "epoch8": 81.84249877929688,
    "epoch9": 81.48738606770833,
    "epoch10": 81.03645324707031,
    "epoch11": 80.50752766927083,
    "epoch12": 79.89699808756511,
    "epoch13": 79.20381164550781,
    "epoch14": 78.58141072591145,
    "epoch15": 77.72420247395833,
    "epoch16": 76.90132649739583,
    "epoch17": 76.0222880045573,
    "epoch18": 75.2168477376302,
    "epoch19": 74.12740071614583,
    "epoch20": 72.73000081380208,
    "epoch21": 72.0711161295573,
    "epoch22": 70.84820048014323,
    "epoch23": 69.51310221354167,
    "epoch24": 68.21940612792969,
    "epoch25": 66.74965413411458,
    "epoch26": 66.1371561686198,
    "epoch27": 65.08984375,
    "epoch28": 64.4853515625,
    "epoch29": 63.22511291503906,
    "epoch30": 63.17846171061198
}