{
    "epoch1": 0.03794176422525197,
    "epoch2": 0.029003381729125977,
    "epoch3": 0.022803923406172544,
    "epoch4": 0.01965740486048162,
    "epoch5": 0.01820073981070891,
    "epoch6": 0.017466241610236466,
    "epoch7": 0.016913183499127626,
    "epoch8": 0.016428882954642177,
    "epoch9": 0.015967236482538283,
    "epoch10": 0.01558103651041165,
    "epoch11": 0.015290271956473589,
    "epoch12": 0.014931586105376482,
    "epoch13": 0.014729737245943397,
    "epoch14": 0.014516124298097566,
    "epoch15": 0.014536627830239013,
    "epoch16": 0.013936504547018558,
    "epoch17": 0.014306181226857007,
    "epoch18": 0.013599220081232488,
    "epoch19": 0.013425800687400624,
    "epoch20": 0.013285483088111505,
    "epoch21": 0.013656216528033838,
    "epoch22": 0.013283210835652426,
    "epoch23": 0.012885696778539568,
    "epoch24": 0.012903108727186918,
    "epoch25": 0.012876777385827154,
    "epoch26": 0.012599626032169908,
    "epoch27": 0.012552012165542692,
    "epoch28": 0.012650080228922889,
    "epoch29": 0.012399693543557078,
    "epoch30": 0.012357635074295104,
    "epoch31": 0.012454766052542254,
    "epoch32": 0.012172634131275117,
    "epoch33": 0.012397802114719525,
    "epoch34": 0.01216706566629,
    "epoch35": 0.012041585898259655,
    "epoch36": 0.012105884670745581,
    "epoch37": 0.011985040357103571,
    "epoch38": 0.011955564608797431,
    "epoch39": 0.011954187444644049,
    "epoch40": 0.011968696169788018,
    "epoch41": 0.011997031164355576,
    "epoch42": 0.011929779779165983,
    "epoch43": 0.011801901739090681,
    "epoch44": 0.011762044741772115,
    "epoch45": 0.012008648627670482,
    "epoch46": 0.011760728288209066,
    "epoch47": 0.011791615601396188,
    "epoch48": 0.011613035923801363,
    "epoch49": 0.011926872044568881,
    "epoch50": 0.011612335860263556,
    "epoch51": 0.011666741222143173,
    "epoch52": 0.011550354422070086,
    "epoch53": 0.011615689494647086,
    "epoch54": 0.011893880960997194,
    "epoch55": 0.011654305417323485,
    "epoch56": 0.011513403500430286,
    "epoch57": 0.011519061721628532,
    "epoch58": 0.011481577821541578,
    "epoch59": 0.01162397299776785,
    "epoch60": 0.011385319696273655,
    "epoch61": 0.013097605260554701,
    "epoch62": 0.011467288102721795,
    "epoch63": 0.011362134828232229,
    "epoch64": 0.011368720966856927,
    "epoch65": 0.011360692733433098,
    "epoch66": 0.011814435594715178,
    "epoch67": 0.011314832314383239,
    "epoch68": 0.011278235440840945,
    "epoch69": 0.011427937191911042,
    "epoch70": 0.011816545302281156,
    "epoch71": 0.011184291855897754,
    "epoch72": 0.011267469002632424,
    "epoch73": 0.011659138079266995,
    "epoch74": 0.011264853470493108,
    "epoch75": 0.011208568379515782,
    "epoch76": 0.01124670312856324,
    "epoch77": 0.011354468035278842,
    "epoch78": 0.011200291075510904,
    "epoch79": 0.01129820998176001,
    "epoch80": 0.011151678481837735,
    "epoch81": 0.011301728751277551,
    "epoch82": 0.011092240951256827,
    "epoch83": 0.011420856200857088,
    "epoch84": 0.0113467970804777,
    "epoch85": 0.011125934979645535,
    "epoch86": 0.011097495793364942,
    "epoch87": 0.011215388221899047,
    "epoch88": 0.011107548081781715,
    "epoch89": 0.011321244528517127,
    "epoch90": 0.011055447481339797,
    "epoch91": 0.011009383772034198,
    "epoch92": 0.011156000982737169,
    "epoch93": 0.011020339414244518,
    "epoch94": 0.01103117864113301,
    "epoch95": 0.011010418034857139,
    "epoch96": 0.011010602960595861,
    "epoch97": 0.011009795678546652,
    "epoch98": 0.011125082615762949,
    "epoch99": 0.011039489734685048,
    "epoch100": 0.011193882819497958
}