{
    "epoch1": 53.50460766989087,
    "epoch2": 46.06718129960318,
    "epoch3": 40.47964332217262,
    "epoch4": 36.57985336061508,
    "epoch5": 34.34340510292659,
    "epoch6": 33.21412295386905,
    "epoch7": 31.97673107328869,
    "epoch8": 31.463706364707342,
    "epoch9": 30.886722625248016,
    "epoch10": 30.327642531622026,
    "epoch11": 29.83029513888889,
    "epoch12": 29.267295231894842,
    "epoch13": 28.992536272321427,
    "epoch14": 28.32385447668651,
    "epoch15": 28.05285838293651,
    "epoch16": 28.133773561507937,
    "epoch17": 27.563902839781747,
    "epoch18": 27.67961968315972,
    "epoch19": 26.941125294518848,
    "epoch20": 27.033164372519842,
    "epoch21": 26.897627573164684,
    "epoch22": 26.477033342633927,
    "epoch23": 26.59914822048611,
    "epoch24": 26.01337154327877,
    "epoch25": 25.797679113963294,
    "epoch26": 25.801352849082342,
    "epoch27": 25.68064274863591,
    "epoch28": 25.67847648499504,
    "epoch29": 25.82705543154762,
    "epoch30": 25.664273701016864,
    "epoch31": 25.398276677207342,
    "epoch32": 25.412905738467263,
    "epoch33": 25.072505890376984,
    "epoch34": 24.789045061383927,
    "epoch35": 24.91772267175099,
    "epoch36": 24.663897801959326,
    "epoch37": 24.707686166914684,
    "epoch38": 24.38157048301091,
    "epoch39": 24.441441127232142,
    "epoch40": 24.73252456907242,
    "epoch41": 24.384637741815474,
    "epoch42": 24.33374217199901,
    "epoch43": 24.037150065104168,
    "epoch44": 24.023489815848215,
    "epoch45": 23.876515221974206,
    "epoch46": 24.097136966765873,
    "epoch47": 23.727866520957342,
    "epoch48": 23.724531870039684,
    "epoch49": 23.543621729290674,
    "epoch50": 23.55490451388889,
    "epoch51": 23.453338138640873,
    "epoch52": 23.469515361483136,
    "epoch53": 23.423496791294642,
    "epoch54": 23.79728771391369,
    "epoch55": 23.37900700644841,
    "epoch56": 23.89463394407242,
    "epoch57": 23.345003642733136,
    "epoch58": 23.11448063926091,
    "epoch59": 23.07163589719742,
    "epoch60": 22.95080760168651,
    "epoch61": 23.112874348958332,
    "epoch62": 23.299639989459326,
    "epoch63": 22.75593494233631,
    "epoch64": 22.6923828125,
    "epoch65": 22.862186492435516,
    "epoch66": 22.846241784474206,
    "epoch67": 22.86992730034722,
    "epoch68": 22.628348214285715,
    "epoch69": 22.752201140873016,
    "epoch70": 22.62348865327381,
    "epoch71": 22.648584759424605,
    "epoch72": 22.397232297867063,
    "epoch73": 22.44841076078869,
    "epoch74": 22.655804346478174,
    "epoch75": 22.262317475818453,
    "epoch76": 22.734900096106152,
    "epoch77": 22.458961123511905,
    "epoch78": 22.2801513671875,
    "epoch79": 22.27133324032738,
    "epoch80": 22.94306098090278,
    "epoch81": 22.226822141617063,
    "epoch82": 22.112531389508927,
    "epoch83": 21.96688988095238,
    "epoch84": 22.114990234375,
    "epoch85": 22.152349562872026,
    "epoch86": 21.99126712859623,
    "epoch87": 22.742129371279763,
    "epoch88": 21.947438073536706,
    "epoch89": 22.076363699776785,
    "epoch90": 21.977447994171627,
    "epoch91": 22.02368357824901,
    "epoch92": 21.964122953869047,
    "epoch93": 21.829578218005953,
    "epoch94": 22.033187624007937,
    "epoch95": 22.028180803571427,
    "epoch96": 21.876019190228174,
    "epoch97": 21.642208038814484,
    "epoch98": 22.069874596974206,
    "epoch99": 21.89475407676091,
    "epoch100": 21.617181687127974
}