{
    "epoch1": 46.737823486328125,
    "epoch2": 41.68869400024414,
    "epoch3": 37.632083892822266,
    "epoch4": 33.65239715576172,
    "epoch5": 32.53208923339844,
    "epoch6": 31.63884735107422,
    "epoch7": 30.36249542236328,
    "epoch8": 30.316120147705078,
    "epoch9": 29.631153106689453,
    "epoch10": 29.527475357055664,
    "epoch11": 29.331684112548828,
    "epoch12": 28.427875518798828,
    "epoch13": 27.84613800048828,
    "epoch14": 28.63605499267578,
    "epoch15": 29.068456649780273,
    "epoch16": 27.165098190307617,
    "epoch17": 29.01908302307129,
    "epoch18": 26.537263870239258,
    "epoch19": 26.362525939941406,
    "epoch20": 26.204132080078125,
    "epoch21": 28.304811477661133,
    "epoch22": 27.017105102539062,
    "epoch23": 26.139991760253906,
    "epoch24": 25.885953903198242,
    "epoch25": 26.50050926208496,
    "epoch26": 25.349411010742188,
    "epoch27": 25.60438346862793,
    "epoch28": 25.90848731994629,
    "epoch29": 24.90102195739746,
    "epoch30": 25.40752410888672,
    "epoch31": 25.91053009033203,
    "epoch32": 24.84575843811035,
    "epoch33": 25.18069839477539,
    "epoch34": 24.67786407470703,
    "epoch35": 24.69236946105957,
    "epoch36": 24.696063995361328,
    "epoch37": 24.8189697265625,
    "epoch38": 24.444616317749023,
    "epoch39": 24.144582748413086,
    "epoch40": 24.203275680541992,
    "epoch41": 24.200904846191406,
    "epoch42": 24.650545120239258,
    "epoch43": 24.37782096862793,
    "epoch44": 24.203399658203125,
    "epoch45": 24.961082458496094,
    "epoch46": 24.401975631713867,
    "epoch47": 23.517133712768555,
    "epoch48": 23.648670196533203,
    "epoch49": 25.017547607421875,
    "epoch50": 23.78912925720215,
    "epoch51": 23.302751541137695,
    "epoch52": 23.662893295288086,
    "epoch53": 23.904813766479492,
    "epoch54": 24.418916702270508,
    "epoch55": 24.166061401367188,
    "epoch56": 23.41543960571289,
    "epoch57": 23.480772018432617,
    "epoch58": 23.6569766998291,
    "epoch59": 23.951147079467773,
    "epoch60": 23.535001754760742,
    "epoch61": 27.90593719482422,
    "epoch62": 23.385204315185547,
    "epoch63": 23.076751708984375,
    "epoch64": 23.379751205444336,
    "epoch65": 23.515832901000977,
    "epoch66": 24.06466293334961,
    "epoch67": 23.195579528808594,
    "epoch68": 23.085735321044922,
    "epoch69": 23.267818450927734,
    "epoch70": 25.167713165283203,
    "epoch71": 22.916078567504883,
    "epoch72": 23.285850524902344,
    "epoch73": 25.1708984375,
    "epoch74": 22.961713790893555,
    "epoch75": 23.022052764892578,
    "epoch76": 23.48884391784668,
    "epoch77": 23.85219383239746,
    "epoch78": 23.30353546142578,
    "epoch79": 23.24823760986328,
    "epoch80": 23.099138259887695,
    "epoch81": 23.279857635498047,
    "epoch82": 22.809179306030273,
    "epoch83": 23.779035568237305,
    "epoch84": 23.558605194091797,
    "epoch85": 22.83547019958496,
    "epoch86": 22.62099838256836,
    "epoch87": 22.808923721313477,
    "epoch88": 23.171175003051758,
    "epoch89": 23.196884155273438,
    "epoch90": 22.700176239013672,
    "epoch91": 22.730993270874023,
    "epoch92": 23.427114486694336,
    "epoch93": 22.650588989257812,
    "epoch94": 22.777633666992188,
    "epoch95": 22.701875686645508,
    "epoch96": 22.743301391601562,
    "epoch97": 22.80951690673828,
    "epoch98": 23.410507202148438,
    "epoch99": 22.528932571411133,
    "epoch100": 23.44162940979004
}