{
    "epoch1": 171.3654296875,
    "epoch2": 157.587373046875,
    "epoch3": 137.049111328125,
    "epoch4": 124.575634765625,
    "epoch5": 123.931953125,
    "epoch6": 123.929140625,
    "epoch7": 123.5036328125,
    "epoch8": 122.261923828125,
    "epoch9": 120.593720703125,
    "epoch10": 118.00623046875,
    "epoch11": 116.6428125,
    "epoch12": 114.40990234375,
    "epoch13": 112.382138671875,
    "epoch14": 111.534755859375,
    "epoch15": 109.796083984375,
    "epoch16": 108.04912109375,
    "epoch17": 106.419208984375,
    "epoch18": 105.50044921875,
    "epoch19": 104.826923828125,
    "epoch20": 104.157685546875,
    "epoch21": 103.585302734375,
    "epoch22": 102.794228515625,
    "epoch23": 102.081474609375,
    "epoch24": 101.980908203125,
    "epoch25": 101.707138671875,
    "epoch26": 101.0788671875,
    "epoch27": 100.84337890625,
    "epoch28": 101.00013671875,
    "epoch29": 100.0341796875,
    "epoch30": 100.26228515625
}