{
    "epoch1": 164.94013671875,
    "epoch2": 146.478935546875,
    "epoch3": 126.1564453125,
    "epoch4": 124.574794921875,
    "epoch5": 125.973984375,
    "epoch6": 125.596904296875,
    "epoch7": 124.08365234375,
    "epoch8": 122.163408203125,
    "epoch9": 119.69544921875,
    "epoch10": 117.80548828125,
    "epoch11": 115.367236328125,
    "epoch12": 113.29078125,
    "epoch13": 111.878369140625,
    "epoch14": 109.6476953125,
    "epoch15": 107.520712890625,
    "epoch16": 106.092060546875,
    "epoch17": 105.300517578125,
    "epoch18": 103.437236328125,
    "epoch19": 102.438759765625,
    "epoch20": 101.67314453125,
    "epoch21": 101.552392578125,
    "epoch22": 100.68546875,
    "epoch23": 100.52720703125,
    "epoch24": 100.663740234375,
    "epoch25": 99.8037890625,
    "epoch26": 100.121123046875,
    "epoch27": 99.550068359375,
    "epoch28": 98.604892578125,
    "epoch29": 100.3820703125,
    "epoch30": 99.146015625
}