{
    "epoch1": 0.00033841124153696,
    "epoch2": 0.00025388843729160724,
    "epoch3": 0.0001993469533044845,
    "epoch4": 0.00016620566020719707,
    "epoch5": 0.00014747408662515226,
    "epoch6": 0.000138401410113147,
    "epoch7": 0.00013408988736046012,
    "epoch8": 0.00013255042998935095,
    "epoch9": 0.0001321085980453063,
    "epoch10": 0.00013200864523241763,
    "epoch11": 0.00013188180571887642,
    "epoch12": 0.0001318844019260723,
    "epoch13": 0.0001317588698293548,
    "epoch14": 0.0001315973766031675,
    "epoch15": 0.00013139950307959226,
    "epoch16": 0.0001311363381682895,
    "epoch17": 0.00013087872168398462,
    "epoch18": 0.00013061764133453835,
    "epoch19": 0.00013043988641584292,
    "epoch20": 0.00013028670837229584,
    "epoch21": 0.00013009364738536533,
    "epoch22": 0.00012989930735784582,
    "epoch23": 0.00012939341133460402,
    "epoch24": 0.00012950465359608642,
    "epoch25": 0.0001293292853370076,
    "epoch26": 0.0001290701260586502,
    "epoch27": 0.00012901053887617308,
    "epoch28": 0.0001286437169619603,
    "epoch29": 0.00012838401111366692,
    "epoch30": 0.00012839298229664565
}