{
    "epoch1": 200.0,
    "epoch2": 197.30404296875,
    "epoch3": 159.496875,
    "epoch4": 105.540419921875,
    "epoch5": 79.386494140625,
    "epoch6": 72.8052587890625,
    "epoch7": 71.9690283203125,
    "epoch8": 73.4284765625,
    "epoch9": 75.0021435546875,
    "epoch10": 76.0782568359375,
    "epoch11": 76.572529296875,
    "epoch12": 77.3287060546875,
    "epoch13": 77.5522216796875,
    "epoch14": 77.663525390625,
    "epoch15": 77.720205078125,
    "epoch16": 77.5679248046875,
    "epoch17": 77.4129931640625,
    "epoch18": 77.2421826171875,
    "epoch19": 77.2471826171875,
    "epoch20": 77.3685693359375,
    "epoch21": 77.331103515625,
    "epoch22": 77.2662060546875,
    "epoch23": 76.273427734375,
    "epoch24": 77.0917138671875,
    "epoch25": 77.062900390625,
    "epoch26": 76.7510595703125,
    "epoch27": 76.9563134765625,
    "epoch28": 76.366181640625,
    "epoch29": 75.92265625,
    "epoch30": 76.3044482421875
}