{
    "epoch1": 63.01880645751953,
    "epoch2": 60.93086624145508,
    "epoch3": 54.690155029296875,
    "epoch4": 55.90452575683594,
    "epoch5": 52.79679489135742,
    "epoch6": 51.903358459472656,
    "epoch7": 49.68910217285156,
    "epoch8": 48.36357879638672,
    "epoch9": 46.35343933105469,
    "epoch10": 44.845123291015625,
    "epoch11": 43.12440490722656,
    "epoch12": 43.488006591796875,
    "epoch13": 40.16352081298828,
    "epoch14": 40.041221618652344,
    "epoch15": 41.25826644897461,
    "epoch16": 39.976436614990234,
    "epoch17": 38.57427215576172,
    "epoch18": 40.95478057861328,
    "epoch19": 38.63515853881836,
    "epoch20": 37.50232696533203,
    "epoch21": 38.647972106933594,
    "epoch22": 38.913516998291016,
    "epoch23": 38.652626037597656,
    "epoch24": 37.03860855102539,
    "epoch25": 37.89961242675781,
    "epoch26": 39.065406799316406,
    "epoch27": 39.55411148071289,
    "epoch28": 38.75606918334961,
    "epoch29": 38.07051467895508,
    "epoch30": 40.00062942504883,
    "epoch31": 38.92417907714844,
    "epoch32": 37.09543228149414,
    "epoch33": 36.97906494140625,
    "epoch34": 36.62345504760742,
    "epoch35": 39.35552215576172,
    "epoch36": 36.45712661743164,
    "epoch37": 36.11545944213867,
    "epoch38": 37.231632232666016,
    "epoch39": 36.74700164794922,
    "epoch40": 37.763526916503906,
    "epoch41": 38.19305419921875,
    "epoch42": 37.152347564697266,
    "epoch43": 37.2645149230957,
    "epoch44": 37.07635498046875,
    "epoch45": 36.5379753112793,
    "epoch46": 38.40937805175781,
    "epoch47": 36.33442306518555,
    "epoch48": 38.261810302734375,
    "epoch49": 37.74187088012695,
    "epoch50": 35.81361389160156,
    "epoch51": 35.61276626586914,
    "epoch52": 38.41228485107422,
    "epoch53": 36.13706588745117,
    "epoch54": 36.097129821777344,
    "epoch55": 36.67644119262695,
    "epoch56": 38.905155181884766,
    "epoch57": 36.71996307373047,
    "epoch58": 36.51891326904297,
    "epoch59": 36.476470947265625,
    "epoch60": 37.02268981933594,
    "epoch61": 37.206024169921875,
    "epoch62": 37.940277099609375,
    "epoch63": 36.03881072998047,
    "epoch64": 36.750850677490234,
    "epoch65": 35.836090087890625,
    "epoch66": 38.08872985839844,
    "epoch67": 35.25627899169922,
    "epoch68": 35.1610107421875,
    "epoch69": 36.83462905883789,
    "epoch70": 34.813987731933594,
    "epoch71": 35.29601287841797,
    "epoch72": 36.19890213012695,
    "epoch73": 36.33504104614258,
    "epoch74": 38.05910110473633,
    "epoch75": 38.201087951660156,
    "epoch76": 37.21197509765625,
    "epoch77": 36.00685501098633,
    "epoch78": 34.75624465942383,
    "epoch79": 34.52785873413086,
    "epoch80": 35.24907684326172,
    "epoch81": 34.747222900390625,
    "epoch82": 34.445213317871094,
    "epoch83": 34.689788818359375,
    "epoch84": 35.05070877075195,
    "epoch85": 34.69236373901367,
    "epoch86": 36.84170150756836,
    "epoch87": 37.991844177246094,
    "epoch88": 38.31512451171875,
    "epoch89": 38.26773452758789,
    "epoch90": 37.690643310546875,
    "epoch91": 36.290985107421875,
    "epoch92": 34.59968185424805,
    "epoch93": 34.86446762084961,
    "epoch94": 35.261695861816406,
    "epoch95": 35.794769287109375,
    "epoch96": 35.64662551879883,
    "epoch97": 34.953826904296875,
    "epoch98": 34.09797668457031,
    "epoch99": 34.112735748291016,
    "epoch100": 35.49266052246094
}