{
    "epoch1": 116.5298125,
    "epoch2": 76.4235078125,
    "epoch3": 67.013046875,
    "epoch4": 57.39012890625,
    "epoch5": 55.69260546875,
    "epoch6": 53.58551171875,
    "epoch7": 50.2468515625,
    "epoch8": 46.65098046875,
    "epoch9": 44.06187890625,
    "epoch10": 41.25377734375,
    "epoch11": 38.89146875,
    "epoch12": 36.8009140625,
    "epoch13": 35.11549609375,
    "epoch14": 33.6150078125,
    "epoch15": 32.394853515625,
    "epoch16": 30.99958203125,
    "epoch17": 29.967279296875,
    "epoch18": 28.830845703125,
    "epoch19": 28.19444921875,
    "epoch20": 27.2830625,
    "epoch21": 26.450201171875,
    "epoch22": 25.8150390625,
    "epoch23": 25.3211015625,
    "epoch24": 24.838419921875,
    "epoch25": 24.18416015625,
    "epoch26": 23.417015625,
    "epoch27": 23.241892578125,
    "epoch28": 22.610751953125,
    "epoch29": 22.08228515625,
    "epoch30": 21.551849609375
}