{
    "epoch1": 81.7121345766129,
    "epoch2": 74.86664409022177,
    "epoch3": 64.15139868951613,
    "epoch4": 58.63693138860887,
    "epoch5": 57.36815224924395,
    "epoch6": 54.367242628528224,
    "epoch7": 50.749267578125,
    "epoch8": 47.79732390372984,
    "epoch9": 44.94380827872984,
    "epoch10": 43.131079889112904,
    "epoch11": 40.67851404989919,
    "epoch12": 38.96328833795363,
    "epoch13": 38.120825982862904,
    "epoch14": 35.40298560357863,
    "epoch15": 33.75850554435484,
    "epoch16": 31.948980516003026,
    "epoch17": 31.540706511466734,
    "epoch18": 29.802376039566532,
    "epoch19": 29.138599026587702,
    "epoch20": 28.402621361517138,
    "epoch21": 27.693682270665324,
    "epoch22": 27.03102554813508,
    "epoch23": 26.48097868888609,
    "epoch24": 25.85180860950101,
    "epoch25": 25.36311783329133,
    "epoch26": 24.94771452872984,
    "epoch27": 24.853726294732862,
    "epoch28": 25.379937941028224,
    "epoch29": 23.812326738911292,
    "epoch30": 23.530344317036292
}