{
    "epoch1": 0.05671794818980353,
    "epoch2": 0.0494541839829513,
    "epoch3": 0.045164706983736584,
    "epoch4": 0.041844986379146576,
    "epoch5": 0.03810900715844972,
    "epoch6": 0.03406488310013499,
    "epoch7": 0.030295196122356823,
    "epoch8": 0.026792382821440697,
    "epoch9": 0.02426040545105934,
    "epoch10": 0.021799502628190175,
    "epoch11": 0.0208976792969874,
    "epoch12": 0.02056895648794515,
    "epoch13": 0.019127722962626388,
    "epoch14": 0.01896434197468417,
    "epoch15": 0.019049953935401782,
    "epoch16": 0.01888367280896221,
    "epoch17": 0.01865570792662246,
    "epoch18": 0.017877109880958284,
    "epoch19": 0.017742779371993884,
    "epoch20": 0.017751028495175496,
    "epoch21": 0.018103198148310184,
    "epoch22": 0.01746830902993679,
    "epoch23": 0.01766422444156238,
    "epoch24": 0.017730202924992357,
    "epoch25": 0.017702515237033367,
    "epoch26": 0.018044468946754932,
    "epoch27": 0.017421741969883442,
    "epoch28": 0.016851898548858508,
    "epoch29": 0.016791902216417447,
    "epoch30": 0.016740033136946813,
    "epoch31": 0.01686354087931769,
    "epoch32": 0.017088243338678564,
    "epoch33": 0.016477329124297415,
    "epoch34": 0.016437237417059287,
    "epoch35": 0.016699317709675858,
    "epoch36": 0.01771137530782393,
    "epoch37": 0.017035358186279024,
    "epoch38": 0.016141700026180063,
    "epoch39": 0.01711591279932431,
    "epoch40": 0.01655678530888898,
    "epoch41": 0.016990937558668002,
    "epoch42": 0.01676091525171484,
    "epoch43": 0.01643050422093698,
    "epoch44": 0.016762235867125646,
    "epoch45": 0.017119768607829298,
    "epoch46": 0.016356188670865128,
    "epoch47": 0.01640728342213801,
    "epoch48": 0.0156702690624765,
    "epoch49": 0.015887328955743994,
    "epoch50": 0.01576568957950388,
    "epoch51": 0.01579662585364921,
    "epoch52": 0.016039309757096425,
    "epoch53": 0.01596150946404253,
    "epoch54": 0.015761368109711578,
    "epoch55": 0.015589837250964982,
    "epoch56": 0.015871325773852214,
    "epoch57": 0.01554289726274354,
    "epoch58": 0.015517529499317919,
    "epoch59": 0.01618970012558358,
    "epoch60": 0.015486192091235093,
    "epoch61": 0.015739753177123412,
    "epoch62": 0.015783126465976238,
    "epoch63": 0.015919698269239495,
    "epoch64": 0.01577801150935037,
    "epoch65": 0.016388628498784134,
    "epoch66": 0.01537608475025211,
    "epoch67": 0.015951731774423803,
    "epoch68": 0.016153347279344286,
    "epoch69": 0.015271775557526521,
    "epoch70": 0.015577797910996847,
    "epoch71": 0.015388086172086852,
    "epoch72": 0.01594321828867708,
    "epoch73": 0.01564038491674832,
    "epoch74": 0.015984671988657544,
    "epoch75": 0.015357113310268946,
    "epoch76": 0.01591130026749202,
    "epoch77": 0.015948040410876274,
    "epoch78": 0.015232958431754793,
    "epoch79": 0.01526340882160834,
    "epoch80": 0.01519394266818251,
    "epoch81": 0.015155172108539514,
    "epoch82": 0.015998168449316705,
    "epoch83": 0.015111461813960756,
    "epoch84": 0.015384014961974961,
    "epoch85": 0.015137290049876486,
    "epoch86": 0.01507197174110583,
    "epoch87": 0.015149996349854129,
    "epoch88": 0.015073384823543685,
    "epoch89": 0.01516245651457991,
    "epoch90": 0.015127088076301984,
    "epoch91": 0.015802777505346706,
    "epoch92": 0.015214578115514346,
    "epoch93": 0.015008097381464072,
    "epoch94": 0.015166118741035461,
    "epoch95": 0.01614301053008863,
    "epoch96": 0.014989829090024744,
    "epoch97": 0.015373920223542623,
    "epoch98": 0.015020245686173439,
    "epoch99": 0.015235518105328083,
    "epoch100": 0.015968958315040385
}