{
    "epoch1": 44.89683240525266,
    "epoch2": 40.097152385305854,
    "epoch3": 34.48857473819814,
    "epoch4": 31.175786444481382,
    "epoch5": 29.883604658410903,
    "epoch6": 28.90859011386303,
    "epoch7": 28.61120865192819,
    "epoch8": 27.848988634474733,
    "epoch9": 28.28182139295213,
    "epoch10": 27.75200247257314,
    "epoch11": 28.32972490026596,
    "epoch12": 27.37480780418883,
    "epoch13": 26.623826047207448,
    "epoch14": 26.636342150099733,
    "epoch15": 27.45310941655585,
    "epoch16": 26.41627794630984,
    "epoch17": 27.85461685505319,
    "epoch18": 26.00300241023936,
    "epoch19": 26.43788179438165,
    "epoch20": 26.905125394780587,
    "epoch21": 26.66881025598404,
    "epoch22": 26.13862252742686,
    "epoch23": 26.01168238863032,
    "epoch24": 25.91583901263298,
    "epoch25": 25.8265380859375,
    "epoch26": 25.66808822307181,
    "epoch27": 25.38942507480053,
    "epoch28": 25.721479699966757,
    "epoch29": 25.10496228806516,
    "epoch30": 25.70942071143617,
    "epoch31": 25.316156914893618,
    "epoch32": 25.553822618849733,
    "epoch33": 24.96126475232713,
    "epoch34": 24.198668134973403,
    "epoch35": 25.33820489112367,
    "epoch36": 24.387282351230052,
    "epoch37": 24.09270331200133,
    "epoch38": 23.8414306640625,
    "epoch39": 23.8603515625,
    "epoch40": 25.359800947473403,
    "epoch41": 23.818959337599733,
    "epoch42": 23.6152655418883,
    "epoch43": 23.788272938829788,
    "epoch44": 23.760788937832448,
    "epoch45": 23.515526304853722,
    "epoch46": 23.364073408410903,
    "epoch47": 23.386869389960108,
    "epoch48": 23.60374677942154,
    "epoch49": 23.46160239361702,
    "epoch50": 24.44173350232713,
    "epoch51": 23.602354658410903,
    "epoch52": 24.12611161901596,
    "epoch53": 23.18359375,
    "epoch54": 23.29797103557181,
    "epoch55": 24.237403382646278,
    "epoch56": 23.38847708194814,
    "epoch57": 22.99839490525266,
    "epoch58": 23.10982951712101,
    "epoch59": 22.776356798537233,
    "epoch60": 23.70766237948803,
    "epoch61": 22.84659397855718,
    "epoch62": 23.634163065159573,
    "epoch63": 22.820247568982712,
    "epoch64": 22.66857650432181,
    "epoch65": 22.87785696476064,
    "epoch66": 22.6838067237367,
    "epoch67": 22.561879259474733,
    "epoch68": 22.66032766788564,
    "epoch69": 23.292667470079788,
    "epoch70": 25.0924383934508,
    "epoch71": 22.83372465093085,
    "epoch72": 22.41742852393617,
    "epoch73": 22.348308157413562,
    "epoch74": 23.134202023769948,
    "epoch75": 22.70448075964096,
    "epoch76": 22.43629488031915,
    "epoch77": 22.339573636968087,
    "epoch78": 22.177170773769948,
    "epoch79": 22.30482515375665,
    "epoch80": 22.25018959857048,
    "epoch81": 22.569084005152927,
    "epoch82": 22.88917833693484,
    "epoch83": 22.30653154089096,
    "epoch84": 22.195068359375,
    "epoch85": 22.07158514793883,
    "epoch86": 22.167857068650267,
    "epoch87": 22.884812375332448,
    "epoch88": 22.36141643118351,
    "epoch89": 22.25127005069814,
    "epoch90": 23.16196652676197,
    "epoch91": 22.30738863031915,
    "epoch92": 22.116096658909573,
    "epoch93": 22.762630381482712,
    "epoch94": 21.84146442819149,
    "epoch95": 22.007157995345743,
    "epoch96": 21.82981320644947,
    "epoch97": 22.881352850731382,
    "epoch98": 22.115101915724733,
    "epoch99": 21.87241574551197,
    "epoch100": 22.609364611037233
}