{
    "epoch1": 0.03413584525696933,
    "epoch2": 0.0232426395668881,
    "epoch3": 0.02163175334862899,
    "epoch4": 0.020660537251387723,
    "epoch5": 0.019846458511892706,
    "epoch6": 0.01937013553106226,
    "epoch7": 0.01899541332386434,
    "epoch8": 0.01861660653958097,
    "epoch9": 0.019130066633806564,
    "epoch10": 0.018565010803285986,
    "epoch11": 0.017985077007324435,
    "epoch12": 0.01752883373410441,
    "epoch13": 0.017374270042637363,
    "epoch14": 0.017158757007564418,
    "epoch15": 0.017024599001160823,
    "epoch16": 0.01718230669212062,
    "epoch17": 0.016921869100769982,
    "epoch18": 0.016814845315821003,
    "epoch19": 0.016600156399363186,
    "epoch20": 0.016439076920505613,
    "epoch21": 0.016361729591153562,
    "epoch22": 0.01623859717801679,
    "epoch23": 0.016477232755278237,
    "epoch24": 0.016086328352685086,
    "epoch25": 0.01612271025078371,
    "epoch26": 0.016039418434957042,
    "epoch27": 0.015822519912035204,
    "epoch28": 0.016156571873580106,
    "epoch29": 0.016243158097495325,
    "epoch30": 0.015664302714867517,
    "epoch31": 0.016613299114396796,
    "epoch32": 0.016720271596568637,
    "epoch33": 0.015447527388460003,
    "epoch34": 0.016076715881354176,
    "epoch35": 0.015338238183176145,
    "epoch36": 0.0158356361935148,
    "epoch37": 0.015286838155589066,
    "epoch38": 0.015968708641594276,
    "epoch39": 0.015104838596016634,
    "epoch40": 0.015256434460752644,
    "epoch41": 0.015075723371410277,
    "epoch42": 0.015144866229093168,
    "epoch43": 0.015046279935631901,
    "epoch44": 0.015005240013124421,
    "epoch45": 0.014941579967853613,
    "epoch46": 0.015238684572977945,
    "epoch47": 0.015092859306605533,
    "epoch48": 0.014799287979258224,
    "epoch49": 0.01505380726302974,
    "epoch50": 0.014790917412028648,
    "epoch51": 0.01497253698471468,
    "epoch52": 0.014862353826174513,
    "epoch53": 0.01468969666166231,
    "epoch54": 0.014667094423202798,
    "epoch55": 0.014586096003768034,
    "epoch56": 0.015119706658879295,
    "epoch57": 0.014520225886371918,
    "epoch58": 0.014672106452053413,
    "epoch59": 0.014653500416898169,
    "epoch60": 0.01440793604706414,
    "epoch61": 0.014488328437437303,
    "epoch62": 0.014538942741637584,
    "epoch63": 0.014731162395037245,
    "epoch64": 0.014740944425284397,
    "epoch65": 0.015160704118898138,
    "epoch66": 0.014552249682310503,
    "epoch67": 0.014484818450000603,
    "epoch68": 0.014444516200455837,
    "epoch69": 0.014395044439879712,
    "epoch70": 0.014371905584994238,
    "epoch71": 0.014232259512937162,
    "epoch72": 0.014564273646101356,
    "epoch73": 0.014293107691628393,
    "epoch74": 0.01415620662010042,
    "epoch75": 0.01508177138020983,
    "epoch76": 0.014085995404457208,
    "epoch77": 0.014215427487215493,
    "epoch78": 0.014224940503481776,
    "epoch79": 0.014290444072685204,
    "epoch80": 0.014132648160739336,
    "epoch81": 0.013966671474918257,
    "epoch82": 0.01416308933403343,
    "epoch83": 0.014237972245609853,
    "epoch84": 0.014505608152830973,
    "epoch85": 0.013964069483336061,
    "epoch86": 0.013997588750498835,
    "epoch87": 0.01429235845716903,
    "epoch88": 0.013806517119519413,
    "epoch89": 0.014327221149869729,
    "epoch90": 0.013845991968992166,
    "epoch91": 0.013922880243626423,
    "epoch92": 0.014040630376257468,
    "epoch93": 0.013848323316778988,
    "epoch94": 0.013786870644253213,
    "epoch95": 0.01386383598583052,
    "epoch96": 0.013729992882872466,
    "epoch97": 0.013815736434480641,
    "epoch98": 0.014035252454050351,
    "epoch99": 0.013809519965434447,
    "epoch100": 0.0137636017461773
}