{
    "epoch1": 54.90411376953125,
    "epoch2": 33.54290008544922,
    "epoch3": 30.64118003845215,
    "epoch4": 29.733661651611328,
    "epoch5": 28.63392448425293,
    "epoch6": 28.050851821899414,
    "epoch7": 27.76650047302246,
    "epoch8": 27.14604377746582,
    "epoch9": 26.971439361572266,
    "epoch10": 26.719459533691406,
    "epoch11": 26.5228271484375,
    "epoch12": 26.40505599975586,
    "epoch13": 26.107271194458008,
    "epoch14": 25.90534782409668,
    "epoch15": 25.80328369140625,
    "epoch16": 25.568315505981445,
    "epoch17": 25.487409591674805,
    "epoch18": 25.40730857849121,
    "epoch19": 25.444530487060547,
    "epoch20": 25.13323211669922,
    "epoch21": 25.044591903686523,
    "epoch22": 24.776199340820312,
    "epoch23": 24.84791374206543,
    "epoch24": 24.798871994018555,
    "epoch25": 24.569154739379883,
    "epoch26": 24.602516174316406,
    "epoch27": 24.58112907409668,
    "epoch28": 24.472415924072266,
    "epoch29": 24.55373764038086,
    "epoch30": 24.36232566833496,
    "epoch31": 24.26873779296875,
    "epoch32": 24.293020248413086,
    "epoch33": 24.146394729614258,
    "epoch34": 24.03901481628418,
    "epoch35": 24.1933650970459,
    "epoch36": 23.971050262451172,
    "epoch37": 24.048158645629883,
    "epoch38": 24.063791275024414,
    "epoch39": 23.870859146118164,
    "epoch40": 23.837844848632812,
    "epoch41": 23.751056671142578,
    "epoch42": 23.821847915649414,
    "epoch43": 23.722665786743164,
    "epoch44": 23.72835922241211,
    "epoch45": 23.586044311523438,
    "epoch46": 23.557010650634766,
    "epoch47": 23.51064682006836,
    "epoch48": 23.59844970703125,
    "epoch49": 23.558523178100586,
    "epoch50": 23.44576072692871,
    "epoch51": 23.37352752685547,
    "epoch52": 23.54258155822754,
    "epoch53": 23.418081283569336,
    "epoch54": 23.2297306060791,
    "epoch55": 23.187875747680664,
    "epoch56": 23.33969497680664,
    "epoch57": 23.105913162231445,
    "epoch58": 23.37467384338379,
    "epoch59": 23.204679489135742,
    "epoch60": 23.059471130371094,
    "epoch61": 23.043798446655273,
    "epoch62": 23.22453498840332,
    "epoch63": 23.075164794921875,
    "epoch64": 22.8640079498291,
    "epoch65": 22.979482650756836,
    "epoch66": 22.97708511352539,
    "epoch67": 22.809480667114258,
    "epoch68": 22.77800178527832,
    "epoch69": 22.773488998413086,
    "epoch70": 22.828289031982422,
    "epoch71": 22.736156463623047,
    "epoch72": 22.72937774658203,
    "epoch73": 22.654726028442383,
    "epoch74": 22.788860321044922,
    "epoch75": 22.592849731445312,
    "epoch76": 22.494827270507812,
    "epoch77": 22.58654022216797,
    "epoch78": 22.685819625854492,
    "epoch79": 22.547060012817383,
    "epoch80": 22.504858016967773,
    "epoch81": 22.573274612426758,
    "epoch82": 22.443836212158203,
    "epoch83": 22.425331115722656,
    "epoch84": 22.242958068847656,
    "epoch85": 22.18086814880371,
    "epoch86": 22.267980575561523,
    "epoch87": 22.350515365600586,
    "epoch88": 22.30310821533203,
    "epoch89": 22.22495460510254,
    "epoch90": 22.228181838989258,
    "epoch91": 22.1820068359375,
    "epoch92": 22.04786491394043,
    "epoch93": 22.089492797851562,
    "epoch94": 22.047208786010742,
    "epoch95": 21.916505813598633,
    "epoch96": 22.065156936645508,
    "epoch97": 22.1062068939209,
    "epoch98": 21.93461036682129,
    "epoch99": 22.00762939453125,
    "epoch100": 22.00615119934082
}