{
    "epoch1": 0.02565247236440579,
    "epoch2": 0.016487273139258227,
    "epoch3": 0.011105851425478855,
    "epoch4": 0.007955724466592073,
    "epoch5": 0.006005703921740254,
    "epoch6": 0.004729449345419804,
    "epoch7": 0.0037629677914083003,
    "epoch8": 0.0030522560700774193,
    "epoch9": 0.0024238681110243005,
    "epoch10": 0.0018872218284135063,
    "epoch11": 0.001533535592413197,
    "epoch12": 0.0012605565910538037,
    "epoch13": 0.001046476218228539,
    "epoch14": 0.0008984586146349708,
    "epoch15": 0.000767706340411678,
    "epoch16": 0.0006641542519597957,
    "epoch17": 0.000612214293020467,
    "epoch18": 0.0005276863618443409,
    "epoch19": 0.0004756466815403352,
    "epoch20": 0.0004290020471671596,
    "epoch21": 0.0003898322465829551,
    "epoch22": 0.00035008974470353375,
    "epoch23": 0.00032555917374944935,
    "epoch24": 0.00029376560414675625,
    "epoch25": 0.0002703663825135057,
    "epoch26": 0.00025232743161420027,
    "epoch27": 0.00023470438027288764,
    "epoch28": 0.00022990094779136902,
    "epoch29": 0.00020840574288740754,
    "epoch30": 0.0001932314689232347
}