{
    "epoch1": 200.0,
    "epoch2": 196.834203125,
    "epoch3": 161.942171875,
    "epoch4": 144.828328125,
    "epoch5": 141.343765625,
    "epoch6": 137.521734375,
    "epoch7": 133.357625,
    "epoch8": 129.48834375,
    "epoch9": 124.8223046875,
    "epoch10": 121.2741171875,
    "epoch11": 118.2194140625,
    "epoch12": 115.764984375,
    "epoch13": 113.8579921875,
    "epoch14": 112.5740546875,
    "epoch15": 111.2397578125,
    "epoch16": 110.1803515625,
    "epoch17": 109.3141796875,
    "epoch18": 108.5581953125,
    "epoch19": 107.54234375,
    "epoch20": 107.0840078125,
    "epoch21": 106.502171875,
    "epoch22": 105.9313125,
    "epoch23": 105.2611484375,
    "epoch24": 105.119015625,
    "epoch25": 104.1920625,
    "epoch26": 104.1506953125,
    "epoch27": 103.54140625,
    "epoch28": 102.988203125,
    "epoch29": 103.0267734375,
    "epoch30": 102.47196875
}