{
    "epoch1": 0.030412872477124136,
    "epoch2": 0.024944473678867023,
    "epoch3": 0.021212910224373143,
    "epoch4": 0.01777544190796713,
    "epoch5": 0.014909651208048066,
    "epoch6": 0.012584381426374117,
    "epoch7": 0.010724412937027713,
    "epoch8": 0.00938964596328636,
    "epoch9": 0.00830448092892766,
    "epoch10": 0.007502292864955962,
    "epoch11": 0.006763677539614339,
    "epoch12": 0.006204665075832357,
    "epoch13": 0.0057422491372562945,
    "epoch14": 0.0053428085326838,
    "epoch15": 0.00481925825200354,
    "epoch16": 0.00446308411968251,
    "epoch17": 0.004046959530872603,
    "epoch18": 0.003756290767341852,
    "epoch19": 0.0034295186827269695,
    "epoch20": 0.003149054323633512,
    "epoch21": 0.0029004539634721973,
    "epoch22": 0.002714551150954018,
    "epoch23": 0.002457909179308141,
    "epoch24": 0.002277032569206009,
    "epoch25": 0.002160222444217652,
    "epoch26": 0.001942862766251589,
    "epoch27": 0.0017914987013985713,
    "epoch28": 0.0016587520949542522,
    "epoch29": 0.0016315638980207343,
    "epoch30": 0.0014250923413783312
}