{
    "epoch1": 47.24005776263298,
    "epoch2": 34.944668384308514,
    "epoch3": 31.08673745013298,
    "epoch4": 30.225749563663562,
    "epoch5": 29.626225897606382,
    "epoch6": 29.013856279089097,
    "epoch7": 28.52504259474734,
    "epoch8": 28.146333735039892,
    "epoch9": 27.88277354138963,
    "epoch10": 27.445164457280587,
    "epoch11": 26.963355531083778,
    "epoch12": 26.79743600398936,
    "epoch13": 26.31965020362367,
    "epoch14": 26.337238717586438,
    "epoch15": 25.97246405418883,
    "epoch16": 25.63342025432181,
    "epoch17": 25.403639773105052,
    "epoch18": 25.16383134557846,
    "epoch19": 25.035026387965427,
    "epoch20": 25.045280294215427,
    "epoch21": 24.7716973487367,
    "epoch22": 24.819954080784573,
    "epoch23": 24.56761396692154,
    "epoch24": 24.44496706698803,
    "epoch25": 24.31523489444814,
    "epoch26": 24.29096627742686,
    "epoch27": 24.36610185339096,
    "epoch28": 24.1090996924867,
    "epoch29": 24.093690263464097,
    "epoch30": 24.27092856549202,
    "epoch31": 23.99487564411569,
    "epoch32": 24.132259287732712,
    "epoch33": 23.811622132646278,
    "epoch34": 23.983281561668882,
    "epoch35": 23.712168592087767,
    "epoch36": 23.64777780086436,
    "epoch37": 23.72572618849734,
    "epoch38": 23.675633207280587,
    "epoch39": 23.607572514960108,
    "epoch40": 23.622620927526597,
    "epoch41": 23.32807045794548,
    "epoch42": 23.500361016456118,
    "epoch43": 23.29964625581782,
    "epoch44": 23.318260679853722,
    "epoch45": 23.15547861951463,
    "epoch46": 23.27087142619681,
    "epoch47": 23.32139295212766,
    "epoch48": 23.291685713098403,
    "epoch49": 23.25441530917553,
    "epoch50": 23.20624948055186,
    "epoch51": 23.26513671875,
    "epoch52": 22.902421667220743,
    "epoch53": 22.933811918218087,
    "epoch54": 22.884427983710108,
    "epoch55": 22.849183427526597,
    "epoch56": 22.988234499667552,
    "epoch57": 23.020079267785903,
    "epoch58": 22.736107359541222,
    "epoch59": 22.72433147024601,
    "epoch60": 22.687248067652927,
    "epoch61": 22.53313559674202,
    "epoch62": 22.479762300531913,
    "epoch63": 22.876298620345743,
    "epoch64": 22.55945083942819,
    "epoch65": 22.44606569980053,
    "epoch66": 22.47270559757314,
    "epoch67": 22.33251693400931,
    "epoch68": 22.262007043716757,
    "epoch69": 22.49455618351064,
    "epoch70": 22.55243569232048,
    "epoch71": 22.3521416846742,
    "epoch72": 22.26935983211436,
    "epoch73": 22.350801508477392,
    "epoch74": 22.20152250249335,
    "epoch75": 22.049186544215427,
    "epoch76": 22.158442071143618,
    "epoch77": 22.21411392536569,
    "epoch78": 21.97212901013963,
    "epoch79": 22.139689993351062,
    "epoch80": 21.95863894198803,
    "epoch81": 21.894068941156913,
    "epoch82": 22.013521235039892,
    "epoch83": 22.068211332280587,
    "epoch84": 21.887700506981382,
    "epoch85": 21.911470453789892,
    "epoch86": 21.997459898603722,
    "epoch87": 21.92445925448803,
    "epoch88": 21.819208672706118,
    "epoch89": 21.76842352684508,
    "epoch90": 21.811884453956118,
    "epoch91": 21.824800531914892,
    "epoch92": 21.9367364112367,
    "epoch93": 21.771699945977392,
    "epoch94": 21.739692850315823,
    "epoch95": 21.57893014461436,
    "epoch96": 21.71848378282912,
    "epoch97": 21.53511988863032,
    "epoch98": 21.612552723986038,
    "epoch99": 21.658540766289892,
    "epoch100": 21.586662130152927
}