{
    "epoch1": 8.997867454127118e-06,
    "epoch2": 7.9773089464652e-06,
    "epoch3": 7.48294184813858e-06,
    "epoch4": 7.259848789847941e-06,
    "epoch5": 7.096490652202192e-06,
    "epoch6": 7.0114135540582845e-06,
    "epoch7": 6.942818341864646e-06,
    "epoch8": 6.888909073722971e-06,
    "epoch9": 6.870279758156054e-06,
    "epoch10": 6.82691740833737e-06,
    "epoch11": 6.808291772055479e-06,
    "epoch12": 6.766369456348305e-06,
    "epoch13": 6.795161916215875e-06,
    "epoch14": 6.75913599843625e-06,
    "epoch15": 6.726844919133631e-06,
    "epoch16": 6.712090028258899e-06,
    "epoch17": 6.687001683985727e-06,
    "epoch18": 6.677910738972059e-06,
    "epoch19": 6.676684419138231e-06,
    "epoch20": 6.692546261623041e-06,
    "epoch21": 6.6530897934929575e-06,
    "epoch22": 6.66626561466425e-06,
    "epoch23": 6.634113220343351e-06,
    "epoch24": 6.660674940197471e-06,
    "epoch25": 6.693623460099237e-06,
    "epoch26": 6.62295585505035e-06,
    "epoch27": 6.613522036028977e-06,
    "epoch28": 6.60404204935124e-06,
    "epoch29": 6.629955328056288e-06,
    "epoch30": 6.595398742850497e-06
}