{
    "epoch1": 133.64915625,
    "epoch2": 123.37783333333333,
    "epoch3": 116.85771875,
    "epoch4": 108.97588541666667,
    "epoch5": 108.13938541666667,
    "epoch6": 104.28704166666667,
    "epoch7": 102.61408333333334,
    "epoch8": 101.31982291666667,
    "epoch9": 98.88402083333334,
    "epoch10": 98.2169375,
    "epoch11": 97.18194791666667,
    "epoch12": 97.42163541666666,
    "epoch13": 95.6216875,
    "epoch14": 95.01252083333334,
    "epoch15": 94.80028125,
    "epoch16": 94.15758333333333,
    "epoch17": 94.47344791666667,
    "epoch18": 93.83635416666667,
    "epoch19": 92.97708333333334,
    "epoch20": 92.52042708333333,
    "epoch21": 92.56963541666667,
    "epoch22": 91.91235416666666,
    "epoch23": 92.44236458333333,
    "epoch24": 91.54333333333334,
    "epoch25": 91.9151875,
    "epoch26": 91.13009375,
    "epoch27": 91.06301041666667,
    "epoch28": 91.59222916666667,
    "epoch29": 90.49669791666666,
    "epoch30": 91.53526041666667
}