{
    "epoch1": 10555.424479166666,
    "epoch2": 8359.813802083334,
    "epoch3": 7487.80078125,
    "epoch4": 6754.860026041667,
    "epoch5": 6228.282552083333,
    "epoch6": 5797.357421875,
    "epoch7": 5497.421875,
    "epoch8": 5305.5458984375,
    "epoch9": 5223.963541666667,
    "epoch10": 5162.41796875,
    "epoch11": 5133.371744791667,
    "epoch12": 5123.197916666667,
    "epoch13": 5110.059895833333,
    "epoch14": 5090.847981770833,
    "epoch15": 5063.227213541667,
    "epoch16": 5042.494791666667,
    "epoch17": 5016.2255859375,
    "epoch18": 4983.37890625,
    "epoch19": 4953.400716145833,
    "epoch20": 4924.121744791667,
    "epoch21": 4883.059244791667,
    "epoch22": 4850.388997395833,
    "epoch23": 4804.248372395833,
    "epoch24": 4760.555989583333,
    "epoch25": 4722.983723958333,
    "epoch26": 4663.427083333333,
    "epoch27": 4642.139973958333,
    "epoch28": 4569.149739583333,
    "epoch29": 4517.617838541667,
    "epoch30": 4442.810546875
}