{
    "epoch1": 12198.588541666666,
    "epoch2": 9381.677734375,
    "epoch3": 7953.033854166667,
    "epoch4": 6969.633463541667,
    "epoch5": 6263.096354166667,
    "epoch6": 5701.119791666667,
    "epoch7": 5350.278645833333,
    "epoch8": 5047.465494791667,
    "epoch9": 4894.392252604167,
    "epoch10": 4830.111002604167,
    "epoch11": 4758.851236979167,
    "epoch12": 4721.046875,
    "epoch13": 4730.996419270833,
    "epoch14": 4696.500651041667,
    "epoch15": 4659.755859375,
    "epoch16": 4627.304361979167,
    "epoch17": 4593.101888020833,
    "epoch18": 4588.15625,
    "epoch19": 4475.457682291667,
    "epoch20": 4534.838216145833,
    "epoch21": 4474.945963541667,
    "epoch22": 4406.273763020833,
    "epoch23": 4391.621419270833,
    "epoch24": 4368.259765625,
    "epoch25": 4293.806640625,
    "epoch26": 4221.909830729167,
    "epoch27": 4226.565104166667,
    "epoch28": 4234.629231770833,
    "epoch29": 4136.1875,
    "epoch30": 4060.7431640625
}