{
    "epoch1": 79.16494911595395,
    "epoch2": 48.62314324629934,
    "epoch3": 46.20456414473684,
    "epoch4": 44.21459639699835,
    "epoch5": 41.688720703125,
    "epoch6": 38.56887335526316,
    "epoch7": 35.88155646073191,
    "epoch8": 33.288606342516445,
    "epoch9": 32.02380049856085,
    "epoch10": 31.46622828433388,
    "epoch11": 31.129866750616777,
    "epoch12": 30.86036441200658,
    "epoch13": 30.4345992238898,
    "epoch14": 30.3375244140625,
    "epoch15": 29.771169562088815,
    "epoch16": 29.722164756373356,
    "epoch17": 29.306441457648027,
    "epoch18": 29.123708624588815,
    "epoch19": 28.8442671926398,
    "epoch20": 28.730703253495065,
    "epoch21": 28.7176224557977,
    "epoch22": 28.68977115028783,
    "epoch23": 28.56568025287829,
    "epoch24": 28.273251182154606,
    "epoch25": 28.199790553042764,
    "epoch26": 28.089024593955592,
    "epoch27": 27.93739077919408,
    "epoch28": 27.742293508429277,
    "epoch29": 27.885215357730264,
    "epoch30": 27.45317961040296,
    "epoch31": 27.5200484426398,
    "epoch32": 27.40064119037829,
    "epoch33": 27.354196648848685,
    "epoch34": 27.534237510279606,
    "epoch35": 27.24889494243421,
    "epoch36": 27.205887643914473,
    "epoch37": 27.35346101459704,
    "epoch38": 27.174660130550986,
    "epoch39": 27.31538150185033,
    "epoch40": 27.158177425986842,
    "epoch41": 27.121328253495065,
    "epoch42": 26.935897024054277,
    "epoch43": 26.67161800986842,
    "epoch44": 26.660633287931745,
    "epoch45": 26.776039525082236,
    "epoch46": 26.777427271792764,
    "epoch47": 26.62626888877467,
    "epoch48": 26.625885009765625,
    "epoch49": 26.93608816046464,
    "epoch50": 26.302752043071546,
    "epoch51": 26.348322818153783,
    "epoch52": 26.40382947419819,
    "epoch53": 26.125229684930098,
    "epoch54": 26.18892468904194,
    "epoch55": 26.399213288959704,
    "epoch56": 26.208857486122533,
    "epoch57": 26.215174624794408,
    "epoch58": 26.209496749074834,
    "epoch59": 26.266566226356908,
    "epoch60": 26.063698216488486,
    "epoch61": 25.84030472604852,
    "epoch62": 25.911423532586348,
    "epoch63": 25.765880383943255,
    "epoch64": 25.883238139905426,
    "epoch65": 25.60098427220395,
    "epoch66": 25.69243581671464,
    "epoch67": 25.766257838199014,
    "epoch68": 25.52713173314145,
    "epoch69": 25.65738075657895,
    "epoch70": 25.490191007915296,
    "epoch71": 25.365256861636514,
    "epoch72": 25.27910573858964,
    "epoch73": 25.280064633018092,
    "epoch74": 25.172266909950658,
    "epoch75": 25.217391164679277,
    "epoch76": 25.414113898026315,
    "epoch77": 25.054962158203125,
    "epoch78": 25.18558702970806,
    "epoch79": 24.913583855879935,
    "epoch80": 25.11974455180921,
    "epoch81": 24.91239527652138,
    "epoch82": 25.10997250205592,
    "epoch83": 25.02741120990954,
    "epoch84": 24.876720227693255,
    "epoch85": 24.689697265625,
    "epoch86": 24.898362009148848,
    "epoch87": 24.68374955026727,
    "epoch88": 24.849522640830592,
    "epoch89": 24.4693892629523,
    "epoch90": 24.642277767783717,
    "epoch91": 24.503008390727796,
    "epoch92": 24.53107331928454,
    "epoch93": 25.07250173468339,
    "epoch94": 24.536595394736842,
    "epoch95": 24.360817357113486,
    "epoch96": 24.27712048982319,
    "epoch97": 24.484982139185856,
    "epoch98": 24.10915173982319,
    "epoch99": 24.46276212993421,
    "epoch100": 24.250779001336348
}