{
    "epoch1": 46.534689331054686,
    "epoch2": 47.130548095703126,
    "epoch3": 44.456295776367185,
    "epoch4": 42.33987121582031,
    "epoch5": 39.673681640625,
    "epoch6": 37.38184814453125,
    "epoch7": 33.47059936523438,
    "epoch8": 32.33009643554688,
    "epoch9": 32.721044921875,
    "epoch10": 32.88154907226563,
    "epoch11": 32.456234741210935,
    "epoch12": 31.121810913085938,
    "epoch13": 30.943341064453126,
    "epoch14": 31.285162353515624,
    "epoch15": 30.271502685546874,
    "epoch16": 30.1940185546875,
    "epoch17": 30.402996826171876,
    "epoch18": 29.437823486328124,
    "epoch19": 29.718756103515624,
    "epoch20": 29.057354736328126,
    "epoch21": 29.799005126953126,
    "epoch22": 28.957968139648436,
    "epoch23": 28.982635498046875,
    "epoch24": 28.31800231933594,
    "epoch25": 28.44178161621094,
    "epoch26": 28.082269287109376,
    "epoch27": 27.77283630371094,
    "epoch28": 27.851657104492187,
    "epoch29": 28.811526489257812,
    "epoch30": 28.409576416015625,
    "epoch31": 27.960794067382814,
    "epoch32": 28.742376708984374,
    "epoch33": 28.252664184570314,
    "epoch34": 27.332455444335938,
    "epoch35": 27.469149780273437,
    "epoch36": 28.26868896484375,
    "epoch37": 29.83875427246094,
    "epoch38": 27.859963989257814,
    "epoch39": 28.732781982421876,
    "epoch40": 27.04888000488281,
    "epoch41": 27.2111572265625,
    "epoch42": 26.99579772949219,
    "epoch43": 26.954437255859375,
    "epoch44": 27.596682739257812,
    "epoch45": 27.031634521484374,
    "epoch46": 26.812167358398437,
    "epoch47": 28.191995239257814,
    "epoch48": 26.6965087890625,
    "epoch49": 26.639773559570312,
    "epoch50": 26.66875305175781,
    "epoch51": 26.491424560546875,
    "epoch52": 26.48780517578125,
    "epoch53": 26.987701416015625,
    "epoch54": 26.516375732421874,
    "epoch55": 26.380120849609376,
    "epoch56": 26.17943115234375,
    "epoch57": 26.2640380859375,
    "epoch58": 26.39891357421875,
    "epoch59": 26.226953125,
    "epoch60": 26.068728637695312,
    "epoch61": 26.172418212890626,
    "epoch62": 25.956399536132814,
    "epoch63": 25.95986328125,
    "epoch64": 26.329180908203124,
    "epoch65": 25.966531372070314,
    "epoch66": 26.01463928222656,
    "epoch67": 26.07626953125,
    "epoch68": 26.31591796875,
    "epoch69": 26.539608764648438,
    "epoch70": 26.171066284179688,
    "epoch71": 25.724530029296876,
    "epoch72": 25.701715087890626,
    "epoch73": 25.750592041015626,
    "epoch74": 25.528811645507812,
    "epoch75": 25.47813720703125,
    "epoch76": 25.289216613769533,
    "epoch77": 25.48663330078125,
    "epoch78": 26.151495361328124,
    "epoch79": 25.776669311523438,
    "epoch80": 25.542791748046874,
    "epoch81": 25.181423950195313,
    "epoch82": 25.44757995605469,
    "epoch83": 25.06311798095703,
    "epoch84": 25.9248046875,
    "epoch85": 25.35450439453125,
    "epoch86": 24.986665344238283,
    "epoch87": 25.166815185546874,
    "epoch88": 25.03985137939453,
    "epoch89": 25.749539184570313,
    "epoch90": 24.92748107910156,
    "epoch91": 25.150299072265625,
    "epoch92": 24.957452392578126,
    "epoch93": 26.573898315429688,
    "epoch94": 24.994596862792967,
    "epoch95": 24.834059143066405,
    "epoch96": 24.83939971923828,
    "epoch97": 25.213424682617188,
    "epoch98": 25.180218505859376,
    "epoch99": 24.942718505859375,
    "epoch100": 25.449501037597656
}