{
    "epoch1": 84.13190375434027,
    "epoch2": 80.27438015407986,
    "epoch3": 78.22430419921875,
    "epoch4": 75.45589192708333,
    "epoch5": 72.83301459418402,
    "epoch6": 69.08976915147569,
    "epoch7": 66.22321912977431,
    "epoch8": 60.93663194444444,
    "epoch9": 60.76947021484375,
    "epoch10": 59.286777072482636,
    "epoch11": 59.531894259982636,
    "epoch12": 58.430379231770836,
    "epoch13": 58.052707248263886,
    "epoch14": 59.460835774739586,
    "epoch15": 58.77387152777778,
    "epoch16": 58.190388997395836,
    "epoch17": 56.89537896050347,
    "epoch18": 55.56409030490451,
    "epoch19": 54.52252875434028,
    "epoch20": 53.87506442599826,
    "epoch21": 52.523600260416664,
    "epoch22": 51.66145494249132,
    "epoch23": 50.77460394965278,
    "epoch24": 50.66118028428819,
    "epoch25": 50.364156087239586,
    "epoch26": 51.0126953125,
    "epoch27": 49.436977810329864,
    "epoch28": 48.554283989800346,
    "epoch29": 47.472069634331596,
    "epoch30": 46.776390923394096
}