{
    "epoch1": 7.554250014436548e-06,
    "epoch2": 6.074574380969959e-06,
    "epoch3": 5.329725523552042e-06,
    "epoch4": 5.041320132174103e-06,
    "epoch5": 4.9173593976471845e-06,
    "epoch6": 4.841947166066044e-06,
    "epoch7": 4.784994721376279e-06,
    "epoch8": 4.758763091255484e-06,
    "epoch9": 4.713423450084519e-06,
    "epoch10": 4.684224826784581e-06,
    "epoch11": 4.657037492203623e-06,
    "epoch12": 4.642230587251106e-06,
    "epoch13": 4.635475737207647e-06,
    "epoch14": 4.618518115118301e-06,
    "epoch15": 4.598243904032036e-06,
    "epoch16": 4.594015547960832e-06,
    "epoch17": 4.591366022850707e-06,
    "epoch18": 4.567420937443482e-06,
    "epoch19": 4.560668133611519e-06,
    "epoch20": 4.586561301114974e-06,
    "epoch21": 4.612850941157376e-06,
    "epoch22": 4.545612460333359e-06,
    "epoch23": 4.536688490437276e-06,
    "epoch24": 4.5369759909590356e-06,
    "epoch25": 4.529212113614752e-06,
    "epoch26": 4.52913712206282e-06,
    "epoch27": 4.70051905949731e-06,
    "epoch28": 4.594141309174423e-06,
    "epoch29": 4.515000921022268e-06,
    "epoch30": 4.511554936016182e-06
}