{
    "epoch1": 139.17430601728722,
    "epoch2": 125.31274933510639,
    "epoch3": 115.53303690159575,
    "epoch4": 114.69470994015957,
    "epoch5": 112.07221368018617,
    "epoch6": 110.24788065159575,
    "epoch7": 107.20249127327128,
    "epoch8": 109.80102019614361,
    "epoch9": 105.2584254488032,
    "epoch10": 106.00930851063829,
    "epoch11": 103.24731964760639,
    "epoch12": 105.38236577460107,
    "epoch13": 102.19553066821808,
    "epoch14": 101.53192528257979,
    "epoch15": 102.38907704454788,
    "epoch16": 103.52150515292553,
    "epoch17": 100.10195728058511,
    "epoch18": 101.95688580452128,
    "epoch19": 99.18399891954788,
    "epoch20": 98.36060089760639,
    "epoch21": 97.98848902925532,
    "epoch22": 99.90011012300532,
    "epoch23": 100.453125,
    "epoch24": 98.10599858710107,
    "epoch25": 97.82059300199468,
    "epoch26": 100.39453125,
    "epoch27": 98.43310546875,
    "epoch28": 96.79997091090425,
    "epoch29": 97.89347157579788,
    "epoch30": 98.92245678191489
}