{
    "epoch0": {
        "layer1": {
            "max_length": 2.835207223892212,
            "mean_length": 1.3072879753931603,
            "median_length": 1.1900595426559448,
            "stdev_length": 0.46373709770805766,
            "sum_length": 129.42150956392288,
            "ratio_2_1": 5.515416288249739,
            "ratio_3_1": 5.201022479436961,
            "h": 4.536804644057149,
            "normh": 0.932908709646131,
            "snr": Infinity,
            "mean_birth": 0.0,
            "stdev_birth": 0.0,
            "mean_death": 1.3072879753931603,
            "stdev_death": 0.46373709770805766
        },
        "layer2": {
            "max_length": 1.0954318046569824,
            "mean_length": 0.5207330018582971,
            "median_length": 0.47486039996147156,
            "stdev_length": 0.1819000061077527,
            "sum_length": 51.552567183971405,
            "ratio_2_1": 5.261288957198818,
            "ratio_3_1": 5.190097666039899,
            "h": 4.538060949194479,
            "normh": 1.1510319679016867,
            "snr": Infinity,
            "mean_birth": 0.0,
            "stdev_birth": 0.0,
            "mean_death": 0.5207330018582971,
            "stdev_death": 0.1819000061077527
        },
        "layer3": {
            "max_length": 0.40327152609825134,
            "mean_length": 0.20464994510014853,
            "median_length": 0.1903420388698578,
            "stdev_length": 0.06797078881250491,
            "sum_length": 20.260344564914703,
            "ratio_2_1": 4.841601596660826,
            "ratio_3_1": 4.574740831651,
            "h": 4.542729290380992,
            "normh": 1.5098818002800225,
            "snr": Infinity,
            "mean_birth": 0.0,
            "stdev_birth": 0.0,
            "mean_death": 0.20464994510014853,
            "stdev_death": 0.06797078881250491
        },
        "layer4": {
            "max_length": 0.009231748059391975,
            "mean_length": 0.0005294236382751753,
            "median_length": 0.0002598688006401062,
            "stdev_length": 0.0010695090904346682,
            "sum_length": 0.05241294018924236,
            "ratio_2_1": 1501.0713122761315,
            "ratio_3_1": 1086.250732660371,
            "h": 3.7243911252771307,
            "normh": -1.2631041484609724,
            "snr": Infinity,
            "mean_birth": 0.0,
            "stdev_birth": 0.0,
            "mean_death": 0.0005294236382751753,
            "stdev_death": 0.0010695090904346682
        }
    }
}