{
    "epoch1": 2107.553955078125,
    "epoch2": 1875.80322265625,
    "epoch3": 1851.56103515625,
    "epoch4": 1811.8828125,
    "epoch5": 1789.3770751953125,
    "epoch6": 1720.836181640625,
    "epoch7": 1732.6044921875,
    "epoch8": 1775.03857421875,
    "epoch9": 1654.556640625,
    "epoch10": 1678.885986328125,
    "epoch11": 1681.8109130859375,
    "epoch12": 1678.9320068359375,
    "epoch13": 1603.077392578125,
    "epoch14": 1635.1500244140625,
    "epoch15": 1591.8040771484375,
    "epoch16": 1643.5230712890625,
    "epoch17": 1659.392822265625,
    "epoch18": 1578.7786865234375,
    "epoch19": 1574.9132080078125,
    "epoch20": 1553.2476806640625,
    "epoch21": 1550.7186279296875,
    "epoch22": 1577.8197021484375,
    "epoch23": 1551.7755126953125,
    "epoch24": 1515.087890625,
    "epoch25": 1539.8717041015625,
    "epoch26": 1545.0653076171875,
    "epoch27": 1591.3675537109375,
    "epoch28": 1515.7130126953125,
    "epoch29": 1501.8258056640625,
    "epoch30": 1496.037841796875,
    "epoch31": 1541.3409423828125,
    "epoch32": 1516.84912109375,
    "epoch33": 1509.2099609375,
    "epoch34": 1479.7845458984375,
    "epoch35": 1484.683349609375,
    "epoch36": 1512.626953125,
    "epoch37": 1475.7115478515625,
    "epoch38": 1463.0380859375,
    "epoch39": 1479.5673828125,
    "epoch40": 1453.8214111328125,
    "epoch41": 1509.269287109375,
    "epoch42": 1499.765625,
    "epoch43": 1506.348876953125,
    "epoch44": 1538.7393798828125,
    "epoch45": 1495.076416015625,
    "epoch46": 1481.359619140625,
    "epoch47": 1593.8668212890625,
    "epoch48": 1446.179443359375,
    "epoch49": 1437.1380615234375,
    "epoch50": 1445.532958984375,
    "epoch51": 1441.9571533203125,
    "epoch52": 1441.623291015625,
    "epoch53": 1442.5428466796875,
    "epoch54": 1426.9599609375,
    "epoch55": 1426.3966064453125,
    "epoch56": 1446.3416748046875,
    "epoch57": 1434.0914306640625,
    "epoch58": 1469.316650390625,
    "epoch59": 1423.05224609375,
    "epoch60": 1533.9935302734375,
    "epoch61": 1432.6739501953125,
    "epoch62": 1421.8382568359375,
    "epoch63": 1410.6248779296875,
    "epoch64": 1426.5528564453125,
    "epoch65": 1403.056396484375,
    "epoch66": 1413.1646728515625,
    "epoch67": 1428.3258056640625,
    "epoch68": 1418.9766845703125,
    "epoch69": 1463.728515625,
    "epoch70": 1414.2818603515625,
    "epoch71": 1439.213623046875,
    "epoch72": 1456.4129638671875,
    "epoch73": 1399.9296875,
    "epoch74": 1457.74755859375,
    "epoch75": 1416.664306640625,
    "epoch76": 1407.193603515625,
    "epoch77": 1400.443359375,
    "epoch78": 1385.72705078125,
    "epoch79": 1407.154296875,
    "epoch80": 1405.6611328125,
    "epoch81": 1390.5914306640625,
    "epoch82": 1393.6796875,
    "epoch83": 1396.426513671875,
    "epoch84": 1385.45654296875,
    "epoch85": 1382.343994140625,
    "epoch86": 1436.5250244140625,
    "epoch87": 1396.414306640625,
    "epoch88": 1377.5040283203125,
    "epoch89": 1372.598388671875,
    "epoch90": 1376.2144775390625,
    "epoch91": 1375.539306640625,
    "epoch92": 1406.59814453125,
    "epoch93": 1387.7867431640625,
    "epoch94": 1389.572509765625,
    "epoch95": 1511.8482666015625,
    "epoch96": 1413.0548095703125,
    "epoch97": 1408.64013671875,
    "epoch98": 1384.266357421875,
    "epoch99": 1417.0018310546875,
    "epoch100": 1357.72802734375
}