{
    "epoch0": {
        "layer1": {
            "max_length": 2.3690011501312256,
            "mean_length": 1.0133675494880388,
            "median_length": 0.9284432530403137,
            "stdev_length": 0.46809347422065406,
            "sum_length": 100.32338739931583,
            "ratio_2_1": 18.08066560637907,
            "ratio_3_1": 17.412281966747443,
            "h": 4.494333863841109,
            "normh": 0.9752484578006422,
            "snr": Infinity,
            "mean_birth": 0.0,
            "stdev_birth": 0.0,
            "mean_death": 1.0133675494880388,
            "stdev_death": 0.46809347422065406
        },
        "layer2": {
            "max_length": 0.8873049020767212,
            "mean_length": 0.3974167678241778,
            "median_length": 0.37408503890037537,
            "stdev_length": 0.17548278464477282,
            "sum_length": 39.3442600145936,
            "ratio_2_1": 16.12477667613388,
            "ratio_3_1": 15.74990977379562,
            "h": 4.5011473919732685,
            "normh": 1.2256858078650683,
            "snr": Infinity,
            "mean_birth": 0.0,
            "stdev_birth": 0.0,
            "mean_death": 0.3974167678241778,
            "stdev_death": 0.17548278464477282
        },
        "layer3": {
            "max_length": 0.3367074429988861,
            "mean_length": 0.15312503840811928,
            "median_length": 0.14462363719940186,
            "stdev_length": 0.06660579873700676,
            "sum_length": 15.159378802403808,
            "ratio_2_1": 16.612663782566177,
            "ratio_3_1": 15.72266908366202,
            "h": 4.502874158280966,
            "normh": 1.656309137221768,
            "snr": Infinity,
            "mean_birth": 0.0,
            "stdev_birth": 0.0,
            "mean_death": 0.15312503840811928,
            "stdev_death": 0.06660579873700676
        },
        "layer4": {
            "max_length": 0.0021126633509993553,
            "mean_length": 0.00020612346365897342,
            "median_length": 0.00010708346962928772,
            "stdev_length": 0.0003201569743519221,
            "sum_length": 0.02040622290223837,
            "ratio_2_1": 3803.6206896551726,
            "ratio_3_1": 2907.6724137931033,
            "h": 3.8966420836858333,
            "normh": -1.0012144928146396,
            "snr": Infinity,
            "mean_birth": 0.0,
            "stdev_birth": 0.0,
            "mean_death": 0.00020612346365897342,
            "stdev_death": 0.0003201569743519221
        }
    }
}