{
    "epoch1": 0.19354233145713806,
    "epoch2": 0.1202881932258606,
    "epoch3": 0.07295204140245914,
    "epoch4": 0.047223045490682125,
    "epoch5": 0.03912161011248827,
    "epoch6": 0.03924674354493618,
    "epoch7": 0.04016504902392626,
    "epoch8": 0.03936690092086792,
    "epoch9": 0.037812911439687014,
    "epoch10": 0.0368790365755558,
    "epoch11": 0.0361033882945776,
    "epoch12": 0.03519479651004076,
    "epoch13": 0.03399087954312563,
    "epoch14": 0.03321777796372771,
    "epoch15": 0.032314584124833345,
    "epoch16": 0.03141262661665678,
    "epoch17": 0.03049193788319826,
    "epoch18": 0.029800028540194035,
    "epoch19": 0.028708255384117365,
    "epoch20": 0.028042469173669815,
    "epoch21": 0.02721454855054617,
    "epoch22": 0.026360157411545515,
    "epoch23": 0.025363534223288298,
    "epoch24": 0.024703441187739372,
    "epoch25": 0.023986136075109243,
    "epoch26": 0.023042726796120405,
    "epoch27": 0.022313456516712904,
    "epoch28": 0.021602857392281294,
    "epoch29": 0.020631102845072746,
    "epoch30": 0.02012131828814745,
    "epoch31": 0.019413132220506668,
    "epoch32": 0.018649457022547722,
    "epoch33": 0.018013218184933066,
    "epoch34": 0.017409089487046003,
    "epoch35": 0.016892151441425085,
    "epoch36": 0.016427102265879512,
    "epoch37": 0.015901724575087428,
    "epoch38": 0.015511527890339494,
    "epoch39": 0.015149458311498165,
    "epoch40": 0.014667285839095712,
    "epoch41": 0.014494488248601556,
    "epoch42": 0.014072999591007829,
    "epoch43": 0.013995264191180468,
    "epoch44": 0.013562947511672974,
    "epoch45": 0.013544106390327215,
    "epoch46": 0.013182996772229671,
    "epoch47": 0.01314502046443522,
    "epoch48": 0.013010912109166384,
    "epoch49": 0.013053427450358868,
    "epoch50": 0.012638698564842343,
    "epoch51": 0.012926973635330796,
    "epoch52": 0.01250424887984991,
    "epoch53": 0.012583051808178425,
    "epoch54": 0.012562664458528161,
    "epoch55": 0.012476676143705845,
    "epoch56": 0.012493841117247939,
    "epoch57": 0.012287412071600556,
    "epoch58": 0.012371143558993936,
    "epoch59": 0.012362871086224914,
    "epoch60": 0.012240129988640547,
    "epoch61": 0.012380342930555344,
    "epoch62": 0.01208864850923419,
    "epoch63": 0.012323982547968626,
    "epoch64": 0.012117626843973994,
    "epoch65": 0.012090956093743443,
    "epoch66": 0.012094296282157302,
    "epoch67": 0.011975418543443084,
    "epoch68": 0.011998515110462904,
    "epoch69": 0.011923557380214334,
    "epoch70": 0.01197610329836607,
    "epoch71": 0.011866769520565867,
    "epoch72": 0.01185340411029756,
    "epoch73": 0.011962214019149542,
    "epoch74": 0.011794457212090492,
    "epoch75": 0.011907810345292091,
    "epoch76": 0.011771484278142452,
    "epoch77": 0.011855381075292826,
    "epoch78": 0.011806776281446218,
    "epoch79": 0.01179038523696363,
    "epoch80": 0.01180206099525094,
    "epoch81": 0.011731235776096582,
    "epoch82": 0.011663800105452538,
    "epoch83": 0.011694839224219322,
    "epoch84": 0.011662323493510485,
    "epoch85": 0.011728140758350492,
    "epoch86": 0.011597167002037168,
    "epoch87": 0.011660016141831875,
    "epoch88": 0.011612286791205406,
    "epoch89": 0.011661314638331532,
    "epoch90": 0.011583690764382482,
    "epoch91": 0.011703370371833444,
    "epoch92": 0.011577105382457376,
    "epoch93": 0.011579623678699136,
    "epoch94": 0.011525387410074472,
    "epoch95": 0.011671123560518026,
    "epoch96": 0.011447638273239136,
    "epoch97": 0.011493779020383954,
    "epoch98": 0.0114462417550385,
    "epoch99": 0.011557223973795772,
    "epoch100": 0.011488072806969285
}