{
    "epoch1": 200.0,
    "epoch2": 199.41896409254807,
    "epoch3": 130.78599196213943,
    "epoch4": 74.78329233022836,
    "epoch5": 54.15919846754808,
    "epoch6": 47.92918513371394,
    "epoch7": 46.68929818960336,
    "epoch8": 46.66109525240385,
    "epoch9": 45.56637338491586,
    "epoch10": 44.75394381009615,
    "epoch11": 44.81444842998798,
    "epoch12": 44.44942063551683,
    "epoch13": 43.17738224909856,
    "epoch14": 43.08940711388221,
    "epoch15": 42.47765643780048,
    "epoch16": 41.77777099609375,
    "epoch17": 41.30088923527644,
    "epoch18": 41.15254094050481,
    "epoch19": 40.27192570612981,
    "epoch20": 39.8018798828125,
    "epoch21": 38.94296029897836,
    "epoch22": 38.705056997445915,
    "epoch23": 38.46158071664664,
    "epoch24": 37.671713022085335,
    "epoch25": 36.967578594501205,
    "epoch26": 36.38475623497596,
    "epoch27": 36.05231182391827,
    "epoch28": 35.58526846078726,
    "epoch29": 34.90283437875601,
    "epoch30": 34.61943171574519,
    "epoch31": 33.92499014047476,
    "epoch32": 33.397082989032455,
    "epoch33": 32.967479999248795,
    "epoch34": 32.80847637469952,
    "epoch35": 31.936537522536057,
    "epoch36": 31.796651986929085,
    "epoch37": 31.42906541090745,
    "epoch38": 30.770052396334133,
    "epoch39": 31.245208740234375,
    "epoch40": 30.727024958683895,
    "epoch41": 30.37505164513221,
    "epoch42": 29.953143780048077,
    "epoch43": 29.974656325120193,
    "epoch44": 29.99974646935096,
    "epoch45": 29.99799053485577,
    "epoch46": 29.057448167067307,
    "epoch47": 29.167696439302883,
    "epoch48": 29.455709604116585,
    "epoch49": 29.289578951322117,
    "epoch50": 29.01824012169471,
    "epoch51": 29.119976337139423,
    "epoch52": 28.99432373046875,
    "epoch53": 28.76472590519832,
    "epoch54": 28.92120596078726,
    "epoch55": 28.71129901592548,
    "epoch56": 28.524862436147835,
    "epoch57": 28.681199293870193,
    "epoch58": 28.81475125826322,
    "epoch59": 28.957050030048077,
    "epoch60": 28.41426203801082,
    "epoch61": 28.7586176945613,
    "epoch62": 28.361774151141827,
    "epoch63": 28.588174673227165,
    "epoch64": 28.54547588641827,
    "epoch65": 28.46142343374399,
    "epoch66": 28.490924541766827,
    "epoch67": 28.430870643028847,
    "epoch68": 28.54320350060096,
    "epoch69": 28.577772874098557,
    "epoch70": 28.299825815054085,
    "epoch71": 28.43488018329327,
    "epoch72": 28.278907189002403,
    "epoch73": 28.729154146634617,
    "epoch74": 28.62110314002404,
    "epoch75": 28.370213435246395,
    "epoch76": 27.686497614933895,
    "epoch77": 28.023406982421875,
    "epoch78": 28.298236553485577,
    "epoch79": 28.02459012545072,
    "epoch80": 28.196080134465145,
    "epoch81": 28.018019456129807,
    "epoch82": 28.261793870192307,
    "epoch83": 27.90538611778846,
    "epoch84": 27.99364530123197,
    "epoch85": 28.11170137845553,
    "epoch86": 27.745140662560097,
    "epoch87": 28.163043682391827,
    "epoch88": 27.88341346153846,
    "epoch89": 27.870145357572117,
    "epoch90": 27.95301936222957,
    "epoch91": 27.904700646033653,
    "epoch92": 27.614487868088943,
    "epoch93": 28.044820932241585,
    "epoch94": 27.613746056189903,
    "epoch95": 27.573641263521633,
    "epoch96": 28.120633638822117,
    "epoch97": 27.61787531926082,
    "epoch98": 27.690767728365383,
    "epoch99": 27.23682579627404,
    "epoch100": 27.945089486929085
}