{
    "epoch1": 2734.3370535714284,
    "epoch2": 2537.368582589286,
    "epoch3": 2388.2204241071427,
    "epoch4": 2261.4207589285716,
    "epoch5": 2120.3065011160716,
    "epoch6": 1994.42578125,
    "epoch7": 1884.709263392857,
    "epoch8": 1769.4337332589287,
    "epoch9": 1675.5966796875,
    "epoch10": 1587.565150669643,
    "epoch11": 1537.8500279017858,
    "epoch12": 1508.7774832589287,
    "epoch13": 1502.779296875,
    "epoch14": 1545.65234375,
    "epoch15": 1490.070591517857,
    "epoch16": 1474.6902901785713,
    "epoch17": 1458.7445591517858,
    "epoch18": 1507.459681919643,
    "epoch19": 1469.8955078125,
    "epoch20": 1441.673130580357,
    "epoch21": 1421.9525669642858,
    "epoch22": 1404.6469029017858,
    "epoch23": 1391.7505580357142,
    "epoch24": 1397.133091517857,
    "epoch25": 1388.871372767857,
    "epoch26": 1384.154296875,
    "epoch27": 1384.8543526785713,
    "epoch28": 1360.9677734375,
    "epoch29": 1419.6605747767858,
    "epoch30": 1377.4542410714287,
    "epoch31": 1349.079799107143,
    "epoch32": 1346.3067801339287,
    "epoch33": 1344.9793526785713,
    "epoch34": 1342.8565848214287,
    "epoch35": 1342.1851283482142,
    "epoch36": 1352.325892857143,
    "epoch37": 1354.7904575892858,
    "epoch38": 1347.761439732143,
    "epoch39": 1355.0859375,
    "epoch40": 1349.9949776785713,
    "epoch41": 1323.1671316964287,
    "epoch42": 1320.222377232143,
    "epoch43": 1343.3936941964287,
    "epoch44": 1325.0887276785713,
    "epoch45": 1328.5948660714287,
    "epoch46": 1312.9408482142858,
    "epoch47": 1308.95703125,
    "epoch48": 1323.8173828125,
    "epoch49": 1314.6183035714287,
    "epoch50": 1310.0771484375,
    "epoch51": 1308.8939732142858,
    "epoch52": 1320.331752232143,
    "epoch53": 1308.0015345982142,
    "epoch54": 1316.5443638392858,
    "epoch55": 1329.755859375,
    "epoch56": 1327.3814174107142,
    "epoch57": 1316.34375,
    "epoch58": 1300.11328125,
    "epoch59": 1300.9736328125,
    "epoch60": 1323.4174107142858,
    "epoch61": 1309.1332310267858,
    "epoch62": 1302.081333705357,
    "epoch63": 1319.5411551339287,
    "epoch64": 1407.2945033482142,
    "epoch65": 1321.4252232142858,
    "epoch66": 1295.1322544642858,
    "epoch67": 1337.3359375,
    "epoch68": 1330.015625,
    "epoch69": 1308.938755580357,
    "epoch70": 1303.7530691964287,
    "epoch71": 1308.1683872767858,
    "epoch72": 1317.6644810267858,
    "epoch73": 1312.667689732143,
    "epoch74": 1314.211635044643,
    "epoch75": 1294.0994698660713,
    "epoch76": 1306.322544642857,
    "epoch77": 1318.1548549107142,
    "epoch78": 1325.5731026785713,
    "epoch79": 1324.772181919643,
    "epoch80": 1304.5576171875,
    "epoch81": 1303.7099609375,
    "epoch82": 1328.0831473214287,
    "epoch83": 1310.2388392857142,
    "epoch84": 1298.422154017857,
    "epoch85": 1309.7202845982142,
    "epoch86": 1312.2339564732142,
    "epoch87": 1331.363002232143,
    "epoch88": 1298.2054966517858,
    "epoch89": 1301.060825892857,
    "epoch90": 1296.3875558035713,
    "epoch91": 1340.0140904017858,
    "epoch92": 1310.304966517857,
    "epoch93": 1310.8238002232142,
    "epoch94": 1307.244419642857,
    "epoch95": 1313.1964285714287,
    "epoch96": 1323.3868582589287,
    "epoch97": 1307.3321707589287,
    "epoch98": 1298.6407645089287,
    "epoch99": 1296.271763392857,
    "epoch100": 1308.3793247767858
}