{
    "epoch1": 4835.0021875,
    "epoch2": 2875.4346875,
    "epoch3": 2777.5803125,
    "epoch4": 2590.386875,
    "epoch5": 2450.064375,
    "epoch6": 2301.9728125,
    "epoch7": 2142.5265625,
    "epoch8": 1963.37078125,
    "epoch9": 1844.88484375,
    "epoch10": 1732.5528125,
    "epoch11": 1685.0509375,
    "epoch12": 1676.29796875,
    "epoch13": 1643.830625,
    "epoch14": 1642.48765625,
    "epoch15": 1626.5628125,
    "epoch16": 1604.8109375,
    "epoch17": 1594.4990625,
    "epoch18": 1611.42453125,
    "epoch19": 1580.2421875,
    "epoch20": 1568.46109375,
    "epoch21": 1557.00609375,
    "epoch22": 1550.26640625,
    "epoch23": 1536.80828125,
    "epoch24": 1533.7671875,
    "epoch25": 1523.82046875,
    "epoch26": 1530.815625,
    "epoch27": 1525.7365625,
    "epoch28": 1505.05359375,
    "epoch29": 1525.963125,
    "epoch30": 1493.1915625,
    "epoch31": 1494.1340625,
    "epoch32": 1476.9853125,
    "epoch33": 1477.7421875,
    "epoch34": 1475.64078125,
    "epoch35": 1472.0446875,
    "epoch36": 1460.2759375,
    "epoch37": 1473.2215625,
    "epoch38": 1458.67046875,
    "epoch39": 1455.770625,
    "epoch40": 1449.84734375,
    "epoch41": 1459.85109375,
    "epoch42": 1439.10875,
    "epoch43": 1438.9078125,
    "epoch44": 1438.3665625,
    "epoch45": 1445.57953125,
    "epoch46": 1434.59828125,
    "epoch47": 1439.765625,
    "epoch48": 1434.9678125,
    "epoch49": 1429.38171875,
    "epoch50": 1429.4590625,
    "epoch51": 1431.468125,
    "epoch52": 1419.3125,
    "epoch53": 1424.45265625,
    "epoch54": 1417.17359375,
    "epoch55": 1423.37578125,
    "epoch56": 1403.42609375,
    "epoch57": 1419.2765625,
    "epoch58": 1411.69078125,
    "epoch59": 1400.3840625,
    "epoch60": 1402.061875,
    "epoch61": 1403.46703125,
    "epoch62": 1401.90203125,
    "epoch63": 1390.6665625,
    "epoch64": 1402.42078125,
    "epoch65": 1432.89328125,
    "epoch66": 1384.698125,
    "epoch67": 1393.875625,
    "epoch68": 1401.26609375,
    "epoch69": 1378.22578125,
    "epoch70": 1383.48921875,
    "epoch71": 1378.4253125,
    "epoch72": 1376.36359375,
    "epoch73": 1393.3875,
    "epoch74": 1381.82859375,
    "epoch75": 1378.57484375,
    "epoch76": 1395.9675,
    "epoch77": 1369.91265625,
    "epoch78": 1385.68453125,
    "epoch79": 1364.26390625,
    "epoch80": 1385.45546875,
    "epoch81": 1366.1109375,
    "epoch82": 1373.2859375,
    "epoch83": 1360.66796875,
    "epoch84": 1360.7775,
    "epoch85": 1372.5028125,
    "epoch86": 1364.51609375,
    "epoch87": 1377.669375,
    "epoch88": 1372.1040625,
    "epoch89": 1363.14765625,
    "epoch90": 1376.00203125,
    "epoch91": 1353.1303125,
    "epoch92": 1363.31671875,
    "epoch93": 1360.4540625,
    "epoch94": 1353.2709375,
    "epoch95": 1363.6878125,
    "epoch96": 1343.34953125,
    "epoch97": 1362.88796875,
    "epoch98": 1361.45875,
    "epoch99": 1357.05359375,
    "epoch100": 1343.13171875
}