{
    "epoch1": 2.5550082609697712e-05,
    "epoch2": 1.0485789405720425e-05,
    "epoch3": 8.205308716242144e-06,
    "epoch4": 7.787543503809502e-06,
    "epoch5": 7.508790969950496e-06,
    "epoch6": 7.259944153247489e-06,
    "epoch7": 7.0642963014506676e-06,
    "epoch8": 6.877593255012471e-06,
    "epoch9": 6.738230722476146e-06,
    "epoch10": 6.606465642335024e-06,
    "epoch11": 6.496690022004259e-06,
    "epoch12": 6.410989121604871e-06,
    "epoch13": 6.324229574147466e-06,
    "epoch14": 6.274735644637986e-06,
    "epoch15": 6.188406994965589e-06,
    "epoch16": 6.165496525454728e-06,
    "epoch17": 6.097946145359856e-06,
    "epoch18": 6.097382692360043e-06,
    "epoch19": 6.014373567722942e-06,
    "epoch20": 5.9909322712883296e-06,
    "epoch21": 5.982766009879015e-06,
    "epoch22": 5.932252455977505e-06,
    "epoch23": 5.902307599512824e-06,
    "epoch24": 5.895622850175641e-06,
    "epoch25": 5.8658845234731415e-06,
    "epoch26": 5.887859368954196e-06,
    "epoch27": 5.8264804874852415e-06,
    "epoch28": 5.816918339746735e-06,
    "epoch29": 5.802078354918194e-06,
    "epoch30": 5.797658528194916e-06
}