{
    "epoch1": 109.1328876201923,
    "epoch2": 50.60126201923077,
    "epoch3": 45.05126953125,
    "epoch4": 41.83964655949519,
    "epoch5": 41.61642690805289,
    "epoch6": 38.766744760366585,
    "epoch7": 38.19519277719351,
    "epoch8": 36.40163949819711,
    "epoch9": 35.35687490609976,
    "epoch10": 33.88338763897236,
    "epoch11": 32.94037569486178,
    "epoch12": 32.60531850961539,
    "epoch13": 31.59483924278846,
    "epoch14": 30.492835411658653,
    "epoch15": 30.307035006009617,
    "epoch16": 29.7313960148738,
    "epoch17": 29.882774939903847,
    "epoch18": 29.854715200570915,
    "epoch19": 29.22984666090745,
    "epoch20": 29.4633061335637,
    "epoch21": 29.58008282001202,
    "epoch22": 29.059957650991585,
    "epoch23": 28.975616455078125,
    "epoch24": 29.161578838641827,
    "epoch25": 28.40827355018029,
    "epoch26": 29.013690655048077,
    "epoch27": 29.00334754356971,
    "epoch28": 28.477628267728367,
    "epoch29": 28.342672494741585,
    "epoch30": 28.989483173076923,
    "epoch31": 28.824688251201923,
    "epoch32": 28.11676025390625,
    "epoch33": 28.25908484825721,
    "epoch34": 28.82013408954327,
    "epoch35": 28.092193603515625,
    "epoch36": 28.1551513671875,
    "epoch37": 27.978318434495193,
    "epoch38": 28.023411677433895,
    "epoch39": 27.99713604266827,
    "epoch40": 28.058502197265625,
    "epoch41": 27.691807673527645,
    "epoch42": 28.031334510216347,
    "epoch43": 27.615267240084133,
    "epoch44": 27.41504845252404,
    "epoch45": 27.607269287109375,
    "epoch46": 27.89630126953125,
    "epoch47": 27.788921649639423,
    "epoch48": 27.420680119441105,
    "epoch49": 27.622835599459133,
    "epoch50": 27.73419189453125,
    "epoch51": 27.72931377704327,
    "epoch52": 27.618821364182693,
    "epoch53": 27.162522536057693,
    "epoch54": 26.77087637094351,
    "epoch55": 27.19861074594351,
    "epoch56": 27.33470505934495,
    "epoch57": 27.90137188251202,
    "epoch58": 27.42065194936899,
    "epoch59": 26.942279522235577,
    "epoch60": 26.61070603590745,
    "epoch61": 26.73969444861779,
    "epoch62": 27.407623291015625,
    "epoch63": 26.793182373046875,
    "epoch64": 26.370952899639423,
    "epoch65": 27.225055401141827,
    "epoch66": 26.940528282752403,
    "epoch67": 27.066603440504807,
    "epoch68": 26.91596397986779,
    "epoch69": 26.773348294771633,
    "epoch70": 26.856609637920673,
    "epoch71": 26.69672100360577,
    "epoch72": 26.67498544546274,
    "epoch73": 26.23711453951322,
    "epoch74": 26.717379056490383,
    "epoch75": 26.52429903470553,
    "epoch76": 26.643596942608173,
    "epoch77": 26.610741248497597,
    "epoch78": 26.552903395432693,
    "epoch79": 26.009737454927883,
    "epoch80": 26.279684213491585,
    "epoch81": 26.477980393629807,
    "epoch82": 26.371356670673077,
    "epoch83": 26.654254619891827,
    "epoch84": 26.28851083608774,
    "epoch85": 26.080843411959133,
    "epoch86": 26.12098811222957,
    "epoch87": 26.058941180889423,
    "epoch88": 25.617290790264423,
    "epoch89": 25.78058800330529,
    "epoch90": 25.8836669921875,
    "epoch91": 26.45556171123798,
    "epoch92": 26.131075345552883,
    "epoch93": 25.69341571514423,
    "epoch94": 25.465191180889423,
    "epoch95": 25.723045935997597,
    "epoch96": 25.549415001502403,
    "epoch97": 26.069288987379807,
    "epoch98": 25.800074650691105,
    "epoch99": 26.305938720703125,
    "epoch100": 25.127593994140625
}