{
    "epoch1": 3189.670700958144,
    "epoch2": 2373.9634392334847,
    "epoch3": 2042.208270297529,
    "epoch4": 1930.1060262228946,
    "epoch5": 1831.222516389309,
    "epoch6": 1755.6085476550682,
    "epoch7": 1699.180030257186,
    "epoch8": 1657.4416288451841,
    "epoch9": 1627.2955118507311,
    "epoch10": 1601.20436207766,
    "epoch11": 1576.7169692385276,
    "epoch12": 1554.8251386787695,
    "epoch13": 1539.2758446797782,
    "epoch14": 1524.2720625315178,
    "epoch15": 1512.5506807866868,
    "epoch16": 1501.472516389309,
    "epoch17": 1489.1326273323248,
    "epoch18": 1481.7684064548664,
    "epoch19": 1472.3540090771558,
    "epoch20": 1463.3876701966717,
    "epoch21": 1457.8441754916794,
    "epoch22": 1451.9819717599596,
    "epoch23": 1446.529752899647,
    "epoch24": 1441.4707513867877,
    "epoch25": 1435.6304841149772,
    "epoch26": 1430.5442511346446,
    "epoch27": 1426.5474029248612,
    "epoch28": 1420.9102370146243,
    "epoch29": 1417.800932929904,
    "epoch30": 1415.379853756934
}