{
    "epoch1": 81.90638834635416,
    "epoch2": 76.39956868489584,
    "epoch3": 71.1760986328125,
    "epoch4": 65.45979410807291,
    "epoch5": 58.5853271484375,
    "epoch6": 55.523197428385416,
    "epoch7": 55.33857014973958,
    "epoch8": 54.00596516927083,
    "epoch9": 52.34365641276042,
    "epoch10": 50.22159016927083,
    "epoch11": 49.27078857421875,
    "epoch12": 48.401485188802084,
    "epoch13": 47.170308430989586,
    "epoch14": 46.08796793619792,
    "epoch15": 44.23772379557292,
    "epoch16": 43.18437906901042,
    "epoch17": 42.18668212890625,
    "epoch18": 40.76337483723958,
    "epoch19": 39.916585286458336,
    "epoch20": 39.153324381510416,
    "epoch21": 38.3131591796875,
    "epoch22": 36.74408772786458,
    "epoch23": 36.18798828125,
    "epoch24": 35.05028483072917,
    "epoch25": 34.276509602864586,
    "epoch26": 33.76465861002604,
    "epoch27": 33.41157836914063,
    "epoch28": 33.01384480794271,
    "epoch29": 32.301214599609374,
    "epoch30": 31.75326131184896
}