{
    "epoch1": 39.687931060791016,
    "epoch2": 31.218637466430664,
    "epoch3": 30.08346939086914,
    "epoch4": 29.32274627685547,
    "epoch5": 28.722501754760742,
    "epoch6": 28.936918258666992,
    "epoch7": 27.86976432800293,
    "epoch8": 28.394790649414062,
    "epoch9": 26.87563133239746,
    "epoch10": 26.86587142944336,
    "epoch11": 27.05369758605957,
    "epoch12": 25.66794204711914,
    "epoch13": 25.45319175720215,
    "epoch14": 25.460758209228516,
    "epoch15": 24.796232223510742,
    "epoch16": 25.230504989624023,
    "epoch17": 25.63259506225586,
    "epoch18": 24.495487213134766,
    "epoch19": 25.483722686767578,
    "epoch20": 24.105642318725586,
    "epoch21": 25.106443405151367,
    "epoch22": 23.996231079101562,
    "epoch23": 24.182344436645508,
    "epoch24": 24.327747344970703,
    "epoch25": 24.467477798461914,
    "epoch26": 24.600276947021484,
    "epoch27": 23.99513053894043,
    "epoch28": 24.74974250793457,
    "epoch29": 24.245441436767578,
    "epoch30": 23.555904388427734,
    "epoch31": 23.4215030670166,
    "epoch32": 23.42020606994629,
    "epoch33": 24.220563888549805,
    "epoch34": 23.78516387939453,
    "epoch35": 24.6085147857666,
    "epoch36": 23.60418128967285,
    "epoch37": 23.221935272216797,
    "epoch38": 23.373964309692383,
    "epoch39": 23.80027198791504,
    "epoch40": 23.32491683959961,
    "epoch41": 23.31036949157715,
    "epoch42": 22.965829849243164,
    "epoch43": 23.111494064331055,
    "epoch44": 23.025659561157227,
    "epoch45": 23.26705551147461,
    "epoch46": 23.125947952270508,
    "epoch47": 23.160362243652344,
    "epoch48": 23.58509063720703,
    "epoch49": 23.596614837646484,
    "epoch50": 23.44580078125,
    "epoch51": 22.814420700073242,
    "epoch52": 22.66600799560547,
    "epoch53": 23.188133239746094,
    "epoch54": 22.641393661499023,
    "epoch55": 22.715232849121094,
    "epoch56": 22.754222869873047,
    "epoch57": 22.546031951904297,
    "epoch58": 22.5003662109375,
    "epoch59": 23.09073829650879,
    "epoch60": 22.261999130249023,
    "epoch61": 23.458906173706055,
    "epoch62": 22.462017059326172,
    "epoch63": 22.39138412475586,
    "epoch64": 23.774860382080078,
    "epoch65": 22.10112953186035,
    "epoch66": 22.585969924926758,
    "epoch67": 22.276386260986328,
    "epoch68": 22.472087860107422,
    "epoch69": 22.27611541748047,
    "epoch70": 22.168468475341797,
    "epoch71": 22.699939727783203,
    "epoch72": 21.900615692138672,
    "epoch73": 22.464853286743164,
    "epoch74": 22.06373405456543,
    "epoch75": 21.922388076782227,
    "epoch76": 22.407442092895508,
    "epoch77": 22.492813110351562,
    "epoch78": 21.7780818939209,
    "epoch79": 22.16190528869629,
    "epoch80": 22.06108283996582,
    "epoch81": 21.83785057067871,
    "epoch82": 22.05412483215332,
    "epoch83": 22.009111404418945,
    "epoch84": 22.097257614135742,
    "epoch85": 22.594135284423828,
    "epoch86": 21.931177139282227,
    "epoch87": 21.94650650024414,
    "epoch88": 21.5430965423584,
    "epoch89": 22.50018310546875,
    "epoch90": 21.77346420288086,
    "epoch91": 21.754669189453125,
    "epoch92": 21.971471786499023,
    "epoch93": 21.836179733276367,
    "epoch94": 21.501808166503906,
    "epoch95": 22.201120376586914,
    "epoch96": 21.757999420166016,
    "epoch97": 21.4681339263916,
    "epoch98": 21.595155715942383,
    "epoch99": 21.38852882385254,
    "epoch100": 22.34528350830078
}