{
    "epoch1": 128.53969791666665,
    "epoch2": 118.83159375,
    "epoch3": 114.3406875,
    "epoch4": 108.72633333333333,
    "epoch5": 105.47369791666667,
    "epoch6": 103.4854375,
    "epoch7": 101.62248958333333,
    "epoch8": 101.2015625,
    "epoch9": 99.73757291666666,
    "epoch10": 99.03114583333333,
    "epoch11": 98.74279166666666,
    "epoch12": 97.69226041666667,
    "epoch13": 97.08419791666667,
    "epoch14": 96.7105,
    "epoch15": 96.75709375,
    "epoch16": 95.64509375,
    "epoch17": 95.24908333333333,
    "epoch18": 95.09090625,
    "epoch19": 94.58364583333334,
    "epoch20": 94.28033333333333,
    "epoch21": 94.30594791666667,
    "epoch22": 93.73655208333334,
    "epoch23": 93.37417708333334,
    "epoch24": 93.08430208333333,
    "epoch25": 93.052,
    "epoch26": 92.6741875,
    "epoch27": 92.26621875,
    "epoch28": 92.124625,
    "epoch29": 92.77758333333334,
    "epoch30": 91.60669791666666
}