{
    "epoch0": {
        "layer1": {
            "max_length": 2.3638081550598145,
            "mean_length": 1.3760815563828055,
            "median_length": 1.3064062595367432,
            "stdev_length": 0.4766233105496454,
            "sum_length": 136.23207408189774,
            "ratio_2_1": 4.398850462631028,
            "ratio_3_1": 4.390486598512789,
            "h": 4.534307266396429,
            "normh": 0.9226648835124874,
            "snr": Infinity,
            "mean_birth": 0.0,
            "stdev_birth": 0.0,
            "mean_death": 1.3760815563828055,
            "stdev_death": 0.4766233105496454
        },
        "layer2": {
            "max_length": 0.862910270690918,
            "mean_length": 0.523005769108281,
            "median_length": 0.49465692043304443,
            "stdev_length": 0.17663488880491224,
            "sum_length": 51.77757114171982,
            "ratio_2_1": 4.381684955649309,
            "ratio_3_1": 4.357381664332554,
            "h": 4.537455307660426,
            "normh": 1.149608478591607,
            "snr": Infinity,
            "mean_birth": 0.0,
            "stdev_birth": 0.0,
            "mean_death": 0.523005769108281,
            "stdev_death": 0.17663488880491224
        },
        "layer3": {
            "max_length": 0.3234621286392212,
            "mean_length": 0.20727226469251844,
            "median_length": 0.2020711451768875,
            "stdev_length": 0.06448048317748457,
            "sum_length": 20.519954204559326,
            "ratio_2_1": 4.111284109620705,
            "ratio_3_1": 4.0980363736783065,
            "h": 4.5453552167769535,
            "normh": 1.5043882119716239,
            "snr": Infinity,
            "mean_birth": 0.0,
            "stdev_birth": 0.0,
            "mean_death": 0.20727226469251844,
            "stdev_death": 0.06448048317748457
        },
        "layer4": {
            "max_length": 0.0048042889684438705,
            "mean_length": 0.00030427634941809106,
            "median_length": 0.00016704946756362915,
            "stdev_length": 0.0005247086653405416,
            "sum_length": 0.030123358592391014,
            "ratio_2_1": 412.7579433853264,
            "ratio_3_1": 293.6476025418833,
            "h": 3.9100354497662746,
            "normh": -1.1163701310244218,
            "snr": Infinity,
            "mean_birth": 0.0,
            "stdev_birth": 0.0,
            "mean_death": 0.00030427634941809106,
            "stdev_death": 0.0005247086653405416
        }
    }
}