{
    "epoch1": 129.77554813508064,
    "epoch2": 120.93208165322581,
    "epoch3": 112.77276808215726,
    "epoch4": 104.197021484375,
    "epoch5": 100.36819556451613,
    "epoch6": 97.31409085181451,
    "epoch7": 95.81138955393145,
    "epoch8": 94.52934412802419,
    "epoch9": 93.80625472530242,
    "epoch10": 92.88297788558468,
    "epoch11": 92.42714371219758,
    "epoch12": 91.63667149697581,
    "epoch13": 91.36295835433468,
    "epoch14": 90.85698084677419,
    "epoch15": 90.57919606854838,
    "epoch16": 90.56836725050404,
    "epoch17": 89.76918472782258,
    "epoch18": 89.4546134702621,
    "epoch19": 89.50240990423387,
    "epoch20": 89.30436460433468,
    "epoch21": 89.68553899949596,
    "epoch22": 89.33685893397177,
    "epoch23": 89.25164598034274,
    "epoch24": 88.3583748109879,
    "epoch25": 88.53931451612904,
    "epoch26": 88.53658959173387,
    "epoch27": 88.08589812247983,
    "epoch28": 87.92914409022177,
    "epoch29": 87.93598790322581,
    "epoch30": 87.63486800655242
}