{
    "epoch1": 0.604704951056453,
    "epoch2": 0.7669059085931504,
    "epoch3": 0.8081339779510452,
    "epoch4": 0.8379984111591959,
    "epoch5": 0.8542663529158779,
    "epoch6": 0.8666268005325464,
    "epoch7": 0.8724880440953816,
    "epoch8": 0.8761961773822182,
    "epoch9": 0.881778314638366,
    "epoch10": 0.8889553475608095,
    "epoch11": 0.8888756028202732,
    "epoch12": 0.8965311056118833,
    "epoch13": 0.899521535235729,
    "epoch14": 0.9051036727770664,
    "epoch15": 0.9057815036420046,
    "epoch16": 0.9075757618726156,
    "epoch17": 0.9106459365221873,
    "epoch18": 0.912400323238099,
    "epoch19": 0.9169457772987311,
    "epoch20": 0.9176634808191272,
    "epoch21": 0.91846092879487,
    "epoch22": 0.9184609285096803,
    "epoch23": 0.9196571010436738,
    "epoch24": 0.9235247242393676,
    "epoch25": 0.9169457772987311,
    "epoch26": 0.9255183447491039,
    "epoch27": 0.923644341492767,
    "epoch28": 0.9223285519905637,
    "epoch29": 0.9244417900388892,
    "epoch30": 0.9238437037718924,
    "epoch31": 0.9282296687792363,
    "epoch32": 0.9276315827974292,
    "epoch33": 0.9278309450765546,
    "epoch34": 0.9284290304879823,
    "epoch35": 0.9272328582391784,
    "epoch36": 0.9326156326458215,
    "epoch37": 0.918859653067931,
    "epoch38": 0.9342105291676863,
    "epoch39": 0.9304226509977186,
    "epoch40": 0.9354067017016798,
    "epoch41": 0.9310207369795256,
    "epoch42": 0.9362041499626124,
    "epoch43": 0.9344098911616221,
    "epoch44": 0.9340111674589403,
    "epoch45": 0.9324162712222651,
    "epoch46": 0.9310207372647153,
    "epoch47": 0.936124405222076,
    "epoch48": 0.9350079777138085,
    "epoch49": 0.9318181852404581,
    "epoch50": 0.9329346124635359
}