{
    "epoch1": 0.34745238583087923,
    "epoch2": 0.6914800073385239,
    "epoch3": 0.7922466738343239,
    "epoch4": 0.8409619105219841,
    "epoch5": 0.8655066724419593,
    "epoch6": 0.8757142907619476,
    "epoch7": 0.8959000043630599,
    "epoch8": 0.899151432621479,
    "epoch9": 0.9076142892122269,
    "epoch10": 0.908060955953598,
    "epoch11": 0.914066669845581,
    "epoch12": 0.921444765496254,
    "epoch13": 0.9250923840284347,
    "epoch14": 0.9299533367753029,
    "epoch15": 0.9323933364629745,
    "epoch16": 0.9356933361530304,
    "epoch17": 0.9425200026988984,
    "epoch18": 0.9409800026893615,
    "epoch19": 0.9434200026750564,
    "epoch20": 0.9502000025033951,
    "epoch21": 0.9504876214265824,
    "epoch22": 0.9534857165336609,
    "epoch23": 0.9536933352708816,
    "epoch24": 0.9607723827838898,
    "epoch25": 0.9605723829030991,
    "epoch26": 0.9670000018119812,
    "epoch27": 0.9681123824119567,
    "epoch28": 0.9696266682863236,
    "epoch29": 0.9738666677951813,
    "epoch30": 0.974673334312439,
    "epoch31": 0.9765333347797394,
    "epoch32": 0.9762533347129821,
    "epoch33": 0.9763333347320556,
    "epoch34": 0.9787333344697953,
    "epoch35": 0.9783200009822846,
    "epoch36": 0.9814933343410492,
    "epoch37": 0.9822933343887329,
    "epoch38": 0.9848866673469543,
    "epoch39": 0.9870666674137115,
    "epoch40": 0.9850609530448914,
    "epoch41": 0.9873333340167999,
    "epoch42": 0.9855466675281525,
    "epoch43": 0.9889866673469544,
    "epoch44": 0.9895466670989991,
    "epoch45": 0.9916666671276092,
    "epoch46": 0.9919523815631867,
    "epoch47": 0.9915733336925506,
    "epoch48": 0.9900800005912781,
    "epoch49": 0.9930666669368744,
    "epoch50": 0.9955600004196167
}