{
    "epoch1": 9.790267014432175e-05,
    "epoch2": 9.431424897411489e-05,
    "epoch3": 9.331770229255198e-05,
    "epoch4": 9.242362991972186e-05,
    "epoch5": 9.192228750544018e-05,
    "epoch6": 9.140865588233282e-05,
    "epoch7": 9.1074147033396e-05,
    "epoch8": 9.093624109391385e-05,
    "epoch9": 9.066425521177734e-05,
    "epoch10": 9.057500936432916e-05,
    "epoch11": 9.042992406102712e-05,
    "epoch12": 9.046918612239097e-05,
    "epoch13": 9.026918021572782e-05,
    "epoch14": 9.024934748322267e-05,
    "epoch15": 9.015813135010831e-05,
    "epoch16": 9.0123644954474e-05,
    "epoch17": 9.014358123204147e-05,
    "epoch18": 9.011989886857919e-05,
    "epoch19": 8.99944722195869e-05,
    "epoch20": 9.006045001297025e-05,
    "epoch21": 8.999275706810295e-05,
    "epoch22": 8.997906171680369e-05,
    "epoch23": 9.004783127875272e-05,
    "epoch24": 8.990831650771725e-05,
    "epoch25": 8.998892633007927e-05,
    "epoch26": 8.994317973156285e-05,
    "epoch27": 9.006775577381632e-05,
    "epoch28": 8.992862866216456e-05,
    "epoch29": 8.99508391858035e-05,
    "epoch30": 9.002380768379226e-05
}