{
    "epoch1": 0.001388903819024563,
    "epoch2": 0.00137006931938231,
    "epoch3": 0.001351493876427412,
    "epoch4": 0.001332954578101635,
    "epoch5": 0.0013147194497287273,
    "epoch6": 0.0012964509660378098,
    "epoch7": 0.0012785004684701562,
    "epoch8": 0.0012604618258774281,
    "epoch9": 0.0012428131001070142,
    "epoch10": 0.001225054357200861,
    "epoch11": 0.0012076725484803318,
    "epoch12": 0.001190561931580305,
    "epoch13": 0.0011731863114982843,
    "epoch14": 0.001156179504469037,
    "epoch15": 0.0011394257657229901,
    "epoch16": 0.0011224386654794217,
    "epoch17": 0.0011058130906894802,
    "epoch18": 0.001089371731504798,
    "epoch19": 0.0010728585720062257,
    "epoch20": 0.0010566380620002746,
    "epoch21": 0.0010405399790033697,
    "epoch22": 0.0010244476096704603,
    "epoch23": 0.0010085356328636407,
    "epoch24": 0.0009928523655980826,
    "epoch25": 0.0009772460162639617,
    "epoch26": 0.0009616123838350177,
    "epoch27": 0.0009464920172467827,
    "epoch28": 0.0009311318956315518,
    "epoch29": 0.0009160746587440372,
    "epoch30": 0.0009014762984588743
}