{
    "epoch1": 0.19725320965051651,
    "epoch2": 0.25441287338733676,
    "epoch3": 0.3033865576982498,
    "epoch4": 0.32573108792304994,
    "epoch5": 0.35126655697822573,
    "epoch6": 0.36068239152431486,
    "epoch7": 0.38214638710021975,
    "epoch8": 0.37738405287265775,
    "epoch9": 0.3770656126737595,
    "epoch10": 0.3865111190080643,
    "epoch11": 0.406420504450798,
    "epoch12": 0.4153300535678863,
    "epoch13": 0.4063137072324753,
    "epoch14": 0.40104721665382387,
    "epoch15": 0.41004756033420564,
    "epoch16": 0.38834944248199466,
    "epoch17": 0.42781307697296145,
    "epoch18": 0.41185969948768614,
    "epoch19": 0.4050508165359497,
    "epoch20": 0.41252583742141724
}