{
    "epoch1": 0.13478272520564497,
    "epoch2": 0.24791543501615523,
    "epoch3": 0.306815661072731,
    "epoch4": 0.34642431926727296,
    "epoch5": 0.36881393456459044,
    "epoch6": 0.40201380383968355,
    "epoch7": 0.41016756916046143,
    "epoch8": 0.4350317541360855,
    "epoch9": 0.45528567588329316,
    "epoch10": 0.4800478481054306,
    "epoch11": 0.5065056165456772,
    "epoch12": 0.5067909779548645,
    "epoch13": 0.5343839552402496,
    "epoch14": 0.569676561832428,
    "epoch15": 0.5713738398551941,
    "epoch16": 0.5965664503574372,
    "epoch17": 0.6104018158912659,
    "epoch18": 0.6384117968082428,
    "epoch19": 0.6436194832324982,
    "epoch20": 0.6644402725696563
}