{
    "epoch1": 3200.0,
    "epoch2": 3200.0,
    "epoch3": 3200.0,
    "epoch4": 3200.0,
    "epoch5": 3200.0,
    "epoch6": 3196.74775,
    "epoch7": 3054.7415,
    "epoch8": 2646.3525,
    "epoch9": 2323.628,
    "epoch10": 2166.6635,
    "epoch11": 2096.53275,
    "epoch12": 2057.6965,
    "epoch13": 2024.462,
    "epoch14": 1990.273375,
    "epoch15": 1963.955375,
    "epoch16": 1929.115,
    "epoch17": 1888.29675,
    "epoch18": 1859.630625,
    "epoch19": 1822.7625,
    "epoch20": 1791.4965,
    "epoch21": 1764.37325,
    "epoch22": 1743.592375,
    "epoch23": 1705.88425,
    "epoch24": 1694.942125,
    "epoch25": 1673.34575,
    "epoch26": 1660.73425,
    "epoch27": 1646.848125,
    "epoch28": 1627.095125,
    "epoch29": 1616.04625,
    "epoch30": 1605.4085
}