{
    "epoch1": 3217.5955078125,
    "epoch2": 2918.265625,
    "epoch3": 2651.9591796875,
    "epoch4": 2432.361328125,
    "epoch5": 2335.7318359375,
    "epoch6": 2185.9513671875,
    "epoch7": 1992.171875,
    "epoch8": 1860.2025390625,
    "epoch9": 1798.05625,
    "epoch10": 1760.798046875,
    "epoch11": 1725.0958984375,
    "epoch12": 1684.8275390625,
    "epoch13": 1659.6875,
    "epoch14": 1618.35322265625,
    "epoch15": 1595.2822265625,
    "epoch16": 1563.3333984375,
    "epoch17": 1527.6568359375,
    "epoch18": 1514.3474609375,
    "epoch19": 1527.744140625,
    "epoch20": 1488.40380859375,
    "epoch21": 1456.0193359375,
    "epoch22": 1467.978125,
    "epoch23": 1456.0470703125,
    "epoch24": 1453.36279296875,
    "epoch25": 1426.13828125,
    "epoch26": 1427.233203125,
    "epoch27": 1405.065234375,
    "epoch28": 1427.75048828125,
    "epoch29": 1469.46630859375,
    "epoch30": 1386.9767578125,
    "epoch31": 1382.34951171875,
    "epoch32": 1378.53828125,
    "epoch33": 1422.946484375,
    "epoch34": 1401.67431640625,
    "epoch35": 1467.3044921875,
    "epoch36": 1358.435546875,
    "epoch37": 1368.49833984375,
    "epoch38": 1358.051953125,
    "epoch39": 1410.13046875,
    "epoch40": 1349.4078125,
    "epoch41": 1359.5365234375,
    "epoch42": 1362.965234375,
    "epoch43": 1362.9732421875,
    "epoch44": 1483.13330078125,
    "epoch45": 1340.55029296875,
    "epoch46": 1341.6833984375,
    "epoch47": 1359.10439453125,
    "epoch48": 1398.93388671875,
    "epoch49": 1374.28564453125,
    "epoch50": 1411.8154296875,
    "epoch51": 1335.39443359375,
    "epoch52": 1369.63134765625,
    "epoch53": 1335.68779296875,
    "epoch54": 1327.751171875,
    "epoch55": 1338.004296875,
    "epoch56": 1398.6431640625,
    "epoch57": 1312.43935546875,
    "epoch58": 1330.3333984375,
    "epoch59": 1351.92177734375,
    "epoch60": 1316.70986328125,
    "epoch61": 1332.62705078125,
    "epoch62": 1345.26025390625,
    "epoch63": 1321.3275390625,
    "epoch64": 1315.43642578125,
    "epoch65": 1320.14453125,
    "epoch66": 1336.31533203125,
    "epoch67": 1313.09248046875,
    "epoch68": 1326.89443359375,
    "epoch69": 1315.59072265625,
    "epoch70": 1324.03046875,
    "epoch71": 1386.399609375,
    "epoch72": 1330.37138671875,
    "epoch73": 1367.275,
    "epoch74": 1308.46474609375,
    "epoch75": 1328.2916015625,
    "epoch76": 1374.32939453125,
    "epoch77": 1313.23251953125,
    "epoch78": 1315.70751953125,
    "epoch79": 1326.366015625,
    "epoch80": 1361.57978515625,
    "epoch81": 1326.3916015625,
    "epoch82": 1335.26396484375,
    "epoch83": 1419.01962890625,
    "epoch84": 1325.13076171875,
    "epoch85": 1321.58564453125,
    "epoch86": 1445.91328125,
    "epoch87": 1376.15234375,
    "epoch88": 1316.94658203125,
    "epoch89": 1317.25078125,
    "epoch90": 1354.141796875,
    "epoch91": 1362.92783203125,
    "epoch92": 1313.9462890625,
    "epoch93": 1346.2078125,
    "epoch94": 1357.76787109375,
    "epoch95": 1321.2765625,
    "epoch96": 1343.3912109375,
    "epoch97": 1407.10361328125,
    "epoch98": 1309.594921875,
    "epoch99": 1360.3962890625,
    "epoch100": 1410.9064453125
}