{
    "epoch1": 5334.924342105263,
    "epoch2": 3308.2341694078946,
    "epoch3": 2974.821957236842,
    "epoch4": 2692.6807154605262,
    "epoch5": 2475.8885690789475,
    "epoch6": 2306.084292763158,
    "epoch7": 2144.924136513158,
    "epoch8": 1980.883634868421,
    "epoch9": 1886.5078125,
    "epoch10": 1829.5277549342106,
    "epoch11": 1803.4613486842106,
    "epoch12": 1766.3178453947369,
    "epoch13": 1766.6605674342106,
    "epoch14": 1718.751953125,
    "epoch15": 1677.004214638158,
    "epoch16": 1651.4216694078948,
    "epoch17": 1638.7825863486842,
    "epoch18": 1595.6301398026317,
    "epoch19": 1576.2474300986842,
    "epoch20": 1558.3791118421052,
    "epoch21": 1568.0185032894738,
    "epoch22": 1538.2768297697369,
    "epoch23": 1518.1729029605262,
    "epoch24": 1510.8150699013158,
    "epoch25": 1527.7993421052631,
    "epoch26": 1516.007504111842,
    "epoch27": 1493.8286389802631,
    "epoch28": 1494.585115131579,
    "epoch29": 1515.030427631579,
    "epoch30": 1480.0850123355262,
    "epoch31": 1480.996402138158,
    "epoch32": 1467.0300164473683,
    "epoch33": 1456.8384046052631,
    "epoch34": 1458.5596217105262,
    "epoch35": 1466.1212993421052,
    "epoch36": 1444.5567434210527,
    "epoch37": 1427.963712993421,
    "epoch38": 1414.3901110197369,
    "epoch39": 1413.9356496710527,
    "epoch40": 1433.7267680921052,
    "epoch41": 1427.891447368421,
    "epoch42": 1412.9035773026317,
    "epoch43": 1395.144839638158,
    "epoch44": 1416.830386513158,
    "epoch45": 1426.1873972039473,
    "epoch46": 1390.282380756579,
    "epoch47": 1396.003083881579,
    "epoch48": 1402.653988486842,
    "epoch49": 1413.2626439144738,
    "epoch50": 1419.7817639802631,
    "epoch51": 1407.1109169407894,
    "epoch52": 1393.3600945723683,
    "epoch53": 1391.1278782894738,
    "epoch54": 1368.6566611842106,
    "epoch55": 1382.2772409539473,
    "epoch56": 1383.837890625,
    "epoch57": 1413.2012746710527,
    "epoch58": 1388.5629111842106,
    "epoch59": 1372.6276726973683,
    "epoch60": 1407.826171875,
    "epoch61": 1369.8857935855262,
    "epoch62": 1356.4731702302631,
    "epoch63": 1363.7294407894738,
    "epoch64": 1345.8572162828948,
    "epoch65": 1350.2465049342106,
    "epoch66": 1370.8169202302631,
    "epoch67": 1353.5931332236842,
    "epoch68": 1372.1047491776317,
    "epoch69": 1370.1049547697369,
    "epoch70": 1336.7126850328948,
    "epoch71": 1360.517886513158,
    "epoch72": 1345.1451480263158,
    "epoch73": 1340.1016652960527,
    "epoch74": 1347.9413034539473,
    "epoch75": 1392.7486636513158,
    "epoch76": 1367.064144736842,
    "epoch77": 1382.9594983552631,
    "epoch78": 1324.918791118421,
    "epoch79": 1352.226254111842,
    "epoch80": 1348.450349506579,
    "epoch81": 1360.180818256579,
    "epoch82": 1362.0873766447369,
    "epoch83": 1340.4336965460527,
    "epoch84": 1366.0138774671052,
    "epoch85": 1348.8600945723683,
    "epoch86": 1337.6791735197369,
    "epoch87": 1400.8322368421052,
    "epoch88": 1363.3399465460527,
    "epoch89": 1346.9268092105262,
    "epoch90": 1324.7258429276317,
    "epoch91": 1325.5959087171052,
    "epoch92": 1323.4415090460527,
    "epoch93": 1323.4673108552631,
    "epoch94": 1345.1592310855262,
    "epoch95": 1345.5529399671052,
    "epoch96": 1315.8794202302631,
    "epoch97": 1345.4739925986842,
    "epoch98": 1388.296566611842,
    "epoch99": 1332.412417763158,
    "epoch100": 1358.3196957236842
}