{
    "epoch1": 0.054535212864478426,
    "epoch2": 0.0500081405043602,
    "epoch3": 0.044490007559458415,
    "epoch4": 0.037829342981179556,
    "epoch5": 0.03158609407643477,
    "epoch6": 0.02708994553734859,
    "epoch7": 0.02552562380830447,
    "epoch8": 0.024469756272931895,
    "epoch9": 0.023837412397066753,
    "epoch10": 0.023424659669399262,
    "epoch11": 0.022922434471547605,
    "epoch12": 0.023073037092884382,
    "epoch13": 0.0223710169394811,
    "epoch14": 0.022538268007338047,
    "epoch15": 0.02172405688712994,
    "epoch16": 0.02157658413052559,
    "epoch17": 0.021271647326648234,
    "epoch18": 0.021144765242934228,
    "epoch19": 0.021037988550961017,
    "epoch20": 0.020693603220085302,
    "epoch21": 0.020662271914382777,
    "epoch22": 0.02037913426756859,
    "epoch23": 0.020192482384542625,
    "epoch24": 0.02002483109633128,
    "epoch25": 0.019961080389718215,
    "epoch26": 0.019927588663995265,
    "epoch27": 0.019675312750041484,
    "epoch28": 0.019654213823378085,
    "epoch29": 0.01960513920833667,
    "epoch30": 0.019358233517656722,
    "epoch31": 0.019516440108418465,
    "epoch32": 0.019361655600368975,
    "epoch33": 0.019130949613948664,
    "epoch34": 0.019062318218251068,
    "epoch35": 0.019109195657074453,
    "epoch36": 0.018963314406573773,
    "epoch37": 0.018984329141676425,
    "epoch38": 0.018833863797287145,
    "epoch39": 0.01878264732658863,
    "epoch40": 0.018919610573599737,
    "epoch41": 0.018642529658973218,
    "epoch42": 0.018946115920941035,
    "epoch43": 0.01854115075742205,
    "epoch44": 0.01841744625320037,
    "epoch45": 0.01839284456024567,
    "epoch46": 0.018408123372743525,
    "epoch47": 0.018259915399054687,
    "epoch48": 0.018540927954018117,
    "epoch49": 0.01819651313126087,
    "epoch50": 0.018268521502614023,
    "epoch51": 0.01806266630689303,
    "epoch52": 0.017998915072530507,
    "epoch53": 0.018011636349062124,
    "epoch54": 0.018018647966285547,
    "epoch55": 0.017970692956199248,
    "epoch56": 0.017824454450358948,
    "epoch57": 0.017936747583250204,
    "epoch58": 0.017742459662258625,
    "epoch59": 0.017775908422966797,
    "epoch60": 0.017653404672940572,
    "epoch61": 0.017732638865709305,
    "epoch62": 0.017640165984630585,
    "epoch63": 0.017737197503447533,
    "epoch64": 0.01803269007553657,
    "epoch65": 0.017546551954001188,
    "epoch66": 0.017483245426168043,
    "epoch67": 0.01755131728326281,
    "epoch68": 0.01739768236875534,
    "epoch69": 0.017403192073106765,
    "epoch70": 0.017408015144368013,
    "epoch71": 0.01766174118965864,
    "epoch72": 0.017391708306968214,
    "epoch73": 0.017270979223152003,
    "epoch74": 0.017393844233204923,
    "epoch75": 0.01723475744947791,
    "epoch76": 0.01721201107526819,
    "epoch77": 0.017228460777550934,
    "epoch78": 0.017215188313275575,
    "epoch79": 0.01715441563477119,
    "epoch80": 0.017266903600345055,
    "epoch81": 0.01758336058507363,
    "epoch82": 0.01717736991122365,
    "epoch83": 0.017490943086644013,
    "epoch84": 0.01708003357052803,
    "epoch85": 0.017221232627828917,
    "epoch86": 0.017083659892280896,
    "epoch87": 0.01689548467596372,
    "epoch88": 0.016886426880955697,
    "epoch89": 0.016983737827589114,
    "epoch90": 0.01718314824004968,
    "epoch91": 0.016880509505669276,
    "epoch92": 0.016767800537248453,
    "epoch93": 0.0168044440758725,
    "epoch94": 0.01717639621347189,
    "epoch95": 0.016826064605265856,
    "epoch96": 0.016964333690702917,
    "epoch97": 0.01670917185644309,
    "epoch98": 0.01668786390994986,
    "epoch99": 0.016704479542871315,
    "epoch100": 0.016782984137535095
}