{
    "epoch1": 49.341007486979166,
    "epoch2": 46.87930094401042,
    "epoch3": 44.31719970703125,
    "epoch4": 41.542439778645836,
    "epoch5": 36.09912923177083,
    "epoch6": 33.66399332682292,
    "epoch7": 31.738588460286458,
    "epoch8": 32.15298868815104,
    "epoch9": 31.88224080403646,
    "epoch10": 32.151422119140626,
    "epoch11": 30.964156087239584,
    "epoch12": 29.890561930338542,
    "epoch13": 31.398421223958334,
    "epoch14": 29.480165608723958,
    "epoch15": 30.530954996744793,
    "epoch16": 30.88704833984375,
    "epoch17": 30.132012939453126,
    "epoch18": 29.488114420572916,
    "epoch19": 29.054014078776042,
    "epoch20": 29.42581787109375,
    "epoch21": 28.652618408203125,
    "epoch22": 29.5056396484375,
    "epoch23": 29.120941162109375,
    "epoch24": 28.99990234375,
    "epoch25": 28.462396240234376,
    "epoch26": 29.610260009765625,
    "epoch27": 28.440602620442707,
    "epoch28": 28.198122151692708,
    "epoch29": 27.98918253580729,
    "epoch30": 28.26156209309896,
    "epoch31": 27.696636962890626,
    "epoch32": 27.726214599609374,
    "epoch33": 28.316221110026042,
    "epoch34": 28.19985555013021,
    "epoch35": 27.717862955729167,
    "epoch36": 27.652081298828126,
    "epoch37": 27.6039794921875,
    "epoch38": 27.614377848307292,
    "epoch39": 28.23417765299479,
    "epoch40": 28.845393880208334,
    "epoch41": 27.478948974609374,
    "epoch42": 27.128814697265625,
    "epoch43": 27.752252197265626,
    "epoch44": 27.224558512369793,
    "epoch45": 27.740555826822916,
    "epoch46": 27.220768229166666,
    "epoch47": 27.55068359375,
    "epoch48": 26.71556396484375,
    "epoch49": 27.314524332682293,
    "epoch50": 26.68223876953125,
    "epoch51": 26.77915242513021,
    "epoch52": 26.734236653645834,
    "epoch53": 26.70370890299479,
    "epoch54": 26.553544108072916,
    "epoch55": 26.38833211263021,
    "epoch56": 26.46284383138021,
    "epoch57": 26.295216878255207,
    "epoch58": 26.424837239583333,
    "epoch59": 26.1722900390625,
    "epoch60": 26.419755045572916,
    "epoch61": 26.057820638020832,
    "epoch62": 26.195538330078126,
    "epoch63": 26.029243977864585,
    "epoch64": 27.4870849609375,
    "epoch65": 26.326171875,
    "epoch66": 26.107328287760417,
    "epoch67": 25.733074951171876,
    "epoch68": 26.24458211263021,
    "epoch69": 26.300408935546876,
    "epoch70": 25.68665974934896,
    "epoch71": 26.476708984375,
    "epoch72": 25.656679280598958,
    "epoch73": 25.682576497395832,
    "epoch74": 25.679410807291667,
    "epoch75": 26.12220662434896,
    "epoch76": 25.519962565104166,
    "epoch77": 26.10909423828125,
    "epoch78": 25.52060750325521,
    "epoch79": 25.48281046549479,
    "epoch80": 25.314178466796875,
    "epoch81": 26.958915201822915,
    "epoch82": 25.30452880859375,
    "epoch83": 26.72725830078125,
    "epoch84": 25.325435384114584,
    "epoch85": 26.310978190104166,
    "epoch86": 25.15378214518229,
    "epoch87": 25.450498453776042,
    "epoch88": 25.320749918619793,
    "epoch89": 25.91126708984375,
    "epoch90": 26.337278238932292,
    "epoch91": 25.249818929036458,
    "epoch92": 25.359073893229166,
    "epoch93": 25.464410400390626,
    "epoch94": 25.0762451171875,
    "epoch95": 25.5684814453125,
    "epoch96": 26.146223958333334,
    "epoch97": 25.300726318359374,
    "epoch98": 25.309549967447918,
    "epoch99": 25.101446533203124,
    "epoch100": 25.3296142578125
}