{
    "epoch1": 80.80895575161638,
    "epoch2": 46.708479256465516,
    "epoch3": 44.292307886584055,
    "epoch4": 41.320813409213365,
    "epoch5": 38.00211307920259,
    "epoch6": 34.28937398976293,
    "epoch7": 32.365160711880385,
    "epoch8": 31.374040274784484,
    "epoch9": 31.043052936422413,
    "epoch10": 30.900529532596984,
    "epoch11": 30.500970248518318,
    "epoch12": 30.2998046875,
    "epoch13": 30.160162563981682,
    "epoch14": 29.88555908203125,
    "epoch15": 29.74249267578125,
    "epoch16": 30.00037042025862,
    "epoch17": 29.685405862742456,
    "epoch18": 29.57104913119612,
    "epoch19": 29.42878670528017,
    "epoch20": 29.213902966729528,
    "epoch21": 29.00665493669181,
    "epoch22": 28.805636701912714,
    "epoch23": 28.65826626481681,
    "epoch24": 28.5730085701778,
    "epoch25": 28.434747103987068,
    "epoch26": 28.59711745689655,
    "epoch27": 28.349710398706897,
    "epoch28": 28.113578007139008,
    "epoch29": 28.150565311826508,
    "epoch30": 28.169442012392242,
    "epoch31": 28.10267586543642,
    "epoch32": 28.140890187230603,
    "epoch33": 27.960966965247845,
    "epoch34": 27.701508620689655,
    "epoch35": 27.71014614762931,
    "epoch36": 27.721292429956897,
    "epoch37": 27.49773959455819,
    "epoch38": 27.494026973329742,
    "epoch39": 27.663664719154095,
    "epoch40": 27.273048137796337,
    "epoch41": 27.390643941945044,
    "epoch42": 27.136746110587286,
    "epoch43": 27.12470745218211,
    "epoch44": 27.01080743197737,
    "epoch45": 26.965847673087286,
    "epoch46": 26.895794046336206,
    "epoch47": 26.887775289601294,
    "epoch48": 27.06085415544181,
    "epoch49": 26.861721696524786,
    "epoch50": 26.99775222252155,
    "epoch51": 26.80248602505388,
    "epoch52": 26.50188788052263,
    "epoch53": 26.802456559806036,
    "epoch54": 26.7352294921875,
    "epoch55": 26.688604946794182,
    "epoch56": 26.679169753502155,
    "epoch57": 26.32167000606142,
    "epoch58": 26.337273959455818,
    "epoch59": 26.396442281788794,
    "epoch60": 26.207972033270472,
    "epoch61": 26.195687129579742,
    "epoch62": 26.154926168507544,
    "epoch63": 26.178201609644397,
    "epoch64": 26.23872112405711,
    "epoch65": 26.180382037984913,
    "epoch66": 26.15593219625539,
    "epoch67": 26.04144287109375,
    "epoch68": 26.047039163523706,
    "epoch69": 25.953596443965516,
    "epoch70": 26.033422009698278,
    "epoch71": 25.96174148033405,
    "epoch72": 25.75891534213362,
    "epoch73": 25.79168701171875,
    "epoch74": 25.803018504175647,
    "epoch75": 25.52491707637392,
    "epoch76": 25.816507273706897,
    "epoch77": 25.815972689924568,
    "epoch78": 25.746859846443964,
    "epoch79": 25.492431640625,
    "epoch80": 25.569312786233837,
    "epoch81": 25.486111344962286,
    "epoch82": 25.33412117793642,
    "epoch83": 25.35047649515086,
    "epoch84": 25.49659676387392,
    "epoch85": 25.45892123518319,
    "epoch86": 25.541594406654095,
    "epoch87": 25.367473733836206,
    "epoch88": 25.58037067281789,
    "epoch89": 25.125530374461206,
    "epoch90": 25.121499949488147,
    "epoch91": 25.06092781856142,
    "epoch92": 25.171483533135778,
    "epoch93": 24.954082620554956,
    "epoch94": 24.9841203360722,
    "epoch95": 24.953360721982758,
    "epoch96": 24.91101284684806,
    "epoch97": 25.073930411503234,
    "epoch98": 24.65819049703664,
    "epoch99": 24.921912883890087,
    "epoch100": 24.785118366109913
}