{
    "epoch1": 0.05122619941830635,
    "epoch2": 0.045799818076193335,
    "epoch3": 0.04116086084395647,
    "epoch4": 0.0354971868917346,
    "epoch5": 0.030617936886847018,
    "epoch6": 0.026715544424951075,
    "epoch7": 0.02413876410573721,
    "epoch8": 0.02275001034140587,
    "epoch9": 0.022038448601961136,
    "epoch10": 0.021623958460986616,
    "epoch11": 0.021071784384548663,
    "epoch12": 0.021100088022649288,
    "epoch13": 0.020247729774564505,
    "epoch14": 0.020348609052598478,
    "epoch15": 0.019873872213065625,
    "epoch16": 0.019479074608534576,
    "epoch17": 0.019181275367736818,
    "epoch18": 0.018958532623946665,
    "epoch19": 0.019099864829331636,
    "epoch20": 0.018836785294115543,
    "epoch21": 0.018418779876083136,
    "epoch22": 0.018314989376813175,
    "epoch23": 0.018115334771573545,
    "epoch24": 0.01801903508603573,
    "epoch25": 0.019086216669529678,
    "epoch26": 0.017743453569710254,
    "epoch27": 0.01827589450404048,
    "epoch28": 0.0176040668040514,
    "epoch29": 0.019425035547465087,
    "epoch30": 0.01930962884798646,
    "epoch31": 0.01742125367745757,
    "epoch32": 0.017332165874540804,
    "epoch33": 0.017278808727860452,
    "epoch34": 0.017293244227766992,
    "epoch35": 0.01763942986726761,
    "epoch36": 0.0177305911667645,
    "epoch37": 0.017073381785303356,
    "epoch38": 0.01702754432335496,
    "epoch39": 0.016933978628367187,
    "epoch40": 0.01721920482814312,
    "epoch41": 0.01688537672162056,
    "epoch42": 0.016844818368554115,
    "epoch43": 0.016917138081043958,
    "epoch44": 0.016748883482068776,
    "epoch45": 0.01715791570022702,
    "epoch46": 0.01722638662904501,
    "epoch47": 0.016706596687436105,
    "epoch48": 0.016701033618301154,
    "epoch49": 0.016697457619011404,
    "epoch50": 0.01690164124593139,
    "epoch51": 0.01704580131918192,
    "epoch52": 0.01666217381134629,
    "epoch53": 0.01683127135038376,
    "epoch54": 0.016852567438036203,
    "epoch55": 0.016545485146343707,
    "epoch56": 0.01667225928977132,
    "epoch57": 0.016624073032289743,
    "epoch58": 0.0166431887075305,
    "epoch59": 0.016670260671526195,
    "epoch60": 0.017052728775888683,
    "epoch61": 0.017272126208990813,
    "epoch62": 0.016452886816114187,
    "epoch63": 0.01659612264484167,
    "epoch64": 0.01678076395764947,
    "epoch65": 0.016696498170495032,
    "epoch66": 0.016626506485044955,
    "epoch67": 0.016420228779315947,
    "epoch68": 0.01644200487062335,
    "epoch69": 0.01648615747690201,
    "epoch70": 0.016442827880382538,
    "epoch71": 0.016771915648132563,
    "epoch72": 0.016395296342670916,
    "epoch73": 0.016682244837284088,
    "epoch74": 0.016520929895341395,
    "epoch75": 0.01707407534122467,
    "epoch76": 0.016962462943047284,
    "epoch77": 0.016455027088522912,
    "epoch78": 0.016403050068765877,
    "epoch79": 0.016489841602742673,
    "epoch80": 0.01670840196311474,
    "epoch81": 0.016398749500513076,
    "epoch82": 0.016517967730760575,
    "epoch83": 0.016374719515442848,
    "epoch84": 0.016433886159211396,
    "epoch85": 0.016423159930855035,
    "epoch86": 0.0163292670622468,
    "epoch87": 0.016390949487686157,
    "epoch88": 0.016363053023815154,
    "epoch89": 0.016774071380496025,
    "epoch90": 0.016689131129533054,
    "epoch91": 0.016801752988249062,
    "epoch92": 0.016652770061045884,
    "epoch93": 0.016683886293321848,
    "epoch94": 0.016419813223183154,
    "epoch95": 0.016304063331335782,
    "epoch96": 0.017205740511417388,
    "epoch97": 0.01650915704667568,
    "epoch98": 0.01697750808671117,
    "epoch99": 0.016756599489599466,
    "epoch100": 0.01631961138918996
}