{
    "epoch1": 0.06292811827734113,
    "epoch2": 0.04799284040927887,
    "epoch3": 0.045142700895667076,
    "epoch4": 0.041913991793990135,
    "epoch5": 0.03861903492361307,
    "epoch6": 0.03563694632612169,
    "epoch7": 0.03269250690937042,
    "epoch8": 0.02975729014724493,
    "epoch9": 0.027688350761309266,
    "epoch10": 0.026189991272985935,
    "epoch11": 0.025632301811128855,
    "epoch12": 0.024396059103310108,
    "epoch13": 0.02419223473407328,
    "epoch14": 0.023395558819174767,
    "epoch15": 0.023056894540786743,
    "epoch16": 0.022616459289565682,
    "epoch17": 0.02236382383853197,
    "epoch18": 0.022085923585109413,
    "epoch19": 0.0217888307524845,
    "epoch20": 0.021695022704079747,
    "epoch21": 0.021509083220735192,
    "epoch22": 0.02129993832204491,
    "epoch23": 0.02106772700790316,
    "epoch24": 0.020668382407166064,
    "epoch25": 0.020597385824657977,
    "epoch26": 0.020302975550293922,
    "epoch27": 0.020118940388783813,
    "epoch28": 0.020209376700222492,
    "epoch29": 0.02016540232580155,
    "epoch30": 0.020132442004978657,
    "epoch31": 0.019664926920086145,
    "epoch32": 0.01949796371627599,
    "epoch33": 0.01943769631907344,
    "epoch34": 0.01923724717926234,
    "epoch35": 0.019212225102819502,
    "epoch36": 0.01908522378653288,
    "epoch37": 0.018884733086451888,
    "epoch38": 0.018829576205462217,
    "epoch39": 0.018727833637967706,
    "epoch40": 0.018819002318196,
    "epoch41": 0.018940227571874857,
    "epoch42": 0.018402238842099905,
    "epoch43": 0.018556640134193003,
    "epoch44": 0.01827874220907688,
    "epoch45": 0.01822980132419616,
    "epoch46": 0.018167684320360422,
    "epoch47": 0.01833303621970117,
    "epoch48": 0.018063460825942457,
    "epoch49": 0.017981754965148866,
    "epoch50": 0.017884752014651895,
    "epoch51": 0.018296167021617293,
    "epoch52": 0.017766887904144824,
    "epoch53": 0.01793066691607237,
    "epoch54": 0.017564978217706084,
    "epoch55": 0.01795199979096651,
    "epoch56": 0.017494084080681205,
    "epoch57": 0.01779196097049862,
    "epoch58": 0.017377275275066495,
    "epoch59": 0.017580657498911023,
    "epoch60": 0.01734099129680544,
    "epoch61": 0.017224880284629762,
    "epoch62": 0.01719465130008757,
    "epoch63": 0.017236688057892025,
    "epoch64": 0.01722793176304549,
    "epoch65": 0.017091286252252758,
    "epoch66": 0.01700672914739698,
    "epoch67": 0.017059445497579873,
    "epoch68": 0.01693506073206663,
    "epoch69": 0.017021638806909323,
    "epoch70": 0.017276494880206883,
    "epoch71": 0.016874652239494026,
    "epoch72": 0.016698027146048844,
    "epoch73": 0.016766637447290123,
    "epoch74": 0.016614990308880806,
    "epoch75": 0.016568504041060805,
    "epoch76": 0.016595155699178576,
    "epoch77": 0.016624004463665187,
    "epoch78": 0.01679362973663956,
    "epoch79": 0.016514863236807287,
    "epoch80": 0.01651226752437651,
    "epoch81": 0.01664150645956397,
    "epoch82": 0.01666718046180904,
    "epoch83": 0.016557101858779788,
    "epoch84": 0.016532210516743362,
    "epoch85": 0.016294716158881783,
    "epoch86": 0.016218913719058037,
    "epoch87": 0.01625278068240732,
    "epoch88": 0.01638261997140944,
    "epoch89": 0.016268120263703167,
    "epoch90": 0.016063836053945124,
    "epoch91": 0.01624399097636342,
    "epoch92": 0.0161187038756907,
    "epoch93": 0.016138247796334326,
    "epoch94": 0.016035178094170988,
    "epoch95": 0.01604319177567959,
    "epoch96": 0.016100408625788987,
    "epoch97": 0.015965508297085762,
    "epoch98": 0.01606943889055401,
    "epoch99": 0.016605960088782012,
    "epoch100": 0.015790084842592478
}