{
    "epoch1": 93.10926920572916,
    "epoch2": 49.53833821614583,
    "epoch3": 48.990673828125,
    "epoch4": 47.01842041015625,
    "epoch5": 45.399190266927086,
    "epoch6": 43.78883463541667,
    "epoch7": 41.90011800130208,
    "epoch8": 39.87403971354167,
    "epoch9": 37.71724039713542,
    "epoch10": 35.966853841145834,
    "epoch11": 34.58633219401042,
    "epoch12": 33.085976155598956,
    "epoch13": 32.11737060546875,
    "epoch14": 31.350215657552084,
    "epoch15": 30.796071370442707,
    "epoch16": 30.58455607096354,
    "epoch17": 30.45644327799479,
    "epoch18": 30.17501424153646,
    "epoch19": 30.10167236328125,
    "epoch20": 29.80696004231771,
    "epoch21": 29.87870890299479,
    "epoch22": 29.658642578125,
    "epoch23": 29.525236002604167,
    "epoch24": 29.565523274739583,
    "epoch25": 29.529848225911458,
    "epoch26": 29.58990478515625,
    "epoch27": 29.535506184895834,
    "epoch28": 29.465364583333333,
    "epoch29": 29.42064208984375,
    "epoch30": 29.378291829427084,
    "epoch31": 28.995428466796874,
    "epoch32": 29.15010782877604,
    "epoch33": 28.92547607421875,
    "epoch34": 28.935856119791666,
    "epoch35": 29.112858072916666,
    "epoch36": 28.723638916015624,
    "epoch37": 28.774210611979168,
    "epoch38": 28.439644368489585,
    "epoch39": 28.565073649088543,
    "epoch40": 28.441090901692707,
    "epoch41": 28.464408365885415,
    "epoch42": 28.314298502604167,
    "epoch43": 28.23408203125,
    "epoch44": 28.697705078125,
    "epoch45": 28.102732340494793,
    "epoch46": 28.072991943359376,
    "epoch47": 27.86103515625,
    "epoch48": 28.076094563802084,
    "epoch49": 27.838313802083334,
    "epoch50": 27.886464436848957,
    "epoch51": 27.74237060546875,
    "epoch52": 28.063043212890626,
    "epoch53": 27.924041748046875,
    "epoch54": 27.5209228515625,
    "epoch55": 27.58877156575521,
    "epoch56": 27.4435791015625,
    "epoch57": 27.37562255859375,
    "epoch58": 27.20456339518229,
    "epoch59": 27.4809326171875,
    "epoch60": 27.53990478515625,
    "epoch61": 27.067982991536457,
    "epoch62": 27.29014689127604,
    "epoch63": 27.015926106770834,
    "epoch64": 26.985164388020834,
    "epoch65": 26.868021647135418,
    "epoch66": 26.802408854166668,
    "epoch67": 27.32628173828125,
    "epoch68": 27.02501220703125,
    "epoch69": 26.754998779296876,
    "epoch70": 26.83543701171875,
    "epoch71": 26.76920166015625,
    "epoch72": 26.523089599609374,
    "epoch73": 26.471822102864582,
    "epoch74": 26.555206298828125,
    "epoch75": 26.336305745442708,
    "epoch76": 26.4620849609375,
    "epoch77": 26.2306640625,
    "epoch78": 26.303212483723957,
    "epoch79": 26.23532918294271,
    "epoch80": 26.113887532552084,
    "epoch81": 26.38038330078125,
    "epoch82": 27.067645263671874,
    "epoch83": 26.166192626953126,
    "epoch84": 25.990315755208332,
    "epoch85": 25.978719075520832,
    "epoch86": 25.933286539713542,
    "epoch87": 26.37933349609375,
    "epoch88": 26.337601725260416,
    "epoch89": 25.773077392578124,
    "epoch90": 25.495829264322918,
    "epoch91": 25.469268798828125,
    "epoch92": 25.770719401041667,
    "epoch93": 25.559906005859375,
    "epoch94": 25.659659830729165,
    "epoch95": 26.040824381510415,
    "epoch96": 25.394724527994793,
    "epoch97": 25.564644368489585,
    "epoch98": 25.408864339192707,
    "epoch99": 25.727781168619792,
    "epoch100": 25.39027099609375
}