{
    "epoch1": 43.16798693068484,
    "epoch2": 30.69959794714096,
    "epoch3": 29.3600165184508,
    "epoch4": 28.29781779837101,
    "epoch5": 27.766609354222073,
    "epoch6": 26.910828935339097,
    "epoch7": 26.341944917719413,
    "epoch8": 26.01423287898936,
    "epoch9": 25.53487834524601,
    "epoch10": 25.135698034408243,
    "epoch11": 25.12634537067819,
    "epoch12": 24.91975045711436,
    "epoch13": 24.67063871343085,
    "epoch14": 24.488587724401597,
    "epoch15": 24.54724380817819,
    "epoch16": 24.036558759973403,
    "epoch17": 24.206449468085108,
    "epoch18": 23.902735933344413,
    "epoch19": 24.03648343999335,
    "epoch20": 23.882859250332448,
    "epoch21": 23.56843209773936,
    "epoch22": 23.628950403091757,
    "epoch23": 23.47579631399601,
    "epoch24": 23.20033816073803,
    "epoch25": 23.389445852726062,
    "epoch26": 23.181666597406913,
    "epoch27": 23.138630319148938,
    "epoch28": 23.364161714594413,
    "epoch29": 23.06764773105053,
    "epoch30": 23.008202086103722,
    "epoch31": 22.8757635887633,
    "epoch32": 22.97718843500665,
    "epoch33": 22.551765604222073,
    "epoch34": 22.72821953956117,
    "epoch35": 22.779691655585108,
    "epoch36": 22.745093812333778,
    "epoch37": 22.79837360787899,
    "epoch38": 22.384703291223403,
    "epoch39": 22.502711519281913,
    "epoch40": 22.463615255152927,
    "epoch41": 22.422129529587767,
    "epoch42": 22.24466267037899,
    "epoch43": 22.053129155585108,
    "epoch44": 22.4570000831117,
    "epoch45": 21.88103079288564,
    "epoch46": 22.20689359624335,
    "epoch47": 22.185484541223403,
    "epoch48": 22.21478920794548,
    "epoch49": 22.10332342918883,
    "epoch50": 21.87539997506649,
    "epoch51": 21.809406686336438,
    "epoch52": 21.700200506981382,
    "epoch53": 21.966157953789892,
    "epoch54": 21.57097479637633,
    "epoch55": 21.661502919298538,
    "epoch56": 21.58787244431516,
    "epoch57": 21.27466080036569,
    "epoch58": 21.35627129737367,
    "epoch59": 21.394276720412233,
    "epoch60": 21.532740816156913,
    "epoch61": 21.305354990857712,
    "epoch62": 21.172236016456118,
    "epoch63": 21.25402572307181,
    "epoch64": 21.43348986037234,
    "epoch65": 21.331645559757312,
    "epoch66": 21.43538454745678,
    "epoch67": 20.97481975149601,
    "epoch68": 21.403395632480052,
    "epoch69": 21.099113302027927,
    "epoch70": 21.013969259059177,
    "epoch71": 20.8860772315492,
    "epoch72": 21.234736016456118,
    "epoch73": 21.37913480718085,
    "epoch74": 21.254582831200132,
    "epoch75": 20.94003360829455,
    "epoch76": 20.878767297623007,
    "epoch77": 20.94924861826795,
    "epoch78": 20.76091620262633,
    "epoch79": 20.538410592586438,
    "epoch80": 21.03720417428524,
    "epoch81": 21.160053658992688,
    "epoch82": 20.83747636510971,
    "epoch83": 20.707276689245347,
    "epoch84": 20.62640121135306,
    "epoch85": 20.888788750831118,
    "epoch86": 20.698225305435507,
    "epoch87": 20.60806209483045,
    "epoch88": 20.888609541223403,
    "epoch89": 20.678401865857712,
    "epoch90": 20.465959264876993,
    "epoch91": 20.78455888464096,
    "epoch92": 20.848927599318483,
    "epoch93": 20.52442315284242,
    "epoch94": 20.5532538231383,
    "epoch95": 20.32574462890625,
    "epoch96": 20.29539457280585,
    "epoch97": 20.462421823055188,
    "epoch98": 20.43628189411569,
    "epoch99": 20.48495158743351,
    "epoch100": 20.598850980718087
}