{
    "epoch1": 0.0306002192485791,
    "epoch2": 0.02439890379229417,
    "epoch3": 0.01887729334143492,
    "epoch4": 0.015175187458785681,
    "epoch5": 0.01335337464339458,
    "epoch6": 0.012536726605433684,
    "epoch7": 0.01228287174867896,
    "epoch8": 0.01194052011347734,
    "epoch9": 0.011695297972227518,
    "epoch10": 0.011446028697089506,
    "epoch11": 0.011268138240736265,
    "epoch12": 0.01128164822092423,
    "epoch13": 0.011199630474528441,
    "epoch14": 0.010765917885761995,
    "epoch15": 0.010625678114593029,
    "epoch16": 0.010471835302618833,
    "epoch17": 0.010523393857651032,
    "epoch18": 0.01031201619368333,
    "epoch19": 0.010201062828015823,
    "epoch20": 0.01016717178460497,
    "epoch21": 0.010067955304223757,
    "epoch22": 0.009923218104701776,
    "epoch23": 0.010139018261375336,
    "epoch24": 0.00983157313357179,
    "epoch25": 0.009617863079676261,
    "epoch26": 0.009602560733373348,
    "epoch27": 0.009580684288476523,
    "epoch28": 0.009551767080735702,
    "epoch29": 0.009433242492377758,
    "epoch30": 0.009340153792156624,
    "epoch31": 0.009262011314813908,
    "epoch32": 0.009362609304774266,
    "epoch33": 0.009293462436359663,
    "epoch34": 0.009119741726093568,
    "epoch35": 0.009124238079843612,
    "epoch36": 0.009016695611465435,
    "epoch37": 0.008991789216032395,
    "epoch38": 0.00902132192053474,
    "epoch39": 0.008875300749563254,
    "epoch40": 0.008921704792345945,
    "epoch41": 0.009007276967167854,
    "epoch42": 0.008752567192109732,
    "epoch43": 0.008935337420552969,
    "epoch44": 0.009245028128274359,
    "epoch45": 0.008755778392347006,
    "epoch46": 0.008634791154271135,
    "epoch47": 0.008621315382277736,
    "epoch48": 0.008543357665005785,
    "epoch49": 0.00849166802632121,
    "epoch50": 0.008421165546259055,
    "epoch51": 0.008467537565873219,
    "epoch52": 0.008328275307296561,
    "epoch53": 0.008368566560630616,
    "epoch54": 0.0084848772519483,
    "epoch55": 0.008343473757402254,
    "epoch56": 0.008327301090153364,
    "epoch57": 0.008592634497640224,
    "epoch58": 0.008262694938681446,
    "epoch59": 0.00833175451351473,
    "epoch60": 0.0082851959249148,
    "epoch61": 0.008907588986823192,
    "epoch62": 0.008238457286587128,
    "epoch63": 0.00810179366873434,
    "epoch64": 0.00846596986341935,
    "epoch65": 0.008241216634185268,
    "epoch66": 0.008091569806520756,
    "epoch67": 0.008134201634675264,
    "epoch68": 0.008090742218952913,
    "epoch69": 0.008223330637869926,
    "epoch70": 0.008324556912367161,
    "epoch71": 0.008121747505636169,
    "epoch72": 0.008020228366009317,
    "epoch73": 0.007965960056306077,
    "epoch74": 0.007930174828148805,
    "epoch75": 0.007937661300484952,
    "epoch76": 0.008406332425343303,
    "epoch77": 0.007903034494330104,
    "epoch78": 0.007928150043321343,
    "epoch79": 0.007978319047162166,
    "epoch80": 0.007875609050433222,
    "epoch81": 0.007842876142464004,
    "epoch82": 0.008019553389973365,
    "epoch83": 0.007804444973142101,
    "epoch84": 0.007856177578035455,
    "epoch85": 0.007852577586443378,
    "epoch86": 0.007970263035251545,
    "epoch87": 0.007867681578947948,
    "epoch88": 0.007763861463620112,
    "epoch89": 0.008044482692359732,
    "epoch90": 0.007872643916366192,
    "epoch91": 0.007915624202444004,
    "epoch92": 0.007772608910902188,
    "epoch93": 0.008232957683503628,
    "epoch94": 0.0077986064761017375,
    "epoch95": 0.007887407223908948,
    "epoch96": 0.008000152436299967,
    "epoch97": 0.00772022008179472,
    "epoch98": 0.007854612508358864,
    "epoch99": 0.007686090924275609,
    "epoch100": 0.007656319998204708
}