{
    "epoch1": 3494.1,
    "epoch2": 3088.938125,
    "epoch3": 2743.7078125,
    "epoch4": 2441.5646875,
    "epoch5": 2202.7525,
    "epoch6": 2106.2509375,
    "epoch7": 2043.97859375,
    "epoch8": 1972.233125,
    "epoch9": 1934.4909375,
    "epoch10": 1891.5115625,
    "epoch11": 1866.444375,
    "epoch12": 1836.819375,
    "epoch13": 1820.34375,
    "epoch14": 1796.058125,
    "epoch15": 1786.35875,
    "epoch16": 1746.77125,
    "epoch17": 1722.18765625,
    "epoch18": 1692.6253125,
    "epoch19": 1680.378125,
    "epoch20": 1685.4821875,
    "epoch21": 1658.71515625,
    "epoch22": 1645.523125,
    "epoch23": 1627.8475,
    "epoch24": 1648.22671875,
    "epoch25": 1634.8784375,
    "epoch26": 1589.73796875,
    "epoch27": 1592.70984375,
    "epoch28": 1587.37046875,
    "epoch29": 1571.26296875,
    "epoch30": 1550.854375,
    "epoch31": 1565.724375,
    "epoch32": 1548.79359375,
    "epoch33": 1540.15796875,
    "epoch34": 1548.94984375,
    "epoch35": 1530.58640625,
    "epoch36": 1521.4840625,
    "epoch37": 1517.43171875,
    "epoch38": 1517.70890625,
    "epoch39": 1496.93515625,
    "epoch40": 1509.043125,
    "epoch41": 1527.659375,
    "epoch42": 1478.06453125,
    "epoch43": 1481.37578125,
    "epoch44": 1549.5928125,
    "epoch45": 1486.5040625,
    "epoch46": 1486.1415625,
    "epoch47": 1464.175,
    "epoch48": 1454.6178125,
    "epoch49": 1453.96640625,
    "epoch50": 1452.8996875,
    "epoch51": 1445.00921875,
    "epoch52": 1472.4690625,
    "epoch53": 1446.2715625,
    "epoch54": 1447.945625,
    "epoch55": 1468.20984375,
    "epoch56": 1434.49421875,
    "epoch57": 1420.39125,
    "epoch58": 1443.09609375,
    "epoch59": 1427.73796875,
    "epoch60": 1416.965,
    "epoch61": 1424.82359375,
    "epoch62": 1444.426875,
    "epoch63": 1440.20171875,
    "epoch64": 1403.37453125,
    "epoch65": 1409.3890625,
    "epoch66": 1398.42421875,
    "epoch67": 1397.54171875,
    "epoch68": 1382.154375,
    "epoch69": 1382.794375,
    "epoch70": 1400.47,
    "epoch71": 1383.35671875,
    "epoch72": 1383.00484375,
    "epoch73": 1393.99171875,
    "epoch74": 1372.759375,
    "epoch75": 1375.65203125,
    "epoch76": 1389.7315625,
    "epoch77": 1366.593125,
    "epoch78": 1362.40578125,
    "epoch79": 1379.57828125,
    "epoch80": 1362.11953125,
    "epoch81": 1351.7065625,
    "epoch82": 1358.01234375,
    "epoch83": 1358.66484375,
    "epoch84": 1356.04359375,
    "epoch85": 1351.59390625,
    "epoch86": 1351.29703125,
    "epoch87": 1348.9915625,
    "epoch88": 1341.7465625,
    "epoch89": 1338.355,
    "epoch90": 1347.75671875,
    "epoch91": 1328.42515625,
    "epoch92": 1342.79796875,
    "epoch93": 1319.87109375,
    "epoch94": 1339.81125,
    "epoch95": 1347.44125,
    "epoch96": 1346.43234375,
    "epoch97": 1343.59015625,
    "epoch98": 1331.2896875,
    "epoch99": 1331.339375,
    "epoch100": 1328.51375
}