{
    "epoch1": 0.024526162336216024,
    "epoch2": 0.013384631804555007,
    "epoch3": 0.008948057849446068,
    "epoch4": 0.006538992889387452,
    "epoch5": 0.004828416595599898,
    "epoch6": 0.0036545170410333767,
    "epoch7": 0.0027310475049054494,
    "epoch8": 0.0020880899430029904,
    "epoch9": 0.0016201306994923432,
    "epoch10": 0.0012614780571311712,
    "epoch11": 0.0009957839362829438,
    "epoch12": 0.0008236044111823583,
    "epoch13": 0.0007072790467645973,
    "epoch14": 0.0005912422847873329,
    "epoch15": 0.000536000352914688,
    "epoch16": 0.00046501748938285544,
    "epoch17": 0.000400144241132733,
    "epoch18": 0.00036025159288724154,
    "epoch19": 0.0003274094064102468,
    "epoch20": 0.00031609486746753606,
    "epoch21": 0.0002724729167074775,
    "epoch22": 0.0002481839532581786,
    "epoch23": 0.00022476490630651824,
    "epoch24": 0.0002237567156123038,
    "epoch25": 0.0001955605621333234,
    "epoch26": 0.00017925799661695592,
    "epoch27": 0.0001716644943055302,
    "epoch28": 0.000164684074780266,
    "epoch29": 0.00015364957392233444,
    "epoch30": 0.0001447907979245824
}