{
    "epoch1": 50.124518899356616,
    "epoch2": 47.5428466796875,
    "epoch3": 44.05691707835478,
    "epoch4": 40.41682344324448,
    "epoch5": 36.92956901999081,
    "epoch6": 35.75136790556066,
    "epoch7": 33.83742029526655,
    "epoch8": 32.873678768382355,
    "epoch9": 32.60934627757353,
    "epoch10": 32.890251608455884,
    "epoch11": 31.73739444508272,
    "epoch12": 31.410019818474264,
    "epoch13": 31.851142434512866,
    "epoch14": 32.478066837086395,
    "epoch15": 31.011327406939337,
    "epoch16": 30.307143267463236,
    "epoch17": 31.306604721966913,
    "epoch18": 29.963337617761947,
    "epoch19": 30.76230037913603,
    "epoch20": 30.669975729549634,
    "epoch21": 30.576401654411764,
    "epoch22": 30.038685518152572,
    "epoch23": 29.686392391429226,
    "epoch24": 29.225490794462317,
    "epoch25": 29.88124892290901,
    "epoch26": 29.37307021197151,
    "epoch27": 28.923503202550553,
    "epoch28": 30.14137896369485,
    "epoch29": 29.208530201631433,
    "epoch30": 29.184213077320774,
    "epoch31": 28.53384578929228,
    "epoch32": 28.76614559397978,
    "epoch33": 28.693517348345587,
    "epoch34": 28.97958194508272,
    "epoch35": 29.39851469152114,
    "epoch36": 28.576543471392462,
    "epoch37": 28.777875114889707,
    "epoch38": 28.604488597196692,
    "epoch39": 28.523940142463236,
    "epoch40": 28.029828239889707,
    "epoch41": 28.569818833295038,
    "epoch42": 28.600481818704043,
    "epoch43": 28.034344841452207,
    "epoch44": 27.897518382352942,
    "epoch45": 27.668094410615808,
    "epoch46": 28.346913057215072,
    "epoch47": 27.907384535845587,
    "epoch48": 27.551601634306067,
    "epoch49": 28.6861967198989,
    "epoch50": 27.218267104204962,
    "epoch51": 28.11219518324908,
    "epoch52": 28.037344539866726,
    "epoch53": 27.247377283432904,
    "epoch54": 27.391240737017462,
    "epoch55": 28.0536714441636,
    "epoch56": 26.921910903033087,
    "epoch57": 26.66360294117647,
    "epoch58": 27.915451947380514,
    "epoch59": 27.131645651424634,
    "epoch60": 28.33914005055147,
    "epoch61": 27.1507173426011,
    "epoch62": 28.312780043658087,
    "epoch63": 26.76275634765625,
    "epoch64": 28.221537870519303,
    "epoch65": 26.5944429285386,
    "epoch66": 26.967260024126837,
    "epoch67": 27.395321116727942,
    "epoch68": 26.647346047794116,
    "epoch69": 26.695576387293197,
    "epoch70": 27.281853170955884,
    "epoch71": 26.38377290613511,
    "epoch72": 26.93491318646599,
    "epoch73": 26.60551362879136,
    "epoch74": 26.391974954044116,
    "epoch75": 26.815998750574447,
    "epoch76": 27.230109719669116,
    "epoch77": 26.404278923483457,
    "epoch78": 26.601964613970587,
    "epoch79": 27.094852223115808,
    "epoch80": 26.756076588350183,
    "epoch81": 26.44899615119485,
    "epoch82": 27.228199678308822,
    "epoch83": 26.10581162396599,
    "epoch84": 27.09676944508272,
    "epoch85": 25.95175350413603,
    "epoch86": 26.555620978860293,
    "epoch87": 26.189427992876837,
    "epoch88": 26.353151209214154,
    "epoch89": 27.09538538315717,
    "epoch90": 26.076841466567096,
    "epoch91": 26.058525534237134,
    "epoch92": 26.36789119944853,
    "epoch93": 26.919056611902572,
    "epoch94": 25.859173943014707,
    "epoch95": 26.200130687040442,
    "epoch96": 25.866083481732538,
    "epoch97": 26.126400218290442,
    "epoch98": 25.925605325137866,
    "epoch99": 25.929253073299634,
    "epoch100": 25.75697057387408
}