{
    "epoch1": 0.022423804220226076,
    "epoch2": 0.019351247594588332,
    "epoch3": 0.01756454776558611,
    "epoch4": 0.015960663557052612,
    "epoch5": 0.0143022740052806,
    "epoch6": 0.012834736870394813,
    "epoch7": 0.011377116975684961,
    "epoch8": 0.010140975730286704,
    "epoch9": 0.009119551784048477,
    "epoch10": 0.008239549946867757,
    "epoch11": 0.0074804313480854034,
    "epoch12": 0.00691551011469629,
    "epoch13": 0.0063463604181177085,
    "epoch14": 0.00589512749057677,
    "epoch15": 0.005551651585847139,
    "epoch16": 0.005175741932665308,
    "epoch17": 0.004862825696667035,
    "epoch18": 0.0045569844595674015,
    "epoch19": 0.004315209186946352,
    "epoch20": 0.00410372360299031,
    "epoch21": 0.0038888568782971967,
    "epoch22": 0.003697694589694341,
    "epoch23": 0.0035417378207461703,
    "epoch24": 0.0032986060509251226,
    "epoch25": 0.0031134499650862482,
    "epoch26": 0.0029522693043367732,
    "epoch27": 0.0028011469015230737,
    "epoch28": 0.0026430751636831295,
    "epoch29": 0.002508377177744276,
    "epoch30": 0.002342419440133704
}