{
    "epoch1": 90.28062315244932,
    "epoch2": 79.97218116554055,
    "epoch3": 78.4715477195946,
    "epoch4": 75.84003510346284,
    "epoch5": 73.95625263935811,
    "epoch6": 70.95581714527027,
    "epoch7": 68.37555426520271,
    "epoch8": 65.24253061655405,
    "epoch9": 62.585495407516895,
    "epoch10": 61.446876319679056,
    "epoch11": 61.40657332136824,
    "epoch12": 60.08048722550676,
    "epoch13": 59.03179106841216,
    "epoch14": 58.018046611064186,
    "epoch15": 58.20554001266892,
    "epoch16": 57.392136032516895,
    "epoch17": 56.763269372888516,
    "epoch18": 56.243889885979726,
    "epoch19": 55.560876794763516,
    "epoch20": 54.49564835831926,
    "epoch21": 54.10154600401182,
    "epoch22": 53.5645191089527,
    "epoch23": 52.28755806587838,
    "epoch24": 51.8283790382179,
    "epoch25": 52.126986116976354,
    "epoch26": 50.745585673564186,
    "epoch27": 50.40218208931588,
    "epoch28": 49.779560810810814,
    "epoch29": 49.060174065667226,
    "epoch30": 48.5774585620777
}