{
    "epoch1": 0.05023935634423705,
    "epoch2": 0.04387918081791962,
    "epoch3": 0.036206064033595955,
    "epoch4": 0.02841762683409102,
    "epoch5": 0.023854076478849438,
    "epoch6": 0.02232598770848092,
    "epoch7": 0.021574601311894023,
    "epoch8": 0.021116274354212424,
    "epoch9": 0.020770125693696385,
    "epoch10": 0.0204974080381148,
    "epoch11": 0.020214650889529902,
    "epoch12": 0.02006483740885468,
    "epoch13": 0.019877114168861332,
    "epoch14": 0.01965720480417504,
    "epoch15": 0.019425470984595662,
    "epoch16": 0.01916753456873052,
    "epoch17": 0.019292100990081534,
    "epoch18": 0.018889514455462202,
    "epoch19": 0.018739431110375068,
    "epoch20": 0.018611070590422434,
    "epoch21": 0.018516353495857295,
    "epoch22": 0.018325176966540953,
    "epoch23": 0.018183191854725864,
    "epoch24": 0.01816899230813279,
    "epoch25": 0.018129245925913837,
    "epoch26": 0.017885909251430455,
    "epoch27": 0.017682590960141492,
    "epoch28": 0.01778430864214897,
    "epoch29": 0.01753228552201215,
    "epoch30": 0.017553443417829627,
    "epoch31": 0.017266715164570248,
    "epoch32": 0.017187389271224245,
    "epoch33": 0.017627538757070023,
    "epoch34": 0.017616259317625973,
    "epoch35": 0.016886353903614423,
    "epoch36": 0.016958214945214635,
    "epoch37": 0.016822515110320905,
    "epoch38": 0.017379538703928974,
    "epoch39": 0.0165658631526372,
    "epoch40": 0.016851597794276828,
    "epoch41": 0.016555485726498505,
    "epoch42": 0.016758570447564125,
    "epoch43": 0.01630960566484753,
    "epoch44": 0.016259484623065767,
    "epoch45": 0.01621626364067197,
    "epoch46": 0.01619850312743117,
    "epoch47": 0.016034398008795345,
    "epoch48": 0.016151771606767878,
    "epoch49": 0.015973464941934627,
    "epoch50": 0.015891533317592216,
    "epoch51": 0.015925385523587465,
    "epoch52": 0.016200544367380002,
    "epoch53": 0.01574378296294633,
    "epoch54": 0.015848182059605333,
    "epoch55": 0.01605551185853341,
    "epoch56": 0.01569578210439752,
    "epoch57": 0.015950627022368068,
    "epoch58": 0.015825506929746446,
    "epoch59": 0.016217632657464814,
    "epoch60": 0.015523586860474418,
    "epoch61": 0.015567326397799394,
    "epoch62": 0.015394312192631118,
    "epoch63": 0.015481032814611407,
    "epoch64": 0.015749357503784055,
    "epoch65": 0.015418168924310627,
    "epoch66": 0.015310760231359917,
    "epoch67": 0.01524681072024738,
    "epoch68": 0.015291561345186304,
    "epoch69": 0.015839955906438476,
    "epoch70": 0.015216883682810208,
    "epoch71": 0.01573472037254011,
    "epoch72": 0.015124443671940005,
    "epoch73": 0.015070286771172987,
    "epoch74": 0.015172860859071506,
    "epoch75": 0.015101919224595322,
    "epoch76": 0.015024397933088681,
    "epoch77": 0.014933851848849478,
    "epoch78": 0.015009068089592107,
    "epoch79": 0.014891258002642323,
    "epoch80": 0.015301365870982409,
    "epoch81": 0.014977052259971113,
    "epoch82": 0.01487716457203907,
    "epoch83": 0.014832529650234124,
    "epoch84": 0.01556093426530852,
    "epoch85": 0.014979426529915893,
    "epoch86": 0.014709400204832064,
    "epoch87": 0.015081715989200509,
    "epoch88": 0.014810513157178374,
    "epoch89": 0.015481248306220068,
    "epoch90": 0.014767144998425947,
    "epoch91": 0.016193506417467314,
    "epoch92": 0.014725713086697985,
    "epoch93": 0.014583580798524268,
    "epoch94": 0.014923464999917676,
    "epoch95": 0.014634302242056411,
    "epoch96": 0.014576069627176313,
    "epoch97": 0.014550192281603813,
    "epoch98": 0.014837496941361357,
    "epoch99": 0.014549693065311979,
    "epoch100": 0.014544925871579087
}