{
    "epoch1": 0.024292731839839533,
    "epoch2": 0.01435132924993725,
    "epoch3": 0.008906951427216763,
    "epoch4": 0.006475781839664864,
    "epoch5": 0.005025904316900541,
    "epoch6": 0.004017046893157227,
    "epoch7": 0.0031778763969550314,
    "epoch8": 0.0024265043523527033,
    "epoch9": 0.0018856311938219258,
    "epoch10": 0.0014369444903897365,
    "epoch11": 0.0011201792019520603,
    "epoch12": 0.0008864728215089797,
    "epoch13": 0.0007159836253697944,
    "epoch14": 0.000592399692243856,
    "epoch15": 0.0005013095986847159,
    "epoch16": 0.00047197969157107013,
    "epoch17": 0.00038317516484075105,
    "epoch18": 0.0003637903178257503,
    "epoch19": 0.00030747139332917237,
    "epoch20": 0.00027759102965279925,
    "epoch21": 0.0002553327715798767,
    "epoch22": 0.0002316785479627509,
    "epoch23": 0.00021980578426534876,
    "epoch24": 0.00019544662490775607,
    "epoch25": 0.00018141798959138964,
    "epoch26": 0.0001700585269882931,
    "epoch27": 0.0001605259909094615,
    "epoch28": 0.0001515186195319984,
    "epoch29": 0.00014474721319857053,
    "epoch30": 0.00014966940817311811
}