{
    "epoch1": 3269.0615234375,
    "epoch2": 2673.6083984375,
    "epoch3": 2782.332275390625,
    "epoch4": 2753.543212890625,
    "epoch5": 2647.51025390625,
    "epoch6": 2614.716796875,
    "epoch7": 2565.117919921875,
    "epoch8": 2521.722900390625,
    "epoch9": 2504.744140625,
    "epoch10": 2447.3515625,
    "epoch11": 2443.44580078125,
    "epoch12": 2400.662841796875,
    "epoch13": 2338.984619140625,
    "epoch14": 2327.080810546875,
    "epoch15": 2299.5751953125,
    "epoch16": 2235.1474609375,
    "epoch17": 2231.780517578125,
    "epoch18": 2151.118408203125,
    "epoch19": 2151.603759765625,
    "epoch20": 2089.4794921875,
    "epoch21": 2058.5107421875,
    "epoch22": 2061.277587890625,
    "epoch23": 2015.424560546875,
    "epoch24": 2001.2393798828125,
    "epoch25": 1987.970703125,
    "epoch26": 1975.193359375,
    "epoch27": 1976.1824951171875,
    "epoch28": 1931.935546875,
    "epoch29": 1940.1455078125,
    "epoch30": 1929.8040771484375,
    "epoch31": 1916.571533203125,
    "epoch32": 1927.224365234375,
    "epoch33": 1900.5408935546875,
    "epoch34": 1890.4017333984375,
    "epoch35": 1894.6485595703125,
    "epoch36": 1895.009033203125,
    "epoch37": 1872.913818359375,
    "epoch38": 1887.4373779296875,
    "epoch39": 1874.0506591796875,
    "epoch40": 1892.8468017578125,
    "epoch41": 1868.8790283203125,
    "epoch42": 1870.36962890625,
    "epoch43": 1863.196533203125,
    "epoch44": 1885.693115234375,
    "epoch45": 1833.5531005859375,
    "epoch46": 1828.8577880859375,
    "epoch47": 1883.74609375,
    "epoch48": 1862.0634765625,
    "epoch49": 1858.18701171875,
    "epoch50": 1836.9578857421875,
    "epoch51": 1836.603515625,
    "epoch52": 1837.265869140625,
    "epoch53": 1846.374267578125,
    "epoch54": 1830.1396484375,
    "epoch55": 1845.7723388671875,
    "epoch56": 1866.123779296875,
    "epoch57": 1822.3536376953125,
    "epoch58": 1816.328125,
    "epoch59": 1865.338623046875,
    "epoch60": 1819.262939453125,
    "epoch61": 1843.03125,
    "epoch62": 1836.3626708984375,
    "epoch63": 1815.8154296875,
    "epoch64": 1819.9710693359375,
    "epoch65": 1820.567626953125,
    "epoch66": 1822.1859130859375,
    "epoch67": 1833.9444580078125,
    "epoch68": 1825.0789794921875,
    "epoch69": 1793.9664306640625,
    "epoch70": 1838.13525390625,
    "epoch71": 1792.958984375,
    "epoch72": 1822.6190185546875,
    "epoch73": 1813.10205078125,
    "epoch74": 1835.6593017578125,
    "epoch75": 1815.3966064453125,
    "epoch76": 1799.640380859375,
    "epoch77": 1819.8460693359375,
    "epoch78": 1773.39306640625,
    "epoch79": 1804.955322265625,
    "epoch80": 1817.1854248046875,
    "epoch81": 1820.9822998046875,
    "epoch82": 1787.306396484375,
    "epoch83": 1837.027099609375,
    "epoch84": 1778.3646240234375,
    "epoch85": 1819.97705078125,
    "epoch86": 1794.6732177734375,
    "epoch87": 1807.2060546875,
    "epoch88": 1788.739501953125,
    "epoch89": 1823.2723388671875,
    "epoch90": 1797.0810546875,
    "epoch91": 1776.291259765625,
    "epoch92": 1796.2091064453125,
    "epoch93": 1796.626953125,
    "epoch94": 1786.0592041015625,
    "epoch95": 1762.5770263671875,
    "epoch96": 1839.28125,
    "epoch97": 1749.9322509765625,
    "epoch98": 1785.14990234375,
    "epoch99": 1795.333740234375,
    "epoch100": 1761.0684814453125
}