{
    "epoch1": 77.3941162109375,
    "epoch2": 51.53158203125,
    "epoch3": 48.394072265625,
    "epoch4": 44.5180810546875,
    "epoch5": 40.984873046875,
    "epoch6": 37.46099365234375,
    "epoch7": 35.56800048828125,
    "epoch8": 34.9261572265625,
    "epoch9": 34.37291259765625,
    "epoch10": 34.276513671875,
    "epoch11": 34.08103759765625,
    "epoch12": 33.7628857421875,
    "epoch13": 33.803017578125,
    "epoch14": 33.44352294921875,
    "epoch15": 33.3618212890625,
    "epoch16": 33.11594482421875,
    "epoch17": 32.9629150390625,
    "epoch18": 32.8476611328125,
    "epoch19": 32.97171630859375,
    "epoch20": 32.8910400390625,
    "epoch21": 32.54732666015625,
    "epoch22": 32.5936767578125,
    "epoch23": 32.27184326171875,
    "epoch24": 32.38744384765625,
    "epoch25": 32.219921875,
    "epoch26": 32.096953125,
    "epoch27": 31.97555419921875,
    "epoch28": 31.8177880859375,
    "epoch29": 31.62754150390625,
    "epoch30": 31.51924560546875,
    "epoch31": 31.65258544921875,
    "epoch32": 31.29798583984375,
    "epoch33": 31.3759814453125,
    "epoch34": 31.17045166015625,
    "epoch35": 31.008876953125,
    "epoch36": 30.92076416015625,
    "epoch37": 30.771552734375,
    "epoch38": 30.7707373046875,
    "epoch39": 30.58632080078125,
    "epoch40": 30.73884521484375,
    "epoch41": 30.25757568359375,
    "epoch42": 30.320341796875,
    "epoch43": 30.15461181640625,
    "epoch44": 30.0382958984375,
    "epoch45": 30.030244140625,
    "epoch46": 29.9001123046875,
    "epoch47": 29.87683349609375,
    "epoch48": 29.8015625,
    "epoch49": 29.49181396484375,
    "epoch50": 29.6279443359375,
    "epoch51": 29.36814453125,
    "epoch52": 29.36466064453125,
    "epoch53": 29.11883056640625,
    "epoch54": 29.3029931640625,
    "epoch55": 29.4408642578125,
    "epoch56": 28.99225341796875,
    "epoch57": 29.03435546875,
    "epoch58": 29.00636474609375,
    "epoch59": 28.96755859375,
    "epoch60": 28.8003515625,
    "epoch61": 28.93763671875,
    "epoch62": 28.6424560546875,
    "epoch63": 28.56843505859375,
    "epoch64": 28.6343505859375,
    "epoch65": 28.92460205078125,
    "epoch66": 28.99364501953125,
    "epoch67": 28.6938232421875,
    "epoch68": 28.4287255859375,
    "epoch69": 28.2866943359375,
    "epoch70": 28.450107421875,
    "epoch71": 28.246044921875,
    "epoch72": 28.064306640625,
    "epoch73": 28.140048828125,
    "epoch74": 28.006962890625,
    "epoch75": 28.077041015625,
    "epoch76": 27.930654296875,
    "epoch77": 28.10415283203125,
    "epoch78": 28.232255859375,
    "epoch79": 27.9233203125,
    "epoch80": 27.96260498046875,
    "epoch81": 27.83454345703125,
    "epoch82": 27.8413623046875,
    "epoch83": 27.8923291015625,
    "epoch84": 27.78017333984375,
    "epoch85": 27.8314990234375,
    "epoch86": 27.66417236328125,
    "epoch87": 28.00050537109375,
    "epoch88": 27.5047607421875,
    "epoch89": 27.4862890625,
    "epoch90": 27.60295166015625,
    "epoch91": 27.4302099609375,
    "epoch92": 27.52271484375,
    "epoch93": 27.32740234375,
    "epoch94": 27.5510595703125,
    "epoch95": 27.7098486328125,
    "epoch96": 27.35316650390625,
    "epoch97": 27.5588427734375,
    "epoch98": 27.39700439453125,
    "epoch99": 27.28343017578125,
    "epoch100": 27.22814453125
}