{
    "epoch1": 0.4026561438441277,
    "epoch2": 0.45168063819408416,
    "epoch3": 0.47281426763534545,
    "epoch4": 0.4915342163443565,
    "epoch5": 0.51237191593647,
    "epoch6": 0.5169510396718979,
    "epoch7": 0.518374384701252,
    "epoch8": 0.5232499969005585,
    "epoch9": 0.5292925587296486,
    "epoch10": 0.5421440879106522,
    "epoch11": 0.5428670806884766,
    "epoch12": 0.5404308778047562,
    "epoch13": 0.5477250937223435,
    "epoch14": 0.5474269847869873,
    "epoch15": 0.5551839269399643,
    "epoch16": 0.5618872660398483,
    "epoch17": 0.5476589438915253,
    "epoch18": 0.5589520233869553,
    "epoch19": 0.5626718833446502,
    "epoch20": 0.5639224588871002
}