{
    "epoch1": 0.0005737094907090068,
    "epoch2": 0.0005432922870386392,
    "epoch3": 0.0005143228976521641,
    "epoch4": 0.0004866037704050541,
    "epoch5": 0.0004603610426420346,
    "epoch6": 0.00043517706682905555,
    "epoch7": 0.0004111983405891806,
    "epoch8": 0.00038840850465930997,
    "epoch9": 0.0003667266882257536,
    "epoch10": 0.00034614358737599104,
    "epoch11": 0.00032655165414325894,
    "epoch12": 0.00030804693524260073,
    "epoch13": 0.0002906901834649034,
    "epoch14": 0.00027442164806416256,
    "epoch15": 0.00025911736011039463,
    "epoch16": 0.00024508479633368553,
    "epoch17": 0.00023185766098322348,
    "epoch18": 0.0002199491199280601,
    "epoch19": 0.00020888281229417772,
    "epoch20": 0.00019899445207556708,
    "epoch21": 0.00018988478230312468,
    "epoch22": 0.00018177437159465625,
    "epoch23": 0.0001746386251761578,
    "epoch24": 0.0001683009307453176,
    "epoch25": 0.00016270617619738913,
    "epoch26": 0.00015797084786754568,
    "epoch27": 0.00015398569630633573,
    "epoch28": 0.00015058690933074105,
    "epoch29": 0.00014772026068385458,
    "epoch30": 0.00014538297691615298
}