{
    "epoch1": 200.0,
    "epoch2": 200.0,
    "epoch3": 200.0,
    "epoch4": 200.0,
    "epoch5": 200.0,
    "epoch6": 200.0,
    "epoch7": 200.0,
    "epoch8": 200.0,
    "epoch9": 200.0,
    "epoch10": 200.0,
    "epoch11": 200.0,
    "epoch12": 199.95703125,
    "epoch13": 199.85966796875,
    "epoch14": 199.790625,
    "epoch15": 199.1410546875,
    "epoch16": 197.7259765625,
    "epoch17": 194.2091796875,
    "epoch18": 187.70232421875,
    "epoch19": 178.595234375,
    "epoch20": 167.57529296875,
    "epoch21": 154.040400390625,
    "epoch22": 139.91857421875,
    "epoch23": 125.94201171875,
    "epoch24": 113.5451171875,
    "epoch25": 102.26880859375,
    "epoch26": 93.484404296875,
    "epoch27": 87.247822265625,
    "epoch28": 82.266728515625,
    "epoch29": 78.8027294921875,
    "epoch30": 76.504091796875
}