{
    "epoch1": 200.0,
    "epoch2": 200.0,
    "epoch3": 200.0,
    "epoch4": 200.0,
    "epoch5": 200.0,
    "epoch6": 200.0,
    "epoch7": 200.0,
    "epoch8": 200.0,
    "epoch9": 200.0,
    "epoch10": 200.0,
    "epoch11": 200.0,
    "epoch12": 200.0,
    "epoch13": 200.0,
    "epoch14": 199.9099609375,
    "epoch15": 199.374765625,
    "epoch16": 196.61568359375,
    "epoch17": 190.49326171875,
    "epoch18": 181.90755859375,
    "epoch19": 170.06068359375,
    "epoch20": 158.20041015625,
    "epoch21": 145.222080078125,
    "epoch22": 132.431806640625,
    "epoch23": 119.09228515625,
    "epoch24": 105.58005859375,
    "epoch25": 95.9821484375,
    "epoch26": 87.965751953125,
    "epoch27": 82.1946484375,
    "epoch28": 77.970107421875,
    "epoch29": 75.0847705078125,
    "epoch30": 73.118408203125
}