{
    "epoch1": 33.91597406914894,
    "epoch2": 28.24422373670213,
    "epoch3": 28.63215280086436,
    "epoch4": 26.082719518783243,
    "epoch5": 25.69206594913564,
    "epoch6": 29.67672145113032,
    "epoch7": 26.52927609707447,
    "epoch8": 24.03542116855053,
    "epoch9": 24.54827231549202,
    "epoch10": 23.396022066156913,
    "epoch11": 23.612348840591757,
    "epoch12": 23.989385077293882,
    "epoch13": 25.3106377784242,
    "epoch14": 23.244257500831118,
    "epoch15": 23.068925573470743,
    "epoch16": 24.46698907081117,
    "epoch17": 23.873768907912233,
    "epoch18": 23.089867125166222,
    "epoch19": 23.026935983211438,
    "epoch20": 22.80838856798537,
    "epoch21": 23.39559092420213,
    "epoch22": 22.92555788730053,
    "epoch23": 23.968464303523938,
    "epoch24": 22.69157766788564,
    "epoch25": 23.123109208776597,
    "epoch26": 23.003215383976062,
    "epoch27": 23.26435235206117,
    "epoch28": 22.178739507147608,
    "epoch29": 22.13233720495346,
    "epoch30": 22.27147138879654,
    "epoch31": 23.79144936419548,
    "epoch32": 21.968690263464097,
    "epoch33": 23.884004633477392,
    "epoch34": 23.367122568982712,
    "epoch35": 22.11190471243351,
    "epoch36": 24.13761220079787,
    "epoch37": 21.984419153091757,
    "epoch38": 22.54434528756649,
    "epoch39": 21.40558510638298,
    "epoch40": 21.721497880651597,
    "epoch41": 22.199577169215427,
    "epoch42": 21.374750664893618,
    "epoch43": 21.562693494431517,
    "epoch44": 22.92231393367686,
    "epoch45": 21.36643430019947,
    "epoch46": 21.549912472988698,
    "epoch47": 22.56492842004654,
    "epoch48": 22.64737522855718,
    "epoch49": 21.265995106798538,
    "epoch50": 21.616431702958778,
    "epoch51": 20.98041031208444,
    "epoch52": 20.898533597905587,
    "epoch53": 21.110506098321142,
    "epoch54": 21.159303056432847,
    "epoch55": 21.00780600689827,
    "epoch56": 24.212080285904257,
    "epoch57": 22.226448221409573,
    "epoch58": 20.65672919090758,
    "epoch59": 21.181058843085108,
    "epoch60": 22.61579018450798,
    "epoch61": 21.67795643907912,
    "epoch62": 21.03334597323803,
    "epoch63": 20.503568608710108,
    "epoch64": 20.276146422041222,
    "epoch65": 21.344923952792552,
    "epoch66": 20.90016726230053,
    "epoch67": 20.388114766871677,
    "epoch68": 23.107063455784573,
    "epoch69": 20.344578519780587,
    "epoch70": 21.37860107421875,
    "epoch71": 21.10331174160572,
    "epoch72": 21.05743148479056,
    "epoch73": 20.455011895362368,
    "epoch74": 20.21241403133311,
    "epoch75": 20.029668280418882,
    "epoch76": 20.23061549409907,
    "epoch77": 20.232197213680188,
    "epoch78": 20.75456465051529,
    "epoch79": 20.20896359707447,
    "epoch80": 20.571766954787233,
    "epoch81": 20.554103120844413,
    "epoch82": 21.059814453125,
    "epoch83": 20.55364340924202,
    "epoch84": 20.12417018159907,
    "epoch85": 20.154756586602392,
    "epoch86": 22.864501953125,
    "epoch87": 23.670137445977392,
    "epoch88": 20.452589968417552,
    "epoch89": 20.264728951961438,
    "epoch90": 21.042418134973403,
    "epoch91": 20.018550791638962,
    "epoch92": 20.14561170212766,
    "epoch93": 20.43951675739694,
    "epoch94": 21.708716859208778,
    "epoch95": 21.485374937666222,
    "epoch96": 19.787659990026597,
    "epoch97": 21.46973954870346,
    "epoch98": 20.150398416722073,
    "epoch99": 23.760786340591757,
    "epoch100": 20.2511895362367
}