{
    "epoch1": 0.049964792494262965,
    "epoch2": 0.04332854279450008,
    "epoch3": 0.03551564033010176,
    "epoch4": 0.02951755002140999,
    "epoch5": 0.02536647587216326,
    "epoch6": 0.023388076507087265,
    "epoch7": 0.022461213171482086,
    "epoch8": 0.02194609632715583,
    "epoch9": 0.021526397139366184,
    "epoch10": 0.0210591756206538,
    "epoch11": 0.020610460878482888,
    "epoch12": 0.020306643364684924,
    "epoch13": 0.020220548114074127,
    "epoch14": 0.02053594888587083,
    "epoch15": 0.020183818082192113,
    "epoch16": 0.019397337521825517,
    "epoch17": 0.019227144374911274,
    "epoch18": 0.01903250494173595,
    "epoch19": 0.018938512075692415,
    "epoch20": 0.01893378621233361,
    "epoch21": 0.01864498793812735,
    "epoch22": 0.018723514596266404,
    "epoch23": 0.01862170374287026,
    "epoch24": 0.018627814748989686,
    "epoch25": 0.01841920580981033,
    "epoch26": 0.0181974485250456,
    "epoch27": 0.018278307148388455,
    "epoch28": 0.01821353825341378,
    "epoch29": 0.01790385048038193,
    "epoch30": 0.017903906359736408,
    "epoch31": 0.018332767433353832,
    "epoch32": 0.017749537447733537,
    "epoch33": 0.018079131908182586,
    "epoch34": 0.017618807964026928,
    "epoch35": 0.017454466316848993,
    "epoch36": 0.0174818300375981,
    "epoch37": 0.017755316636924232,
    "epoch38": 0.017379262950271368,
    "epoch39": 0.017244677391967604,
    "epoch40": 0.0172316231764853,
    "epoch41": 0.017154102413249866,
    "epoch42": 0.018563194133873497,
    "epoch43": 0.01694988293041076,
    "epoch44": 0.016922514153910533,
    "epoch45": 0.017036556266248226,
    "epoch46": 0.01683315129152366,
    "epoch47": 0.016815268567630222,
    "epoch48": 0.016853774432092905,
    "epoch49": 0.01673512373651777,
    "epoch50": 0.017215566443545476,
    "epoch51": 0.01661312872810023,
    "epoch52": 0.016895469344620193,
    "epoch53": 0.01643673423677683,
    "epoch54": 0.016507211473903487,
    "epoch55": 0.016554335664425577,
    "epoch56": 0.016345237847417593,
    "epoch57": 0.01652442431077361,
    "epoch58": 0.016844371666333506,
    "epoch59": 0.01623480673879385,
    "epoch60": 0.01633400084184749,
    "epoch61": 0.01617696402328355,
    "epoch62": 0.016230496844010695,
    "epoch63": 0.01607658534443804,
    "epoch64": 0.016083395707287958,
    "epoch65": 0.016241760392274176,
    "epoch66": 0.016202649833368405,
    "epoch67": 0.016473323505903994,
    "epoch68": 0.016336202089275633,
    "epoch69": 0.01622534350359014,
    "epoch70": 0.016045249067246914,
    "epoch71": 0.016082828797932183,
    "epoch72": 0.016024816714759384,
    "epoch73": 0.015938707095171725,
    "epoch74": 0.01666317354621632,
    "epoch75": 0.015844608457492932,
    "epoch76": 0.01597242902166077,
    "epoch77": 0.016264687026185647,
    "epoch78": 0.015786137631429092,
    "epoch79": 0.015689601922141656,
    "epoch80": 0.01565393798851541,
    "epoch81": 0.015942726284265518,
    "epoch82": 0.016248506693435565,
    "epoch83": 0.015655446065855876,
    "epoch84": 0.015571015288255044,
    "epoch85": 0.015962952681417977,
    "epoch86": 0.015619931676025902,
    "epoch87": 0.015782431167151247,
    "epoch88": 0.015620063657739333,
    "epoch89": 0.015592383553407021,
    "epoch90": 0.01565373269841075,
    "epoch91": 0.01641292091725128,
    "epoch92": 0.01556451212880867,
    "epoch93": 0.015426474822951215,
    "epoch94": 0.015363029803016357,
    "epoch95": 0.015321891089635236,
    "epoch96": 0.01538671925663948,
    "epoch97": 0.015570503526500292,
    "epoch98": 0.015335115537579571,
    "epoch99": 0.015232268255203962,
    "epoch100": 0.015733892430684397
}