{
    "epoch1": 48.83976527622768,
    "epoch2": 45.04854474748884,
    "epoch3": 41.4207763671875,
    "epoch4": 37.505606515066965,
    "epoch5": 35.730865478515625,
    "epoch6": 32.92437962123326,
    "epoch7": 32.26967511858259,
    "epoch8": 32.541111537388396,
    "epoch9": 31.84938485281808,
    "epoch10": 31.158209664481028,
    "epoch11": 30.960516793387278,
    "epoch12": 30.858564104352677,
    "epoch13": 30.239288330078125,
    "epoch14": 32.58683340890067,
    "epoch15": 32.17091369628906,
    "epoch16": 30.464117867606028,
    "epoch17": 30.039140973772323,
    "epoch18": 30.13724844796317,
    "epoch19": 29.961482456752233,
    "epoch20": 29.647992815290177,
    "epoch21": 30.050811767578125,
    "epoch22": 30.599070957728795,
    "epoch23": 29.62426975795201,
    "epoch24": 29.358588082449778,
    "epoch25": 29.453844342912948,
    "epoch26": 29.55051749093192,
    "epoch27": 29.32893807547433,
    "epoch28": 29.33705793108259,
    "epoch29": 29.803776332310267,
    "epoch30": 29.637028285435267,
    "epoch31": 29.280330113002233,
    "epoch32": 29.717045375279017,
    "epoch33": 29.206307547433035,
    "epoch34": 29.51330348423549,
    "epoch35": 29.503247942243302,
    "epoch36": 29.448532104492188,
    "epoch37": 29.022979736328125,
    "epoch38": 29.061146327427455,
    "epoch39": 29.214669363839285,
    "epoch40": 29.235722133091517,
    "epoch41": 28.926977975027903,
    "epoch42": 29.54799543108259,
    "epoch43": 28.54744393484933,
    "epoch44": 28.771264212472097,
    "epoch45": 28.462999616350448,
    "epoch46": 29.08886936732701,
    "epoch47": 28.404564993722097,
    "epoch48": 28.099947248186385,
    "epoch49": 28.777478899274552,
    "epoch50": 28.070783342633927,
    "epoch51": 28.160831996372767,
    "epoch52": 29.12756565638951,
    "epoch53": 28.110299246651785,
    "epoch54": 28.213771275111608,
    "epoch55": 27.65458025251116,
    "epoch56": 27.821374075753347,
    "epoch57": 27.59310041155134,
    "epoch58": 27.668509347098215,
    "epoch59": 27.51837158203125,
    "epoch60": 27.818226405552455,
    "epoch61": 27.399004255022323,
    "epoch62": 27.40464128766741,
    "epoch63": 27.458847045898438,
    "epoch64": 27.663663591657365,
    "epoch65": 28.077726091657365,
    "epoch66": 27.708714076450892,
    "epoch67": 27.309927804129465,
    "epoch68": 27.25421360560826,
    "epoch69": 26.968473161969865,
    "epoch70": 27.80283464704241,
    "epoch71": 27.90224347795759,
    "epoch72": 27.025669642857142,
    "epoch73": 26.834871564592635,
    "epoch74": 27.34509495326451,
    "epoch75": 26.762599400111608,
    "epoch76": 27.627153669084823,
    "epoch77": 26.836124965122767,
    "epoch78": 26.7685546875,
    "epoch79": 26.60919189453125,
    "epoch80": 26.69303458077567,
    "epoch81": 26.628411429268972,
    "epoch82": 28.201126098632812,
    "epoch83": 27.145206996372767,
    "epoch84": 26.465606689453125,
    "epoch85": 26.613948277064733,
    "epoch86": 26.463895525251115,
    "epoch87": 26.387078421456472,
    "epoch88": 26.31990487234933,
    "epoch89": 26.539173671177455,
    "epoch90": 26.446487426757812,
    "epoch91": 26.970308576311385,
    "epoch92": 26.886280604771205,
    "epoch93": 26.29290771484375,
    "epoch94": 26.29980250767299,
    "epoch95": 26.631626674107142,
    "epoch96": 26.666601998465403,
    "epoch97": 27.237520490373885,
    "epoch98": 26.558135986328125,
    "epoch99": 26.465223039899552,
    "epoch100": 26.241422380719865
}