{
    "epoch1": 37.867191314697266,
    "epoch2": 29.679790496826172,
    "epoch3": 29.239639282226562,
    "epoch4": 30.0596981048584,
    "epoch5": 27.40163803100586,
    "epoch6": 27.04510498046875,
    "epoch7": 25.960447311401367,
    "epoch8": 25.681060791015625,
    "epoch9": 25.097244262695312,
    "epoch10": 25.957609176635742,
    "epoch11": 24.71280860900879,
    "epoch12": 25.980823516845703,
    "epoch13": 24.813528060913086,
    "epoch14": 24.517728805541992,
    "epoch15": 25.520341873168945,
    "epoch16": 24.162904739379883,
    "epoch17": 24.156478881835938,
    "epoch18": 25.06377601623535,
    "epoch19": 24.70279312133789,
    "epoch20": 24.061594009399414,
    "epoch21": 23.882740020751953,
    "epoch22": 24.088581085205078,
    "epoch23": 23.863628387451172,
    "epoch24": 23.720603942871094,
    "epoch25": 23.89044761657715,
    "epoch26": 24.019533157348633,
    "epoch27": 23.894439697265625,
    "epoch28": 23.598472595214844,
    "epoch29": 24.076915740966797,
    "epoch30": 23.66623878479004,
    "epoch31": 23.555618286132812,
    "epoch32": 23.293025970458984,
    "epoch33": 23.8658447265625,
    "epoch34": 23.331279754638672,
    "epoch35": 22.92148780822754,
    "epoch36": 22.981674194335938,
    "epoch37": 26.408613204956055,
    "epoch38": 23.35643196105957,
    "epoch39": 22.887165069580078,
    "epoch40": 22.846296310424805,
    "epoch41": 23.196130752563477,
    "epoch42": 22.42995262145996,
    "epoch43": 22.545106887817383,
    "epoch44": 22.324569702148438,
    "epoch45": 22.470064163208008,
    "epoch46": 22.15474510192871,
    "epoch47": 22.409090042114258,
    "epoch48": 22.35077667236328,
    "epoch49": 23.436538696289062,
    "epoch50": 24.602352142333984,
    "epoch51": 21.852296829223633,
    "epoch52": 23.168161392211914,
    "epoch53": 22.140947341918945,
    "epoch54": 21.55062484741211,
    "epoch55": 21.51396369934082,
    "epoch56": 24.524690628051758,
    "epoch57": 21.352445602416992,
    "epoch58": 21.815954208374023,
    "epoch59": 21.449176788330078,
    "epoch60": 22.60556983947754,
    "epoch61": 23.4636173248291,
    "epoch62": 21.011337280273438,
    "epoch63": 21.213138580322266,
    "epoch64": 21.133333206176758,
    "epoch65": 21.274856567382812,
    "epoch66": 20.79933738708496,
    "epoch67": 21.217496871948242,
    "epoch68": 21.234722137451172,
    "epoch69": 20.764177322387695,
    "epoch70": 21.05356788635254,
    "epoch71": 22.060462951660156,
    "epoch72": 20.746742248535156,
    "epoch73": 21.22665786743164,
    "epoch74": 21.13374137878418,
    "epoch75": 20.746213912963867,
    "epoch76": 20.383922576904297,
    "epoch77": 20.87885284423828,
    "epoch78": 20.92988395690918,
    "epoch79": 24.201313018798828,
    "epoch80": 20.576492309570312,
    "epoch81": 23.16175651550293,
    "epoch82": 22.6624698638916,
    "epoch83": 20.648956298828125,
    "epoch84": 20.158048629760742,
    "epoch85": 20.211769104003906,
    "epoch86": 21.131017684936523,
    "epoch87": 22.757274627685547,
    "epoch88": 20.982769012451172,
    "epoch89": 20.37171745300293,
    "epoch90": 20.098087310791016,
    "epoch91": 20.04538345336914,
    "epoch92": 19.900327682495117,
    "epoch93": 19.9333553314209,
    "epoch94": 20.162343978881836,
    "epoch95": 20.13920021057129,
    "epoch96": 22.933908462524414,
    "epoch97": 19.99812126159668,
    "epoch98": 19.974342346191406,
    "epoch99": 20.31974983215332,
    "epoch100": 20.222253799438477
}