{
    "epoch1": 0.0874639515365873,
    "epoch2": 0.051861945539712906,
    "epoch3": 0.04908886232546398,
    "epoch4": 0.04611316216843469,
    "epoch5": 0.04284780099987984,
    "epoch6": 0.039289492049387524,
    "epoch7": 0.035662386300308366,
    "epoch8": 0.03216107349310603,
    "epoch9": 0.029085606868777956,
    "epoch10": 0.026658744950379645,
    "epoch11": 0.024992564160908972,
    "epoch12": 0.0240136342389243,
    "epoch13": 0.02337064115064485,
    "epoch14": 0.02302118656890733,
    "epoch15": 0.02278259795691286,
    "epoch16": 0.02262327154832227,
    "epoch17": 0.02243022926683937,
    "epoch18": 0.02225995236741645,
    "epoch19": 0.02210509151752506,
    "epoch20": 0.022069896438292096,
    "epoch21": 0.021864645582224642,
    "epoch22": 0.021707069261797836,
    "epoch23": 0.021614598908594677,
    "epoch24": 0.02159273996949196,
    "epoch25": 0.021409196646085808,
    "epoch26": 0.021355164104274342,
    "epoch27": 0.021402542612382343,
    "epoch28": 0.021441037500543252,
    "epoch29": 0.02127630968711206,
    "epoch30": 0.021072243340313435,
    "epoch31": 0.020943853871098587,
    "epoch32": 0.020872405730187893,
    "epoch33": 0.020852090790867805,
    "epoch34": 0.02107594973806824,
    "epoch35": 0.02079848891922406,
    "epoch36": 0.020747512578964233,
    "epoch37": 0.02073246400271143,
    "epoch38": 0.02067983868931021,
    "epoch39": 0.02059297383363758,
    "epoch40": 0.02063293954623597,
    "epoch41": 0.020547133604330674,
    "epoch42": 0.020869370682963302,
    "epoch43": 0.020553496666252613,
    "epoch44": 0.020319296845367978,
    "epoch45": 0.020358221738466194,
    "epoch46": 0.02053106589508908,
    "epoch47": 0.02030737285635301,
    "epoch48": 0.020253809168934822,
    "epoch49": 0.020062628601278578,
    "epoch50": 0.02040287958724158,
    "epoch51": 0.020229061666343893,
    "epoch52": 0.019932812745017663,
    "epoch53": 0.01998138307992901,
    "epoch54": 0.019930335959153517,
    "epoch55": 0.01980500654982669,
    "epoch56": 0.019931691033499583,
    "epoch57": 0.01990176777222327,
    "epoch58": 0.019752298082624162,
    "epoch59": 0.020193829600300108,
    "epoch60": 0.019888612973902906,
    "epoch61": 0.019620428127901896,
    "epoch62": 0.019682325023625578,
    "epoch63": 0.019619203305670192,
    "epoch64": 0.019673319267375127,
    "epoch65": 0.01945485786667892,
    "epoch66": 0.02019054868391582,
    "epoch67": 0.0193959969495024,
    "epoch68": 0.019497144302087172,
    "epoch69": 0.019528482242354324,
    "epoch70": 0.019354737097663537,
    "epoch71": 0.019359744020870755,
    "epoch72": 0.01933974546513387,
    "epoch73": 0.01933250669389963,
    "epoch74": 0.01927667683256524,
    "epoch75": 0.019353704127882208,
    "epoch76": 0.019148423336446285,
    "epoch77": 0.019269611819514205,
    "epoch78": 0.02005474256085498,
    "epoch79": 0.019108203638877188,
    "epoch80": 0.019102629274129868,
    "epoch81": 0.01906571550560849,
    "epoch82": 0.0190749481054289,
    "epoch83": 0.018989887753767625,
    "epoch84": 0.019059056150061742,
    "epoch85": 0.018987828067370822,
    "epoch86": 0.019086681306362152,
    "epoch87": 0.019326588405030116,
    "epoch88": 0.019269584944205626,
    "epoch89": 0.018872061877378395,
    "epoch90": 0.01889630194221224,
    "epoch91": 0.019279848784208298,
    "epoch92": 0.01880335741277252,
    "epoch93": 0.019205513543316295,
    "epoch94": 0.01886736668114151,
    "epoch95": 0.01877370330372027,
    "epoch96": 0.018806144196007932,
    "epoch97": 0.018645080870815685,
    "epoch98": 0.01888580447328942,
    "epoch99": 0.01876776439270803,
    "epoch100": 0.018592655658721924
}