{
    "epoch1": 116.50200544084821,
    "epoch2": 48.57165963309152,
    "epoch3": 46.945177350725444,
    "epoch4": 46.053580147879465,
    "epoch5": 44.17606462751116,
    "epoch6": 42.79346139090402,
    "epoch7": 41.28155517578125,
    "epoch8": 39.36034720284598,
    "epoch9": 36.91754150390625,
    "epoch10": 35.07466343470982,
    "epoch11": 33.6709224155971,
    "epoch12": 31.939030238560267,
    "epoch13": 31.445683070591517,
    "epoch14": 30.900041852678573,
    "epoch15": 30.519149780273438,
    "epoch16": 30.139633178710938,
    "epoch17": 29.957955496651785,
    "epoch18": 29.87959943498884,
    "epoch19": 29.724840436662948,
    "epoch20": 29.550728934151785,
    "epoch21": 29.472139630998885,
    "epoch22": 29.407178606305802,
    "epoch23": 29.271222795758927,
    "epoch24": 29.037303379603795,
    "epoch25": 29.266169956752233,
    "epoch26": 29.076187133789062,
    "epoch27": 29.285677228655135,
    "epoch28": 28.826368059430802,
    "epoch29": 29.107938494001115,
    "epoch30": 28.780532836914062,
    "epoch31": 28.479561941964285,
    "epoch32": 28.671249389648438,
    "epoch33": 28.8955078125,
    "epoch34": 28.655938284737722,
    "epoch35": 28.48292977469308,
    "epoch36": 28.54555402483259,
    "epoch37": 28.365570068359375,
    "epoch38": 28.286564418247767,
    "epoch39": 28.715469360351562,
    "epoch40": 28.464610508510045,
    "epoch41": 28.250464303152903,
    "epoch42": 28.083969116210938,
    "epoch43": 28.38517107282366,
    "epoch44": 27.920375279017858,
    "epoch45": 28.031786237444198,
    "epoch46": 28.364203316824778,
    "epoch47": 27.93554905482701,
    "epoch48": 27.979557582310267,
    "epoch49": 27.69439697265625,
    "epoch50": 27.69203839983259,
    "epoch51": 27.829293387276785,
    "epoch52": 27.823168073381698,
    "epoch53": 27.727685110909597,
    "epoch54": 27.624110630580358,
    "epoch55": 27.80596705845424,
    "epoch56": 27.81960187639509,
    "epoch57": 27.736070905412948,
    "epoch58": 27.409258161272323,
    "epoch59": 27.135574340820312,
    "epoch60": 27.646251133510045,
    "epoch61": 27.020736694335938,
    "epoch62": 27.181143624441965,
    "epoch63": 27.262141636439733,
    "epoch64": 27.19757298060826,
    "epoch65": 27.185468401227677,
    "epoch66": 27.817827497209823,
    "epoch67": 26.918570382254465,
    "epoch68": 27.081436157226562,
    "epoch69": 27.38419451032366,
    "epoch70": 26.92938232421875,
    "epoch71": 26.97936793736049,
    "epoch72": 27.017695835658483,
    "epoch73": 26.918114798409597,
    "epoch74": 27.113436017717635,
    "epoch75": 26.77687726702009,
    "epoch76": 26.76611328125,
    "epoch77": 26.911852155412948,
    "epoch78": 26.685235159737722,
    "epoch79": 26.81520516531808,
    "epoch80": 26.73443385532924,
    "epoch81": 26.42221941266741,
    "epoch82": 26.565913609095983,
    "epoch83": 26.27994864327567,
    "epoch84": 26.390426635742188,
    "epoch85": 26.627221243722097,
    "epoch86": 26.438790457589285,
    "epoch87": 26.37726048060826,
    "epoch88": 26.480316162109375,
    "epoch89": 26.4769287109375,
    "epoch90": 26.360702514648438,
    "epoch91": 26.21107918875558,
    "epoch92": 26.05735124860491,
    "epoch93": 26.600664411272323,
    "epoch94": 26.231842041015625,
    "epoch95": 26.118235996791295,
    "epoch96": 26.158859252929688,
    "epoch97": 25.918005807059153,
    "epoch98": 26.022809709821427,
    "epoch99": 26.24454607282366,
    "epoch100": 25.991973876953125
}