{
    "epoch1": 0.0509663999080658,
    "epoch2": 0.044004255533218385,
    "epoch3": 0.03688527656098207,
    "epoch4": 0.03058910568555196,
    "epoch5": 0.02587435282766819,
    "epoch6": 0.02346625104546547,
    "epoch7": 0.022436352198322615,
    "epoch8": 0.022406433646877607,
    "epoch9": 0.021458931143085162,
    "epoch10": 0.02105237307647864,
    "epoch11": 0.020647384226322174,
    "epoch12": 0.020632778604825337,
    "epoch13": 0.02008984169612328,
    "epoch14": 0.019801290643711885,
    "epoch15": 0.01971887101729711,
    "epoch16": 0.019849323978026707,
    "epoch17": 0.019350198345879713,
    "epoch18": 0.019130497487882772,
    "epoch19": 0.018934327363967895,
    "epoch20": 0.01918640931447347,
    "epoch21": 0.01884081612030665,
    "epoch22": 0.018597580554584662,
    "epoch23": 0.0188657038534681,
    "epoch24": 0.01849803322305282,
    "epoch25": 0.018303480496009192,
    "epoch26": 0.018217809187869232,
    "epoch27": 0.018161098348597686,
    "epoch28": 0.018076691838602225,
    "epoch29": 0.018674615149696667,
    "epoch30": 0.017864560522139073,
    "epoch31": 0.01779028375943502,
    "epoch32": 0.017974844264487425,
    "epoch33": 0.01760759303967158,
    "epoch34": 0.017739872510234515,
    "epoch35": 0.01794197124739488,
    "epoch36": 0.017592507724960644,
    "epoch37": 0.01769069576015075,
    "epoch38": 0.017387786818047365,
    "epoch39": 0.01730079874396324,
    "epoch40": 0.017519401262203853,
    "epoch41": 0.017212316828469434,
    "epoch42": 0.017163103880981603,
    "epoch43": 0.01708952747285366,
    "epoch44": 0.01717316930492719,
    "epoch45": 0.017076745132605233,
    "epoch46": 0.017297509933511417,
    "epoch47": 0.017082852063079676,
    "epoch48": 0.0168727595359087,
    "epoch49": 0.017349919428428014,
    "epoch50": 0.01689454565445582,
    "epoch51": 0.016818623120586077,
    "epoch52": 0.017114791894952457,
    "epoch53": 0.017147347765664258,
    "epoch54": 0.016594817489385606,
    "epoch55": 0.016566668637096882,
    "epoch56": 0.0169903556505839,
    "epoch57": 0.01657010956356923,
    "epoch58": 0.01650923937559128,
    "epoch59": 0.016413110432525475,
    "epoch60": 0.016426007697979608,
    "epoch61": 0.01633353208502134,
    "epoch62": 0.01627194043248892,
    "epoch63": 0.016438386030495168,
    "epoch64": 0.016240577834347885,
    "epoch65": 0.01673019602894783,
    "epoch66": 0.0162351510177056,
    "epoch67": 0.016215542207161586,
    "epoch68": 0.016647192587455114,
    "epoch69": 0.01595794235666593,
    "epoch70": 0.0161571741104126,
    "epoch71": 0.01648636708656947,
    "epoch72": 0.016093039388457932,
    "epoch73": 0.015981788064042726,
    "epoch74": 0.016675576691826184,
    "epoch75": 0.01620680248985688,
    "epoch76": 0.015900336764752866,
    "epoch77": 0.015875892216960587,
    "epoch78": 0.015906879988809425,
    "epoch79": 0.016133302015562852,
    "epoch80": 0.015912927004198232,
    "epoch81": 0.015746696665883065,
    "epoch82": 0.015666973466674488,
    "epoch83": 0.015659333392977714,
    "epoch84": 0.01564861008276542,
    "epoch85": 0.015591145679354667,
    "epoch86": 0.015762412548065187,
    "epoch87": 0.015547377616167068,
    "epoch88": 0.015471492086847623,
    "epoch89": 0.01568811448911826,
    "epoch90": 0.015521916871269545,
    "epoch91": 0.015660606945554417,
    "epoch92": 0.015762121664981046,
    "epoch93": 0.015765614931782086,
    "epoch94": 0.015338598688443502,
    "epoch95": 0.015330599434673787,
    "epoch96": 0.016251995973289014,
    "epoch97": 0.015261568066974481,
    "epoch98": 0.015176788593331972,
    "epoch99": 0.015208113193511962,
    "epoch100": 0.015298335688809554
}