{
    "epoch1": 62.04610595703125,
    "epoch2": 48.4580322265625,
    "epoch3": 45.562235514322914,
    "epoch4": 41.779345703125,
    "epoch5": 38.20115559895833,
    "epoch6": 35.165625,
    "epoch7": 33.73425496419271,
    "epoch8": 33.107548014322916,
    "epoch9": 32.733758544921876,
    "epoch10": 32.42851765950521,
    "epoch11": 32.221299235026045,
    "epoch12": 31.896085611979167,
    "epoch13": 31.741349283854166,
    "epoch14": 31.467222086588542,
    "epoch15": 31.29487508138021,
    "epoch16": 31.236407470703124,
    "epoch17": 30.905401611328124,
    "epoch18": 30.783345540364582,
    "epoch19": 30.46895751953125,
    "epoch20": 30.321630859375,
    "epoch21": 30.315606689453126,
    "epoch22": 30.124407958984374,
    "epoch23": 30.091790771484376,
    "epoch24": 29.71142578125,
    "epoch25": 29.803243001302082,
    "epoch26": 29.46089884440104,
    "epoch27": 29.350826009114584,
    "epoch28": 29.37283732096354,
    "epoch29": 29.19624226888021,
    "epoch30": 29.268656412760418,
    "epoch31": 28.99528605143229,
    "epoch32": 29.062245686848957,
    "epoch33": 29.16861775716146,
    "epoch34": 28.751383463541668,
    "epoch35": 28.675203450520833,
    "epoch36": 28.834126790364582,
    "epoch37": 28.54897664388021,
    "epoch38": 28.376326497395834,
    "epoch39": 28.299129231770834,
    "epoch40": 28.288517252604166,
    "epoch41": 28.180546061197916,
    "epoch42": 28.181402587890624,
    "epoch43": 28.04960734049479,
    "epoch44": 28.065745035807293,
    "epoch45": 27.840513102213542,
    "epoch46": 27.901430257161458,
    "epoch47": 28.104296875,
    "epoch48": 27.75864054361979,
    "epoch49": 27.960595703125,
    "epoch50": 28.65840047200521,
    "epoch51": 27.926698811848958,
    "epoch52": 27.80995890299479,
    "epoch53": 27.36546630859375,
    "epoch54": 27.511057535807293,
    "epoch55": 27.502858479817707,
    "epoch56": 27.307576497395832,
    "epoch57": 27.28248291015625,
    "epoch58": 27.245332845052083,
    "epoch59": 27.43414306640625,
    "epoch60": 27.1113525390625,
    "epoch61": 26.979606119791665,
    "epoch62": 26.926226806640624,
    "epoch63": 26.795259602864583,
    "epoch64": 26.75364786783854,
    "epoch65": 26.84288330078125,
    "epoch66": 26.64400634765625,
    "epoch67": 26.828812662760416,
    "epoch68": 26.595198567708334,
    "epoch69": 26.583636474609374,
    "epoch70": 26.63399861653646,
    "epoch71": 26.699141438802084,
    "epoch72": 26.532706705729165,
    "epoch73": 26.288736979166668,
    "epoch74": 26.472208658854168,
    "epoch75": 26.603214518229166,
    "epoch76": 26.697562662760415,
    "epoch77": 26.40122273763021,
    "epoch78": 26.25840861002604,
    "epoch79": 26.05100301106771,
    "epoch80": 26.2583740234375,
    "epoch81": 25.980598958333335,
    "epoch82": 26.354420979817707,
    "epoch83": 26.123594156901042,
    "epoch84": 26.16029052734375,
    "epoch85": 25.839239501953124,
    "epoch86": 25.810546875,
    "epoch87": 25.86459757486979,
    "epoch88": 25.987748209635416,
    "epoch89": 25.766957600911457,
    "epoch90": 25.721537272135418,
    "epoch91": 25.817938232421874,
    "epoch92": 25.9546630859375,
    "epoch93": 25.900301106770833,
    "epoch94": 25.63002726236979,
    "epoch95": 25.681772867838543,
    "epoch96": 25.489727783203126,
    "epoch97": 25.59798380533854,
    "epoch98": 25.430021158854167,
    "epoch99": 25.7029296875,
    "epoch100": 25.411492919921876
}