{
    "epoch1": 121.34512033770162,
    "epoch2": 113.78035219254032,
    "epoch3": 109.06580771169355,
    "epoch4": 105.61431294102823,
    "epoch5": 102.477294921875,
    "epoch6": 100.96269373739919,
    "epoch7": 99.30912928427419,
    "epoch8": 97.71775768649194,
    "epoch9": 96.90532069052419,
    "epoch10": 95.43771263860887,
    "epoch11": 94.86728988155242,
    "epoch12": 94.1291267641129,
    "epoch13": 93.11456495715726,
    "epoch14": 92.71618258568549,
    "epoch15": 91.95435357862904,
    "epoch16": 91.50292181199596,
    "epoch17": 91.4071556829637,
    "epoch18": 91.3780005670363,
    "epoch19": 90.41711032006049,
    "epoch20": 90.20551127772177,
    "epoch21": 90.02624905493951,
    "epoch22": 89.60171213457662,
    "epoch23": 89.07441563760081,
    "epoch24": 88.72301852318549,
    "epoch25": 89.05522303427419,
    "epoch26": 88.36883348034274,
    "epoch27": 87.95401493195564,
    "epoch28": 87.69180790070564,
    "epoch29": 87.48251638104838,
    "epoch30": 87.5076392389113
}