{
    "epoch1": 95.4246484375,
    "epoch2": 92.491005859375,
    "epoch3": 90.511875,
    "epoch4": 88.430048828125,
    "epoch5": 86.840341796875,
    "epoch6": 85.740615234375,
    "epoch7": 84.713642578125,
    "epoch8": 84.13634765625,
    "epoch9": 83.74494140625,
    "epoch10": 83.380556640625,
    "epoch11": 83.030712890625,
    "epoch12": 82.861962890625,
    "epoch13": 82.66634765625,
    "epoch14": 82.17734375,
    "epoch15": 82.329951171875,
    "epoch16": 81.8041259765625,
    "epoch17": 82.002021484375,
    "epoch18": 81.68638671875,
    "epoch19": 81.9318359375,
    "epoch20": 81.8550244140625,
    "epoch21": 81.5106103515625,
    "epoch22": 81.6427294921875,
    "epoch23": 81.611806640625,
    "epoch24": 81.39876953125,
    "epoch25": 81.4865283203125,
    "epoch26": 81.609140625,
    "epoch27": 81.2812841796875,
    "epoch28": 81.3890966796875,
    "epoch29": 81.332587890625,
    "epoch30": 81.4643115234375
}