{
    "epoch1": 5015.450747282609,
    "epoch2": 4153.698029891304,
    "epoch3": 3793.211277173913,
    "epoch4": 3525.109375,
    "epoch5": 3378.139945652174,
    "epoch6": 3180.883152173913,
    "epoch7": 3000.0448369565215,
    "epoch8": 2893.5047554347825,
    "epoch9": 2774.108016304348,
    "epoch10": 2668.7778532608695,
    "epoch11": 2538.8885869565215,
    "epoch12": 2419.922554347826,
    "epoch13": 2309.4375,
    "epoch14": 2245.3378057065215,
    "epoch15": 2094.7671535326085,
    "epoch16": 2067.1447010869565,
    "epoch17": 1979.0669157608695,
    "epoch18": 1967.4014945652175,
    "epoch19": 1866.0545176630435,
    "epoch20": 1830.218410326087,
    "epoch21": 1769.2559442934783,
    "epoch22": 1709.2804008152175,
    "epoch23": 1719.4184782608695,
    "epoch24": 1685.3345788043478,
    "epoch25": 1579.4981317934783,
    "epoch26": 1562.7172214673913,
    "epoch27": 1561.979789402174,
    "epoch28": 1521.97265625,
    "epoch29": 1700.0565557065217,
    "epoch30": 1449.3208220108695
}