{
    "epoch1": 6210.45320855615,
    "epoch2": 4504.703542780749,
    "epoch3": 3872.9959893048126,
    "epoch4": 3590.601270053476,
    "epoch5": 3343.5,
    "epoch6": 3123.5792112299464,
    "epoch7": 2958.1604278074865,
    "epoch8": 2835.773395721925,
    "epoch9": 2706.9592245989306,
    "epoch10": 2589.9602272727275,
    "epoch11": 2471.494986631016,
    "epoch12": 2367.4776069518716,
    "epoch13": 2247.211564171123,
    "epoch14": 2138.838736631016,
    "epoch15": 2058.862132352941,
    "epoch16": 1967.8325534759358,
    "epoch17": 1893.0648395721926,
    "epoch18": 1834.5031751336899,
    "epoch19": 1769.6239973262032,
    "epoch20": 1714.8709893048128,
    "epoch21": 1674.6976938502673,
    "epoch22": 1636.4157754010696,
    "epoch23": 1588.8442513368984,
    "epoch24": 1557.1811497326203,
    "epoch25": 1518.2429812834225,
    "epoch26": 1485.3691510695187,
    "epoch27": 1456.645889037433,
    "epoch28": 1438.4684157754011,
    "epoch29": 1402.9605614973261,
    "epoch30": 1379.9613135026739
}