{
    "epoch0": {
        "layer1": {
            "max_length": 0.7825462818145752,
            "mean_length": 0.20164064092166495,
            "median_length": 0.16633673012256622,
            "stdev_length": 0.1271165786580919,
            "sum_length": 19.96242345124483,
            "ratio_2_1": 17.803799375477627,
            "ratio_3_1": 16.00217247679826,
            "h": 4.430728642811852,
            "normh": 1.4799426017092372,
            "snr": Infinity,
            "mean_birth": 0.0,
            "stdev_birth": 0.0,
            "mean_death": 0.20164064092166495,
            "stdev_death": 0.1271165786580919
        },
        "layer2": {
            "max_length": 0.3175610303878784,
            "mean_length": 0.07921878914489891,
            "median_length": 0.06527232378721237,
            "stdev_length": 0.049360733223112636,
            "sum_length": 7.842660125344992,
            "ratio_2_1": 18.04270713552652,
            "ratio_3_1": 16.010056862183557,
            "h": 4.434195241500051,
            "normh": 2.152962923696436,
            "snr": Infinity,
            "mean_birth": 0.0,
            "stdev_birth": 0.0,
            "mean_death": 0.07921878914489891,
            "stdev_death": 0.049360733223112636
        },
        "layer3": {
            "max_length": 0.0025531649589538574,
            "mean_length": 0.000313784626096186,
            "median_length": 0.00015254318714141846,
            "stdev_length": 0.00044602727281607625,
            "sum_length": 0.031064677983522415,
            "ratio_2_1": 388.0814917127072,
            "ratio_3_1": 350.58977900552486,
            "h": 3.9482589121182343,
            "normh": -1.1372748987894907,
            "snr": Infinity,
            "mean_birth": 0.0,
            "stdev_birth": 0.0,
            "mean_death": 0.000313784626096186,
            "stdev_death": 0.00044602727281607625
        }
    }
}