{
    "epoch1": 0.002230222895741463,
    "epoch2": 0.002203402891755104,
    "epoch3": 0.0021767966169863938,
    "epoch4": 0.002150416737422347,
    "epoch5": 0.002124509271234274,
    "epoch6": 0.0020989206712692977,
    "epoch7": 0.0020733797829598187,
    "epoch8": 0.002048237454146147,
    "epoch9": 0.002023310037329793,
    "epoch10": 0.001998567963019013,
    "epoch11": 0.0019742753729224205,
    "epoch12": 0.0019498434662818909,
    "epoch13": 0.001925910646095872,
    "epoch14": 0.00190231466665864,
    "epoch15": 0.0018787524104118348,
    "epoch16": 0.0018555598612874746,
    "epoch17": 0.0018326854147017002,
    "epoch18": 0.001809752369299531,
    "epoch19": 0.0017870298959314823,
    "epoch20": 0.0017646165937185287,
    "epoch21": 0.0017423155810683967,
    "epoch22": 0.0017204499896615745,
    "epoch23": 0.0016986017767339945,
    "epoch24": 0.0016769838333129882,
    "epoch25": 0.001655398514121771,
    "epoch26": 0.0016340844612568618,
    "epoch27": 0.0016129077691584826,
    "epoch28": 0.0015918806288391352,
    "epoch29": 0.0015710214525461196,
    "epoch30": 0.0015502199716866017
}