{
    "epoch1": 103.169931640625,
    "epoch2": 53.07798828125,
    "epoch3": 50.3413330078125,
    "epoch4": 47.8913525390625,
    "epoch5": 44.01025390625,
    "epoch6": 39.9402001953125,
    "epoch7": 35.62394287109375,
    "epoch8": 32.8291357421875,
    "epoch9": 31.5658349609375,
    "epoch10": 30.86642333984375,
    "epoch11": 30.26420166015625,
    "epoch12": 29.9427880859375,
    "epoch13": 29.459384765625,
    "epoch14": 28.901748046875,
    "epoch15": 28.472607421875,
    "epoch16": 28.37638671875,
    "epoch17": 28.09928466796875,
    "epoch18": 27.74004638671875,
    "epoch19": 27.35979736328125,
    "epoch20": 26.91534423828125,
    "epoch21": 26.85012451171875,
    "epoch22": 26.57644775390625,
    "epoch23": 26.39026611328125,
    "epoch24": 26.2964990234375,
    "epoch25": 26.0419921875,
    "epoch26": 25.737724609375,
    "epoch27": 25.6646533203125,
    "epoch28": 25.41703369140625,
    "epoch29": 25.05908203125,
    "epoch30": 25.1374072265625,
    "epoch31": 24.9178369140625,
    "epoch32": 24.9255810546875,
    "epoch33": 24.715439453125,
    "epoch34": 24.5682568359375,
    "epoch35": 24.45848876953125,
    "epoch36": 24.58705322265625,
    "epoch37": 24.0809716796875,
    "epoch38": 24.17110107421875,
    "epoch39": 23.93212890625,
    "epoch40": 23.70943603515625,
    "epoch41": 23.85783935546875,
    "epoch42": 23.68395751953125,
    "epoch43": 23.54008056640625,
    "epoch44": 23.5229931640625,
    "epoch45": 23.40204833984375,
    "epoch46": 23.297099609375,
    "epoch47": 23.25005859375,
    "epoch48": 23.40435546875,
    "epoch49": 23.1342236328125,
    "epoch50": 23.0737060546875,
    "epoch51": 23.4361962890625,
    "epoch52": 22.80263427734375,
    "epoch53": 22.7647705078125,
    "epoch54": 22.70689697265625,
    "epoch55": 22.6365771484375,
    "epoch56": 22.677978515625,
    "epoch57": 22.68634765625,
    "epoch58": 22.5598828125,
    "epoch59": 22.5101953125,
    "epoch60": 22.48135986328125,
    "epoch61": 22.50292724609375,
    "epoch62": 22.66510009765625,
    "epoch63": 22.35225341796875,
    "epoch64": 22.39589111328125,
    "epoch65": 22.23283935546875,
    "epoch66": 22.23167236328125,
    "epoch67": 22.08343994140625,
    "epoch68": 21.9502734375,
    "epoch69": 22.08062744140625,
    "epoch70": 21.95882080078125,
    "epoch71": 21.926728515625,
    "epoch72": 22.0279248046875,
    "epoch73": 21.9898583984375,
    "epoch74": 21.67140625,
    "epoch75": 21.702392578125,
    "epoch76": 21.78791748046875,
    "epoch77": 21.56409423828125,
    "epoch78": 21.56117919921875,
    "epoch79": 21.698095703125,
    "epoch80": 21.30747314453125,
    "epoch81": 21.456201171875,
    "epoch82": 21.38101318359375,
    "epoch83": 21.53287109375,
    "epoch84": 21.3183349609375,
    "epoch85": 21.53267822265625,
    "epoch86": 21.74427978515625,
    "epoch87": 21.33793212890625,
    "epoch88": 21.27000732421875,
    "epoch89": 21.1912158203125,
    "epoch90": 21.33498046875,
    "epoch91": 21.156533203125,
    "epoch92": 21.0275146484375,
    "epoch93": 21.351650390625,
    "epoch94": 21.25565673828125,
    "epoch95": 21.10292724609375,
    "epoch96": 21.228349609375,
    "epoch97": 21.06503173828125,
    "epoch98": 21.0038427734375,
    "epoch99": 21.3654443359375,
    "epoch100": 21.35703369140625
}