{
    "epoch1": 51.14427302433894,
    "epoch2": 49.81873028094952,
    "epoch3": 48.38787372295673,
    "epoch4": 44.54853233924279,
    "epoch5": 40.7601083608774,
    "epoch6": 36.36968289888822,
    "epoch7": 33.441995474008415,
    "epoch8": 31.58385526216947,
    "epoch9": 30.632894662710335,
    "epoch10": 30.039398193359375,
    "epoch11": 29.401031494140625,
    "epoch12": 29.071608323317307,
    "epoch13": 28.746197040264423,
    "epoch14": 28.3411372258113,
    "epoch15": 29.49700458233173,
    "epoch16": 28.58091618464543,
    "epoch17": 27.72425490159255,
    "epoch18": 27.814063439002403,
    "epoch19": 27.261378361628605,
    "epoch20": 27.807265061598557,
    "epoch21": 26.756072998046875,
    "epoch22": 26.718104435847355,
    "epoch23": 26.25745098407452,
    "epoch24": 26.41758610652043,
    "epoch25": 26.157390887920673,
    "epoch26": 27.587608924278847,
    "epoch27": 25.732219989483173,
    "epoch28": 25.465484619140625,
    "epoch29": 25.79876239483173,
    "epoch30": 25.505408653846153,
    "epoch31": 25.50438983623798,
    "epoch32": 26.157804048978367,
    "epoch33": 25.0215336726262,
    "epoch34": 25.293611966646633,
    "epoch35": 24.772303654597355,
    "epoch36": 24.60242168719952,
    "epoch37": 25.946044921875,
    "epoch38": 24.702406663161057,
    "epoch39": 24.37859872671274,
    "epoch40": 24.57977529672476,
    "epoch41": 24.31932419996995,
    "epoch42": 24.249708909254807,
    "epoch43": 24.24693650465745,
    "epoch44": 24.25300715519832,
    "epoch45": 23.936431884765625,
    "epoch46": 23.94982205904447,
    "epoch47": 24.43756573016827,
    "epoch48": 23.8911860539363,
    "epoch49": 23.76080322265625,
    "epoch50": 25.031592735877403,
    "epoch51": 24.13874934269832,
    "epoch52": 23.80851628230168,
    "epoch53": 23.519817645733173,
    "epoch54": 23.599578857421875,
    "epoch55": 24.02635779747596,
    "epoch56": 23.406508225661057,
    "epoch57": 23.296302208533653,
    "epoch58": 23.34668673001803,
    "epoch59": 23.21477332481971,
    "epoch60": 23.35047090970553,
    "epoch61": 24.227938138521633,
    "epoch62": 24.04322462815505,
    "epoch63": 23.017197829026443,
    "epoch64": 23.338947002704327,
    "epoch65": 22.934481107271633,
    "epoch66": 22.96727341871995,
    "epoch67": 23.120321420522835,
    "epoch68": 22.892186091496395,
    "epoch69": 22.724090576171875,
    "epoch70": 22.569603553185097,
    "epoch71": 22.652134821965145,
    "epoch72": 22.465773362379807,
    "epoch73": 22.87525353064904,
    "epoch74": 22.53772442157452,
    "epoch75": 22.50685237004207,
    "epoch76": 22.463731032151443,
    "epoch77": 22.46472402719351,
    "epoch78": 23.50401188777043,
    "epoch79": 22.292564978966347,
    "epoch80": 23.227379432091347,
    "epoch81": 22.217496431790867,
    "epoch82": 22.17919921875,
    "epoch83": 22.108243502103367,
    "epoch84": 22.465355506310097,
    "epoch85": 24.721463716947117,
    "epoch86": 22.315842848557693,
    "epoch87": 21.768028846153847,
    "epoch88": 22.041158822866585,
    "epoch89": 22.535376915564903,
    "epoch90": 23.328160212590145,
    "epoch91": 21.737464317908653,
    "epoch92": 22.285376915564903,
    "epoch93": 22.33228478064904,
    "epoch94": 22.347825270432693,
    "epoch95": 21.863633375901443,
    "epoch96": 22.8376957820012,
    "epoch97": 21.858905498798077,
    "epoch98": 21.890413724459133,
    "epoch99": 21.70208740234375,
    "epoch100": 22.682901235727165
}