{
    "epoch1": 118.91175537109375,
    "epoch2": 49.85843200683594,
    "epoch3": 47.83058471679688,
    "epoch4": 46.05392150878906,
    "epoch5": 44.315634155273436,
    "epoch6": 42.2529052734375,
    "epoch7": 39.61561279296875,
    "epoch8": 37.045458984375,
    "epoch9": 34.379632568359376,
    "epoch10": 32.635012817382815,
    "epoch11": 31.86751708984375,
    "epoch12": 31.103512573242188,
    "epoch13": 30.783059692382814,
    "epoch14": 30.857806396484374,
    "epoch15": 30.30451354980469,
    "epoch16": 30.36321105957031,
    "epoch17": 30.12130126953125,
    "epoch18": 29.89673767089844,
    "epoch19": 29.85972900390625,
    "epoch20": 29.829428100585936,
    "epoch21": 29.56558837890625,
    "epoch22": 29.293402099609374,
    "epoch23": 29.396420288085938,
    "epoch24": 29.423297119140624,
    "epoch25": 29.05303039550781,
    "epoch26": 28.906033325195313,
    "epoch27": 28.827899169921874,
    "epoch28": 28.64287414550781,
    "epoch29": 28.621014404296876,
    "epoch30": 28.546652221679686,
    "epoch31": 28.13646240234375,
    "epoch32": 28.59793701171875,
    "epoch33": 28.100979614257813,
    "epoch34": 28.050518798828126,
    "epoch35": 28.179055786132814,
    "epoch36": 27.777276611328126,
    "epoch37": 27.838967895507814,
    "epoch38": 27.753341674804688,
    "epoch39": 27.69810791015625,
    "epoch40": 27.7889892578125,
    "epoch41": 27.382269287109374,
    "epoch42": 27.445651245117187,
    "epoch43": 27.3535400390625,
    "epoch44": 27.244754028320312,
    "epoch45": 27.255886840820313,
    "epoch46": 27.082015991210938,
    "epoch47": 27.22054443359375,
    "epoch48": 26.968795776367188,
    "epoch49": 26.92359313964844,
    "epoch50": 26.982562255859374,
    "epoch51": 26.694146728515626,
    "epoch52": 26.585025024414062,
    "epoch53": 26.5816650390625,
    "epoch54": 26.591476440429688,
    "epoch55": 26.568649291992188,
    "epoch56": 26.466390991210936,
    "epoch57": 26.395751953125,
    "epoch58": 26.286599731445314,
    "epoch59": 26.028750610351562,
    "epoch60": 26.223822021484374,
    "epoch61": 25.9404296875,
    "epoch62": 26.028671264648438,
    "epoch63": 26.027322387695314,
    "epoch64": 25.916265869140624,
    "epoch65": 25.880029296875,
    "epoch66": 25.61430969238281,
    "epoch67": 25.670880126953126,
    "epoch68": 25.6696533203125,
    "epoch69": 25.56432189941406,
    "epoch70": 25.729296875,
    "epoch71": 25.319595336914062,
    "epoch72": 25.37427978515625,
    "epoch73": 25.293600463867186,
    "epoch74": 25.248811340332033,
    "epoch75": 25.267741394042968,
    "epoch76": 25.219676208496093,
    "epoch77": 25.261555480957032,
    "epoch78": 24.91802215576172,
    "epoch79": 24.888807678222655,
    "epoch80": 24.924005126953126,
    "epoch81": 24.7984619140625,
    "epoch82": 24.897694396972657,
    "epoch83": 24.824879455566407,
    "epoch84": 24.734144592285155,
    "epoch85": 24.552694702148436,
    "epoch86": 24.604185485839842,
    "epoch87": 24.51073455810547,
    "epoch88": 24.44149169921875,
    "epoch89": 24.400175476074217,
    "epoch90": 24.48583526611328,
    "epoch91": 24.241583251953124,
    "epoch92": 24.446958923339842,
    "epoch93": 24.29015197753906,
    "epoch94": 24.282084655761718,
    "epoch95": 24.313609313964843,
    "epoch96": 24.189804077148438,
    "epoch97": 24.229100036621094,
    "epoch98": 24.479331970214844,
    "epoch99": 24.06600341796875,
    "epoch100": 24.08701171875
}