{
    "epoch1": 0.29146825841494967,
    "epoch2": 0.3791666713853677,
    "epoch3": 0.4414021232653232,
    "epoch4": 0.4394179983508019,
    "epoch5": 0.5931878380832218,
    "epoch6": 0.6898148212404478,
    "epoch7": 0.7378306956518264,
    "epoch8": 0.7735449813661122,
    "epoch9": 0.7794973637376513,
    "epoch10": 0.8112433950106303,
    "epoch11": 0.7983465691407522,
    "epoch12": 0.773544983849639,
    "epoch13": 0.8092592684995561,
    "epoch14": 0.7993386345250266,
    "epoch15": 0.8015873105753035,
    "epoch16": 0.8167989509446281,
    "epoch17": 0.8214285799435207,
    "epoch18": 0.8373015948704311,
    "epoch19": 0.8287037128493899,
    "epoch20": 0.8333333404291243,
    "epoch21": 0.8571428642386482,
    "epoch22": 0.8531746097973415,
    "epoch23": 0.8584656147729783,
    "epoch24": 0.849206356775193,
    "epoch25": 0.8425925998460679,
    "epoch26": 0.849206356775193,
    "epoch27": 0.8611111186799549,
    "epoch28": 0.8511904847054255,
    "epoch29": 0.8710317526544843,
    "epoch30": 0.8690476261434101,
    "epoch31": 0.8710317526544843,
    "epoch32": 0.880952388048172,
    "epoch33": 0.8750000070957911,
    "epoch34": 0.8789682601179395,
    "epoch35": 0.8730158805847168,
    "epoch36": 0.8690476261434101,
    "epoch37": 0.9007936559972309,
    "epoch38": 0.9007936559972309,
    "epoch39": 0.8789682601179395,
    "epoch40": 0.8849206410703205,
    "epoch41": 0.9047619090193794,
    "epoch42": 0.8928571471146175,
    "epoch43": 0.888888894092469,
    "epoch44": 0.8968254029750824,
    "epoch45": 0.888888894092469,
    "epoch46": 0.8948412736256918,
    "epoch47": 0.8908730206035432,
    "epoch48": 0.8928571471146175,
    "epoch49": 0.9126984164828346,
    "epoch50": 0.9027777839274633
}